rank,action_id,action_date,dismiss_reason,dismissal_note,asin,amazon_title,amazon_system,ebay_item_id,ebay_title,ebay_condition,ebay_category,ebay_category_ids,seller_username,detected_ebay_platform,game_name,region_code,format,type,features,release_year,stored_recommendation,current_recommendation,current_hard_blocks,current_warnings,pattern,rule_miss_class,evidence_dependency,opportunity_id,candidate_id,snapshot_id
1,3ac0adb6-31ed-4ada-873b-d7582d4d4154,2026-08-01T18:18:22.929535+00:00,non_north_american_version,,B06XDVF3CZ,Gravel - Xbox One,,v1|175694655080|0,Gravel - Microsoft Xbox One,Brand New,Video Games; Video Games & Consoles,139973; 1249,gamezline,Xbox One,Gravel,,,,,,Probable Match,Probable Match,,,non_north_american_version,no current deterministic rule covers pattern,title_plus_item_specifics_or_category,b01163cf-6add-4fb7-81c7-124bc86931c7,4f2756aa-3ebe-403c-af14-c9433c9e81e3,ea8de721-6c2a-4c5e-93e0-0e00105d3845
2,301ac86d-a1de-4c1f-a737-8fd9766984f4,2026-08-01T14:36:12.647999+00:00,wrong_edition_version,,B000Q4SREG,MySims - Nintendo Wii,,v1|267742472061|0,MySims Kingdom  Nintendo Wii 2008 BRAND NEW! FACTORY SEALED!,Brand New,Video Games; Video Games & Consoles,139973; 1249,ai_quoc83,Wii,MySims Kingdom,NTSC-U/C (US/Canada); Japan,,,Manual Included,2008,Probable Match,Probable Match,,,item-specific Game Name or Edition conflict,no current deterministic rule covers pattern,title_plus_item_specifics_or_category,7b9f829c-3867-43ca-b06f-221e269610e6,12686374-27ad-4c78-8628-57715dc1ee6c,954eef74-3d56-4d93-bab7-d3a56fb28536
3,62d9d12e-f611-4068-aeb7-636f144f4d6d,2026-08-01T14:36:12.312628+00:00,wrong_edition_version,,B07JMHZMX1,Minecraft – Xbox One [video game],,v1|206456661716|0,Minecraft Dungeons Hero Edition for Xbox One Series x New Sealed,Brand New,Video Games; Video Games & Consoles,139973; 1249,sephiroth_ff7,Xbox One,Minecraft Dungeons Hero Edition,NTSC-U/C (US/Canada); United States,,,,2020,Probable Match,Probable Match,,,item-specific Game Name or Edition conflict,no current deterministic rule covers pattern,title_plus_item_specifics_or_category,e136a329-cb69-4a0c-a450-c111aedab789,34bf9080-3654-4ee5-88d7-e60ca0891e34,76a9b2a2-0d19-41b8-bbf5-f20a1d88c866
4,89065089-fde9-4160-a143-9ba23ee7123a,2026-08-01T14:36:11.894075+00:00,wrong_edition_version,,B07JMHZMX1,Minecraft – Xbox One [video game],,v1|336711600319|0,Minecraft Legends Xbox One &  Series X|S,Brand New,Video Games; Video Games & Consoles,139973; 1249,robc2100,Xbox One,Legends,Region Free; United States,,,"Online co-op, Online multiplayer, Xbox cross-platform multiplayer, Single player, Xbox Live Cross-Gen Multiplayer, Optimized for Xbox Series X|S",2023,Probable Match,Probable Match,,,item-specific Game Name or Edition conflict,no current deterministic rule covers pattern,title_plus_item_specifics_or_category,b98ce70b-3710-4631-a069-5910b874bb61,fb0666f6-3cae-4c99-985d-d4c564dcf5b2,372f0a97-106a-4a20-922e-963dab3eb66d
5,c962f1f5-4817-4c8f-b8dd-927695f4aa18,2026-08-01T14:35:34.489769+00:00,sales_velocity_too_low,,B000FW362C,Avatar: The Last Airbender - Nintendo Wii,,v1|137551757808|0,Avatar The Last Airbender Nintendo Wii NEW SEALED Brand New Factory Sealed Game,Brand New,Video Games; Video Games & Consoles,139973; 1249,nyc_base,Wii,Avatar: The Last Airbender,NTSC-U/C (US/Canada); United States,,,Manual Included,2006,Probable Match,Probable Match,,,sales_velocity_too_low,operator dismissal may be ambiguous or business/system,title_plus_item_specifics_or_category,58f6cf31-7a0a-4a34-a7c3-e3c9288da7df,44103e47-8d58-4d5f-b25b-7f18b830bf51,28999477-9f26-49ac-bf0f-5eb647860118
6,e9154073-669b-4df7-93bd-e4c6dd2504cc,2026-08-01T14:34:31.514076+00:00,sales_velocity_too_low,,B00CZCA6RI,"Assassin's Creed: Brotherhood (Xbox 360, 2010)",,v1|156541477340|0,"Assassin's Creed: Brotherhood (Microsoft Xbox 360, 2010) NEW SEALED",Brand New,Video Games; Video Games & Consoles,139973; 1249,ownedatworms,Xbox 360,Assassin's Creed: Brotherhood,,,,Explore the bustling areas of Rome in a single-player campaign spanning an estimated 15 hours in length Features a new class-based multiplayer component offering an assortment of game types Includes the following classes: exec,2010,Probable Match,Probable Match,,,sales_velocity_too_low,operator dismissal may be ambiguous or business/system,title_plus_item_specifics_or_category,f6a7fb46-ee71-4be5-8260-493459f16034,c8af2703-f326-49b4-bf25-52cdad962f78,6519cafa-3dda-44fb-ad16-364520c5e0f0
7,68acac8f-f317-491b-a375-ee8d02928036,2026-08-01T14:34:31.039722+00:00,sales_velocity_too_low,,B00CZCA6RI,"Assassin's Creed: Brotherhood (Xbox 360, 2010)",,v1|387121307245|0,"Assassin's Creed: Brotherhood | Factory Sealed Brand New (Xbox 360, 2010)",Brand New,Video Games; Video Games & Consoles,139973; 1249,mjvideogamesgrandslamsportscards,Xbox 360,Assassin's Creed: Brotherhood,,,,Explore the bustling areas of Rome in a single-player campaign spanning an estimated 15 hours in length Features a new class-based multiplayer component offering an assortment of game types Includes the following classes: exec,2010,Probable Match,Probable Match,,,sales_velocity_too_low,operator dismissal may be ambiguous or business/system,title_plus_item_specifics_or_category,7918e5b5-dc37-4031-bf31-08ae90175645,06520150-49dc-49af-90f4-f3ef486e936e,11723e30-6319-4087-afbb-e5ba6ed39082
8,3d5b643c-ae73-4f29-8b7e-70f5c2bcf51d,2026-08-01T14:34:30.392976+00:00,sales_velocity_too_low,,B00CZCA6RI,"Assassin's Creed: Brotherhood (Xbox 360, 2010)",,v1|395989287784|0,"Assassin's Creed: Brotherhood (Microsoft Xbox 360, 2010)",Brand New,Video Games; Video Games & Consoles,139973; 1249,juthur_80,Xbox 360,Assassin's Creed: Brotherhood,,,,Explore the bustling areas of Rome in a single-player campaign spanning an estimated 15 hours in length Features a new class-based multiplayer component offering an assortment of game types Includes the following classes: exec,2010,Probable Match,Probable Match,,,sales_velocity_too_low,operator dismissal may be ambiguous or business/system,title_plus_item_specifics_or_category,3aed6454-2cff-4f28-a681-eeb99b5b274e,43bad9d3-2a6b-4648-975c-a5215311f256,2c9eeb01-0669-49c9-929d-0533046aba85
9,f0739051-d7bc-47ff-b7ef-0b05f644a393,2026-08-01T14:34:29.814748+00:00,sales_velocity_too_low,,B00CZCA6RI,"Assassin's Creed: Brotherhood (Xbox 360, 2010)",,v1|116460976166|0,Assassin's Creed: Brotherhood - Xbox 360 - Brand New in Box- Factory-Sealed,Brand New,Video Games; Video Games & Consoles,139973; 1249,tideripper_cards,Xbox 360,Assassin's Creed: Brotherhood,NTSC-U/C (US/Canada),,,"Manual Included, Multiplayer",,Probable Match,Probable Match,,,sales_velocity_too_low,operator dismissal may be ambiguous or business/system,title_plus_item_specifics_or_category,c5d42921-d6a5-452e-b824-8ca2c176ab90,d24a3de1-ab03-4049-add7-f36d0547fb7e,8a482435-cd4d-46c2-a628-7a306287b734
10,3a55e760-9e72-4e43-96b6-6083cb551075,2026-08-01T14:15:50.606432+00:00,wrong_edition_version,,B00CX7FOVS,Madden NFL 25 - Xbox One,,v1|277852063182|0,Madden NFL 25 For Xbox Series X/ Xbox One New Factory Sealed,Brand New,Video Games; Video Games & Consoles,139973; 1249,southerntreasurefinds,Xbox Series X,Madden NFL 25,United States,,,Multiplayer,,Probable Match,Probable Match,,,unclear/insufficient evidence,no current deterministic rule covers pattern,title_plus_item_specifics_or_category,2746eb9d-c6b7-45bf-ad23-b6e7129be601,10e5b24d-74dd-4b8c-bc75-651e3afba741,b3ae25fb-42d7-44b3-a6cc-13af15a3d280
11,b905f082-613e-43fd-be85-bbfbb6e73e50,2026-08-01T14:15:50.278772+00:00,wrong_edition_version,,B00CX7FOVS,Madden NFL 25 - Xbox One,,v1|287113366756|0,Madden NFL 25 Xbox Series X & Xbox One Brand New,Brand New,Video Games; Video Games & Consoles,139973; 1249,value_video_games,Xbox Series X,Madden NFL 25,NTSC-U/C (US/Canada); US,,,Multiplayer,2024,Probable Match,Probable Match,,,unclear/insufficient evidence,no current deterministic rule covers pattern,title_plus_item_specifics_or_category,8a8d8e7b-b97f-40dc-944a-ac37acfd553d,d44031d3-5dad-47c3-9dde-1ec353fdf8b6,fcba8193-8001-482e-803b-aa3a4a4427ff
12,d4577c20-be9a-4017-87df-7f1a73d9bbce,2026-08-01T14:15:49.768532+00:00,wrong_edition_version,,B00CX7FOVS,Madden NFL 25 - Xbox One,,v1|168507988386|0,Madden NFL 25 - Microsoft Xbox Series X / Xbox One,Brand New,Video Games; Video Games & Consoles,139973; 1249,unboxing_cool_treasures,Xbox Series X,Madden NFL Football,NTSC-U/C (US/Canada); United States,,,Multiplayer,2024,Probable Match,Probable Match,,,item-specific Game Name or Edition conflict,no current deterministic rule covers pattern,title_plus_item_specifics_or_category,7885b8d5-afb1-425e-b244-eacf5003b518,db6898a8-48a4-4dd5-9153-1d6b496dc0f1,6d227c69-9bca-4693-98bd-6ef548175367
13,ddbd01a6-14a6-4e3a-9d38-48f52595b67f,2026-08-01T14:07:42.061358+00:00,packaging_damage,,B000Q4SREG,MySims - Nintendo Wii,,v1|800347143226|0,EA MySims Nintendo Wii 2007 Simulation Game Sealed E NTSC-U/C (US/Canada),Brand New,Video Games; Video Games & Consoles,139973; 1249,rykel-0,Wii,MySims,NTSC-U/C (US/Canada),,,Sealed,2007,Probable Match,Probable Match,,,packaging_damage,evidence exists only in images,image_or_operator_visual_review,9a9c2266-a94f-4ffe-8b39-329649e714c6,741927f5-a0b1-4d3d-b517-51e0a138b362,3f878e4c-da5f-4d72-bc00-2ed1941ba286
14,dd8fa53a-9bad-49b9-803c-c3bc9e90a808,2026-08-01T13:48:48.949191+00:00,digital_item,,B07JMHZMX1,Minecraft – Xbox One [video game],,v1|366563816876|0,MINECRAFT + 3500 COINS For Microsoft Xbox One And Xbox Series X Sealed Rare,Brand New,Video Games; Video Games & Consoles,139973; 1249,stoneywaffles,Xbox Series X,Minecraft,Region Free,,,"Multiplayer, Online Playability",2014,Probable Match,Probable Match,,,digital_item,no current deterministic rule covers pattern,title_plus_item_specifics_or_category,91c2b3c0-28d9-41a5-ae61-b7787013e275,ffbf4b07-3d77-4ebd-ba48-d3816ad8adce,9088b758-af57-400b-9712-15b5edcd3508
15,515c33b7-490d-4983-82f1-e539de326f82,2026-08-01T13:48:35.613444+00:00,digital_item,,B07JMHZMX1,Minecraft – Xbox One [video game],,v1|377379816677|0,"Minecraft with 3500 Minecoins - Code in Box - Xbox Series X/S, Xbox One",Brand New,Video Games; Video Games & Consoles,139973; 1249,bla832048,Xbox Series X,Minecraft,NTSC-U/C (US/Canada),,,Multiplayer,2018,Probable Match,Probable Match,,,digital_item,no current deterministic rule covers pattern,title_plus_item_specifics_or_category,7b34aadd-d2fb-47e2-8aa0-c72fd7d5a438,8b492e10-486a-4a16-b20f-96c428fb85e9,9add28ff-0c68-41aa-a689-51d52c997ed8
16,bd81d8ee-08c9-4391-b2e9-4882d8b80fce,2026-08-01T13:45:56.885202+00:00,packaging_damage,,B00GUDHUDQ,Plants vs Zombies - Garden Warfare - Xbox 360 - NEW SEALED,,v1|396706750514|0,"PLANTS VS ZOMBIES GARDEN WARFARE (Microsoft Xbox 360, 2014) Brand NEW & Sealed! ",Brand New,Video Games; Video Games & Consoles,139973; 1249,kemic3808,Xbox 360,Plants Vs Zombies Garden Warfare,,,,Manual Included,,Probable Match,Probable Match,,,packaging_damage,evidence exists only in images,image_or_operator_visual_review,8dfe7ec2-5e37-46ac-9d05-3a9ba194afc3,464b9354-457b-4787-8034-a4d0abc96d9f,2c63cd4f-35f9-45aa-bc06-139ddc7cb289
17,7d9cfad2-7f34-459e-ba8e-416b5aa8b79a,2026-08-01T13:43:43.336804+00:00,missing_shrink_wrap,,B00GUDHUDQ,Plants vs Zombies - Garden Warfare - Xbox 360 - NEW SEALED,,v1|287351168212|0,"Plants vs. Zombies: Garden Warfare  (Xbox 360, 2014) BRAND NEW SEALED",Brand New,Video Games; Video Games & Consoles,139973; 1249,tcl217,Xbox 360,Plants Vs Zombies Garden Warfare,NTSC-U/C (US/Canada); United States,,,,2014,Probable Match,Probable Match,,,missing_shrink_wrap,evidence exists only in images,image_or_operator_visual_review,46a9c123-8b64-45de-bb02-8dc79be8100b,82e0eccd-900f-4a53-ac29-f91abfa53ece,3578d093-faa1-435b-a46c-54dbbbd42988
18,5eaf7a7f-605c-4e1b-ac84-202a0bde56f8,2026-08-01T13:42:00.171811+00:00,suspected_reseal,,B00STU8L3Q,The Elder Scrolls Online: Tamriel Unlimited - PC,,v1|164646963284|0,The Elder Scrolls Online Tamriel Unlimited Explorer's Pack PC New Sealed,Brand New,Video Games; Video Games & Consoles,139973; 1249,jrztoyzngamez93,PC,Elder Scrolls Online: Tamriel Unlimited,NTSC-U/C (US/Canada),,,Manual Included,,Probable Match,Probable Match,,,suspected_reseal,evidence exists only in images,image_or_operator_visual_review,2ba8c138-7e39-47dd-a2f2-4df4dd6379c9,d64f5871-f86b-4886-a68e-af911306609b,6286d2ec-6586-4773-892d-00fea3920258
19,6ae17920-ac9d-4049-8026-c34b3cd462ac,2026-08-01T04:26:01.381611+00:00,wrong_edition_version,,B004Y6DPQM,Dance Dance Revolution WII,,v1|358732080292|0,"Dance Dance Revolution: Hottest Party (Nintendo Wii, 2007) Game Only No Pad",Brand New,Video Games; Video Games & Consoles,139973; 1249,betman_6741,Wii,Dance Dance Revolution: Hottest Party,United States,,,Manual Included,2007,Probable Match,Probable Match,,,item-specific Game Name or Edition conflict,no current deterministic rule covers pattern,title_plus_item_specifics_or_category,2445ab1b-cd39-4e23-a5e5-aadd5bf8fe1b,18d5f9c6-0c2e-4935-a2ed-88e60b2fa754,c7aed9a3-14d2-40e6-a8aa-dd0144670b2a
20,01461e5e-4c78-4b01-96b7-643e71f1dd3b,2026-08-01T04:25:52.738376+00:00,wrong_edition_version,,B01IPARXDS,Sniper Elite 4 - Xbox One,,v1|257649000891|0,"Sniper Elite 4 (Xbox One, 2017)",Brand New,Video Games; Video Games & Consoles,139973; 1249,sellingmestuff,Xbox One,Sniper Elite 4,NTSC-U/C (US/Canada),,,"Manual Included, Multiplayer, Online Playability, Complete Edition",,Probable Match,Probable Match,,,base game vs complete/GOTY edition,no current deterministic rule covers pattern,title_plus_item_specifics_or_category,567e0bbc-afcf-4fd9-9442-123c64ff88f2,0ee6ab69-cb88-4902-bb0a-db631782f552,b5974e0d-b496-4a9e-820f-b8c941732242
21,a96b675f-eb66-41e6-9837-7d837679dd71,2026-08-01T04:21:13.032633+00:00,suspected_reseal,,B004CDUOJ8,Madden NFL Football 3DS,,v1|188589742774|0,Nintendo 3DS John MADDEN NFL Football New MINT Factory Sealed Game CIB,Brand New,Video Games; Video Games & Consoles,139973; 1249,jonebone7,3DS,Madden NFL Football,Japan,,,,,Probable Match,Probable Match,,,suspected_reseal,evidence exists only in images,description,aed753ac-97ca-444e-a0dd-7d8c0f9f91fb,76abbd8f-fd6d-411e-be7f-9745719ab908,a3eaccbb-ec21-4812-a16e-ad1e9d6d4a8c
22,2d405f5b-801c-4bb4-9ca7-f25951a49981,2026-08-01T04:20:50.87362+00:00,wrong_product,,B0056C2LIG,Wii Play Motion (Nintendo Wii),,v1|377182072404|0,Go Play Lumberjacks - Wii - Action/Adventure Game - W/ User Manual,Brand New,Video Games; Video Games & Consoles,139973; 1249,nervaz-67,Wii,Go Play Lumberjacks,,,,,,Probable Match,Probable Match,,,eBay item-specific Game Name conflict,no current deterministic rule covers pattern,title_plus_item_specifics_or_category,d461f9c6-e875-415e-8818-f877c8c69dc8,4866ecf7-0247-4e44-a42d-931c46387bed,ff4f82d9-9042-4cf0-a516-2dcdf28feab1
23,72c142d1-4788-4859-a048-c314a7b24897,2026-08-01T04:20:44.454345+00:00,sales_velocity_too_low,,B0098F1Y3K,Brain Age: Concentration Training,,v1|407109878578|0,Nintendo Brain Age: Concentration Training 3DS NTSC-U/C 2012 -Sealed,Brand New,Video Games; Video Games & Consoles,139973; 1249,su200606,3DS,Brain Age: Concentration Training,NTSC-U/C (US/Canada),,,,2012,Probable Match,Probable Match,,,sales_velocity_too_low,operator dismissal may be ambiguous or business/system,title_plus_item_specifics_or_category,d7c619a9-443f-4aa3-b7b4-662255873845,d263c166-8fcd-417b-9e9a-199b902ace13,8fb0c165-5768-43fb-b785-bb3efc2bb586
24,0de6e3e9-1d28-4276-af17-dcd94dbb1025,2026-08-01T03:15:39.401109+00:00,wrong_platform,,B002I0IUM0,LEGO Star Wars III: The Clone Wars,,v1|298546141093|0,"LEGO Star Wars III: The Clone Wars (Nintendo 3DS, 2011) NEW & SEALED SEE PICS",Brand New,Video Games; Video Games & Consoles,139973; 1249,skootzz,3DS,LEGO Star Wars III: The Clone Wars,NTSC-U/C (US/Canada); Japan,,,Challenging new missions inspired by the sci-fi high adventure of the animated series Access never-before playable weapons and vehicles; unlock classic Star Wars characters Use new light saber abilities to cut and climb your w,2011,Probable Match,Probable Match,,,wrong_platform,no current deterministic rule covers pattern,title_plus_item_specifics_or_category,8e06291b-9fc1-46d4-9d02-8803f6e57109,f07ac9ae-f973-403e-9e6b-f8fce4fa1537,d3cf4df6-75ba-42a9-9171-f81ab4baee24
25,17a777b6-c163-428f-a39e-93b73dc64dd5,2026-08-01T03:15:32.514013+00:00,sales_velocity_too_low,,B00C3MKAJ4,Worms Collection - Xbox 360,,v1|317822725240|0,Worms Collection (Microsoft Xbox 360) NEW SEALED,Brand New,Video Games; Video Games & Consoles,139973; 1249,dacar_8750,Xbox 360,Worms Collection,NTSC-U/C (US/Canada),,,Multiplayer,2012,Probable Match,Probable Match,,,sales_velocity_too_low,operator dismissal may be ambiguous or business/system,title_plus_item_specifics_or_category,e1aa44f1-6a16-44e6-a127-55442d4322af,3a57a929-8424-4a19-93ca-016cd9f8c2d4,bcdd0d2c-4c13-4305-8477-2a898b991db1
26,3ce09d4c-6f69-417d-b129-76c72e0ab0a2,2026-08-01T03:15:31.926204+00:00,sales_velocity_too_low,,B00C3MKAJ4,Worms Collection - Xbox 360,,v1|147323203675|0,"Worms Collection (Microsoft Xbox 360, 2013) BRAND NEW SEALED",Brand New,Video Games; Video Games & Consoles,139973; 1249,luckyrabb1t,Xbox 360,Worms Collection,NTSC-U/C (US/Canada); United States,,,,2013,Probable Match,Probable Match,,,sales_velocity_too_low,operator dismissal may be ambiguous or business/system,title_plus_item_specifics_or_category,5201c6c3-302d-432a-ae95-5b01442e7ea8,b14d70a4-7f57-4144-a591-997787bfb8e6,23d8a413-e735-4e87-bb79-5d9cc66bb462
27,8a036781-73ce-4216-9396-d4d7a8b1a0e6,2026-08-01T03:14:32.699861+00:00,wrong_edition_version,,B0050SYZS0,Mass Effect 3 Collector's Edition -Xbox 360,,v1|127712551568|0,Mass Effect 3 Collector's Edition Xbox 360,Brand New,Video Games; Video Games & Consoles,139973; 1249,monicasieben77,Xbox 360,Mass Effect 3,NTSC-U/C (US/Canada),,,Collector's Edition,2012,Probable Match,Probable Match,,,base game vs collector's edition,no current deterministic rule covers pattern,title_plus_item_specifics_or_category,454256dc-d9ee-430b-9732-8a26ebbaf004,b8fb68b1-69bf-48b1-9b59-29f2312089d0,e20c0e2e-965b-45db-826c-67e7fdcda75c
28,96739bda-aa04-4d69-a13b-95c90b839d3b,2026-08-01T03:13:55.546014+00:00,packaging_damage,,B0050SVFWE,DanceDanceRevolution II Bundle,,v1|387201290916|0,Dance Dance Revolution II Nintendo Wii Bundle with Pad Mat In Box Factory Sealed,Brand New,Video Games; Video Games & Consoles,139973; 1249,lovel-3092,Wii,Dance Dance Revolution II,NTSC-U/C (US/Canada); United States,,,"Manual Included, Wii Motion Plus Compatible",2009,Probable Match,Probable Match,,,packaging_damage,evidence exists only in images,image_or_operator_visual_review,e3144977-440d-48b8-be1a-9e9541c17b67,de3a0b85-559d-4437-b148-fd1dafd7431d,b3361c86-66c5-4ad7-9932-ce7d3dd2de21
29,b785e190-eef6-4aaa-b16b-2d6fa7ffac3b,2026-08-01T03:13:29.877836+00:00,incomplete_product,,B0050SVFWE,DanceDanceRevolution II Bundle,,v1|366501417444|0,Dancedancerevolution II Bundle - Nintendo Wii,Brand New,Video Games; Video Games & Consoles,139973; 1249,steci14,Wii,Dancedancerevolution II Bundle,,,,,,Probable Match,Probable Match,,,incomplete_product,no current deterministic rule covers pattern,title_plus_item_specifics_or_category,cc780ddb-f344-47e7-9f8a-bd339439f26b,d4506361-16e2-4cea-83bd-80f85bbf7076,c05e99f4-494b-4290-983b-08ba2ae042b9
30,77735b46-b0f6-45a7-a598-2483f8414022,2026-08-01T03:10:22.843188+00:00,missing_shrink_wrap,,B017L187YG,Overwatch - Origins Edition - PC,,v1|266606115450|0,Overwatch: Origins Edition DVD Game PC New Sealed & Bonus Note Pad,Brand New,Video Games; Video Games & Consoles,139973; 1249,masher_27,PC,"Overwatch: Origins Edition, Overwatch",United States,,,,,Probable Match,Probable Match,,,missing_shrink_wrap,evidence exists only in images,image_or_operator_visual_review,ec8f490f-fe1a-439e-a8ef-d48eaf404d43,46750aff-9228-4f92-90ea-931cf065427f,f895dcd4-f47e-426b-82ce-f7b5c4185182
31,ce8659de-df7d-4cac-90d2-12e7c4f0dd03,2026-08-01T03:10:22.281454+00:00,missing_shrink_wrap,,B017L187YG,Overwatch - Origins Edition - PC,,v1|287422530980|0,Blizzard Overwatch: Origins Edition Shooter Game DVD for PC 2016 SEALED NEW,Brand New,Video Games; Video Games & Consoles,139973; 1249,debrachrls2009,PC,Overwatch: Origins Edition,NTSC-U/C (US/Canada),,,Game DVD,2016,Probable Match,Probable Match,,,missing_shrink_wrap,evidence exists only in images,image_or_operator_visual_review,43065b00-9487-403d-9007-3dff836008bd,5bd27146-63a6-4c8b-8f66-09e1b881a1b4,b6b69396-d1f6-424f-b303-1c7401e52629
32,541ceeac-ff9a-471a-a4a5-244a0237ed6d,2026-08-01T00:28:37.994705+00:00,wrong_edition_version,,B003QP725W,Sesame Street: Elmo's A-to-Zoo Adventure - Nintendo Wii,,v1|198522154661|0,Sesame Street Elmo's A-to-Zoo Adventure Game NIB w/ Remote Cover Nintendo Wii,Brand New,Video Games; Video Games & Consoles,139973; 1249,bubble-dog,Wii,Sesame Street: Elmo's A-to-Zoo Adventure,United States,,,,2010,Probable Match,Probable Match,,,unclear/insufficient evidence,no current deterministic rule covers pattern,title_plus_item_specifics_or_category,24192127-b4a7-4710-9595-29850c771942,86323a25-4a2f-494b-bfea-979c47881ca8,9937375e-5ce9-4ef7-af05-e3ea0238bdfd
33,3baf72cd-3fff-4630-9492-66e51e97ed4f,2026-08-01T00:28:37.624044+00:00,wrong_edition_version,,B003RSFQII,Rock Band 3,,v1|146947732780|0,"NEW WII LOT Of 3 SEALED Rock Band Track Pack 2 Hannah Montana, Thrillville",Brand New,Video Games; Video Games & Consoles,139973; 1249,therecyclingbin,Wii,Game,NTSC-U/C (US/Canada),,,Manual Included,,Probable Match,Probable Match,,,unclear/insufficient evidence,no current deterministic rule covers pattern,title_plus_item_specifics_or_category,64ef5937-00ad-4f72-a14d-db9f6ef874bf,aa8ce834-825c-4172-bdad-b4927997fcd6,a0692b8f-f225-4790-9b03-990c7fd7a92b
34,367bb42b-cddd-4d32-b93d-d42f0e9f2781,2026-08-01T00:28:37.213045+00:00,wrong_edition_version,,B07XV4NHHN,Ring Fit Adventure - Nintendo Switch,,v1|358862881678|0,Ring Fit Adventure Nintendo Switch Exercise Fitness Game Only Cartridge and Case,Brand New,Video Games; Video Games & Consoles,139973; 1249,nicolema-64,Switch,Ring FIT Adventure,Region Free,,,Online Playability,2019,Probable Match,Probable Match,,,unclear/insufficient evidence,no current deterministic rule covers pattern,title_plus_item_specifics_or_category,e7aa22f1-f2c7-47f2-825c-386210ab832f,cd925c0e-ece0-47df-8177-1521d3c1c2f6,088cfdab-36bf-427d-b9af-d482c30d7ade
35,8267c981-5f22-4da5-87b3-dfe9e01818ce,2026-08-01T00:28:36.6782+00:00,wrong_edition_version,,B0D3P668DV,Madden NFL 25 - PlayStation 4 [video game],,v1|278095426011|0,Madden NFL 25 - Sony PlayStation 4 Video Game - 2013 - New/Sealed,Brand New,Video Games; Video Games & Consoles,139973; 1249,beamthrift,PS 4,Madden NFL 25,United States,,,,2013,Probable Match,Probable Match,,,unclear/insufficient evidence,no current deterministic rule covers pattern,title_plus_item_specifics_or_category,f261be36-b649-4b0b-875d-294edb6224c1,b8176be0-2098-4c48-bdab-562e575fb5a1,c0db4b38-575d-4e2a-b686-836f47e45ec1
36,14d43315-f3cd-4eba-a263-0e35cb583f8a,2026-07-31T03:30:08.885861+00:00,missing_shrink_wrap,,B08F3CXZJQ,Minecraft Dungeons Hero Edition - Nintendo Switch [video game],,v1|287487472106|0,Mojang Minecraft Dungeons Hero Edition Complete Edition - Nintendo Switch,Brand New,Video Games; Video Games & Consoles,139973; 1249,da-955016,Switch,Minecraft Dungeons Hero Edition,,,,Complete Edition,,Probable Match,Probable Match,,,missing_shrink_wrap,evidence exists only in images,image_or_operator_visual_review,cad0774f-a351-453d-8281-47594b483df5,09b6a05b-5a8e-476a-9eca-c47a8e7b4178,216c9515-c7fc-4579-a241-dab48f41b6b6
37,000ca88e-24b2-40d1-8bfd-1dad39a589c9,2026-07-31T03:27:11.050145+00:00,missing_shrink_wrap,,B0002CHIUQ,Ace Combat 5: The Unsung War [video game],,v1|325549212265|0,"Ace Combat 5: The Unsung War (Sony PlayStation 2, 2004)",Brand New,Video Games; Video Games & Consoles,139973; 1249,bfish213,PS 2,Ace Combat 5: The Unsung War,,,,,2004,Probable Match,Probable Match,,,missing_shrink_wrap,evidence exists only in images,image_or_operator_visual_review,34f35fa5-dedc-432d-bff8-60b21a187a7a,020e9e4f-53a1-450b-a65b-7de5e380d4e3,3b24064a-9f31-4cbe-93a8-90eec92c7653
38,e5ac132d-31ca-467d-aee5-4dccd7e3aa65,2026-07-31T03:16:19.911287+00:00,sales_velocity_too_low,,B00CZCA6RI,"Assassin's Creed: Brotherhood (Xbox 360, 2010)",,v1|127999201076|0,Assassin's Creed: Brotherhood factory sealed Xbox 360 ~,Brand New,Video Games; Video Games & Consoles,139973; 1249,video_games_galore,Xbox 360,Assassin's Creed: Brotherhood,,,,Explore the bustling areas of Rome in a single-player campaign spanning an estimated 15 hours in length Features a new class-based multiplayer component offering an assortment of game types Includes the following classes: exec,,Probable Match,Probable Match,,,sales_velocity_too_low,operator dismissal may be ambiguous or business/system,title_plus_item_specifics_or_category,d71c7b8c-f81d-498d-b06a-dfd14311fed9,1895c339-46ce-45c7-b1e6-7e04199bcc47,2f524484-a940-4e7f-be3c-0ef3e4ab3cf7
39,1e3b4f0f-5ba0-4efd-9911-04bc4daaa756,2026-07-31T03:13:54.956313+00:00,wrong_edition_version,,B002912SZI,Bakugan - Xbox 360,,v1|137365779147|0,Activision Bakugan: Defenders of the Core Xbox 360 Action E10+ NTSC-U/C Manual,Brand New,Video Games; Video Games & Consoles,139973; 1249,ramzelle,Xbox 360,Bakugan: Defenders of the Core,NTSC-U/C (US/Canada); United States,,,Manual Included,,Probable Match,Probable Match,,,item-specific Game Name or Edition conflict,no current deterministic rule covers pattern,title_plus_item_specifics_or_category,6238c3ee-3525-4c00-a495-99d632322cae,6ef6181a-bc19-4cee-a3b4-03cf5c376787,28523e32-1d4f-4378-9835-3fe066555cff
40,41cf35a3-28af-4b65-966b-86d61a9e5e58,2026-07-31T03:12:08.325513+00:00,wrong_edition_version,,B000HWX418,The Darkness - Playstation 3,,v1|267281873478|0,"The Darkness 2 II (Sony PlayStation 3, 2012) PS3 Brand New Sealed ",Brand New,Video Games; Video Games & Consoles,139973; 1249,jrocstuff,PS 3,The Darkness II,,,,,2012,Probable Match,Blocked,non-US item location,,item-specific Game Name or Edition conflict,current rule should already block,title_plus_item_specifics_or_category,9d7b90fc-0b05-47c9-a228-22458a22fff3,71b8431d-22a2-49aa-90cc-9bd52a1a380f,a8ad0be6-f3c7-4ba8-b988-e4867ebe5931
41,767b24bb-81a6-49f5-9ce8-f8ed55657dfb,2026-07-31T03:11:36.587659+00:00,suspected_reseal,,B002I0IUM0,LEGO Star Wars III: The Clone Wars,,v1|304995041829|0,"SEALED LEGO Star Wars III: The Clone Wars (Nintendo 3DS, 2011) BRAND NEW",Brand New,Video Games; Video Games & Consoles,139973; 1249,709_games,3DS,LEGO Star Wars III: The Clone Wars,NTSC-U/C (US/Canada),,,,,Probable Match,Blocked,non-US item location,,suspected_reseal,current rule should already block,image_or_operator_visual_review,47a2ab84-57ef-4fec-bbcb-6d00e4ccf82d,81261a60-bb28-4735-b447-789232463350,3733900d-f886-4cfa-bec1-58606c49bd6d
42,4ba9d977-4f72-49a0-86df-83fbba808dcd,2026-07-31T03:11:18.95092+00:00,wrong_platform,,B002I0IUM0,LEGO Star Wars III: The Clone Wars,,v1|226101924404|0,LEGO Star Wars III The Clone Wars (Nintendo 3DS) 3DS (Brand New &Factory Sealed),Brand New,Video Games; Video Games & Consoles,139973; 1249,threeacess3,3DS,LEGO Star Wars III: The Clone Wars,,,,Challenging new missions inspired by the sci-fi high adventure of the animated series Access never-before playable weapons and vehicles; unlock classic Star Wars characters Use new light saber abilities to cut and climb your w,,Probable Match,Probable Match,,,wrong_platform,no current deterministic rule covers pattern,title_plus_item_specifics_or_category,f72b37d4-6399-4ad1-b0f0-89383a73affa,5824425b-7f16-4562-acb9-968fab0956c5,b8ae4c9c-c1dc-4c8e-aad7-29c85ea26897
43,b4047647-79ad-435e-9f1c-26605f78652b,2026-07-31T03:11:18.514995+00:00,wrong_platform,,B002I0IUM0,LEGO Star Wars III: The Clone Wars,,v1|205880041851|0,"LEGO Star Wars III: The Clone Wars (Nintendo 3DS, 2011) NEW & SEALED",Brand New,Video Games; Video Games & Consoles,139973; 1249,lastingtraditionsignatures,3DS,LEGO Star Wars III: The Clone Wars,NTSC-U/C (US/Canada); Japan,,,Challenging new missions inspired by the sci-fi high adventure of the animated series Access never-before playable weapons and vehicles; unlock classic Star Wars characters Use new light saber abilities to cut and climb your w,2011,Probable Match,Probable Match,,,wrong_platform,no current deterministic rule covers pattern,title_plus_item_specifics_or_category,3c6cc373-e2c9-4832-b031-d92284209903,fbbc8fb3-0c44-4ea8-a3d8-ffef634258d5,6959643a-6c42-4380-bdfc-fc47fee079fd
44,deca7e38-2570-4cbe-ab30-dab657df45c8,2026-07-31T03:11:02.987144+00:00,missing_shrink_wrap,,B002I0IUM0,LEGO Star Wars III: The Clone Wars,,v1|404049491418|0,"LEGO Star Wars III: The Clone Wars (Nintendo 3DS, 2011) * Tested Works *",Brand New,Video Games; Video Games & Consoles,139973; 1249,erkre_9235,3DS,LEGO Star Wars III: The Clone Wars,,,,Challenging new missions inspired by the sci-fi high adventure of the animated series Access never-before playable weapons and vehicles; unlock classic Star Wars characters Use new light saber abilities to cut and climb your w,,Probable Match,Probable Match,,,missing_shrink_wrap,evidence exists only in images,title_only,e8321c9f-c479-4bff-868d-a5ee88f78e98,973188e1-41d4-49e0-8fa4-548e83b756ec,40778fd0-37f7-45a8-b6d9-ae8b90a9f37e
45,db0555bb-7251-47df-adb8-8621c2781de8,2026-07-31T03:09:30.862038+00:00,wrong_edition_version,,B002I0J998,Mortal Kombat - Xbox 360,,v1|116267139122|0,"Mortal Kombat vs. DC Universe (Xbox 360, 2008)",Brand New,Video Games; Video Games & Consoles,139973; 1249,dcpumas,Xbox 360,Mortal Kombat vs. DC Universe,,,,,2008,Probable Match,Probable Match,,,item-specific Game Name or Edition conflict,no current deterministic rule covers pattern,title_plus_item_specifics_or_category,21011b44-e034-423b-be2c-d2edb5bbb285,8aa76f3a-d581-4f5c-90af-4af3d78affa0,f371ae05-76d6-4489-b890-82536770f6bb
46,7f0d4e61-e4e1-42bc-80a9-e1f06ffaf834,2026-07-31T03:09:30.534916+00:00,wrong_edition_version,,B002I0J998,Mortal Kombat - Xbox 360,,v1|358707768482|0,"Mortal Kombat vs. DC Universe Xbox 360, 2008 New Sealed Excellent",Brand New,Video Games; Video Games & Consoles,139973; 1249,jpscollectibles,Xbox 360,Mortal Kombat vs. DC Universe,NTSC-U/C (US/Canada),,,Manual Included,2008,Probable Match,Probable Match,,,item-specific Game Name or Edition conflict,no current deterministic rule covers pattern,title_plus_item_specifics_or_category,6525d267-362b-4aae-9952-a2abfdf1ace4,db38c27c-37bd-48e1-9163-339622467fe4,25befbbf-1215-4c8a-9352-d48e01dd2b73
47,de4b3a8f-6b5f-4656-857a-5e5f3f93671d,2026-07-31T03:09:30.148037+00:00,wrong_edition_version,,B002I0J998,Mortal Kombat - Xbox 360,,v1|188363955888|0,"Mortal Kombat vs. DC Universe (Xbox 360, 2008) Brand New Factory Sealed",Brand New,Video Games; Video Games & Consoles,139973; 1249,cmb1103,Xbox 360,Mortal Kombat vs. DC Universe,NTSC-U/C (US/Canada),,,,,Probable Match,Probable Match,,,item-specific Game Name or Edition conflict,no current deterministic rule covers pattern,title_plus_item_specifics_or_category,618c7ad4-b4f9-4519-b3c4-70b737e469dd,549c7580-a776-4bbf-9948-bc7215621ce0,973f83b4-de55-4f92-8291-8fecf4ec0bfb
48,e6f32f4c-f3b0-492f-b83a-4fb0f2a2856e,2026-07-31T03:09:29.797716+00:00,wrong_edition_version,,B002I0J998,Mortal Kombat - Xbox 360,,v1|355893327026|0,"Mortal Kombat vs. DC Universe (Xbox 360, 2008)",Brand New,Video Games; Video Games & Consoles,139973; 1249,joey_fieldmen,Xbox 360,Mortal Kombat vs. DC Universe,,,,,2008,Probable Match,Probable Match,,,item-specific Game Name or Edition conflict,no current deterministic rule covers pattern,title_plus_item_specifics_or_category,314c616c-27ca-4c1d-b5f1-1e25ba2e523d,09f736ad-136f-4064-a3c9-80b9b0903423,fc584ca1-07a6-4eed-b9b8-fd3fa4c37fd6
49,a2b524d9-348e-4eff-a0f2-30ee0f187ef3,2026-07-31T03:09:29.484381+00:00,wrong_edition_version,,B002I0J998,Mortal Kombat - Xbox 360,,v1|166546678736|0,Mortal Kombat vs. DC Universe (Xbox 360 2008) BRAND NEW FACTORY SEALED GREEN BOX,Brand New,Video Games; Video Games & Consoles,139973; 1249,rdb211,Xbox 360,Mortal Kombat vs. DC Universe,,,,,2008,Probable Match,Probable Match,,,item-specific Game Name or Edition conflict,no current deterministic rule covers pattern,title_plus_item_specifics_or_category,4a70be84-8d54-4ac0-bb73-ec11525bda75,47a56243-f793-4cdc-84c3-198e748a234e,807baa99-b105-4b0e-829d-12f0e893a30b
50,d5039409-176e-4370-a1f2-55a99db97740,2026-07-31T03:09:29.115137+00:00,wrong_edition_version,,B002I0J998,Mortal Kombat - Xbox 360,,v1|178236808098|0,"Brand new, Factory Sealed XBOX 360 Mortal Kombat vs. DC Universe ",Brand New,Video Games; Video Games & Consoles,139973; 1249,statelinethrift,Xbox 360,Mortal Kombat vs. DC Universe,NTSC-U/C (US/Canada); United States,,,Multiplayer,2008,Probable Match,Probable Match,,,item-specific Game Name or Edition conflict,no current deterministic rule covers pattern,title_plus_item_specifics_or_category,92f1e87e-64bf-47b4-8690-86a77eadd7d7,4c0708a6-d349-42a5-9561-51893af02fbd,b677991b-4c65-48c7-95e1-c960b1b8e21c
51,1f38bb66-4825-4f3e-88fa-81fd0abf6375,2026-07-31T03:09:28.702622+00:00,wrong_edition_version,,B002I0J998,Mortal Kombat - Xbox 360,,v1|117317341183|0,"Mortal Kombat vs. DC Universe (Xbox 360, 2008) Platinum Edition New Sealed READ",Brand New,Video Games; Video Games & Consoles,139973; 1249,davidsdealsresort,Xbox 360,Mortal Kombat vs. DC Universe,,,,,2008,Probable Match,Probable Match,,,item-specific Game Name or Edition conflict,no current deterministic rule covers pattern,title_plus_item_specifics_or_category,e9eaee6a-7044-43fe-b2af-731e022a74ee,7e6fa49e-c5bf-4448-bcbe-d81af748acbe,344ca363-1c2a-4413-a0a2-0a2cb8834f22
52,76b2e8bc-41d0-4548-9066-b8a1297e4f42,2026-07-31T03:09:28.320401+00:00,wrong_edition_version,,B002I0J998,Mortal Kombat - Xbox 360,,v1|358066704167|0,Mortal Kombat Vs. DC Universe - Microsoft Xbox 360,Brand New,Video Games; Video Games & Consoles,139973; 1249,ianfreestyl1,Xbox 360,Mortal Kombat vs. DC Universe,,,,,,Probable Match,Probable Match,,,item-specific Game Name or Edition conflict,no current deterministic rule covers pattern,title_plus_item_specifics_or_category,c3bce4f3-974d-424c-8a29-070d0d51861f,805d0dff-d609-48ff-af86-3ff2bdd62501,38f045c6-3aea-4ce7-a4e9-e6a6e16feabb
53,0649f592-9f13-4c83-a035-23232607ebed,2026-07-31T03:09:27.992848+00:00,wrong_edition_version,,B002I0J998,Mortal Kombat - Xbox 360,,v1|307069227795|0,Mortal Kombat vs. DC Universe Xbox 360 Hits NIB W/Tape Seal Brand New W/No Wrap,Brand New,Video Games; Video Games & Consoles,139973; 1249,romansfive8,Xbox 360,Mortal Kombat vs. DC Universe,NTSC-U/C (US/Canada); Mexico,,,Multiplayer,2009,Probable Match,Probable Match,,,item-specific Game Name or Edition conflict,no current deterministic rule covers pattern,title_plus_item_specifics_or_category,0ac0e8a6-adf3-4195-9d12-d176632e5a6b,829d7b8f-5b6b-4f96-b98e-4e7c9489cce9,9972ecc5-6cc0-4d73-bce9-29d6288128b6
54,a136da88-ee67-41b2-a879-681e15cd23c6,2026-07-31T03:09:27.580742+00:00,wrong_edition_version,,B002I0J998,Mortal Kombat - Xbox 360,,v1|168545303577|0,"Mortal Kombat vs. DC Universe (Xbox 360, 2008) Platinum Edition New Sealed ",Brand New,Video Games; Video Games & Consoles,139973; 1249,minnesota.thrifter,Xbox 360,Mortal Kombat vs. DC Universe,,,,,2008,Probable Match,Probable Match,,,item-specific Game Name or Edition conflict,no current deterministic rule covers pattern,title_plus_item_specifics_or_category,cb55720f-c2b0-4da6-90e1-bd82d151b903,86404edf-74de-49d1-af91-a696f678fc45,cd8394ae-c595-4f5e-bf77-5bc4d9386a73
55,c26fa7d8-46e5-4c67-adfd-35c62aed5d8f,2026-07-31T03:09:27.176096+00:00,wrong_edition_version,,B002I0J998,Mortal Kombat - Xbox 360,,v1|307077093879|0,Mortal Kombat vs. DC Universe - Xbox 360 - STILL SEALED!,Brand New,Video Games; Video Games & Consoles,139973; 1249,arejsco,Xbox 360,Mortal Kombat vs. DC Universe,,,,,,Probable Match,Probable Match,,,item-specific Game Name or Edition conflict,no current deterministic rule covers pattern,title_plus_item_specifics_or_category,0367530d-18ff-4ed5-970e-ad89c9d9f888,aee4699d-71a7-4687-bdec-b1fcb3e4768b,5cf37ecb-316a-45cf-afbc-f49aabb762ba
56,f2422f95-9310-4807-a9e8-6df1018ca76f,2026-07-31T03:09:26.664386+00:00,wrong_edition_version,,B002I0J998,Mortal Kombat - Xbox 360,,v1|137069051762|0,"Mortal Kombat vs. DC Universe (Microsoft Xbox 360, 2009) New Factory Sealed",Brand New,Video Games; Video Games & Consoles,139973; 1249,pennysccc,Xbox 360,Mortal Kombat vs. DC Universe,NTSC-U/C (US/Canada); Mexico,,,,2009,Probable Match,Blocked,non-US item location,,item-specific Game Name or Edition conflict,current rule should already block,title_plus_item_specifics_or_category,d54db671-1f86-4a9c-b622-8aeb7d222003,b4850933-efeb-48b0-9635-d042cba8f3ac,4102504b-3dc5-44ac-a513-2cb6784a6f91
57,93184e6d-eb44-40af-b0b5-90fec056cb92,2026-07-31T03:09:26.083035+00:00,wrong_edition_version,,B002I0J998,Mortal Kombat - Xbox 360,,v1|146750285540|0,"Mortal Kombat vs. DC Universe (Xbox 360, 2008)",Brand New,Video Games; Video Games & Consoles,139973; 1249,septpa_0,Xbox 360,Mortal Kombat vs. DC Universe,NTSC-U/C (US/Canada); USA,,,Manual Included,2008,Probable Match,Probable Match,,,item-specific Game Name or Edition conflict,no current deterministic rule covers pattern,title_plus_item_specifics_or_category,8895e88e-067d-4d21-9b73-bd6af28d944f,dc11840a-7f82-45ec-a432-65550fe6497e,ddef4c10-b776-4d70-8430-adb23b2a6c96
58,9d517ade-b8f1-47cf-b11b-7a1308bd4583,2026-07-31T03:08:48.766083+00:00,asin_blocked,,B002BSA1C6,Gran Turismo 5 - Playstation 3,,v1|145945981393|0,"Brand new Factory Seal Gran Turismo 5 (Sony PlayStation 3, 2010)",Brand New,Video Games; Video Games & Consoles,139973; 1249,ramon10031,PS 3,Gran Turismo 5,,,,,2010,Probable Match,Probable Match,,,asin_blocked,operator dismissal may be ambiguous or business/system,title_plus_item_specifics_or_category,e5b01bf2-2e9d-42dc-baa9-8a0e6206eea4,9e7f4385-031c-45a4-809b-4750014d3108,f1126fc4-acf9-4699-96b9-d21116033f31
59,7a3c0b88-675b-4b2c-b656-e13456778052,2026-07-31T03:08:48.364127+00:00,asin_blocked,,B002BSA1C6,Gran Turismo 5 - Playstation 3,,v1|406796082297|0,Gran Turismo 5 - Sony PlayStation 3 “Sealed”,Brand New,Video Games; Video Games & Consoles,139973; 1249,collectibles_and_more_by_efra,PS 3,Gran Turismo 5,United States,,,,,Probable Match,Probable Match,,,asin_blocked,operator dismissal may be ambiguous or business/system,title_plus_item_specifics_or_category,7c7ef33e-9fb7-4f14-a8a3-94c5e2c0c440,7b7bbd0c-921a-472b-9e94-cf6e48131a39,dac39ea6-7cf4-4986-b02a-637783706340
60,2ac9124b-2c98-4586-bbde-5b2a9f9d75ac,2026-07-31T03:08:47.797541+00:00,asin_blocked,,B002BSA1C6,Gran Turismo 5 - Playstation 3,,v1|177319371775|0,Gran Turismo 5 Prologue (PS3 Sony Playstation 3) Brand  New Factory Sealed,Brand New,Video Games; Video Games & Consoles,139973; 1249,pgou3762,PS 3,Gran Turismo 5 Prologue,NTSC-U/C (US/Canada),,,,,Probable Match,Blocked,non-US item location,,asin_blocked,operator dismissal may be ambiguous or business/system,title_plus_item_specifics_or_category,3b9c3384-e0fa-4008-8c4b-f121dcdda427,a5b4c73b-0c09-4e43-96af-392a2b4dee2e,b7adf905-690f-4cdb-8061-3e00ee4a06dc
61,5ccf217e-e7dc-4394-bd2b-077208669da2,2026-07-31T03:08:47.392569+00:00,asin_blocked,,B002BSA1C6,Gran Turismo 5 - Playstation 3,,v1|186146567523|0,"Gran Turismo 5 (Sony PlayStation 3, 2010)",Brand New,Video Games; Video Games & Consoles,139973; 1249,colefanatic,PS 3,Gran Turismo 5,,,,,,Probable Match,Blocked,non-US item location,,asin_blocked,operator dismissal may be ambiguous or business/system,title_plus_item_specifics_or_category,8db71949-0bb4-4c39-b45f-1aa3ef511e29,2e11657e-d4c4-4bee-8b80-756e02ece08f,7696563f-a253-4f93-a131-93de87aeef61
62,6fedbf70-b5d0-4600-bc12-9534816a84d0,2026-07-31T03:08:47.01324+00:00,asin_blocked,,B002BSA1C6,Gran Turismo 5 - Playstation 3,,v1|146966185160|0,Gran Turismo 5 PS3 BRAND NEW SEALED,Brand New,Video Games; Video Games & Consoles,139973; 1249,bc_797,PS 3,Gran Turismo 5,NTSC-U/C (US/Canada),,,Manual Included,2010,Probable Match,Probable Match,,,asin_blocked,operator dismissal may be ambiguous or business/system,title_plus_item_specifics_or_category,b4ef7b72-7e32-431c-a748-82a5a9b352eb,63432a39-cfcb-411c-9c0e-1f300485b627,722f5522-923d-4d58-a9a3-6d1c0d762af3
63,f6c9c240-f6f5-45d9-871d-3b8be9aecc6a,2026-07-31T03:08:46.621287+00:00,asin_blocked,,B002BSA1C6,Gran Turismo 5 - Playstation 3,,v1|396400236904|0,Gran Turismo 5: Prologue Black Label - Sony PlayStation 3 - New Sealed,Brand New,Video Games; Video Games & Consoles,139973; 1249,ke_threads,PS 3,Gran Turismo 5 Prologue,,,,,,Probable Match,Probable Match,,,asin_blocked,operator dismissal may be ambiguous or business/system,title_plus_item_specifics_or_category,1d04cb72-9fe1-44fe-8760-bc47a5ddfa83,3401388b-d47b-4c73-8c92-9c877b2739c0,1d21d23c-b783-46bc-96c0-c57dfd4fcf7b
64,a77dc7a7-4c66-411e-a05c-2f037de16567,2026-07-31T03:08:46.158691+00:00,asin_blocked,,B002BSA1C6,Gran Turismo 5 - Playstation 3,,v1|234479019481|0,"Gran Turismo 5 (Sony PlayStation 3 PS3, 2010) Complete Manual Tested CIB Mint",Brand New,Video Games; Video Games & Consoles,139973; 1249,acmurray77,PS 3,Gran Turismo 5,NTSC-U/C (US/Canada),,,Manual Included,2010,Probable Match,Probable Match,,,asin_blocked,operator dismissal may be ambiguous or business/system,title_plus_item_specifics_or_category,2e122086-a98b-424d-b8d5-a1be5a5944b4,46ad328d-0d77-464b-8c0f-c4acc0393e54,34702171-28aa-4d91-8ad6-e1b57a25f44a
65,21e042aa-b69b-4135-9c59-4d3cf40b639f,2026-07-31T03:08:45.705403+00:00,asin_blocked,,B002BSA1C6,Gran Turismo 5 - Playstation 3,,v1|284736229096|0,Gran Turismo 5 Prologue PS3 PlayStation 3 *BLACK LABEL* **BRAND NEW** *READ* LD,Brand New,Video Games; Video Games & Consoles,139973; 1249,alyona777,PS 3,Gran Turismo 5 Prologue,Region Free,,,,2008,Probable Match,Probable Match,,,asin_blocked,operator dismissal may be ambiguous or business/system,title_plus_item_specifics_or_category,d6ab758e-c9cc-4640-881a-56b4e674da17,67e241c0-ce95-4874-955c-351cbdc54128,da698d92-7451-4f36-a036-4b68e5fb9584
66,f42fccc4-764a-4ea7-a011-c91ee940ba9f,2026-07-31T03:08:45.28558+00:00,asin_blocked,,B002BSA1C6,Gran Turismo 5 - Playstation 3,,v1|305983017281|0,"SEALED Gran Turismo 5 (PlayStation 3, 2010) PS3 BRAND NEW",Brand New,Video Games; Video Games & Consoles,139973; 1249,709_games,PS 3,Gran Turismo 5,NTSC-U/C (US/Canada),,,,,Probable Match,Blocked,non-US item location,,asin_blocked,operator dismissal may be ambiguous or business/system,title_plus_item_specifics_or_category,d4fc20b9-b4ea-4b74-a4bf-24e8a77ece2c,993b8f5c-2b72-4a79-8397-439fa33e13f4,4a0f3934-1096-4240-90ea-7642c7746f75
67,8a707766-e7e9-470d-b4f1-111c53c88118,2026-07-31T03:08:44.876277+00:00,asin_blocked,,B002BSA1C6,Gran Turismo 5 - Playstation 3,,v1|277162621059|0,*FACTORY SEALED* SONY PS3 PLAYSTATION GRAN TURISMO 5 PROLOGUE,Brand New,Video Games; Video Games & Consoles,139973; 1249,soxmannh,PS 3,Gran Turismo 5 Prologue,NTSC-U/C (US/Canada); United States,,,Manual Included,2008,Probable Match,Probable Match,,,asin_blocked,operator dismissal may be ambiguous or business/system,title_plus_item_specifics_or_category,57bce5cf-8af6-4b05-9418-f4d501a0e8c7,9f0f1ae6-d05f-4317-b6dd-d55337e3e4d2,88f2e4e8-43aa-499e-b743-32c66949c2a0
68,4bbd7d38-4ea3-48cb-9416-2618b9489bbf,2026-07-31T03:08:44.446269+00:00,asin_blocked,,B002BSA1C6,Gran Turismo 5 - Playstation 3,,v1|333584136128|0,Gran Turismo 5 Prologue GH - PS3 Playstation 3 Racing Game,Brand New,Video Games; Video Games & Consoles,139973; 1249,tornado-c5,PS 3,Gran Turismo 5 Prologue,NTSC-U/C (US/Canada),,,,2007,Probable Match,Probable Match,,,asin_blocked,operator dismissal may be ambiguous or business/system,title_plus_item_specifics_or_category,089372e0-40ae-49f4-bae5-8b007415033c,1908cbce-fc2a-46f1-8221-52fd905633b6,e2e7cce5-3c15-485c-ac8e-e94d4aee47d9
69,88c3528e-9dd8-4cf8-9db2-475de401ae13,2026-07-31T03:08:43.957626+00:00,asin_blocked,,B002BSA1C6,Gran Turismo 5 - Playstation 3,,v1|398051060224|0,Gran Turismo 5 PS3 2010 - New & Sealed!,Brand New,Video Games; Video Games & Consoles,139973; 1249,bobbycor,PS 3,Gran Turismo 5,NTSC-U/C (US/Canada),,,"Multiplayer, Online Play, 3D Compatible",2010,Probable Match,Probable Match,,,asin_blocked,operator dismissal may be ambiguous or business/system,title_plus_item_specifics_or_category,4dc75eb2-06b4-490b-8fd1-3a3743f195a4,8ba2686b-7aa1-47e4-9b6b-5426cddbad49,85e321a2-75c7-40ed-a110-664b597c064a
70,a0c2c39f-4d81-4df0-a5c0-248ce3a70d5d,2026-07-31T03:08:43.523613+00:00,asin_blocked,,B002BSA1C6,Gran Turismo 5 - Playstation 3,,v1|167992427799|0,"Gran Turismo 5 (Sony PlayStation 3, 2010) - New Sealed CIB",Brand New,Video Games; Video Games & Consoles,139973; 1249,camphillplayntradestore,PS 3,Gran Turismo 5,NTSC-U/C (US/Canada),,,,2010,Probable Match,Probable Match,,,asin_blocked,operator dismissal may be ambiguous or business/system,title_plus_item_specifics_or_category,bdbd7121-4a7f-4523-ba6e-ac162454246d,b9270bfb-106b-49db-8667-abfda8a4ba7f,2abb1e79-d3ce-4a82-9fbc-c8e79c6153ae
71,d911ae7a-2d6c-48d6-ad64-083b896d7c7d,2026-07-31T03:08:43.12315+00:00,asin_blocked,,B002BSA1C6,Gran Turismo 5 - Playstation 3,,v1|353970578694|0,"Gran Turismo 5 Prologue (Sony PlayStation 3, 2007) - Brand New & Sealed",Brand New,Video Games; Video Games & Consoles,139973; 1249,samsa.games,PS 3,Gran Turismo 5 Prologue,NTSC-U/C (US/Canada),,,,2007,Probable Match,Blocked,non-US item location,,asin_blocked,operator dismissal may be ambiguous or business/system,title_plus_item_specifics_or_category,1538c6aa-cdc0-4cc6-9b93-2219bf06872f,9d96b062-4217-41cc-bb24-afd21e77838e,90288cb8-af84-457c-9a27-f13e7164f27c
72,2ebbea79-cb64-44ec-8a90-5db0c060c4d5,2026-07-31T03:08:42.741284+00:00,asin_blocked,,B002BSA1C6,Gran Turismo 5 - Playstation 3,,v1|204908807117|0,"Gran Turismo 5 (Sony PlayStation 3, 2010)",Brand New,Video Games; Video Games & Consoles,139973; 1249,antwi_8069,PS 3,Gran Turismo 5,,,,,2010,Probable Match,Probable Match,,,asin_blocked,operator dismissal may be ambiguous or business/system,title_plus_item_specifics_or_category,9a54136b-e80a-4093-a712-da7c5d2fcc23,0dfe3577-897e-4ab7-9024-e2ed04a7de96,a29427c3-aa02-43f0-9fca-f36c2f65b5a9
73,d0f86f9c-af0c-4fd1-bbe5-7eb7cb015412,2026-07-31T03:08:42.307286+00:00,asin_blocked,,B002BSA1C6,Gran Turismo 5 - Playstation 3,,v1|356004528417|0,"Gran Turismo 5 (Sony PlayStation 3, 2010)",Brand New,Video Games; Video Games & Consoles,139973; 1249,bcdog1,PS 3,Gran Turismo 5,,,,,2010,Probable Match,Probable Match,,,asin_blocked,operator dismissal may be ambiguous or business/system,title_plus_item_specifics_or_category,06fca74b-9ed9-463f-9b6b-8ec903d53495,22971b9d-b231-408b-8cae-118499ba756c,1074c2d5-6f4d-4845-8eec-3a9ff11dec4d
74,6b64d646-db5e-444d-a2b9-8901c11d3514,2026-07-31T03:08:41.909475+00:00,asin_blocked,,B002BSA1C6,Gran Turismo 5 - Playstation 3,,v1|298343541898|0,BRAND NEW Gran Turismo 5 for PlayStation 3 PS3 Ships Today SEALED,Brand New,Video Games; Video Games & Consoles,139973; 1249,discounted_movies,PS 3,Gran Turismo 5,NTSC-U/C (US/Canada),,Not Specified,,,Probable Match,Probable Match,,,asin_blocked,operator dismissal may be ambiguous or business/system,title_plus_item_specifics_or_category,53e4fbf7-e4f0-4ac4-83c9-ea756c549443,2415dc55-17c4-4435-bc1c-23043f09967e,5fb458d0-c6b7-472e-a214-b6e9a43e5d10
75,83fceb28-6ef6-437c-a269-edfafe6b0d10,2026-07-31T03:08:41.517033+00:00,asin_blocked,,B002BSA1C6,Gran Turismo 5 - Playstation 3,,v1|306910319496|0,"Gran Turismo 5 (Sony PlayStation 3 PS3, 2010) - NEW/SEALED, Free Shipping!",Brand New,Video Games; Video Games & Consoles,139973; 1249,pacmanv3.0,PS 3,Gran Turismo 5,NTSC-U/C (US/Canada),,,,2010,Probable Match,Probable Match,,,asin_blocked,operator dismissal may be ambiguous or business/system,title_plus_item_specifics_or_category,09dbb2a4-d277-47f5-9b2d-ab1eec2207d3,2755442b-aac3-47ea-ad62-427336ae28dc,39366005-05a6-45bd-8ab2-4034bea823a3
76,b0053d65-fb0a-4a03-a9bb-893e095203f5,2026-07-31T03:08:41.105757+00:00,asin_blocked,,B002BSA1C6,Gran Turismo 5 - Playstation 3,,v1|127468870693|0,Gran Turismo 5 Prologue Sony PlayStation 3 PS3 Black Label New Sealed,Brand New,Video Games; Video Games & Consoles,139973; 1249,kbgamestoys,PS 3,Gran Turismo 5 Prologue,NTSC-U/C (US/Canada),,,Complete Edition,2008,Probable Match,Probable Match,,,asin_blocked,operator dismissal may be ambiguous or business/system,title_plus_item_specifics_or_category,0a6a77f6-1e90-49ec-9da3-5e76cf5ee0a4,2d7c818a-4a47-4945-a12f-7e7a0311548a,01c351a4-6bc4-4755-bd5a-aa09efc5eba3
77,0db884a6-700e-4fae-bc87-e01fbeb2a133,2026-07-31T03:08:40.721908+00:00,asin_blocked,,B002BSA1C6,Gran Turismo 5 - Playstation 3,,v1|137365032438|0,"Gran Turismo 5 (Sony PlayStation 3, 2010)",Brand New,Video Games; Video Games & Consoles,139973; 1249,nired48,PS 3,Gran Turismo 5,NTSC-U/C (US/Canada),,,,2010,Probable Match,Probable Match,,,asin_blocked,operator dismissal may be ambiguous or business/system,title_plus_item_specifics_or_category,c4103be8-2ebb-4295-9025-275f53710627,735a52aa-4ac9-425c-b86b-18bba3f1e58f,fcefe8b1-3802-4afa-88ad-249f4f64820d
78,fb8da9af-c060-4b61-9735-0cfe30bdf946,2026-07-31T03:08:40.292519+00:00,asin_blocked,,B002BSA1C6,Gran Turismo 5 - Playstation 3,,v1|326264949067|0,Gran Turismo 5 Sony PlayStation 3 BRAND NEW SEALED ,Brand New,Video Games; Video Games & Consoles,139973; 1249,mywholevideogamecollection,PS 3,Gran Turismo 5,,,,,2010,Probable Match,Probable Match,,,asin_blocked,operator dismissal may be ambiguous or business/system,title_plus_item_specifics_or_category,af8ad1fd-2cc2-476a-bd8d-318045102d4f,76b08849-98a8-4180-9c39-994f6c57755a,60b15eb7-5841-4bab-9242-f6b8c4b170dd
79,8949b788-ff4a-449d-8a39-039c9ba06cde,2026-07-31T03:08:39.749336+00:00,asin_blocked,,B002BSA1C6,Gran Turismo 5 - Playstation 3,,v1|287326091396|0,Gran Turismo 5 Sony PlayStation 3 Brand New Sealed,Brand New,Video Games; Video Games & Consoles,139973; 1249,tammyh1126,PS 3,Gran Turismo 5,,,,,,Probable Match,Probable Match,,,asin_blocked,operator dismissal may be ambiguous or business/system,title_plus_item_specifics_or_category,c9c620e6-3c3a-4e94-a6b5-abfdf9920461,79607e25-20f1-4f7c-9669-df9588730e1b,0fa7eec3-c355-4749-9822-d3e4c671c1c5
80,868fd11d-ee9c-4eca-97c7-1843eed14534,2026-07-31T03:08:39.180906+00:00,asin_blocked,,B002BSA1C6,Gran Turismo 5 - Playstation 3,,v1|188146227703|0,Gran Turismo 5: Prologue - Sony PlayStation 3 *New*Sealed*Slight Rip Pictured,Brand New,Video Games; Video Games & Consoles,139973; 1249,jay3000y,PS 3,Gran Turismo 5 Prologue,United States,,,,,Probable Match,Blocked,non-US item location,,asin_blocked,operator dismissal may be ambiguous or business/system,title_plus_item_specifics_or_category,e29f2d7d-f146-403d-b3b4-da48f39c5bde,9a9ccb5b-8325-4775-ba12-92c5837de6bd,cf6faab4-9f63-4e96-a941-756512819d90
81,a9b90527-6e3b-4849-9f2f-4ab6274e2e60,2026-07-31T03:08:38.525526+00:00,asin_blocked,,B002BSA1C6,Gran Turismo 5 - Playstation 3,,v1|206410157630|0,"Gran Turismo 5 Sony PlayStation 3 PS3 New, Sealed",Brand New,Video Games; Video Games & Consoles,139973; 1249,xbox4life2011,PS 3,Gran Turismo 5,NTSC-U/C (US/Canada); USA,,,,2010,Probable Match,Probable Match,,,asin_blocked,operator dismissal may be ambiguous or business/system,title_plus_item_specifics_or_category,b6d1b4fa-dd62-480a-9dad-7d8b96ca30bc,b61c0817-3178-4ac8-990d-e272b4a8eca3,6e795f3d-ca08-44d0-beea-baa615bc5a1c
82,90b7a03c-d41a-4389-817e-584dcff00b9e,2026-07-31T03:06:19.517793+00:00,wrong_edition_version,,B002BSA1C6,Gran Turismo 5 - Playstation 3,,v1|235856174559|0,gran turismo 5 ps3,Brand New,Video Games; Video Games & Consoles,139973; 1249,hunterbeater,PS 3,Gran Turismo 5 Prologue,,,,,,Probable Match,Probable Match,,,item-specific Game Name or Edition conflict,no current deterministic rule covers pattern,title_plus_item_specifics_or_category,139b09f2-5db1-4c69-8df4-b5ea6907474c,f23cd69b-9030-4ff8-b18b-7de5c01639b8,6344dcd3-f536-4dc2-8613-ee5d678f2e8a
83,34cb49e7-6ee6-4131-bf8f-e58aaaf1ae30,2026-07-31T03:06:18.977948+00:00,wrong_edition_version,,B002BSA1C6,Gran Turismo 5 - Playstation 3,,v1|135271277635|0,PS3 Gran Turismo 5 Prologue New Sealed,Brand New,Video Games; Video Games & Consoles,139973; 1249,mariesbees,PS 3,Gran Turismo 5 Prologue,NTSC-U/C (US/Canada),,,,2008,Probable Match,Probable Match,,,item-specific Game Name or Edition conflict,no current deterministic rule covers pattern,title_plus_item_specifics_or_category,1777b423-0cf3-4a6c-b184-3c4c8dd0d488,f2b6404b-ddfe-48e4-a904-4cccbd63a409,34d5bb53-51e5-4663-87e7-c2f817bc7abe
84,529aeac5-a350-4c78-93c9-519877f87317,2026-07-31T02:57:44.353056+00:00,incomplete_product,,B000SH3XCW,Conan - Playstation 3,,v1|396239086873|0,"Conan (Sony PlayStation 3, 2007)",Brand New,Video Games; Video Games & Consoles,139973; 1249,parkeduffe0,PS 3,Conan,,,,,2007,Probable Match,Probable Match,,,incomplete_product,no current deterministic rule covers pattern,title_plus_item_specifics_or_category,ebfe69a5-52cb-4315-b938-aff077050062,f8d4ed9f-4e74-4d33-98b9-e193cabcdc84,00342d39-cabf-4817-a595-328962d3cb05
85,43e513b6-233b-4148-8f86-8667703904ac,2026-07-31T02:57:36.683564+00:00,suspected_reseal,,B00DNGQTG2,Zumba Fitness World Party - Xbox One [video game],,v1|407050702656|0,Microsoft Xbox One Zumba Fitness World Party  New SEALED,Brand New,Video Games; Video Games & Consoles,139973; 1249,rewindsrevivals,Xbox One,Microsoft Xbox One Zumba Fitness World Party,,,game,,,Probable Match,Probable Match,,,suspected_reseal,evidence exists only in images,image_or_operator_visual_review,1d1c81be-0cef-426e-8e7e-45ba28dd3f2e,70211beb-d2d9-455a-8ae2-285385c76b5a,78b5c542-c5c3-4ddf-9cf3-d5376f02e2fb
86,58ac0f47-3f77-4970-9222-7aff17f44779,2026-07-29T20:05:34.313611+00:00,wrong_edition_version,,B074F2HDRV,The Sims 4 (Xbox One) [video game],,v1|205626310539|0,The Sims 4 Plus Eco Lifestyle Bundle - Xbox One [video game],Brand New,Video Games; Video Games & Consoles,139973; 1249,htownresales,Xbox One,The Sims 4 Eco Lifestyle Bundle,Region Free,,,,,Probable Match,Probable Match,,,item-specific Game Name or Edition conflict,no current deterministic rule covers pattern,title_plus_item_specifics_or_category,6db95c73-4198-4c74-9e5f-e5b735ecc894,c850b6e5-5f19-427f-a47a-bf37e19fd4eb,d7b6bdb1-f566-4088-ae3a-ae84763e4aa7
87,5fbcdea2-0457-48b6-b087-2dc86528df86,2026-07-29T20:05:24.652975+00:00,missing_shrink_wrap,,B098KVHZ3P,FIFA 22 - Nintendo Switch,,v1|287487475159|0,Electronic Arts FIFA 22 Legacy Edition (Nintendo Switch) E Soccer Sports,Brand New,Video Games; Video Games & Consoles,139973; 1249,da-955016,Switch,FIFA 22,,,,Legacy Edition,,Probable Match,Probable Match,,,missing_shrink_wrap,evidence exists only in images,image_or_operator_visual_review,bd42f293-018f-484d-a45f-5100d4ef345d,958afb28-595d-4019-81cb-a37bacbbb42a,88a231e7-23ef-4218-ae80-338a0f333d32
88,55b38ab0-10f1-4bd2-b6b6-dc82d489ed8b,2026-07-29T20:05:14.815962+00:00,packaging_damage,,B08CGDMP2Z,Cobra Kai Karate Kid Saga - One - Xbox One,,v1|178353054628|0,New Cobra Kai The Karate Kid Saga Continues (Microsoft Xbox One) Case Damage,Brand New,Video Games; Video Games & Consoles,139973; 1249,homer400,Xbox One,Cobra Kai Karate Kid Saga,NTSC-U/C (US/Canada); United States,,,,,Probable Match,Probable Match,,,packaging_damage,evidence exists only in images,title_only,6060d1e4-5cd5-4cc4-9d78-d7d1f1546055,64a5cd4a-b9bd-4c8a-aac7-810b2aeb5716,fcd68aa6-4768-4a44-83e2-9cb978f84522
89,13f0389f-fbcc-490a-b108-518001f2ab5b,2026-07-29T20:04:50.255595+00:00,wrong_edition_version,,B002ZJNWWC,Medal of Honor - Playstation 3,,v1|127118489800|0,"Medal of Honor: Warfighter LE  (PlayStation 3, PS3) BRAND-NEW!",Brand New,Video Games; Video Games & Consoles,139973; 1249,re-threading,PS 3,"Medal of Honor: Warfighter -- Limited Edition, Medal of Honor: Warfighter",United States,,,,,Probable Match,Probable Match,,,item-specific Game Name or Edition conflict,no current deterministic rule covers pattern,title_plus_item_specifics_or_category,26da4161-9f96-4bc6-83ec-ff8f57a423d6,b1c7c802-4a24-42b3-a6f3-8eb0e935671d,ceca298b-08fa-41bb-97b9-d24e8eb7d262
90,b25ba14f-95c3-4747-8d5d-ab19cb13304f,2026-07-29T20:04:49.8915+00:00,wrong_edition_version,,B002I0K3Z2,Dance Central 3 [video game],,v1|178159317411|0,"Xbox 360 Kinect Game Lot: Kinect Adventures!, Motionsports, Dance Central - 3",Brand New,Video Games; Video Games & Consoles,139973; 1249,texasfoundtreasuresinc,Xbox 360,"Kinect Adventures, Motionsports, Dance Central",NTSC-U/C (US/Canada); Mexico,,,"Motion Sensing, Multiplayer, Kinect Compatible","2010, 2010, 2010",Probable Match,Probable Match,,,item-specific Game Name or Edition conflict,no current deterministic rule covers pattern,title_plus_item_specifics_or_category,b023c8f4-b1ac-40b3-8cb9-4788835bcd60,50345ade-9c54-46a9-aaa4-f3a70a47bcc8,2ce478ca-1da1-4e36-8690-3cccdce8c837
91,97dedf53-b41d-4a82-8e1c-d8ab47067199,2026-07-29T20:04:49.561457+00:00,wrong_edition_version,,B0002CNUN0,Tony Hawk's Underground 2 - PlayStation 2 [video game],,v1|307091691933|0,Tony Hawk's Underground PlayStation 2 Activision w/Manual New in shrink wrap,Brand New,Video Games; Video Games & Consoles,139973; 1249,sipowicz,PS 2,Tony Hawk's Underground,NTSC-U/C (US/Canada); United States,,,"Manual Included, Multiplayer, Online, Vibration Function, AOL Dial-Up Compatible",2003,Probable Match,Probable Match,,,unclear/insufficient evidence,no current deterministic rule covers pattern,title_plus_item_specifics_or_category,40e3844f-2252-4344-ab88-27ffbda24ffe,edc7670a-0a91-4e5b-ae6b-1e174213ff7f,867b236d-1e7f-4da0-bd96-963b8e900bc0
92,3dabb339-4a85-4a5b-84ca-fe2cb0aabc03,2026-07-29T20:04:49.240634+00:00,wrong_edition_version,,B00005BZC7,Shrek 2 - PlayStation 2 [video game],,v1|800139760388|0,Shrek Smash N Crash Racing (PlayStation 2 PS2) BRAND NEW SEALED,Brand New,Video Games; Video Games & Consoles,139973; 1249,resalerev0,PS 2,Shrek Smash N Crash Racing,NTSC-U/C (US/Canada); United States,,,,,Probable Match,Probable Match,,,item-specific Game Name or Edition conflict,no current deterministic rule covers pattern,title_plus_item_specifics_or_category,4bb49b01-d50d-4899-a95e-c16f2424cfc1,645782c9-412a-472c-a133-ed3598e473bb,a9789684-1255-4ac6-bd05-c89e1d601eab
93,2d3f130e-8036-498e-a349-995cc1b7d18e,2026-07-29T20:04:48.917999+00:00,wrong_edition_version,,B00005BZC7,Shrek 2 - PlayStation 2 [video game],,v1|395616017579|0,Shrek Smash 'N' Crash Racing PlayStation 2 PS2 - BRAND NEW SEALED,Brand New,Video Games; Video Games & Consoles,139973; 1249,evernew_ltd,PS 2,Shrek: Smash N' Crash Racing,NTSC-U/C (US/Canada),,,,,Probable Match,Blocked,non-US item location,,item-specific Game Name or Edition conflict,current rule should already block,title_plus_item_specifics_or_category,db939581-40dd-41fc-bd42-028a1da948ce,a238f0aa-9efd-47a2-a08c-e22e431bf77c,5a3c744e-f791-4894-b901-a12fdf1e6f0e
94,4c8ddd22-92c8-47c0-a0be-30c7136abe97,2026-07-29T20:04:48.505684+00:00,wrong_edition_version,,B00005BZC7,Shrek 2 - PlayStation 2 [video game],,v1|157360663631|0,Shrek's Carnival Craze Party Games NEW Factory Sealed Sony PlayStation 2 PS2 CIB,Brand New,Video Games; Video Games & Consoles,139973; 1249,immortalgamingohio,PS 2,Shrek's Carnival Craze Party Games,,,,,,Probable Match,Probable Match,,,item-specific Game Name or Edition conflict,no current deterministic rule covers pattern,title_plus_item_specifics_or_category,83241902-5d56-4902-a2bd-04bc5136542e,9ab92f84-170b-4709-b0a9-b7438bd3e2a6,714961b3-e852-4ad8-b564-0a069de4fbc9
95,e8d0c52d-504c-4d17-9d29-3c32def3e0a0,2026-07-29T20:04:47.937403+00:00,wrong_edition_version,,B003RS8I92,Rock Band 3 [video game],,v1|377369564680|0,The Beatles Rock Band PS3 Brand New Factory Sealed PlayStation 3 Music Game,Brand New,Video Games; Video Games & Consoles,139973; 1249,beingaftertherightprice,PS 3,The Beatles: Rock Band,USA,,,,2009,Probable Match,Probable Match,,,item-specific Game Name or Edition conflict,no current deterministic rule covers pattern,title_plus_item_specifics_or_category,1a37aa57-5001-4648-a11a-f684027e6b53,5a826615-8831-439d-b785-c0addb8d2b3a,1ba1a095-10f7-44ab-9c2b-46d79a4eb6b8
96,1f084b96-c969-4148-88e7-ffdd0b2475cf,2026-07-29T01:38:18.604164+00:00,missing_shrink_wrap,,B07RP46HNM,Tom Clancy's Ghost Recon Breakpoint Steelbook Gold Edition - PlayStation 4,,v1|327281834376|0,Tom Clancy's Ghost Recon Breakpoint Steelbook Gold Edition - Sony PlayStation 4,Brand New,Video Games; Video Games & Consoles,139973; 1249,thefreshprinceofpbg,PS 4,Tom Clancy's Ghost Recon Breakpoint Steelbook Gold Edition,,,,SteelBook Edition,,Probable Match,Probable Match,,,missing_shrink_wrap,evidence exists only in images,image_or_operator_visual_review,2442d134-bdf3-4bdf-bd2b-75f59209e421,1e6bafa2-473c-4c81-9b95-59de24d2a3e3,ee834254-3f41-4012-bdcf-db247f23ba84
97,fe8d81dc-f4b3-4f10-a927-620eadb7651d,2026-07-29T01:28:31.598101+00:00,missing_shrink_wrap,,B003ZUWLYU,Family Feud Decades - Nintendo Wii,,v1|168564820759|0,Family Feud 1976 Decades 2011 Wii Video Game Multiplayer Party,Brand New,Video Games; Video Games & Consoles,139973; 1249,mrs_jeff,Wii,Family Feud,NTSC-U; USA,,,Multiplayer,2011,Probable Match,Probable Match,,,missing_shrink_wrap,evidence exists only in images,image_or_operator_visual_review,d70bd02e-32bb-4293-95ba-ae50fddda586,cd6bd3ef-3c1b-465e-86e3-d0553f422c63,28005288-b991-4d08-91f5-70fa7f06e6c8
98,d922646f-471b-46ed-afa2-08d4cfbd41b0,2026-07-28T18:53:46.73611+00:00,wrong_product,,B01LDUYU60,Super Mario Maker for Nintendo 3DS - Nintendo 3DS,,v1|198528954799|0,Super Mario Maker for Nintendo 3DS Magnet Set 2016 NEW,Brand New,Video Games; Video Games & Consoles,139973; 1249,titan2427,3DS,Super Mario Maker,NTSC-U/C (US/Canada),,,Set,2016,Probable Match,Probable Match,,,unclear/insufficient evidence,no current deterministic rule covers pattern,title_plus_item_specifics_or_category,e1e832e6-9cea-48fe-9cff-be19c2768fdc,c3ea5abb-4ad4-40cc-b032-7b13fee418c5,0b10ff04-ea90-440a-9397-d02385d77ef3
99,f562bf46-13f4-48be-b544-1877fa749fb3,2026-07-28T18:53:39.237525+00:00,wrong_platform,,B000R3BN42,Thrillville: Off the Rails [video game],,v1|389770763774|0,Thrillville Off The Rails Video Game Pc Cd-Tom E-Everyone (Factory Sealed) ,Brand New,Video Games; Video Games & Consoles,139973; 1249,rock3812123,PC,Thrillville: Off the Rails,NTSC-U/C (US/Canada),,,,2006,Probable Match,Probable Match,,,wrong_platform,no current deterministic rule covers pattern,title_plus_item_specifics_or_category,4d5b48e1-3632-4383-82dd-24f5c0a1491d,7578f729-c498-491d-bce8-f97c438deac0,41750652-1a8a-476b-8f21-79277ae0d82c
100,cd8e97f0-feac-46ab-8ebe-83bd8ba10d28,2026-07-28T18:53:30.981912+00:00,incomplete_product,,B00GOOSTFE,Conception II: Children of the Seven Stars - Nintendo 3DS,,v1|206405643587|0,Authentic Nintendo 3DS ATLUS Conception II: Children of the Seven Stars,Brand New,Video Games; Video Games & Consoles,139973; 1249,starlinghollow,3DS,Conception II: Children of the Seven Stars,NTSC-U/C (US/Canada),,,,,Probable Match,Probable Match,,,incomplete_product,no current deterministic rule covers pattern,title_plus_item_specifics_or_category,e503962d-8222-47cc-9d30-f1d6fd6a639b,7394bd81-7691-491f-9f68-e4bc1037c00b,554a87e6-7b03-4fa2-8e37-ba6452fcc09c
101,666ac495-b81c-4b46-97ce-911f94243718,2026-07-28T18:51:54.946242+00:00,wrong_edition_version,,B08CGDMP2Z,Cobra Kai Karate Kid Saga - One - Xbox One [video game],,v1|157991332003|0,"New Cobra Kai: The Karate Kid Saga Continues (Microsoft Xbox One, 2020)",Brand New,Video Games; Video Games & Consoles,139973; 1249,daydreamcards,Xbox One,Cobra Kai: The Karate Kid Saga Continues,,,,,2020,Probable Match,Probable Match,,,item-specific Game Name or Edition conflict,no current deterministic rule covers pattern,title_plus_item_specifics_or_category,cd6e3a90-afb7-4da4-a0af-567fdd012e3c,3a082501-df95-4410-aefd-5d06d4ad1800,a114ad34-203a-4657-bea2-abd720f30481
102,80dfb897-212e-4e86-8c2d-77e6fb8f82d2,2026-07-28T18:30:04.36159+00:00,digital_item,,B07JMHZMX1,Minecraft – Xbox One [video game],,v1|366103936379|0,MINECRAFT + 3500 COINS For Microsoft Xbox One And Xbox Series X SEALED,Brand New,Video Games; Video Games & Consoles,139973; 1249,velith,Xbox One,Minecraft,,,,,,Probable Match,Probable Match,,,digital_item,no current deterministic rule covers pattern,title_plus_item_specifics_or_category,dd71d99f-8b8d-4b87-87de-f89dbba62146,87218b38-a376-4ead-ab62-51eff8f3c2bb,950b5016-e224-460c-9b53-d3d4b56c2e76
103,44e84008-3d69-404a-aeb1-f52e977b8354,2026-07-28T18:24:51.280836+00:00,missing_shrink_wrap,,B00I6E6SH6,Minecraft – Xbox One [video game],,v1|800277989485|0,"Minecraft Xbox One (2017) NTSC-U/C E10+ w/ Case, Inserts & Manual",Brand New,Video Games; Video Games & Consoles,139973; 1249,or658088,Xbox One,Minecraft,NTSC-U/C (US/Canada),,,Manual Included,2017,Probable Match,Probable Match,,,missing_shrink_wrap,evidence exists only in images,image_or_operator_visual_review,58ec8254-55e1-4f6d-8e05-c5211446bcb5,8756268b-588d-4b0c-988c-e31650950e2e,e9b91f14-876f-481d-8ccb-618b975b17d7
104,d712d5cb-a8d6-4068-8e20-573f50c4084b,2026-07-28T18:24:29.667766+00:00,asin_blocked,,B002BSA3EM,Nintendo Wii Fit Plus with Balance Board,,v1|188699759508|0,Nintendo Wii Fit Plus Game with Balance Board Open-Box Sealed Items CIB Complete,Brand New,Video Games; Video Games & Consoles,139973; 1249,yuri_the_seller,Wii,Wii Fit Plus,NTSC-U/C (US/Canada),,,,2009,Probable Match,Probable Match,,,asin_blocked,operator dismissal may be ambiguous or business/system,title_plus_item_specifics_or_category,5fcc5d34-d96f-492b-b552-f96aa540d50f,2259e6a3-6193-44b1-8f74-58e8b4b128ab,afa65e32-6b71-4ba2-be72-e49886b5efc8
105,74f3591a-cc54-4c3c-b115-fe4b88ca5dcb,2026-07-28T18:24:12.819393+00:00,wrong_edition_version,,B071X7QQKZ,Fire Emblem Warriors - Nintendo Switch [Nintendo Switch],,v1|137557738867|0,Fire Emblem Warriors: Three Hopes  Nintendo Switch  045496597924,Brand New,Video Games; Video Games & Consoles,139973; 1249,neal_knebel,Switch,Fire Emblem Warriors: Three Hopes  Nintendo Switch  045496597924,NTSC-U/C (US/Canada),,,Factory Sealed,2022,Probable Match,Probable Match,,,item-specific Game Name or Edition conflict,no current deterministic rule covers pattern,title_plus_item_specifics_or_category,b98eec64-3253-4332-95ed-b9ef61506b75,6ed70465-5eff-4525-bf61-111412b81ab0,7dd7fb06-6636-4335-8584-49501137d157
106,3f6e44c2-1c1d-4f0f-9b4d-3a9849d5af5c,2026-07-28T18:24:12.45509+00:00,wrong_edition_version,,B003O6E1JS,Mortal Kombat - Playstation 3,,v1|267740133023|0,"Mortal Kombat vs. DC Universe (Sony PlayStation 3, 2008)",Brand New,Video Games; Video Games & Consoles,139973; 1249,2manytoys2014,PS 3,Mortal Kombat vs. DC Universe,,,,,2008,Probable Match,Probable Match,,,item-specific Game Name or Edition conflict,no current deterministic rule covers pattern,title_plus_item_specifics_or_category,a8dab6a9-777f-4e7b-9aad-f52891c42520,68d789d7-cdeb-435c-aac1-e5436c01e917,799a7088-bc89-4545-ac86-418a56892a8a
107,b3ad8737-7131-4ddc-ab52-403fc942b33a,2026-07-28T18:24:12.085015+00:00,wrong_edition_version,,B004NRN5DU,Dark Souls - Xbox 360,,v1|267726903997|0,"Dark Souls II (Microsoft Xbox 360, 2014) BRAND NEW - SEALED VIDEO GAME",Brand New,Video Games; Video Games & Consoles,139973; 1249,mikel8386,Xbox 360,Dark Souls II,NTSC-U/C (US/Canada),,,,2014,Probable Match,Probable Match,,,item-specific Game Name or Edition conflict,no current deterministic rule covers pattern,title_plus_item_specifics_or_category,e5e3ecb1-9f08-41d2-bc23-7f5100a456ab,a3e896f6-56a8-4aa5-b727-e5b98fe96090,68ac6d14-3d37-476a-b8d5-fc5a3b9d50f1
108,706d4bae-92bc-4ddb-afec-40c0a0111f39,2026-07-28T18:24:11.673958+00:00,wrong_edition_version,,B003O6E986,Forza 4 [Xbox 360],,v1|188609359062|0,Forza Motorsport 4 Essentials Edition Xbox 360 New Sealed Kinect,Brand New,Video Games; Video Games & Consoles,139973; 1249,vaultzero,Xbox 360,"Forza Motorsport 4 -- Essentials Edition, Forza Motorsport 4",NTSC-U/C (US/Canada); United States,,,,2011,Probable Match,Probable Match,,,item-specific Game Name or Edition conflict,no current deterministic rule covers pattern,title_plus_item_specifics_or_category,91d58ecd-fb0f-4751-ae69-3293be9a33ac,a7c77a7c-63c0-4171-a0d3-6b1719a7b2d3,5da57849-5479-44bc-8c98-dd0ff5284868
109,21230005-613d-4962-af22-5489dad3749f,2026-07-28T18:24:11.201368+00:00,wrong_edition_version,,B003O6E986,Forza 4 [Xbox 360],,v1|188705120687|0,Forza Motorsport 4 Essentials Edition Microsof Xbox 360 - New Sealed,Brand New,Video Games; Video Games & Consoles,139973; 1249,binittowinit,Xbox 360,Forza Motorsport 4 Essentials,,,,,,Probable Match,Probable Match,,,item-specific Game Name or Edition conflict,no current deterministic rule covers pattern,title_plus_item_specifics_or_category,847d1861-4b0c-4999-9075-d8301bdb06e7,b065c8ee-fad5-4765-a47d-6c3eb62865ff,10e77085-a96e-4f17-91fe-3c9ece87cd90
110,8fa5db08-1c7d-4a4f-93cb-a7a43f7e3ba3,2026-07-28T18:24:10.659778+00:00,wrong_edition_version,,B00I6E6SH6,Minecraft – Xbox One [video game],,v1|336711600319|0,Minecraft Legends Xbox One &  Series X|S,Brand New,Video Games; Video Games & Consoles,139973; 1249,robc2100,Xbox One,Legends,Region Free; United States,,,"Online co-op, Online multiplayer, Xbox cross-platform multiplayer, Single player, Xbox Live Cross-Gen Multiplayer, Optimized for Xbox Series X|S",2023,Probable Match,Probable Match,,,item-specific Game Name or Edition conflict,no current deterministic rule covers pattern,title_plus_item_specifics_or_category,b6436ed8-1312-4312-91a1-c870f0c821d5,fb0666f6-3cae-4c99-985d-d4c564dcf5b2,0de371d7-ce62-412d-b06a-5aa0b2d10766
111,3d7f1358-d3ea-493a-bf9d-a477e4d04fb2,2026-07-28T18:23:04.269954+00:00,wrong_edition_version,,B0140Z6SZQ,The Jackbox Party Pack - PlayStation 4,,v1|257646476474|0,NEW The Jackbox Party Pack 7 Sony PlayStation PS4 Video Game Rated Teen,Brand New,Video Games; Video Games & Consoles,139973; 1249,suziesclozet,PS 4,The Jackbox Party Pack 7,Region Free; United States,,,See Photos,,Probable Match,Probable Match,,,console generation/version mismatch,no current deterministic rule covers pattern,title_plus_item_specifics_or_category,f1bf9e76-18cd-4588-8712-2f642eefb602,9d352d84-51df-4713-85b2-8c8fb3051157,b9a382c6-cd1e-4226-a8a5-7eea82f9ac0a
112,fcc47bdc-8792-4fb9-b6bf-5f92e3e84ffe,2026-07-28T18:22:56.268573+00:00,wrong_product,,B07SL6ZXBL,Animal Crossing: New Horizons - Nintendo Switch,,v1|125726348072|0,Nintendo Switch (Lite) Game Traveler Action Pack - Animal Crossing New Horizons ,Brand New,Video Games; Video Games & Consoles,139973; 1249,buttercupboutiquetx,Switch,Animal Crossing,Region Free; China,,,,2020,Probable Match,Probable Match,,,unclear/insufficient evidence,no current deterministic rule covers pattern,title_plus_item_specifics_or_category,5abb24fb-7049-4cfb-bb3d-f910a0f58a87,bbb1285e-487c-4e47-b080-e38d9aff2524,e27a9ec2-aca6-4d92-9ce6-599b338d36c1
113,7579108a-7850-4f7a-a800-1b7852a71d7d,2026-07-28T18:22:50.325753+00:00,packaging_damage,,B097B15RT8,Metroid Dread: Special Edition - Nintendo Switch [video game],,v1|117326151095|0,Nintendo Switch - Metroid Dread: Special Edition - Brand New,Brand New,Video Games; Video Games & Consoles,139973; 1249,no_sleep_til_bklynn,Switch,Metroid Dread,NTSC-U/C (US/Canada),,,Special Edition,2021,Probable Match,Probable Match,,,packaging_damage,evidence exists only in images,image_or_operator_visual_review,70c75a9f-82af-49c7-b48b-43816f788462,6eb322bb-41d5-472f-9224-05a56c6d38eb,3d75c89a-3f0c-4502-b06c-f514ff904d09
114,01abb567-52ce-4e57-ad84-f943c04bfa4d,2026-07-26T17:00:38.891656+00:00,wrong_edition_version,,B072QG6SWN,FIFA 18 Ronaldo Edition - Xbox One [video game],,v1|167873342486|0,"Brand new Sealed ""FIFA 18"" Microsoft Xbox One 2018 Soccer Video Game EA ",Brand New,Video Games; Video Games & Consoles,139973; 1249,ahbatima,Xbox One,"FIFA 18, Fifa 18: Ronaldo Edition",NTSC-U/C (US/Canada); United States,,,,2017,Probable Match,Probable Match,,,unclear/insufficient evidence,no current deterministic rule covers pattern,title_plus_item_specifics_or_category,6294c8b5-1ae4-496c-8d5a-d6a96672ba3e,cc2ba626-d4b3-4182-9808-05c38eb08583,0564b744-1082-476f-8d5a-e65484e5b58d
115,f6d17854-df03-4950-a183-61abafff1fdb,2026-07-26T16:53:33.935822+00:00,wrong_edition_version,,B071X7QQKZ,Fire Emblem Warriors - Nintendo Switch [Nintendo Switch],,v1|168353270487|0,Fire Emblem Warriors: Three Hopes Nintendo Switch NEW/SEALED! 1st First Print,Brand New,Video Games; Video Games & Consoles,139973; 1249,soniseco,Switch,Fire Emblem Warriors: Three Hopes,NTSC-U/C (US/Canada); Japan,,,,,Probable Match,Probable Match,,,item-specific Game Name or Edition conflict,no current deterministic rule covers pattern,title_plus_item_specifics_or_category,09e8f187-1c4a-48fe-9015-4103e604ffa5,b9e04741-a692-4018-ae5e-f90c338e1f8a,e3e7d760-9ff5-464e-9297-10b61352f477
116,3adb9e33-a634-4bfd-ae83-e751fe1a48c5,2026-07-26T16:53:33.598938+00:00,wrong_edition_version,,B001MBUGLY,EA Sports Active,,v1|285405919361|0,Nintendo Wii EA Sports Active NFL Training Camp Game,Brand New,Video Games; Video Games & Consoles,139973; 1249,sell.buy.computer,Wii,,,,,,,Probable Match,Probable Match,,,unclear/insufficient evidence,no current deterministic rule covers pattern,title_plus_item_specifics_or_category,dace8316-11d5-48d5-b30d-33e2a3272bcd,6981ab8a-f96e-4374-a22d-7da3e6e56317,1db7e87f-b9a9-4c56-b1e8-b974861ad64e
117,62e49efc-95a8-447d-8662-eae6f9b6b784,2026-07-26T16:53:33.179684+00:00,wrong_edition_version,,B07JMHZMX1,Minecraft – Xbox One [video game],,v1|188513315661|0,Minecraft Dungeons *HERO EDITION* (XBOX One / Series X) New,Brand New,Video Games; Video Games & Consoles,139973; 1249,game.fanatic,"Xbox Series X, Xbox One",,,,,,,Probable Match,Probable Match,,,unclear/insufficient evidence,no current deterministic rule covers pattern,title_plus_item_specifics_or_category,53fbf6a5-53de-4775-aa2f-14a3f90067c9,4e66e329-3650-4be4-bfd6-174a1e6b0474,21ba2d24-7517-46a2-a6ae-d479e96e0bb9
118,83987d59-dd1a-4a22-8804-34f3ea3307bd,2026-07-26T16:30:51.54496+00:00,missing_shrink_wrap,,B08DB8ZM74,Human: Fall Flat Anniversary Edition - Nintendo Switch [video game],,v1|406885857844|0,"Human: Fall Flat Anniversary Edition Nintendo Switch Multiplayer, E",Brand New,Video Games; Video Games & Consoles,139973; 1249,rsells11_4,Switch,Human: Fall Flat Anniversary Edition,NTSC-U/C (US/Canada),,,"Anniversary Edition, Online Play, Multiplayer, Co-op",,Probable Match,Probable Match,,,missing_shrink_wrap,evidence exists only in images,image_or_operator_visual_review,a4daecd2-302a-49bc-93f2-eaba703e34a2,c9797ad2-1265-43b0-989f-944457bf7d7b,4e6a003e-07e0-431a-90db-625391d5b9af
119,4a42a893-95d5-4d3c-8af8-a6d75c422cb3,2026-07-26T16:30:41.755328+00:00,asin_blocked,,B00GHIPFDG,MLB 14 The Show - PlayStation Vita,,v1|327274126491|0,"MLB 14  The Show (PlayStation Vita, PSVita) - NEW SEALED Canadian Cover",Brand New,Video Games; Video Games & Consoles,139973; 1249,gmr602,PS Vita,MLB 14: The Show,,,,,,Probable Match,Blocked,non-US item location,,asin_blocked,operator dismissal may be ambiguous or business/system,title_plus_item_specifics_or_category,1bdddf47-0d28-491d-a879-a600b17bf0da,d0a1fd54-97cb-432f-9f6e-bb15ff2a5620,f7bef297-0fb3-473a-9351-d11d66196078
120,074c8b8d-1897-4bcc-9c3c-f3c7f8569e32,2026-07-26T16:02:02.752268+00:00,asin_blocked,,B09GTQ8J7F,The Smurfs: Mission Vileaf (PS5) - PlayStation 5 [video game],,v1|318264139445|0,Microids The Smurfs: Mission Vileaf PS5 E (Everyone) NTSC-U/C,Brand New,Video Games; Video Games & Consoles,139973; 1249,ricrigne0,PS 5,,,,,,,Probable Match,Probable Match,,,asin_blocked,operator dismissal may be ambiguous or business/system,title_plus_item_specifics_or_category,c15b6526-2437-4258-8329-ec6ef3beb9be,ff2de3b7-69d3-4779-a626-e421d689f1b1,7456dbae-3ae1-48d7-8f3e-ef94e34dd36f
121,aeded0e0-a895-49f4-9de7-18a45a1c74cc,2026-07-26T16:02:02.179628+00:00,asin_blocked,,B09GTQ8J7F,The Smurfs: Mission Vileaf (PS5) - PlayStation 5 [video game],,v1|227442961821|0,The Smurfs Mission Vileaf PlayStation 5 PS5 New Sealed,Brand New,Video Games; Video Games & Consoles,139973; 1249,videogame-collectibles,PS 5,The Smurfs Mission Vileaf,NTSC-U/C (US/Canada); United States,,,,,Probable Match,Probable Match,,,asin_blocked,operator dismissal may be ambiguous or business/system,title_plus_item_specifics_or_category,412b3a6d-f1e8-45dc-b90d-c179a76c5ded,13669278-84ed-44d1-a219-51468bf39c1b,75185d9f-e722-4525-a2d2-960721607f43
122,4af6cb7e-1c97-4461-8eed-e5da3d751887,2026-07-26T15:57:59.479776+00:00,wrong_edition_version,,B003O6E986,Forza 4 [Xbox 360],,v1|236452482473|0,Forza Motorsport 4 XBOX 360 Video Game 2011 NEW SEALED,Brand New,Video Games; Video Games & Consoles,139973; 1249,jacqoo218,Xbox 360,Forza Motorsport 4,NTSC-U/C (US/Canada),,,,2011,Probable Match,Probable Match,,,item-specific Game Name or Edition conflict,no current deterministic rule covers pattern,title_plus_item_specifics_or_category,89e95328-8509-4b09-9ce8-e624e82222f4,084042d7-a7ca-4d01-9ac1-763227eaf97e,65bcc3b0-c72d-4d8f-8edd-a6bab0e9ae83
123,9d9def31-e0ed-4c88-bc29-90a48679f286,2026-07-26T15:57:52.980344+00:00,wrong_edition_version,,B07JMHZMX1,Minecraft – Xbox One [video game],,v1|327273856622|0,Minecraft Dungeons Hero Edition (Xbox One Series X) 4K BRAND NEW Sealed,Brand New,Video Games; Video Games & Consoles,139973; 1249,that80s_toydude,Xbox One,Minecraft Dungeons,United States,,,,,Probable Match,Probable Match,,,item-specific Game Name or Edition conflict,no current deterministic rule covers pattern,title_plus_item_specifics_or_category,326f9da1-0d33-4048-8814-c9e0caec905b,7dc51a28-1fb9-424d-a5ab-92e4dc69ca51,a2d4dcb0-850a-4df3-b00b-edc9511f4dc5
124,d67da9b8-4123-43ac-907b-a60c81fc1ebc,2026-07-26T15:56:58.270283+00:00,missing_shrink_wrap,,B01F9HMO9I,Battlefield 1 Early Enlister Deluxe Edition - PlayStation 4,,v1|406697790076|0,"Battlefield 1: Early Enlister Deluxe Edition (SONY PlayStation 4, 2016)",Brand New,Video Games; Video Games & Consoles,139973; 1249,mikerink-1,PS 4,"Battlefield 1: Early Enlister Deluxe Edition, Battlefield 1",NTSC-U/C (US/Canada); United States,,,Multiplayer,2016,Probable Match,Probable Match,,,missing_shrink_wrap,evidence exists only in images,image_or_operator_visual_review,ce6d4392-5fc8-466b-b39b-4a50d3a893f4,25093f3d-d29f-4638-ab2c-908c9dc4ee89,b42832f2-fc41-41e7-b53d-30a22abc5542
125,f806f304-d47d-4c7b-bb7a-63cacc7679a0,2026-07-26T15:56:47.610163+00:00,packaging_damage,,B001N791HC,Guitar Hero II/Guitar Hero Aerosmith Dual Pack,,v1|158113006274|0,Guitar Hero II/Aerosmith Dual Pack (Xbox 360) CIB Complete New Sealed *Read*,Brand New,Video Games; Video Games & Consoles,139973; 1249,brri-3252,Xbox 360,Guitar Hero II/Guitar Hero: Aerosmith Dual Pack,NTSC-U/C (US/Canada); USA,,,Manual Included,2008,Probable Match,Probable Match,,,packaging_damage,evidence exists only in images,image_or_operator_visual_review,2aaf83fe-3264-4f6d-9a55-ab68aeda5024,e4c3838b-da36-4694-b3c6-07636569ad47,07d8498c-9b10-4bf6-afcc-684ba45127ef
126,6bd42978-57ba-41cd-afa1-e87d0a9c54d1,2026-07-26T15:56:32.660872+00:00,missing_shrink_wrap,,B000FQBPCQ,The Legend of Zelda: Twilight Princess [video game],,v1|167820939291|0,ZELDA TWILIGHT PRINCESS - Nintendo Wii PRE-OWNED,Brand New,Video Games; Video Games & Consoles,139973; 1249,newmobilegamestore-172,Wii,The Legend of Zelda: Twilight Princess,,,,,,Probable Match,Probable Match,,,missing_shrink_wrap,evidence exists only in images,image_or_operator_visual_review,c3bf84be-c449-4ceb-8713-a7a7ecd5dbb3,e4db491d-4b0e-4777-b2e2-f13f7d12911e,c4e11d5a-b446-4566-9892-6b12eaad7a0f
127,aa48438d-9323-4455-b47e-bd832f86eb0c,2026-07-26T15:56:25.273936+00:00,missing_shrink_wrap,,B000FQBPCQ,The Legend of Zelda: Twilight Princess [video game],,v1|178019218487|0,The Legend of Zelda Twilight Princess Nintendo Wii 2006 1st Print,Brand New,Video Games; Video Games & Consoles,139973; 1249,dj_1919,Wii,The Legend of Zelda: Twilight Princess,NTSC-U/C (US/Canada); United States,,,"Complete Edition, Brand New Factory Sealed",2006,Probable Match,Probable Match,,,missing_shrink_wrap,evidence exists only in images,image_or_operator_visual_review,a035be83-3aa0-4ecc-bfa1-1df09233ff5f,89383037-2627-45b8-9da7-62a5609fd554,1c70eefc-3824-46dc-ae3d-debc2e9f64a9
128,534293cb-ddb9-4f43-acad-048905f3f29b,2026-07-26T15:56:13.033721+00:00,asin_blocked,,B0088X6IL6,Just Dance: Disney Party (Xbox 360),,v1|406958469005|0,"Just Dance: Disney Party (Microsoft Xbox 360, 2012) - New & Sealed",Brand New,Video Games; Video Games & Consoles,139973; 1249,consolesandcoffeeclt,Xbox 360,Just Dance: Disney Party,NTSC-U/C (US/Canada); United States,,,,2012,Probable Match,Probable Match,,,asin_blocked,operator dismissal may be ambiguous or business/system,title_plus_item_specifics_or_category,4b786d19-2547-4eb0-a050-93c7afa595e8,62f49ed4-97c8-4033-b295-c968d39f1bb9,83d89339-6b17-48e0-a747-a0603dc55976
129,45c527ce-8cdb-4119-905c-34e4ca239901,2026-07-26T15:56:12.602153+00:00,asin_blocked,,B0088X6IL6,Just Dance: Disney Party (Xbox 360),,v1|158016228162|0,Just Dance Disney Party Xbox 360 Kinect Game New Sealed Ubisoft 2012,Brand New,Video Games; Video Games & Consoles,139973; 1249,the_artofthefind,Xbox 360,Just Dance Disney Party,NTSC-U/C (US/Canada); United States,,,"Kinect Compatible, Multiplayer",2012,Probable Match,Probable Match,,,asin_blocked,operator dismissal may be ambiguous or business/system,title_plus_item_specifics_or_category,ff443342-f47e-43c9-9a48-1649c7036b26,1fb70734-1074-4b36-8b2f-65819ffa68eb,ec6db787-c273-4d78-b2ca-03b5c61313c6
130,4044ee70-f50d-4716-a250-9f14198d07d1,2026-07-26T15:53:54.743606+00:00,wrong_edition_version,,B003RS8I92,Rock Band 3 [video game],,v1|127991571307|0,PS3 Green Day Rock Band Video Game Playstation 3 ,Brand New,Video Games; Video Games & Consoles,139973; 1249,toyz4all,PS 3,Green Day: Rock Band,NTSC-U/C (US/Canada); United States,,,Manual Included,2010,Probable Match,Probable Match,,,item-specific Game Name or Edition conflict,no current deterministic rule covers pattern,title_plus_item_specifics_or_category,9ad4b716-92b4-4722-8d87-ceee59d44fde,637b3333-de08-451f-b7f2-bab4250c4d17,1f58f330-19cb-43c2-b32a-cb7906c1e636
131,71566825-dd75-4f23-bf12-cc947522c2c7,2026-07-26T15:52:42.5058+00:00,wrong_edition_version,,B0009S4UOA,Call of Duty 2 - Xbox 360,,v1|298033244987|0,Call of Duty: Ghosts Xbox 360 2013 Working Tested 2 Disks No Scratches,Brand New,Video Games; Video Games & Consoles,139973; 1249,cloverscreationscrazy,Xbox 360,Call of Duty: Ghosts,Region Free,,,Manual Included,2013,Probable Match,Probable Match,,,item-specific Game Name or Edition conflict,no current deterministic rule covers pattern,title_plus_item_specifics_or_category,ece6e3fd-c569-4ab1-86b3-a93f6fced620,44645563-9f18-4689-a014-7ee5e5b478b8,60db9fe9-fcd9-4bb7-82ae-6226a289dbf8
132,fbe5f2e9-b52c-49eb-a879-8e903167d3ae,2026-07-26T15:52:42.05681+00:00,wrong_edition_version,,B0009S4UOA,Call of Duty 2 - Xbox 360,,v1|117311764973|0,Call of Duty: Black Ops 2 (Xbox 360) BRAND NEW / SEALED!,Brand New,Video Games; Video Games & Consoles,139973; 1249,reeser80,Xbox 360,Call of Duty: Black Ops 2,NTSC-U/C (US/Canada),,,Multiplayer,2012,Probable Match,Probable Match,,,item-specific Game Name or Edition conflict,no current deterministic rule covers pattern,title_plus_item_specifics_or_category,da4f6b7b-2cb2-4fcf-b506-e89e032297a3,979b93c7-fc07-4d17-a166-c244865ea1e9,27f19bb7-6043-46e5-9e8f-e907cbffc2b0
133,4408da9d-949f-4898-99a8-61360a149f74,2026-07-26T15:52:41.678368+00:00,wrong_edition_version,,B0009S4UOA,Call of Duty 2 - Xbox 360,,v1|188669491427|0,Call of Duty: Modern Warfare 2 - Microsoft Xbox 360,Brand New,Video Games; Video Games & Consoles,139973; 1249,tonya766475,Xbox 360,Call of Duty: Modern Warfare 2,,,,,,Probable Match,Probable Match,,,item-specific Game Name or Edition conflict,no current deterministic rule covers pattern,title_plus_item_specifics_or_category,2e7e5f2a-fd25-49a2-82d7-a1173b635041,8ee5dd5a-aa49-4a12-9346-a050d00b9eba,c3cd6d1f-b490-4e8b-9f48-ba8c858b3955
134,d2cefdcd-7ae6-4510-812d-9cee9fc71438,2026-07-26T15:45:36.446327+00:00,wrong_edition_version,,B071X7QQKZ,Fire Emblem Warriors - Nintendo Switch [Nintendo Switch],,v1|257633788756|0,Fire Emblem Warriors: Three Hopes - Nintendo Switch SEALED Koei Tecmo,Brand New,Video Games; Video Games & Consoles,139973; 1249,margduke,Switch,Fire Emblem,NTSC-U/C (US/Canada),,,,2023,Probable Match,Probable Match,,,unclear/insufficient evidence,no current deterministic rule covers pattern,title_plus_item_specifics_or_category,372ca6d4-f00a-44cb-a86d-2164ab896df7,bd4f7754-ce1d-4be8-873c-5d61d710847d,8f712698-8e81-467e-a35a-015118c8154d
135,e9847c9b-1604-40ec-b473-996cd1448983,2026-07-26T15:45:29.298362+00:00,wrong_edition_version,,B003QP725W,Sesame Street: Elmo's A-to-Zoo Adventure - Nintendo Wii,,v1|157944736751|0,Nintendo Wii Sesame Street Elmo's A To Zoo Adventure,Brand New,Video Games; Video Games & Consoles,139973; 1249,rewindtoys13,Wii,Sesame Street: Elmo's A-to-Zoo Adventure,,,,,,Probable Match,Probable Match,,,unclear/insufficient evidence,no current deterministic rule covers pattern,title_plus_item_specifics_or_category,bd8d99c9-bba0-47a3-903a-dd0646cdf218,f69fe3fc-f880-4ca4-a7a1-e1c87fbe24e2,f56d68f2-b4dc-4d15-bd45-3761933143f0
136,8a1a7e47-72d6-474c-811b-9681e2b894c1,2026-07-26T15:44:15.195537+00:00,incomplete_product,,B001MBUGLY,EA Sports Active,,v1|186983477001|0,"EA Sports Active: Personal Trainer (Nintendo Wii, 2004) New Sealed. Game Only",Brand New,Video Games; Video Games & Consoles,139973; 1249,beyondtetra,Wii,EA Sports Active: Personal Trainer,NTSC-U/C (US/Canada),,,,2004,Probable Match,Probable Match,,,incomplete_product,no current deterministic rule covers pattern,title_plus_item_specifics_or_category,5a15a735-2915-4994-8e9d-a67fe17d7dcf,f9ae1086-7fa2-4611-a957-40caa10e68c1,71f05f07-395c-483f-a14e-60ecf61f967f
137,842025bf-9aea-4fd7-9381-0929900c99a1,2026-07-26T15:44:10.509818+00:00,incomplete_product,,B001MBUGLY,EA Sports Active,,v1|265860515166|0,"EA Sports Active (Nintendo Wii, 2009) Game Only - Factory Sealed",Brand New,Video Games; Video Games & Consoles,139973; 1249,wholesale_gaming_store,Wii,EA Sports Active,,,,,2009,Probable Match,Probable Match,,,incomplete_product,no current deterministic rule covers pattern,title_plus_item_specifics_or_category,1f2d4675-1318-473b-8aca-ff5f66555e55,b561c558-ab0c-40cf-8c6d-7d98cd8d200c,e7184c81-2708-43e3-99ef-880f19830ec1
138,2b885d0c-4210-4aba-b6d9-9f4bd469114c,2026-07-26T15:44:01.085984+00:00,non_north_american_version,,B00DC7G0GG,Super Mario 3D World,,v1|800384216902|0,Sealed Super Mario 3D World Wii U - MSE Region (English Playable) - NTSC-U,Brand New,Video Games; Video Games & Consoles,139973; 1249,visavia,Wii U,Super Mario 3D World,,,,,,Probable Match,Probable Match,,,non_north_american_version,no current deterministic rule covers pattern,title_plus_item_specifics_or_category,c11484f4-470d-4d8c-818e-62e7663c06fb,bb53b5b5-8c4b-4014-93c2-d5af5ff1a8e9,0abd3f69-dad8-4b01-9528-70ab9498cd5c
139,d28ac627-7485-4975-a4ac-9abc9b08eefb,2026-07-26T15:43:44.752473+00:00,missing_shrink_wrap,,B00DC7G0GG,Super Mario 3D World,,v1|257556325797|0,"Super Mario 3D World (Nintendo Wii U, 2013) w/ Red Case Complete CIB Tested",Brand New,Video Games; Video Games & Consoles,139973; 1249,chinohillscollectibles,Wii U,Super Mario 3D World,NTSC-U/C (US/Canada); Japan,,,Manual Included,2013,Probable Match,Probable Match,,,missing_shrink_wrap,evidence exists only in images,image_or_operator_visual_review,0bb9dfbd-1b27-4f5c-8b66-c2aed3abb7a7,12ccbf35-c517-4220-9294-6bba00a325a2,84b59d9f-eb7a-410f-a2d7-ea720516b91a
140,30e67530-b7f1-40ae-b85c-14b6b1cf5d5e,2026-07-26T15:43:33.966948+00:00,missing_shrink_wrap,,B00DC7G0GG,Super Mario 3D World,,v1|318154041323|0,Super Mario 3D World - Nintendo Selects Edition - Nintendo Wii U,Brand New,Video Games; Video Games & Consoles,139973; 1249,braka18,Wii U,Super Mario 3d World-Nintendo Selects Edition,,,,,,Probable Match,Probable Match,,,missing_shrink_wrap,evidence exists only in images,image_or_operator_visual_review,13d4835d-2780-4a55-9f8a-22bd685d8708,6b7b0019-7a1b-4a1a-b287-9fad53e7ebc6,dee29b67-0f64-4fbc-9066-45e2d5e16c33
141,879aa805-252a-4feb-a531-a32abcf307af,2026-07-26T15:43:23.564109+00:00,missing_shrink_wrap,,B003LDKJJ0,Little League World Series 2010 - Playstation 3,,v1|168433348843|0,Little League World Series 2010 - Playstation 3,Brand New,Video Games; Video Games & Consoles,139973; 1249,korting_outlet,PS 3,Little League World Series 2010 - Playstation 3,,,,,,Probable Match,Probable Match,,,missing_shrink_wrap,evidence exists only in images,image_or_operator_visual_review,825d32d4-c6b3-44f8-a4cc-ae02b6050a40,60c78379-cb08-44e4-92c2-4600ae3c5e9c,b2b7a157-c6c8-4ad7-96ab-88d31db42ef6
142,6b4295fc-bc3f-41b9-b053-47d7641a73b3,2026-07-26T15:37:54.279533+00:00,asin_blocked,,B09RTX4Q5P,MLB The Show 22 for Xbox One [video game],,v1|407095892467|0,PlayStation Studios MLB The Show 22 for Xbox One (2022),Brand New,Video Games; Video Games & Consoles,139973; 1249,unturned,Xbox Series X,MLB the Show 2022,,,,,,Probable Match,Probable Match,,,asin_blocked,operator dismissal may be ambiguous or business/system,title_plus_item_specifics_or_category,eb2dea8c-fd43-412a-b5dd-2789791f86a7,6198a38b-96d2-4add-86bf-fc3684ad2e94,df95aa4f-e417-4d2d-9f80-5e5b65e8eb64
143,9e05f957-c87f-400f-bd47-fe08356ac8d0,2026-07-26T01:21:59.869022+00:00,wrong_product,,B07DQ43VFQ,NBA 2K19 - Nintendo Switch [Nintendo Switch],,v1|377367442741|0,NBA 2K26 (2026) 2K Sports Basketball Scripts - PC/PS4/PS5/Xbox/Switch,Brand New,Video Games; Video Games & Consoles,139973; 1249,zastrat_0,Switch,NBA 2K26,,,,"Online Playability, Multiplayer",2026,Probable Match,Probable Match,,,eBay item-specific Game Name conflict,no current deterministic rule covers pattern,title_plus_item_specifics_or_category,516cc3cf-5753-435b-bd41-6ec828b2c01f,b85646f1-0ee4-4496-a98f-706b46efd084,c0f1d352-68c6-4b07-94f4-f37bdb6ec8f5
144,107e0f59-f224-448e-9185-69d7f745bca0,2026-07-26T01:21:48.745748+00:00,wrong_edition_version,,B00I6E6SH6,Minecraft – Xbox One [video game],,v1|327273856622|0,Minecraft Dungeons Hero Edition (Xbox One Series X) 4K BRAND NEW Sealed,Brand New,Video Games; Video Games & Consoles,139973; 1249,that80s_toydude,Xbox One,Minecraft Dungeons,United States,,,,,Probable Match,Probable Match,,,item-specific Game Name or Edition conflict,no current deterministic rule covers pattern,title_plus_item_specifics_or_category,e2aea824-78ff-4b73-9c83-94578e097e78,7dc51a28-1fb9-424d-a5ab-92e4dc69ca51,d1a794bc-3336-4272-b18f-8a4ec1e9e53b
145,a6465a1f-e421-40d7-a85a-87b29605ab95,2026-07-26T01:21:48.385406+00:00,wrong_edition_version,,B00I6E6SH6,Minecraft – Xbox One [video game],,v1|366103936379|0,MINECRAFT + 3500 COINS For Microsoft Xbox One And Xbox Series X SEALED,Brand New,Video Games; Video Games & Consoles,139973; 1249,velith,Xbox One,Minecraft,,,,,,Probable Match,Probable Match,,,bundled content difference,no current deterministic rule covers pattern,title_plus_item_specifics_or_category,574c5cc0-2494-404d-b216-11d7907d2ce1,87218b38-a376-4ead-ab62-51eff8f3c2bb,aabd2a11-0b3f-4f04-9328-889b7a0c6952
146,78cb4654-85b9-4d03-8f31-048a6df39a61,2026-07-26T01:21:33.438063+00:00,asin_blocked,,B009E480RS,Dance Central 3 - Xbox 360,,v1|236825848185|0,Dance Central 3 Xbox 360 Kinect 2012 New Sealed Harmonix Microsoft,Brand New,Video Games; Video Games & Consoles,139973; 1249,narnia77777,Xbox 360,Dance Central 3,NTSC-U/C (US/Canada),,,Kinect Compatible,2012,Probable Match,Probable Match,,,asin_blocked,operator dismissal may be ambiguous or business/system,title_plus_item_specifics_or_category,ee42d587-43b6-4fe2-9847-d5ae04601ebf,234b0967-6726-460a-970b-57705839c081,d7a4009a-41c7-4d0b-92a2-981d7b6ddaa8
147,dc8c6eb9-e114-402e-878d-5b7acc2059b0,2026-07-26T01:21:32.915502+00:00,asin_blocked,,B009E480RS,Dance Central 3 - Xbox 360,,v1|178159639740|0,Dance Central 3 Xbox 360 Kinect Game 2012 Harmonix Brand New Sealed,Brand New,Video Games; Video Games & Consoles,139973; 1249,brcut_71,Xbox 360,Dance Central 3,NTSC-U/C (US/CA); United States,,,Manual Included,2012,Probable Match,Probable Match,,,asin_blocked,operator dismissal may be ambiguous or business/system,title_plus_item_specifics_or_category,9d834152-d13d-444e-8567-64a390cbf7f9,8051f915-c490-4cb5-a278-b495db1998e0,7cd3cb82-51f1-47c3-a801-4c869384d300
148,3a3b7a08-24aa-4a09-b402-7555c3111cfc,2026-07-26T01:16:49.928612+00:00,incomplete_product,,B002I0JFCO,EA Sports Active 2 - Xbox 360 [video game],,v1|196315458653|0,"EA Sports Active 2 (Microsoft Xbox 360, 2010) Complete FACTORY SEALED!",Brand New,Video Games; Video Games & Consoles,139973; 1249,livrevendeur,Xbox 360,"EA Sports Active 2, EA Sports Active 2: Personal Trainer",NTSC-U/C (US/Canada),,,Manual Included,2010,Probable Match,Probable Match,,,incomplete_product,no current deterministic rule covers pattern,title_plus_item_specifics_or_category,af7ddfbf-fe29-4de4-b1f0-8b61450f3530,d1bc09bf-2db4-475d-b70e-d892f4e5892e,9fd888fb-31cf-4b0a-bcac-95c5ea457b90
149,079044bb-d0c4-499a-9994-221d33e3279e,2026-07-26T01:16:49.414403+00:00,incomplete_product,,B002I0JFCO,EA Sports Active 2 - Xbox 360 [video game],,v1|188117150111|0,"EA SPORTS ACTIVE 2 PERSONAL TRAINER (XBOX 360,  2010) BRAND NEW & SEALED",Brand New,Video Games; Video Games & Consoles,139973; 1249,gameprospector13,Xbox 360,EA Sports Active 2: Personal Trainer,NTSC-U/C (US/Canada); United States,,,,2010,Probable Match,Blocked,non-US item location,,incomplete_product,current rule should already block,title_plus_item_specifics_or_category,1045956f-a08a-4a85-8092-e8dd3af92790,f446662f-d0f0-498a-9852-2e7214912465,307ea0bb-d79e-4992-a3e0-e9722a3719c2
150,ce9181ab-e0b7-4bba-96a1-89b365e9c1ef,2026-07-26T01:13:24.249116+00:00,wrong_product,,B004WLRR4K,Wii Sports (Nintendo Selects),,v1|168553895186|0,Mario Power Tennis Nintendo Selects Nintendo Wii New Sealed,Brand New,Video Games; Video Games & Consoles,139973; 1249,geek_out_n_go,Wii,Mario Power Tennis [Nintendo Selects],Japan,,,,2012,Probable Match,Probable Match,,,eBay item-specific Game Name conflict,no current deterministic rule covers pattern,title_plus_item_specifics_or_category,7b7c37c5-4056-45d7-9a9a-7d3eae05de8a,fa528deb-a6fd-4968-836a-104c17c55ec4,c59c1cc4-d950-4656-91c4-7bf4cf9d92fa
151,c7756b3c-508a-47cd-87fe-2dc60e87f5d1,2026-07-26T01:12:24.730599+00:00,roi_too_low,,B00B67ZTUW,Tales of Xillia - Playstation 3,,v1|287479733113|0,Tales of Xillia PS3 * Cover in Spanish and Portuguese * Brand New *,Brand New,Video Games; Video Games & Consoles,139973; 1249,bilu1974,PS 3,Tales of Xillia,Region Free,,,,2013,Probable Match,Probable Match,,,roi_too_low,operator dismissal may be ambiguous or business/system,title_plus_item_specifics_or_category,e6e3cfe3-4b73-4824-9fa2-42822f5c3b3c,cfacb34e-2834-4b4b-a7c7-9ec9092b0087,6e4718b0-e17b-47f8-a4ff-af2719443bfe
152,aee315e6-9583-4217-921e-d08f6191042f,2026-07-26T01:09:13.941082+00:00,non_north_american_version,,B07DF43L23,Starlink Battle for Atlas - Nintendo Switch Starter Edition [video game],,v1|295849622495|0,NEW Starlink Battle for Atlas Switch Starter Edition Pack Includes Control Mount,Brand New,Video Games; Video Games & Consoles,139973; 1249,cool_cards_collectibles,Switch,Starlink: Battle for Atlas,China,,,Manual Included,2018,Probable Match,Probable Match,,,non_north_american_version,no current deterministic rule covers pattern,title_plus_item_specifics_or_category,23b63b9e-19a3-4174-bc35-79cfe6d56645,9a0d3176-6c5c-450d-bebc-6b4e688cb5e2,b39d7448-d738-4bb2-9900-0ec636a1f085
153,c9af7332-f326-4109-9dd1-8a5796e67118,2026-07-26T01:08:27.610013+00:00,missing_shrink_wrap,,B07BY4CHNY,Spyro Trilogy Reignited (Xbox One) [video game],,v1|407084416634|0,Spyro Reignited Trilogy - Microsoft Xbox One,Brand New,Video Games; Video Games & Consoles,139973; 1249,monster_supplements,Xbox One,Spyro Reignited Trilogy,,,,,,Probable Match,Probable Match,,,missing_shrink_wrap,evidence exists only in images,image_or_operator_visual_review,00e69363-bce0-441d-aece-20c44ddf3517,db71d1d7-0e86-4e48-9227-4b01ffbe2a5c,74ed7759-8df4-4688-9740-c8d662a68212
154,ac575589-c161-4456-9ae4-ee8307d7a6d9,2026-07-24T04:13:01.718467+00:00,wrong_edition_version,,B0753LSHP9,"Destiny 2 Limited Edition [Playstation 4, PS4]",,v1|287477156832|0,"PlayStation 4/3 New Sealed Game Bundle Destiny 2, Bulletstorm Limited Edition",Brand New,Video Games; Video Games & Consoles,139973; 1249,imca49,PS 4,Destiny 2,NTSC-U/C (US/Canada),,,Multiplayer,,Probable Match,Probable Match,,,base game vs limited edition,no current deterministic rule covers pattern,title_plus_item_specifics_or_category,f4ba1a60-cb33-4d3c-b082-7cdf057e3717,1e249cf2-4c4f-4c13-a316-7fad4e3e08d4,f178d2bc-47ff-4509-98f1-da5979beeefe
155,5aea16c6-8c0f-4b6e-8404-76d9957d1fb7,2026-07-23T01:54:14.455474+00:00,asin_blocked,,B00AY1CT3G,Madden NFL 25 - Playstation 3,,v1|298504300212|0,Madden NFL 25 - PlayStation 3 - STILL SEALED!,Brand New,Video Games; Video Games & Consoles,139973; 1249,arejsco,PS 3,Madden NFL 25,United States,,,,,Probable Match,Probable Match,,,asin_blocked,operator dismissal may be ambiguous or business/system,title_plus_item_specifics_or_category,9eebf93d-6307-4e3f-b3c8-4871641fcdeb,08577f34-ce09-4b91-bfa4-3819ead3e4d3,969d716f-088f-4be2-9c6e-ac67915112f8
156,f2ae83c6-031a-4b5b-bcb3-ea5aeb7d0260,2026-07-23T01:53:19.285212+00:00,missing_shrink_wrap,,B00KPY1GJA,FIFA 15 - PlayStation 4 [video game],,v1|206426856592|0,EA Sports FIFA 15 Soccer (Sony PlayStation 4 ) PS4 Complete,Brand New,Video Games; Video Games & Consoles,139973; 1249,compusallc,PS 4,FIFA 15,NTSC-U/C (US/Canada); United States,,,Multiplayer,2014,Probable Match,Probable Match,,,missing_shrink_wrap,evidence exists only in images,image_or_operator_visual_review,987dd340-8269-4866-b2e7-f56a46fbc13c,2e437daf-78c7-4698-8625-8f1b4c06ec5b,c9d167be-4663-4825-b97e-4fc7c3ba23ca
157,a9cc7ac2-74d4-458d-a8c4-62c625bfec83,2026-07-23T01:53:02.410448+00:00,other,,B099TPXB8D,The Cruel King and the Great Hero: Storybook Edition - Nintendo Switch,,v1|267533828702|0,The Cruel King and the Great Hero: Storybook Edition Nintendo Switch Brand New,Brand New,Video Games; Video Games & Consoles,139973; 1249,nextrounddreamer,Switch,H.E.R.O.,NTSC-U/C (US/Canada),,,,2022,Probable Match,Probable Match,,,other,operator dismissal may be ambiguous or business/system,title_plus_item_specifics_or_category,0b2bfc16-f296-4a28-8048-725fb46c8d3a,69d294ee-f1b8-41f8-a935-30290e000151,b27b1eae-9b72-4508-b62e-be8ed65bffd7
158,80696b5a-d587-4c5d-a879-4be5e1957390,2026-07-23T01:52:34.530096+00:00,asin_blocked,,B07WLT1C27,Marvel's Spider-Man: Game of The Year Edition - PlayStation 4,,v1|178332209467|0,NEW Marvel's Spider-Man: Game of The Year Edition - Sony PlayStation 4,Brand New,Video Games; Video Games & Consoles,139973; 1249,captai-441,PS 4,Marvel's Spider-Man: Game of the Year Edition,,,,Game Of The Year Edition,,Probable Match,Probable Match,,,asin_blocked,operator dismissal may be ambiguous or business/system,title_plus_item_specifics_or_category,4c2a43f4-2915-4ccb-91d2-a42abaa0aa30,0f089901-4f64-4864-8729-736142c7e4bb,8d64298f-9421-4aae-82f6-149a86f3169a
159,8095aa8a-c006-49c6-bb26-55255a7c30f7,2026-07-23T01:52:33.835373+00:00,asin_blocked,,B07WLT1C27,Marvel's Spider-Man: Game of The Year Edition - PlayStation 4,,v1|398197198255|0,NEW Marvel's Spider-Man Game of the Year Edition PS4 Action & Adventure T-Teen,Brand New,Video Games; Video Games & Consoles,139973; 1249,izab_8232,PS 4,Marvel's Spider-Man: Game of the Year Edition,,,,Game Of The Year Edition,,Probable Match,Probable Match,,,asin_blocked,operator dismissal may be ambiguous or business/system,title_plus_item_specifics_or_category,6fb3a8e7-4bd0-45bf-a47c-df2f93ca6208,9ffc32e2-90d9-42d8-925d-6302c2533568,e8e96194-3b6e-401c-aa2a-ebab9af6a76e
160,9f792b65-0d46-4e97-ad0b-b60f82f6b05d,2026-07-23T01:52:06.388915+00:00,wrong_edition_version,,B0140Z6SZQ,The Jackbox Party Pack - PlayStation 4,,v1|358822548540|0,Jackbox Games The Jackbox Party Pack 7 PS4 NTSC-U/C T 2020 Multiplayer Online,Brand New,Video Games; Video Games & Consoles,139973; 1249,jul-207825,PS 4,The Jackbox Party Pack 7,NTSC-U/C (US/Canada),,,"Multiplayer, Online Playability, Internet Required",2020,Probable Match,Probable Match,,,console generation/version mismatch,no current deterministic rule covers pattern,title_plus_item_specifics_or_category,d7441c4b-f0e3-4e91-bae2-b3bbaa80fda2,c4898071-6e48-4176-b7a2-cb508901d92d,375b850c-6e1a-4343-a080-b052a94b8c64
161,59c141bc-503d-43b0-beab-00e6e81f7d69,2026-07-21T19:42:56.145732+00:00,suspected_reseal,,B0052VPC5U,Family Game Night 4: The Game Show - Playstation 3,,v1|336691957485|0,Electronic Arts Family Game Night 4: The Game Show PS3 (2011) SEALED,Brand New,Video Games; Video Games & Consoles,139973; 1249,jemcar.ir9qmzywx,PS 3,Family Game Night 4: The Game Show,,,,"Multiplayer, PlayStation Move Compatible",2011,Probable Match,Probable Match,,,suspected_reseal,evidence exists only in images,image_or_operator_visual_review,b9fe90d7-65fe-43c2-8dbb-fde7d0be2e2e,263b2c78-9cef-4c69-aac4-13bc7615624c,65900c29-b9c3-4da1-9604-a28404884abd
162,59d5a929-9af2-4906-8a1c-9ac787f1fbca,2026-07-21T19:40:20.126435+00:00,roi_too_low,,B00CZCA6RI,"Assassin's Creed: Brotherhood (Xbox 360, 2010)",,v1|298518298257|0,Assassin's Creed: Brotherhood Microsoft Xbox 360 - Brand New Sealed,Brand New,Video Games; Video Games & Consoles,139973; 1249,videogamerescuesquad,Xbox 360,Assassin's Creed: Brotherhood,NTSC-U/C (US/Canada),,,,2010,Probable Match,Probable Match,,,roi_too_low,operator dismissal may be ambiguous or business/system,title_plus_item_specifics_or_category,4dce6b4b-cbaf-4561-99d2-75e1ebf16fc0,4af2f8c6-102b-410d-8b13-90c4f3f5ab16,44775d4a-c4dd-45ff-8aa0-dea9425010cf
163,764fabf8-858e-457a-884f-70b9679dad1c,2026-07-21T19:37:53.439005+00:00,roi_too_low,,B07DQ3WPZZ,Red Dead Redemption 2: Special Edition - Xbox One,,v1|135788120251|0,"Red Dead Redemption 2 (Xbox One, 2018)",Brand New,Video Games; Video Games & Consoles,139973; 1249,barrelhorseracer,Xbox Series X,Red Dead Redemption 2,United States,,,"Special Edition, Outlaws for Life, Multiplayer, Online Playability, Step Into Your Role",2018,Probable Match,Probable Match,,,roi_too_low,operator dismissal may be ambiguous or business/system,title_plus_item_specifics_or_category,2449d07d-a424-4230-9482-216b228c4e47,7e1dd98e-7a10-4f49-bd35-627da2a17dcc,d5d470c9-be7d-461c-bad7-1d35a92fedae
164,664ca7fd-fea8-470c-9102-586de23581c5,2026-07-21T19:36:56.86584+00:00,sales_velocity_too_low,,B01BFKBCV4,7th Dragon III Code: VFD - Nintendo 3DS,,v1|117308308040|0,7th Dragon III Code: VFD 3DS (Nintendo 3DS) BRAND NEW FACTORY SEALED,Brand New,Video Games; Video Games & Consoles,139973; 1249,cassius_cray,3DS,7th Dragon III Code: Vfd [Bundle],United States,,,,2016,Probable Match,Probable Match,,,sales_velocity_too_low,operator dismissal may be ambiguous or business/system,title_plus_item_specifics_or_category,6c09d428-c4ac-40c9-9e73-ba3023d08976,72c3b1e8-93c1-4e17-925c-0ab473de2cf2,ae369061-19de-4bbe-b4ea-fde5de880fa0
165,e4f0ad66-403f-48e8-bc66-7fb45402fd99,2026-07-21T19:36:14.818269+00:00,packaging_damage,,B071LMGQG9,Far Cry 5 - Xbox One Deluxe Edition,,v1|147025188694|0,"Far Cry 5: Deluxe Edition (Microsoft Xbox One, 2018) Sealed",Brand New,Video Games; Video Games & Consoles,139973; 1249,rocketpig-reclaim,Xbox One,"Far Cry 5: Deluxe Edition, Far Cry 5",,,,,2018,Probable Match,Probable Match,,,packaging_damage,evidence exists only in images,image_or_operator_visual_review,6e99d854-5b0d-451d-8f23-74df872ff665,e5df0684-28bf-40fd-b706-53cee336374d,162cbe0a-5a22-4853-9975-4d91342263a0
166,50072456-d5b4-46c3-95dc-dea3752ef602,2026-07-21T19:29:20.383736+00:00,sales_velocity_too_low,,B00KUY3DBE,Madden NFL 15 (Ultimate Edition) - Xbox One,,v1|266736293011|0,"NEW Madden NFL 15 Ultimate Edition (Microsoft Xbox One, 2014) Factory Sealed",Brand New,Video Games; Video Games & Consoles,139973; 1249,kz236,Xbox One,"Madden NFL 15- Ultimate Edition, Madden NFL 15",United States,,,Ultimate Edition,,Probable Match,Probable Match,,,sales_velocity_too_low,operator dismissal may be ambiguous or business/system,title_plus_item_specifics_or_category,614b171d-4ea1-4d9d-9eb0-318a0da5a92b,bec683b4-fe51-49fa-8388-5bcabb0b3e82,fd2d57eb-5704-4f36-82e1-6c59bf0ee09f
167,dfbee33d-6078-4980-a0ad-0dc803ca05de,2026-07-20T15:09:59.761332+00:00,wrong_platform,,B00CXCCI8A,FIFA 14 - PlayStation 4 [video game],,v1|275757212014|0,"FIFA 14 (Sony PlayStation 4, PS4, 2013) - New Sealed - LD - See desc.",Brand New,Video Games; Video Games & Consoles,139973; 1249,tornado-c5,PS 4,FIFA 14,,,,,,Probable Match,Probable Match,,,wrong_platform,no current deterministic rule covers pattern,title_plus_item_specifics_or_category,e747e5e6-1d7a-44e1-80b7-0071441a1bd4,3e1950a9-d79c-4efc-83c0-4a589aad7f79,1bb0dae0-052f-4aa9-890e-18dad44649e1
168,2902c305-91cf-40e5-b126-64583475c9b7,2026-07-20T15:09:47.181712+00:00,packaging_damage,,B00OBZI7BY,Tetris Ultimate - Nintendo 3DS,,v1|318606371651|0,Tetris Ultimate (Nintendo 3DS)- Sealed- Read Description ,Brand New,Video Games; Video Games & Consoles,139973; 1249,pixiefinds,3DS,Tetris Ultimate,NTSC-U/C (US/Canada); United States,,,,2014,Probable Match,Probable Match,,,packaging_damage,evidence exists only in images,image_or_operator_visual_review,27c86cb1-45d8-4979-b107-56090f6dbadd,3d4233d8-204b-4276-88f0-90fd6c1d0bd6,b6a8c810-c65e-47b8-ac5e-ee87f4a1ff3d
169,75a3307c-f622-4782-9d28-e6e217782f0d,2026-07-20T15:09:31.297258+00:00,packaging_damage,,B000P0QIM4,Madden NFL 08 - PlayStation 2,,v1|127954679485|0,"SEALED ! Madden NFL 08 ( Sony PlayStation 2 , 2007 ) BRAND NEW Water Damaged",Brand New,Video Games; Video Games & Consoles,139973; 1249,flashbackcollecttiblesandgames,PS 2,Madden NFL 08,,,,,2008,Probable Match,Probable Match,,,packaging_damage,evidence unavailable before detail but available afterward,title_only,049c9d99-947e-4469-af91-786d655ffe9a,3a6bc1c4-5dd1-4c06-a040-a413336a21f4,33a08edb-df94-4990-8885-15cdff36c995
170,a1818934-e72c-4607-b7f9-db0a8c3d3924,2026-07-20T15:09:22.405623+00:00,wrong_product,,B0056C2LIG,Wii Play Motion (Nintendo Wii),,v1|145723412191|0,MADDEN NFL 09 ALL-PLAY NENTENDO Wii 2008 FACTORY SEALED,Brand New,Video Games; Video Games & Consoles,139973; 1249,canadiancloset,Wii,Madden NFL 09: All-Play,NTSC-U/C (US/Canada); United States,,,Manual Included,,Probable Match,Blocked,non-US item location,,eBay item-specific Game Name conflict,current rule should already block,title_plus_item_specifics_or_category,3e2a5aed-5f9c-468a-be04-442314da9337,5854d356-3fd0-46e4-bd5b-655c5dc71ef3,7f8a5bd4-1a57-4179-afc5-43d68565a7e7
171,ed22a890-0cf3-4003-94cd-61e0cefe795e,2026-07-20T15:06:57.773179+00:00,wrong_edition_version,,B07FF3F7F9,Subnautica - Xbox One [video game],,v1|267702075813|0,Subnautica: Below Zero - Xbox One/Series X NEW SEALED,Brand New,Video Games; Video Games & Consoles,139973; 1249,abeber6,Xbox Series X,Subnautica: below Zero,Region Free,,,,,Probable Match,Probable Match,,,item-specific Game Name or Edition conflict,no current deterministic rule covers pattern,title_plus_item_specifics_or_category,213ab113-38a3-4f32-8f86-fa6fd96f4fb6,0f2db186-fe1a-4bc2-996c-5bbf98653dc5,e40d61b1-32fd-4759-bdd8-2123dfeefa13
172,7685872d-92bb-4774-87de-8a0cdca590f8,2026-07-20T15:06:57.430684+00:00,wrong_edition_version,,B07FF3F7F9,Subnautica - Xbox One [video game],,v1|158017999834|0,Subnautica Below Zero Xbox Series X Brand New USA,Brand New,Video Games; Video Games & Consoles,139973; 1249,gmtc802,Xbox Series X,,,,,,,Probable Match,Probable Match,,,unclear/insufficient evidence,no current deterministic rule covers pattern,title_plus_item_specifics_or_category,402c52ce-befd-4edd-899f-f9e615d6efed,3df7b4d1-84b3-4d61-8acf-08fcce631f32,9d4d91c9-9847-4039-a03f-4bef841dc432
173,429cd87e-2473-4047-911c-b9640e41fe57,2026-07-20T15:06:44.917357+00:00,missing_shrink_wrap,,B003VWGBC0,Battlefield Bad Company 2 Ultimate Edition -Xbox 360,,v1|366540661737|0,"Battlefield: Bad Company 2 -- Ultimate Edition (Microsoft Xbox 360, 2010)",Brand New,Video Games; Video Games & Consoles,139973; 1249,kaste_514,Xbox 360,"Battlefield: Bad Company 2, Battlefield: Bad Company 2 -- Ultimate Edition",,,,Ultimate Edition,2010,Probable Match,Probable Match,,,missing_shrink_wrap,evidence exists only in images,image_or_operator_visual_review,08ba5902-9224-4776-95c4-b0a0672ae541,1fd0a957-5f7b-4d3b-bf3c-2b3e2a8527f3,0f62a234-b68d-49e0-8d47-1cd83ee56f09
174,b540a86d-5cca-4db4-8a07-2d867790e06c,2026-07-20T15:05:31.45912+00:00,wrong_product,,B01N1037CV,Mario Kart 8 Deluxe - US Version,,v1|156513578820|0,Mario Kart 8 Deluxe Luigi Kart - Nintendo Switch McDonald’s 2024 Happy Meal,New,Fast Food; Toys & Hobbies; Fast Food & Cereal Premiums,767; 220; 19077,zgar_89,Switch,,,,,,,Probable Match,Probable Match,,,unclear/insufficient evidence,no current deterministic rule covers pattern,title_plus_item_specifics_or_category,88501d6b-30a9-47ec-bcbd-d2d3a82812bf,29054c44-de02-4165-86d5-7e9aaaf7137b,65af392d-3963-4084-ab5a-004925200d21
175,c5c7e90d-a5b2-43a5-beee-4161ab998d30,2026-07-20T15:05:31.11556+00:00,wrong_product,,B01N1037CV,Mario Kart 8 Deluxe - US Version,,v1|156513581310|0,Mario Kart 8 Deluxe Peach Kart - Nintendo Switch McDonald’s 2024 Happy Meal,New,Fast Food; Toys & Hobbies; Fast Food & Cereal Premiums,767; 220; 19077,zgar_89,Switch,,,,,,,Probable Match,Probable Match,,,unclear/insufficient evidence,no current deterministic rule covers pattern,title_plus_item_specifics_or_category,757b16dc-2317-428a-be06-2a21184d595a,697926fb-ca9e-4ebb-8aa8-692ee722b8ff,259c5200-ca0f-4264-8523-608dce70705d
176,54f20bd8-d070-414a-861f-daf22da835f6,2026-07-20T15:05:21.454689+00:00,wrong_product,,B07SH3D6HT,Witcher 3: Wild Hunt - Nintendo Switch [video game],,v1|157337155751|0,The Witcher 3 The Wild Hunt Switch Travel Case - PowerA CD Projekt Red - 2019,Brand New,Original Game Cases & Boxes; Video Games & Consoles,182175; 1249,duckykingprod,Switch,,China,,Console Case,,,Probable Match,Probable Match,,,console/hardware,no current deterministic rule covers pattern,title_plus_item_specifics_or_category,0c69b56f-b796-435b-ba1e-49137fc6ab53,3a62edc9-c998-4407-9909-dbab2745599e,e9d744e9-0376-4194-a849-611b3197a2f9
177,a6bb5f29-90d7-4976-b69e-f5ce008f2839,2026-07-20T15:04:22.857108+00:00,non_north_american_version,,B000QB05BM,Mercenaries 2: World in Flames - PC [video game],,v1|287209713299|0,Mercenaries 2 World in Flames PC 2008 L’Enfer Des Favelas French US Seller NEW,Brand New,Video Games; Video Games & Consoles,139973; 1249,retroworldgaming,PC,,,,,,,Probable Match,Probable Match,,,non_north_american_version,no current deterministic rule covers pattern,title_plus_item_specifics_or_category,e3e29d93-4942-49cd-8953-c6e99bfd66ee,7366688d-3026-47e3-bae0-3af73074cf83,847ba19a-e9f9-41a5-8587-eb302d704905
178,6f84dbed-fd9d-4e1d-8ab0-00f14e9436f3,2026-07-20T15:03:57.154068+00:00,sales_velocity_too_low,,B003O6E1JS,Mortal Kombat - Playstation 3,,v1|377354912570|0,"Mortal Kombat vs. DC Universe (Sony PlayStation 3, 2008)",Brand New,Video Games; Video Games & Consoles,139973; 1249,tuliluni,PS 3,Mortal Kombat vs. DC Universe,,,,,2008,Probable Match,Probable Match,,,sales_velocity_too_low,operator dismissal may be ambiguous or business/system,title_plus_item_specifics_or_category,6ee4df9b-ddae-45d1-9c25-d9dc5856dc66,35722e3f-7fad-42ec-94a9-cfc79ec8ab27,5c24a830-953e-4bcf-b164-baccc927b714
179,27f3d921-7b7f-4e8a-8f03-c822289d20c6,2026-07-20T15:01:17.991576+00:00,packaging_damage,,B00CBNVAE4,Dynasty Warriors 8,,v1|298487511784|0,"Dynasty Warriors 8 (Sony PlayStation 3, 2013) STILL SEALED!",Brand New,Video Games; Video Games & Consoles,139973; 1249,arejsco,PS 3,Dynasty Warriors 8,United States,,,,,Probable Match,Probable Match,,,packaging_damage,evidence exists only in images,image_or_operator_visual_review,e2a9b3b9-bb7a-4a71-a33b-c8875a0286cc,10dc85ec-9e5b-41ed-aa9c-865e525b27cd,9f899005-7b11-424b-9c4c-446e9bc29db2
180,72b8e785-d99e-4463-8d3e-a7ff138a1a66,2026-07-20T14:57:32.292111+00:00,wrong_platform,,B00N5FA6WY,Left 4 Dead 2 [video game],,v1|164975896537|0,"Left 4 Dead 2 (PC, 2009) by Valve",Brand New,Video Games; Video Games & Consoles,139973; 1249,fqe_inc,PC,Left 4 Dead 2,,,,,,Probable Match,Probable Match,,,wrong_platform,no current deterministic rule covers pattern,title_plus_item_specifics_or_category,7b877f40-5cda-4c17-9f6c-13ca3e465fe0,bb6ae506-92bc-4c50-a184-e72053c5dfdf,9c21bc7c-1e50-4c19-aa3b-62bb7c6be3dd
181,0d4c3639-afc9-412e-9f2a-6bb6b3031a7b,2026-07-20T14:57:14.729869+00:00,wrong_edition_version,,B072QG6SWN,FIFA 18 Ronaldo Edition - Xbox One [video game],,v1|115596114522|0,"🔥🔥🔥FIFA 18: Ronaldo Edition (Microsoft Xbox One, 2017)NEW SEALED SHIPS TODAY ",Brand New,Video Games; Video Games & Consoles,139973; 1249,ckwon12,Xbox One,"FIFA 18, Fifa 18: Ronaldo Edition",,,,,,Probable Match,Probable Match,,,unclear/insufficient evidence,no current deterministic rule covers pattern,title_plus_item_specifics_or_category,e738b8e9-f6fb-47d8-9ea0-c8047bad5b4e,3b3bb658-0c9c-44e0-8ca4-b2034daf902c,f39b6ca7-afcc-4f1d-86a0-2626f4bbbdc7
182,5cf8ccf4-fa63-43f4-83e5-2ca569551be3,2026-07-20T14:56:56.007038+00:00,missing_shrink_wrap,,B072QG6SWN,FIFA 18 Ronaldo Edition - Xbox One [video game],,v1|405655817029|0,"FIFA 18: Ronaldo Edition (Microsoft Xbox One, 2017)",Brand New,Video Games; Video Games & Consoles,139973; 1249,dealsbygav,Xbox One,"FIFA 18, Fifa 18: Ronaldo Edition",,,,,2017,Probable Match,Probable Match,,,missing_shrink_wrap,evidence exists only in images,image_or_operator_visual_review,f3cd75dc-69d1-41a1-b7ae-79ff45c26a39,bb94725d-33f7-452d-9eed-7ce42b6f02c7,fb9293c3-65bc-41f7-bb6b-397e9471a3bc
183,31c7c4d8-079e-4edb-967c-afbf92f5d603,2026-07-20T14:56:02.800672+00:00,sales_velocity_too_low,,B0876YKLY2,DOOM Eternal: Standard Edition - PC,,v1|158099369961|0,DOOM Eternal: Standard Edition for Windows PC Game🔥Fast Shipping🔥New Sealed,Brand New,Video Games; Video Games & Consoles,139973; 1249,1960galaxy,PC,Doom Eternal,NTSC-U/C (US/Canada); United States,,,Connector,2020,Probable Match,Probable Match,,,sales_velocity_too_low,operator dismissal may be ambiguous or business/system,title_plus_item_specifics_or_category,738360c9-c448-422b-aee7-858186397310,0fa2b21f-9501-4a86-b818-3cb77c570ff1,5fa6774d-c844-421a-a8c0-6756da9ce99a
184,10bc491b-89ad-4393-b2f2-004c167d8918,2026-07-20T14:52:12.977906+00:00,wrong_edition_version,,B0009S4UOA,Call of Duty 2 - Xbox 360,,v1|285881993134|0,"Call of Duty: Modern Warfare 2 Cliffhanger Demo (Microsoft Xbox 360, 2009) SEALD",Brand New,Video Games; Video Games & Consoles,139973; 1249,jayzeech,Xbox 360,,,,,,,Probable Match,Probable Match,,,unclear/insufficient evidence,no current deterministic rule covers pattern,title_plus_item_specifics_or_category,4dc7d4b0-7c20-40fa-b8c9-af0d3d316fdd,04f6de0d-425b-44d8-9937-34571ed9cb6b,bef3ac08-ee00-4d03-9b3c-ecda0ffecd2c
185,0d186519-0128-41c2-b18e-5d2bebb36371,2026-07-20T14:52:12.541022+00:00,wrong_edition_version,,B001SH7YMG,Red Dead Redemption,,v1|267731829191|0,"Xbox 360 Red Dead Redemption Undead Nightmare - NEW, SEALED",Brand New,Video Games; Video Games & Consoles,139973; 1249,mrwasheewasheegames,Xbox 360,Red Dead Redemption: Undead Nightmare,NTSC-U/C (US/Canada); USA,,,new,2010,Probable Match,Probable Match,,,item-specific Game Name or Edition conflict,no current deterministic rule covers pattern,title_plus_item_specifics_or_category,974844d9-b8ed-4042-aec1-891d58fa4390,0d312d50-f07f-47ec-9853-be0a4da8b4ca,e260e486-cd93-48cb-8bfd-b10e14d04a11
186,64dd18e5-3d7b-4942-986b-cc057cb2aea8,2026-07-20T14:52:12.138702+00:00,wrong_edition_version,,B000R3BNDI,Lego Star Wars: The Complete Saga [video game],,v1|222366529208|0,NEW LEGO Batman the video Game (Xbox 360) ,Brand New,Video Games; Video Games & Consoles,139973; 1249,smart_access,Xbox 360,,,,,,,Probable Match,Probable Match,,,base game vs complete/GOTY edition,no current deterministic rule covers pattern,title_plus_item_specifics_or_category,3ef4ed7b-d7c1-4b69-83eb-84e0202695aa,7cbe822e-aa29-44d9-bc95-3b447c92f69a,61d9eb65-cb3d-4348-9719-a1fbce628df5
187,8af6f480-d3ab-4582-9f76-f1238baf905b,2026-07-20T14:52:11.735277+00:00,wrong_edition_version,,B00N5FA6WY,Left 4 Dead 2 [video game],,v1|389642059903|0,"Left 4 Dead: Game of the Year Edition (PC, 2009) Brand New Sealed!!!",Brand New,Video Games; Video Games & Consoles,139973; 1249,oceanswide415,PC,"Left 4 Dead: Game of the Year Edition, Left 4 Dead",NTSC-U/C (US/Canada); United States,,,Game Of The Year Edition,2009,Probable Match,Probable Match,,,item-specific Game Name or Edition conflict,no current deterministic rule covers pattern,title_plus_item_specifics_or_category,b77adc84-4321-43f4-943c-827fab52752f,1ec7c041-7267-44c1-8444-10ef98c3b028,d40999c5-7b43-43a4-9009-fd2b6e825d12
188,ec8f59bf-02a5-45cd-9ed8-96220fffdbbe,2026-07-20T14:52:11.323387+00:00,wrong_edition_version,,B07XV4NHHN,Ring Fit Adventure - Nintendo Switch,,v1|146087306107|0,"New Ring Fit Adventure - Game ONLY Nintendo Switch, 2019, Sealed! SHIPS ASAP!",Brand New,Video Games; Video Games & Consoles,139973; 1249,orzy1216,Switch,Ring Fit Adventure,NTSC-U/C (US/Canada),,,,2019,Probable Match,Blocked,non-US item location,,unclear/insufficient evidence,current rule should already block,title_plus_item_specifics_or_category,d8336e86-dd09-4c01-b83e-88230e94093a,3047db46-3829-4fe8-a875-de1dc460db8d,2689cbc5-da81-46a6-bbef-09ca9b498e5f
189,789c0de1-9d4a-4f92-90ff-86e1d41876d1,2026-07-20T14:52:10.907823+00:00,wrong_edition_version,,B07XV4NHHN,Ring Fit Adventure - Nintendo Switch,,v1|366545043568|0,Ring Fit Adventure   NEW SELAED - Nintendo Switch- FAST SHIPPING!  715a,Brand New,Video Games; Video Games & Consoles,139973; 1249,8bitclassicgames,Switch,Ring FIT Adventure,Region Free,,,,,Probable Match,Probable Match,,,unclear/insufficient evidence,no current deterministic rule covers pattern,title_plus_item_specifics_or_category,86ea6fcd-ebe5-4ad0-af68-d40193574431,048b8e13-7eb2-4a41-b98a-1bd475a076f8,6150cf3b-dca6-49f4-84ae-71c3a08a2f9e
190,679f844c-b1ec-47ab-a6ec-c1404d7dec78,2026-07-20T14:52:10.384154+00:00,wrong_edition_version,,B07XV4NHHN,Ring Fit Adventure - Nintendo Switch,,v1|198507584815|0,Ring Fit Adventure (Nintendo Switch)  Game Only *No Ring* - New! ,Brand New,Video Games; Video Games & Consoles,139973; 1249,laucalb-0,Switch,Ring FIT Adventure,NTSC-U/C (US/Canada); United States,,,,2019,Probable Match,Probable Match,,,unclear/insufficient evidence,no current deterministic rule covers pattern,title_plus_item_specifics_or_category,08c35c5e-a2aa-41d5-9b7d-d1fc2cb55299,397499e8-27ac-4eae-b9a0-8c148a6b8ddc,12277583-1a9d-4e8a-9378-d53da054cfcf
191,916b9afd-1184-4a26-a984-66e13c5ee58b,2026-07-20T14:52:09.956032+00:00,wrong_edition_version,,B097RB8JJB,Farming Simulator 22 - PC [video game],,v1|157624454487|0,World of Simulators FARM DRIVE & RESCUE - 22 Games (PC DVD ROM) 2019 Rated E New,Brand New,Video Games; Video Games & Consoles,139973; 1249,caris_collectables,PC,Farming Simulator,United States,,,,2019,Probable Match,Probable Match,,,unclear/insufficient evidence,no current deterministic rule covers pattern,title_plus_item_specifics_or_category,ee8049a1-fad0-49ed-8f2d-15113f814296,760464a0-11f5-4735-b7ee-62744309f8c5,00f06c62-29d5-4fc0-badc-003e79ec6f6f
192,0949b1a1-5f64-4960-b7fd-9b95e684be70,2026-07-20T14:52:09.409628+00:00,wrong_edition_version,,B097RB8JJB,Farming Simulator 22 - PC [video game],,v1|265303683680|0,World of Simulators FARM DRIVE & RESCUE - 22 Games (PC DVD ROM) 2019 Rated E New,Brand New,Video Games; Video Games & Consoles,139973; 1249,pav9898,PC,Farming Simulator,,,,,2019,Probable Match,Probable Match,,,unclear/insufficient evidence,no current deterministic rule covers pattern,title_plus_item_specifics_or_category,52f8e556-3f6b-412c-896d-aa57934ed53a,b07bab0f-f091-4608-9152-5dce43c4a456,0522a46e-6376-4af7-b79d-52d84c08561c
193,7c04f843-0899-4604-909f-bfea06196014,2026-07-20T00:22:18.341995+00:00,missing_shrink_wrap,,B00DS0MQUQ,Battlefield 4 - PlayStation 4 [PlayStation 4],,v1|168313531540|0,"Electronic Arts Battlefield 1 PS4 Shooter, War, M-Mature, Manual Included",Brand New,Video Games; Video Games & Consoles,139973; 1249,omvas_48,PS 4,Battlefield 1,United States,,,Manual Included,,Probable Match,Probable Match,,,missing_shrink_wrap,evidence exists only in images,image_or_operator_visual_review,517d7c60-2909-4093-8e7e-75485bd96a98,3cc5e764-5ace-448d-8a18-bdb31649d8b0,4b5f5100-20d7-419f-87e0-ed7482a782f1
194,f7edb7ec-0698-46e5-afc2-7d50fb7146b5,2026-07-20T00:20:01.301175+00:00,missing_shrink_wrap,,B000FQBPCQ,The Legend of Zelda: Twilight Princess [video game],,v1|318416086745|0,"The Legend of Zelda: Twilight Princess (Nintendo Wii, 2019)",Brand New,Video Games; Video Games & Consoles,139973; 1249,eas_8428,Wii,The Legend of Zelda: Twilight Princess,NTSC-U/C (US/Canada),,,,2019,Probable Match,Probable Match,,,missing_shrink_wrap,evidence exists only in images,image_or_operator_visual_review,4bc13440-5f45-425a-a8fa-99f4af65c0a2,d96fbf5a-a299-49a3-976f-0773eeed5726,6306085e-8574-4a0f-8283-52806e286598
195,527464fe-a711-4350-99a4-5561c4c679a6,2026-07-20T00:19:56.018734+00:00,wrong_edition_version,,B00I6E6SH6,Minecraft – Xbox One [video game],,v1|318584093001|0,Telltale Games Minecraft: Story Mode Season Pass Disc Xbox One E10+ Action,Brand New,Video Games; Video Games & Consoles,139973; 1249,wise_games_and_toys,Xbox One,Minecraft: Story Mode -- Season Pass Disc,,,,Season Pass Disc,,Probable Match,Probable Match,,,item-specific Game Name or Edition conflict,no current deterministic rule covers pattern,title_plus_item_specifics_or_category,b40dc87a-841d-45dd-9186-85748327918f,65cc6df3-33f5-4c83-bb26-fa591c286638,90ead40e-3bc3-4851-8280-e3c2aa3dc965
196,bafbed68-944c-4c8e-8020-13bcec1666c2,2026-07-20T00:19:55.619273+00:00,wrong_edition_version,,B000R0SRNU,LEGO Star Wars,,v1|298286365532|0,LEGO Star Wars III: The Clone Wars (Xbox 360). Brand New & Factory Sealed.,Brand New,Video Games; Video Games & Consoles,139973; 1249,smn18smile,Xbox 360,LEGO Star Wars III: The Clone Wars,NTSC-U/C (US/Canada); USA,,,"Master all-new moves, including lightsaber cutting, throwing, and climbing Use Force powers to solve puzzles, throw enemies, and more Play as members of the Separatists, the Republic, or as a ruthless bounty hunter",2011,Probable Match,Probable Match,,,item-specific Game Name or Edition conflict,no current deterministic rule covers pattern,title_plus_item_specifics_or_category,9ba7e474-d93b-43ee-914f-541268548352,b5774341-fcfe-4738-931b-2d447cd0cf14,d6478315-386d-4bbe-8b67-2011f9f0d76c
197,1a118f49-48ce-4911-958d-07678080bd2d,2026-07-20T00:19:55.128961+00:00,wrong_edition_version,,B003RS8I92,Rock Band 3 [video game],,v1|227437007386|0,AC/DC Live Rock Band Track Pack PS3 SEALED,Brand New,Video Games; Video Games & Consoles,139973; 1249,luminalowl,PS 3,AC/DC Live: Rock Band Track Pack,NTSC-U/C (US/Canada),,,Manual Included,2008,Probable Match,Probable Match,,,item-specific Game Name or Edition conflict,no current deterministic rule covers pattern,title_plus_item_specifics_or_category,6e438e04-ca59-48fb-88a4-2b8f354792ad,4a9e3a4f-fb57-4c0c-a88d-0801c026a16f,c2a8b5de-1302-42bb-9484-0df8f213ea34
198,ed644eb2-8cf4-4a6d-b946-16cea80d0127,2026-07-19T23:08:32.918828+00:00,suspected_reseal,,B000X2SGRY,Bourne Conspiracy,,v1|156547664841|0,The Bourne Conspiracy - Playstation 3 *Brand New* *Sealed*,Brand New,Video Games; Video Games & Consoles,139973; 1249,thedustygamestash,PS 3,Robert Ludlum's The Bourne Conspiracy,United States,,,,,Probable Match,Blocked,non-US item location,,suspected_reseal,current rule should already block,image_or_operator_visual_review,607436ea-08ce-4ed3-b8cf-df7eb4edcc7f,9896249f-a4d0-465d-b138-17677fb8d74e,cb6bfe98-c29c-4f86-8391-e5236f082e84
199,dde72407-b7ab-4e81-be41-76548a67e5fa,2026-07-19T23:07:33.622522+00:00,missing_shrink_wrap,,B004MXM7WU,X-Men: Destiny,,v1|307036428070|0,"X-Men: Destiny (Sony PlayStation 3, 2011)",Brand New,Video Games; Video Games & Consoles,139973; 1249,vaultcollectibles902,PS 3,X-Men: Destiny,NTSC-U/C (US/Canada),,,Manual Included,2011,Probable Match,Probable Match,,,missing_shrink_wrap,evidence exists only in images,image_or_operator_visual_review,70eca8af-f911-4f4d-908a-cc45e85db07a,087e8a42-4caf-4c3e-b53e-d325ebaf51d5,31a1b62a-058e-4626-b911-6067e2cef592
200,60d86530-64e0-4a83-a635-f382195e0653,2026-07-19T23:07:23.401212+00:00,sales_velocity_too_low,,B00847PA74,Big Time Rush: Dance Party - Nintendo Wii,,v1|317222392956|0,"Big Time Rush: Dance Party (Nintendo Wii, 2012)",Brand New,Video Games; Video Games & Consoles,139973; 1249,juberjjaent-0,Wii,Big Time Rush: Dance Party,,,,,2012,Probable Match,Probable Match,,,sales_velocity_too_low,operator dismissal may be ambiguous or business/system,title_plus_item_specifics_or_category,231075b9-bb17-44a4-91ae-c684cc4f6ca7,63122f4b-7f79-4840-9834-1ed1834be6a8,bad25447-dacc-4778-bcc9-71105f8adf84
201,40674719-3c0c-4b6c-8ced-f07f78056296,2026-07-19T23:07:22.954234+00:00,sales_velocity_too_low,,B00847PA74,Big Time Rush: Dance Party - Nintendo Wii,,v1|188520777405|0,Big Time Rush Dance Party Nintendo Wii Brand New Sealed,Brand New,Video Games; Video Games & Consoles,139973; 1249,jordaarbel-0,Wii,Big Time Rush: Dance Party,NTSC-U/C (US/Canada),,,Manual Included,2012,Probable Match,Probable Match,,,sales_velocity_too_low,operator dismissal may be ambiguous or business/system,title_plus_item_specifics_or_category,2e649da9-8e81-4c8c-903d-fa4505b080ad,6e7db4f1-c681-40ee-97e7-eed2c3547130,e7f9a837-6855-4703-b559-1f146c6a8abf
202,91f2c89b-7b32-4bd5-8b20-8ab3b9ed6cf6,2026-07-19T23:06:43.309672+00:00,missing_shrink_wrap,,B00DCBDNW6,Final Fantasy XIV: A REALM REBORN - PlayStation 4,,v1|137440416802|0,Final Fantasy XIV : A Realm Reborn [PS4] Tested Complete CIB Fast Ship 🔥,Brand New,Video Games & Consoles; Video Games,139973,*dealsallday*,PS 4,Final Fantasy XIV: A REALM REBORN - PlayStation 4,NTSC-U/C (US/Canada); United States,,,Manual Included,2014,Probable Match,Probable Match,,,missing_shrink_wrap,evidence exists only in images,image_or_operator_visual_review,ba644080-94d4-45ce-b965-8c0325a6ac1f,94ce94d0-af3e-475f-b8df-53bebb0dd1b5,085469f8-4ca8-4871-8b98-f05e65bb0e35
203,e8ec557d-8b2e-409f-935e-726b4b25e6b0,2026-07-19T23:06:24.597462+00:00,wrong_edition_version,,B00CMC6HZ6,WWE 2K14 - Xbox 360,,v1|365961841551|0,New Sealed WWE 2K16 Xbox 360 Wrestling Video Game,Brand New,Video Games & Consoles; Video Games,139973,tr495104,Xbox 360,WWE 2K16,,,,,,Probable Match,Probable Match,,,item-specific Game Name or Edition conflict,no current deterministic rule covers pattern,title_plus_item_specifics_or_category,7b09132f-cb62-4c2f-bd78-594da46cd501,466b7e6f-b1d1-4dad-a6ea-25f864012d2e,a55a5293-e00b-4665-a56d-f81271c4dcfe
204,0a256282-e312-4cc5-9a70-cbfcf1148c36,2026-07-19T23:06:24.146748+00:00,wrong_edition_version,,B00CMC6HZ6,WWE 2K14 - Xbox 360,,v1|326900534719|0,Brand New Sealed XBOX 360 WWE 2K16 Wrestling Video Game -  2K Games NTSC NIP SIP,Brand New,Video Games & Consoles; Video Games,139973,gamerzworld1438,Xbox 360,WWE 2K16,NTSC-U/C (US/Canada); Mexico,,,Factory Sealed,,Probable Match,Probable Match,,,item-specific Game Name or Edition conflict,no current deterministic rule covers pattern,title_plus_item_specifics_or_category,2ab7616a-aa93-4f0f-a135-2af5637485ea,004e383d-b057-45e6-8b64-5cd3179fe494,13ec3242-30ff-417a-b585-6b158100e942
205,225bd7fa-d7db-400f-a31e-58cc6b3de183,2026-07-19T23:05:51.450165+00:00,sales_velocity_too_low,,B001B1W3JS,Shaun White Snowboarding - PlayStation 2,,v1|176115564890|0,"Shaun White Snowboarding (Playstation 2, 2008)",Brand New,Video Games; Video Games & Consoles,139973; 1249,wynwoodsocialclub,PS 2,,,,,,,Probable Match,Probable Match,,,sales_velocity_too_low,operator dismissal may be ambiguous or business/system,title_plus_item_specifics_or_category,89b5a199-01cf-4f0b-ba0a-6aa395365443,c6a290a1-cd1e-463b-9f61-b3f0d8f53337,f6117e38-0b95-458a-8007-60c05c1010e6
206,0fe5b3a0-a717-44da-9011-17056f595d72,2026-07-19T23:05:24.528656+00:00,wrong_product,,B001ET07O0,House of the Dead: Overkill - Nintendo Wii,,v1|188217959368|695809488970,PosterThe House Of The Dead Overkill Nintendo Wii BOX ART Unframed Print B1343,New,Entertainment Memorabilia; Movie Memorabilia; Posters; Reproductions; 2000-Now,60339,duans9649,Wii,,United States,,,,,Probable Match,Probable Match,,,collectible/merchandise,no current deterministic rule covers pattern,title_plus_item_specifics_or_category,1428f320-1093-4353-864e-2028d9717b4a,d120ef87-fc2d-4ac9-8228-44d6d96f4f6e,8408c43e-2438-4c38-8312-3002a1dba92a
207,b8dade00-34b1-43cf-b316-e69f3c1c4b6c,2026-07-19T23:04:11.0412+00:00,wrong_product,,B001ET07O0,House of the Dead: Overkill - Nintendo Wii,,v1|168494804130|0,The House of the Dead Overkill 5ft Flag Nintendo Wii 2009 Banner SEGA Lightgun,Brand New,Video Games & Consoles; Video Games,139973,retro_sold_here,Wii,The House of the Dead: Overkill,United States,,,,2009,Probable Match,Probable Match,,,unclear/insufficient evidence,no current deterministic rule covers pattern,title_plus_item_specifics_or_category,afb61c73-1c15-4cfe-96ed-0776b2ec8247,f3e6fc44-1c90-4b6d-9e50-bce0a35c15fe,9b4c5650-02e9-48dc-94b6-b55b012c53db
208,19bcc480-89e6-4ef1-ad60-7f68c2798daa,2026-07-19T23:04:10.643954+00:00,wrong_product,,B001ET07O0,House of the Dead: Overkill - Nintendo Wii,,v1|168536361151|0,The House of the Dead Overkill 5ft Flag Nintendo Wii 2009 Banner SEGA Lightgun,Brand New,Video Games; Video Games & Consoles,139973; 1249,retro_sold_here,Wii,The House of the Dead: Overkill,United States,,,,2009,Probable Match,Probable Match,,,unclear/insufficient evidence,no current deterministic rule covers pattern,title_plus_item_specifics_or_category,b4ca24ab-daff-453b-b02f-72c4a88c3790,04cc3891-a2f4-4ade-b673-c68e36e0d87c,48ea5190-48dc-419a-9222-e692a1233aa5
209,cbce9107-200a-48f7-a22d-866e4cad8f54,2026-07-19T23:02:32.605792+00:00,packaging_damage,,B008OQTV7K,Professor Layton and The Miracle Mask™,,v1|377138815965|0,Professor Layton And The Miracle Mask Nintendo 3DS Brand NEW SEALED,Brand New,Video Games & Consoles; Video Games,139973,jopol63,3DS,Professor Layton and the Miracle Mask,NTSC-U/C (US/Canada),,,,2012,Probable Match,Probable Match,,,packaging_damage,evidence exists only in images,image_or_operator_visual_review,0e56903e-bcbb-44fc-85b6-cb3f7b6e776b,59848ed0-94b2-4308-8de4-c533c1c01e78,2a1280f7-52cc-4f1c-abbf-43eaa2769fe3
210,fbee6e40-269f-4831-afe1-cbabe9be9d27,2026-07-19T23:01:49.375025+00:00,wrong_edition_version,,B072QG6SWN,FIFA 18 Ronaldo Edition - Xbox One [video game],,v1|155621686822|0,FIFA 18 Ronaldo Edition Microsoft Xbox One Game for Kids and Adults,Brand New,Video Games; Video Games & Consoles,139973; 1249,alekspremiere_2,Xbox One,FIFA 18,NTSC-U/C (US/Canada); Mexico,,,,,Probable Match,Probable Match,,,unclear/insufficient evidence,no current deterministic rule covers pattern,title_plus_item_specifics_or_category,fe81a0db-3ea2-49c1-aac9-d825ca84664a,79f66e83-393c-4c8d-99a4-9d2c7db432df,e8b1672d-be85-4e5b-9079-61d47775db4a
211,ec26350c-c455-413d-92c0-6f4afee39f2a,2026-07-19T23:01:38.792832+00:00,sales_velocity_too_low,,B000O3IS48,Ninja Gaiden Sigma - Playstation 3,,v1|306770469771|0,"Ninja Gaiden Sigma (Sony PlayStation 3, 2007) PS3 NEW SEALED",Brand New,Video Games; Video Games & Consoles,139973; 1249,observer316,PS 3,Ninja Gaiden Sigma,NTSC-U/C (US/Canada); United States,,,,,Probable Match,Probable Match,,,sales_velocity_too_low,operator dismissal may be ambiguous or business/system,title_plus_item_specifics_or_category,4b07ef20-6d81-4bf0-b0de-594979ef18b6,006494b9-df88-4f5a-b68e-11b703bf7a7b,a07ca9e4-8fc8-47bd-8bd7-d3cef04f342b
212,5036ddfa-b081-44aa-83c7-a3be99cf3d49,2026-07-19T23:01:38.436409+00:00,sales_velocity_too_low,,B000O3IS48,Ninja Gaiden Sigma - Playstation 3,,v1|176816071047|0,[NEW Y-FOLD SEALED] Ninja Gaiden Sigma (PS3),Brand New,Video Games; Video Games & Consoles,139973; 1249,coolitnowjim,PS 3,Ninja Gaiden Sigma,NTSC-U/C (US/Canada),,,,,Probable Match,Probable Match,,,sales_velocity_too_low,operator dismissal may be ambiguous or business/system,title_plus_item_specifics_or_category,f46a6fac-15d4-4d82-94e6-c3d45853e1c4,6d953643-3784-4299-92c4-127b2cf2a5af,07a1434b-35b3-4655-9f44-89c18f306034
213,324a86bc-492a-4016-9773-e007ba8884f7,2026-07-19T23:00:56.203753+00:00,incomplete_product,,B07DQ43VFQ,NBA 2K19 - Nintendo Switch [Nintendo Switch],,v1|257552747121|0,NBA 2K19 And 2K20 Nintendo Switch Game BUNDLE X2 CASES ONLY,Brand New,Video Games; Video Games & Consoles,139973; 1249,eclecticmerch,Switch,NBA 2K20,NTSC-U/C (US/Canada),,,,,Probable Match,Probable Match,,,incomplete_product,no current deterministic rule covers pattern,title_plus_item_specifics_or_category,cf559794-122a-4eb8-a443-3f04c3c99dae,c4ff628b-a3b6-4307-915b-46af8a1fb2ef,5d21aaeb-a3a7-4a44-b8eb-8348ff52b1ed
214,a2056d0d-f3f1-49a1-aa8e-fcf41b80e6bb,2026-07-19T23:00:47.936945+00:00,asin_blocked,,B000V1OUT0,Luxor: Pharaoh's Challenge - Nintendo Wii,,v1|317307664992|0,"Luxor: Pharaoh's Challenge (Nintendo Wii, 2008)",Brand New,Video Games & Consoles; Video Games,139973,bigb_3208,Wii,Luxor: Pharaoh's Challenge,,,,,2008,Probable Match,Probable Match,,,asin_blocked,operator dismissal may be ambiguous or business/system,title_plus_item_specifics_or_category,36a40f74-948a-44f1-bc32-6b2af9a2715f,152b8052-b766-44d1-82e0-43912accc85d,08a8f531-1263-4546-8e48-43bec42672c5
215,7b0ff9d1-af63-4f2e-aade-96078c544c0d,2026-07-19T23:00:02.139223+00:00,wrong_edition_version,,B0009S4UOA,Call of Duty 2 - Xbox 360,,v1|168390091733|0,Call of Duty: Modern Warfare 2 Xbox 360 Disc.,Brand New,Video Games; Video Games & Consoles,139973; 1249,mtb_wood,Xbox 360,Call of Duty: Modern Warfare 2,,,,,2009,Probable Match,Probable Match,,,item-specific Game Name or Edition conflict,no current deterministic rule covers pattern,title_plus_item_specifics_or_category,4b7c9228-fadb-4a11-86df-08f1d3e44f80,7d831e77-3752-4878-9aa7-53e4871605f0,0a329495-cd19-47dc-9f0e-c58c9d8bd741
216,8e0c55c5-d8bf-4298-9fa9-9704efc95837,2026-07-19T22:59:55.067423+00:00,missing_shrink_wrap,,B002BSA3EM,Nintendo Wii Fit Plus with Balance Board,,v1|267725569246|0,Nintendo Wii Fit Plus Game with Balance Board Open-Box Sealed Items,Brand New,Video Games & Consoles; Video Games,139973,xfran2,Wii,Wii Fit Plus,NTSC-U/C (US/Canada),,,,2009,Probable Match,Probable Match,,,missing_shrink_wrap,evidence exists only in images,image_or_operator_visual_review,cda02d59-90ef-4be6-8f78-0281f4d86a51,2218be3d-78a9-46a0-bdf5-761f044c8b4d,7d739094-ca15-443d-8f3b-2d405a76391e
217,872cc3ac-ab64-4cbc-a13b-10e43999ce56,2026-07-19T22:59:54.710971+00:00,missing_shrink_wrap,,B004ML44Y6,The Darkness II - Playstation 3 [video game],,v1|137487065631|0,The Darkness II PlayStation 3 PS3 Brand NEW Factory SEALED,Brand New,Video Games & Consoles; Video Games,139973,thegameexchange-simivalley,PS 3,The Darkness II,NTSC-U/C (US/Canada),,,,,Probable Match,Probable Match,,,missing_shrink_wrap,evidence exists only in images,image_or_operator_visual_review,b29eb779-85ea-4cff-ab28-31756f12bff2,6c39129e-0844-4b38-85ea-9de3c82ad239,e85989bd-64fe-49b7-b02d-a808e7dee11d
218,e2a10cee-c40e-475b-b7fa-9ac4a556d201,2026-07-19T22:59:43.086388+00:00,sales_velocity_too_low,,B000BL3A5U,Kameo: Elements of Power (Xbox 360),,v1|358800627844|0,"Kameo: Elements of Power (Microsoft Xbox 360, 2005)➡️BRAND NEW SEALED🔥🔥",Brand New,Video Games; Video Games & Consoles,139973; 1249,northmenresale,Xbox 360,Kameo: Elements of Power,NTSC-U/C (US/Canada); Mexico,,,"Complete Edition, Manual Included",2005,Probable Match,Blocked,non-US item location,,sales_velocity_too_low,operator dismissal may be ambiguous or business/system,title_plus_item_specifics_or_category,46d7a86d-3ef5-42f5-8be8-870e02617795,41af8356-5824-4665-b9cf-42213c973aa7,4b353602-b5ad-4c01-8730-fe6d87c9d138
219,9b5fce58-9599-425d-b02b-248757086529,2026-07-19T22:59:42.541051+00:00,sales_velocity_too_low,,B000BL3A5U,Kameo: Elements of Power (Xbox 360),,v1|358725114894|0,"Kameo: Elements of Power (Microsoft Xbox 360, 2005)➡️BRAND NEW SEALED🔥🔥",Brand New,Video Games; Video Games & Consoles,139973; 1249,northmenresale,Xbox 360,Kameo: Elements of Power,NTSC-U/C (US/Canada); Mexico,,,"Complete Edition, Manual Included",2005,Probable Match,Blocked,non-US item location,,sales_velocity_too_low,operator dismissal may be ambiguous or business/system,title_plus_item_specifics_or_category,077e63f0-6d23-4dd8-b3d3-bc890d24059b,867cb236-28bb-429d-8bf3-60d16492636e,800c06c2-b1d4-4882-b850-c41a10cd1425
220,34307ead-ee89-4c85-9f80-5eff482f1c21,2026-07-19T22:57:57.421867+00:00,wrong_edition_version,,B00NP8J1UY,Need for Speed Rivals Complete Edition - Xbox One,,v1|386052227031|0,Xbox One - Need for Speed Rivals - Brand New - FREE SHIPPING - ,Brand New,Video Games & Consoles; Video Games,139973,overflo6,Xbox One,Need for Speed Rivals,NTSC-U/C (US/Canada),,,"Complete Edition, Multiplayer, Online Playability",2020,Probable Match,Probable Match,,,base game vs complete/GOTY edition,no current deterministic rule covers pattern,title_plus_item_specifics_or_category,4c027baa-3d35-4958-934b-7f59e2a1cede,dc040e53-af5f-453c-afe3-e68d77f2555e,1c126489-3388-49d4-8d13-68da3b29a651
221,d643af8b-c582-433a-b91e-1b89229e97d1,2026-07-19T22:57:38.423622+00:00,wrong_edition_version,,B003QP725W,Sesame Street: Elmo's A-to-Zoo Adventure - Nintendo Wii,,v1|156534947594|0,Nintendo Wii 2010 Sesame Street Elmo's A-to-Zoo Adventure Torn Plastic*,Brand New,Video Games & Consoles; Video Games,139973,vtg_threads,Wii,Sesame Street Elmo's A-to-Z Adventure,NTSC-U/C (US/Canada),,,Manual Included,2009,Probable Match,Probable Match,,,unclear/insufficient evidence,no current deterministic rule covers pattern,title_plus_item_specifics_or_category,19358fa0-94a7-42af-ad38-5fc33a84f592,80a322f6-daa7-4117-b10d-eb57b83019e9,67550dae-9888-45ac-9291-94fe3d2d9076
222,ece31f9e-dcde-43e3-b1c5-e929cbb0c24d,2026-07-19T22:56:03.688093+00:00,other,,B06WD6VNW7,Culdcept Revolt - Nintendo 3DS,,v1|116001350986|0,Culdcept Revolt (Nintendo 3DS; 2017) – FACTORY SEALED,Brand New,Video Games; Video Games & Consoles,139973; 1249,blue_whiskers,3DS,Culdcept Revolt,NTSC-U/C (US/Canada),,,,2017,Probable Match,Blocked,non-US item location,,other,operator dismissal may be ambiguous or business/system,title_plus_item_specifics_or_category,7aac766b-2f47-42c1-843e-8a8834cec3dd,11005f6c-6ef0-4a26-929d-ba28c41c17ba,5ee2b557-e26d-4168-8842-02251e06a651
223,890fae05-d162-4f51-8cab-488dbc9672cb,2026-07-19T22:55:48.605142+00:00,missing_shrink_wrap,,B000GCJ6MK,Microsoft Flight Simulator X Deluxe DVD - PC,,v1|168343668114|0,Microsoft Flight Simulator X Deluxe,Brand New,Video Games; Video Games & Consoles,139973; 1249,korting_outlet,PC,"Microsoft Flight Simulator X, Microsoft Flight Simulator X: Deluxe Edition",,,,,,Probable Match,Probable Match,,,missing_shrink_wrap,evidence exists only in images,image_or_operator_visual_review,08c26e5f-4160-4575-80f3-a8947aefc191,4239acfe-e173-4f68-aaf0-263d5330f70b,c2446fc4-301e-4a7e-990a-fe8e1db44547
224,c0477ac0-336c-4572-84ba-065a0056cfd3,2026-07-19T22:55:33.646163+00:00,wrong_edition_version,,B0012N3ZXS,Street Fighter IV,,v1|306584467881|0,Street Fighter IV: The Ties That Bind (Microsoft Xbox 360) NEW SEALED DVD,Brand New,Video Games; Video Games & Consoles,139973; 1249,raleighbuysdirect,Xbox 360,Street Fighter IV,NTSC-U/C (US/Canada),,,Manual Included,2009,Probable Match,Probable Match,,,unclear/insufficient evidence,no current deterministic rule covers pattern,title_plus_item_specifics_or_category,bd31792b-6dc2-45ad-9e26-b0fbae83cff0,6a6da330-0b5f-46b8-9878-05b7cac8f63a,e8789190-b6a9-41d7-9e4b-7dba254f8017
225,474f647e-93fd-472f-8cb9-4652c6be854b,2026-07-19T22:54:47.314406+00:00,missing_shrink_wrap,,B0012N3ZXS,Street Fighter IV,,v1|357785105570|0,"NEW Street Fighter IV (Microsoft Xbox 360, 2009 Factory Sealed, Box has No Wrap",Brand New,Video Games; Video Games & Consoles,139973; 1249,good_guys_collectibles,Xbox 360,Street Fighter IV,,,,,2009,Probable Match,Probable Match,,,missing_shrink_wrap,evidence exists only in images,image_or_operator_visual_review,ef169c27-a876-4dc9-aa1a-6004dda58ecf,e0dd56a8-ed44-4928-b1b8-d60f11831fdd,81e5c30b-8871-436e-bda3-50025008563e
226,2d750442-7d2d-4816-9314-85a0d636b91b,2026-07-19T22:53:42.242809+00:00,missing_shrink_wrap,,B000ZKBJXC,Ghostbusters: The Video Game - Xbox 360,,v1|405640182622|0,"Ghostbusters: The Video Game -- Slimer Edition (Microsoft Xbox 360, 2009)",Brand New,Video Games; Video Games & Consoles,139973; 1249,ragingd15,Xbox 360,"Ghostbusters: The Video Game, Ghostbusters: the Video Game -- Slimer Edition",,,,,2009,Probable Match,Probable Match,,,missing_shrink_wrap,evidence exists only in images,image_or_operator_visual_review,1cc6730b-a3ba-40ad-893b-172eae753cbc,9fa08db7-c05b-4925-b770-bc7982ac6162,bfdb6669-dbe6-4134-86d3-6655c223b68b
227,5cd3f855-01c4-4623-a297-196440c535b9,2026-07-19T22:52:30.011326+00:00,wrong_edition_version,,B00I6E6SH6,Minecraft – Xbox One [video game],,v1|206415111197|0,Minecraft Dungeons Hero Edition for Xbox One Series x New Sealed,Brand New,Video Games; Video Games & Consoles,139973; 1249,sephiroth_ff7,Xbox One,Minecraft Dungeons Hero Edition,NTSC-U/C (US/Canada); United States,,,,2020,Probable Match,Probable Match,,,item-specific Game Name or Edition conflict,no current deterministic rule covers pattern,title_plus_item_specifics_or_category,4e58630e-e40b-43a8-9349-bf1f9b1e53ca,2b371486-3f53-4613-8a38-e86b94556435,f2e06f38-98c9-41ad-b6aa-fe14ba625236
228,c2df92b4-3eb8-4152-9ae8-96e6a31581f3,2026-07-19T22:52:29.689675+00:00,wrong_edition_version,,B00I6E6SH6,Minecraft – Xbox One [video game],,v1|204463539133|0,FRENCH Minecraft Story Mode Season Pass Disc Xbox One New Factory Sealed READ,Brand New,Video Games; Video Games & Consoles,139973; 1249,the_shoeportal,Xbox One,Minecraft: Story Mode,,,,French,2015,Probable Match,Probable Match,,,item-specific Game Name or Edition conflict,no current deterministic rule covers pattern,title_plus_item_specifics_or_category,1d34fb4a-cb89-4d85-8b71-90dd4e83c3ec,49e17c99-9a98-4c41-a6f6-431968c2d920,1fce9249-78b0-4412-b813-6e7d3f64ba99
229,f423da6b-ef40-43c6-941b-7953859067ed,2026-07-19T22:52:29.324971+00:00,wrong_edition_version,,B0140Z6SZQ,The Jackbox Party Pack - PlayStation 4,,v1|115307294496|0,The Jackbox Party Pack 7  (Playstation 4) PS4 - DISC SOUNDS LOOSE,Brand New,Video Games; Video Games & Consoles,139973; 1249,margy217,PS 4,The Jackbox Party Pack 7,NTSC-U/C (US/Canada),,,,,Probable Match,Probable Match,,,volume/episode/part mismatch,no current deterministic rule covers pattern,title_plus_item_specifics_or_category,1a78e681-35e0-4083-96a9-b7ea93e4f63d,8989f6e8-09b4-4919-be63-53a3ee52ed3f,673aeab3-d10e-4272-8fc1-b41e655ee5f5
230,0f04652c-5c7a-47b8-8be7-065d555b3122,2026-07-19T22:52:16.696233+00:00,non_north_american_version,,B00E8RVOFG,Tales of Xillia 2 - PlayStation 3,,v1|226402449720|0,NEW sealed TALES OF XILLIA 2 ps3 PLAYSTATION 3 japan ASIA import JAPANESE rpg,Brand New,Video Games & Consoles; Video Games,139973,xeean,PS 3,Tales of Xillia 2,Region Free; Japan,,,,2003,Probable Match,Probable Match,,,non_north_american_version,no current deterministic rule covers pattern,title_plus_item_specifics_or_category,d9172c50-5eae-4a16-b2ea-ce18967df99a,21a6d8a3-3107-4848-b321-d944eca5f265,2a4e166a-17fc-457a-aad5-e04f0385a1fc
231,93af477d-b16e-45d1-b070-87371fecd43a,2026-07-19T22:52:07.464729+00:00,wrong_edition_version,,B00D7UHT0E,Just Dance 2014 - Nintendo Wii,,v1|157671046369|0,Just Dance Kids 2014 Nintendo Wii Brand New Factory Sealed,Brand New,Video Games; Video Games & Consoles,139973; 1249,skatermcghee,Wii,Just Dance Kids 2014,NTSC-U/C (US/Canada),,,,2013,Probable Match,Probable Match,,,item-specific Game Name or Edition conflict,no current deterministic rule covers pattern,title_plus_item_specifics_or_category,b4c819d9-63d4-4ed8-87c5-6f95be531fcc,6caf3993-828e-4c9e-aa56-b5627b34a6eb,5780ff2c-7316-44b7-baa6-f5257213fd7b
232,33ad4713-a68d-4b63-8636-811c53168fb3,2026-07-19T22:50:41.784678+00:00,missing_shrink_wrap,,B01EQKRTM6,Star Fox Zero,,v1|227425954572|0,Star Fox Zero and Guard Nintendo (Sealed) Wii U 2016,Brand New,Video Games; Video Games & Consoles,139973; 1249,cybermousey7,Wii U,Star Fox Zero + Star Fox Guard,NTSC-U/C (US/Canada),,,Manual Included,2016,Probable Match,Probable Match,,,missing_shrink_wrap,evidence exists only in images,image_or_operator_visual_review,69c565df-6da8-4977-93cd-e0639ebbee07,bac65188-ff01-4422-aa26-fdfed7100f8b,a41554b9-abbf-455b-bae6-ce22dbcdbbc7
233,951636ff-995e-43c8-a6a0-4ef27eb12a9a,2026-07-19T22:50:22.689795+00:00,wrong_edition_version,,B00498RQEW,You Don't Know Jack,,v1|267688352154|0,You Don't Know Jack CD 1998 Original Irreverent Quiz Show Party Game,Brand New,Music; CDs,176984,kreuternjd311,,,United States,CD,PC CD-ROM Game,,1998,Probable Match,Probable Match,,,volume/episode/part mismatch,evidence unavailable before detail but available afterward,title_plus_item_specifics_or_category,4e46c5fb-a581-40d2-9e49-5d98b980d383,7c23c3e2-1f4c-4984-9ba2-6e776db1c61e,9d4b0b74-4241-4c3d-9dec-c84fb2366fb1
234,ae89d21a-f7dd-42d4-ae1f-1bf00ca077f3,2026-07-19T22:50:22.339185+00:00,wrong_edition_version,,B00498RQEW,You Don't Know Jack,,v1|303097763971|0,"You Don't Know Jack, sealed U.S. cd rom game",Brand New,Music; CDs,176984,streethassle4lou,,,,,Album,,,Probable Match,Probable Match,,,unclear/insufficient evidence,evidence unavailable before detail but available afterward,title_plus_item_specifics_or_category,74dabda6-42b4-4d99-89c9-d518f6886c7a,fd3e3535-65eb-403e-8a85-34142973507a,79ba9fa4-c7fa-40be-b392-6fd366a7de18
235,b941c278-fbad-4acf-90a5-83f6d1f5511b,2026-07-19T22:50:22.004038+00:00,wrong_edition_version,,B00498RQEW,You Don't Know Jack,,v1|355243822902|0,Vintage 1998 You Don’t Know Jack Volume 2 Sealed NEW,Brand New,Computers; Tablets & Networking; Software; Other Computer Software,182,interestingtreasures11,,,,,Trivia,,,Probable Match,Blocked,numeric sequel/year mismatch,,volume/episode/part mismatch,current rule should already block,title_only,5520add7-a223-4aa5-b4fd-8f4f32513dda,f25ce717-69ee-4133-9e6c-a0b509d6dc75,000153e3-1e69-4f8a-b8e4-8486120b22a9
236,2fd12732-73d2-49cf-8ad9-2a5041813b53,2026-07-19T22:50:21.634463+00:00,wrong_edition_version,,B00498RQEW,You Don't Know Jack,,v1|196146431509|496714916572,Custom PlayStation 1 (PS1) Memory Card Stickers - Catalog #2 - You Pick!,New,Art; Art Prints,360,buy_d_sticker,PS,,United States,,,,,Probable Non-Match,Probable Non-Match,,weak meaningful title overlap,unclear/insufficient evidence,current rule produces review/probable non-match,title_plus_item_specifics_or_category,79eea4d9-41a6-4f5f-b62b-b9a301a69490,9cb33bc0-aa8a-498b-980f-6e349bda7762,822dfdd2-db57-4ac1-98e1-d8cd1ae4cab7
237,0af28af6-9fa0-46e6-9d48-049280bd53b4,2026-07-19T22:48:42.268339+00:00,nfr,,B0010YOQJQ,Lego Indiana Jones: The Original Adventures,,v1|178078826851|0,Lego Indiana Jones The Original Adventures/Kung Fu Panda XBOX 360 SEALED/NEW,Brand New,Video Games; Video Games & Consoles,139973; 1249,shannonistraveling,Xbox 360,LEGO Indiana Jones: The Original Adventures,NTSC-U/C (US/Canada),,,,,Probable Match,Probable Match,,,nfr,operator dismissal may be ambiguous or business/system,title_plus_item_specifics_or_category,aff0c689-948a-4109-9009-90b5d942ff2f,1128427a-639e-46cf-9eab-9a94d985e619,c439f685-39e4-4d70-a5bb-57a668f613a2
238,4612759a-d159-4c8d-b84a-d5c01278d809,2026-07-19T22:48:32.996343+00:00,nfr,,B0010YOQJQ,Lego Indiana Jones: The Original Adventures,,v1|267433194435|0,LEGO Indiana Jones The Original Adventures & Kung Fu Panda Bundle Xbox 360 NEW,Brand New,Video Games; Video Games & Consoles,139973; 1249,toby7198,Xbox 360,INDIANA JONES ORIGINAL ADVENTURES/KUNG FU PANDA,,,,,,Probable Match,Probable Match,,,nfr,operator dismissal may be ambiguous or business/system,title_plus_item_specifics_or_category,09ed2bd8-558e-4301-b6b8-241467427d07,d60cec26-7e74-4c5a-9eb4-962d84ac04d2,365f55f2-87d3-4504-a9ce-f43a3c837dc5
239,61cc0e7a-451b-473f-9bb9-797244bf75a8,2026-07-19T22:48:09.345985+00:00,missing_shrink_wrap,,B0010YOQJQ,Lego Indiana Jones: The Original Adventures,,v1|376160020653|0,XBOX 360 LEGO Indiana Jones The Original Adventures,Brand New,Video Games & Consoles; Video Games,139973,lanay1887,Xbox 360,LEGO Indiana Jones: The Original Adventures,United States,,,,,Probable Match,Probable Match,,,missing_shrink_wrap,evidence exists only in images,image_or_operator_visual_review,4d5211d4-b900-47f4-94b0-bab96113c602,38d65417-6ee2-40eb-a1a1-a52439e48d0f,15c8383c-6561-43e7-a295-f3da06655dc1
240,454f006f-6fb0-4a4f-ad95-3c334c78073f,2026-07-19T22:47:40.163895+00:00,wrong_product,,B0010YOQJQ,Lego Indiana Jones: The Original Adventures,,v1|257357764096|0,Xbox 360 Lego Indiana Jones: The Original Adventures & Kung Fu Panda NEW SEALED!,Brand New,Video Games; Video Games & Consoles,139973; 1249,coupleofdeals,Xbox 360,LEGO Indiana Jones and Kung Fu Panda Dual Pack,NTSC-U/C (US/Canada); Singapore,,,Manual Included,2008,Probable Match,Probable Match,,,eBay item-specific Game Name conflict,no current deterministic rule covers pattern,title_plus_item_specifics_or_category,5bb759ec-21d7-4731-8d52-2db41d66a2e8,73fbf788-e8c2-48fc-b066-dae9e338d4a5,cb0ce9d2-0efd-45bb-bae9-9de5ed948cea
241,7e17f874-3d89-43be-abb1-f807f33aca3a,2026-07-19T22:47:34.354114+00:00,missing_shrink_wrap,,B000TG72PG,The Elder Scrolls IV: Oblivion - Game of the Year Edition,,v1|358717129793|0,The Elder Scrolls IV: Oblivion - Game of the Year Edition - Xbox 360,Brand New,Video Games & Consoles; Video Games,139973,jua-9186,Xbox 360,The Elder Scrolls IV: Oblivion,NTSC-U/C (US/Canada); United States,,,"Game Of The Year Edition, Manual Included, Map Included",2007,Probable Match,Probable Match,,,missing_shrink_wrap,evidence exists only in images,image_or_operator_visual_review,400e08ea-177e-4c35-88ce-33bc522f58f0,4aebd6fd-3bd4-41ef-8e50-3d0d06bae7a4,c8106452-57b2-4a67-9c31-d62208e86af6
242,651fca3b-c8c6-4d10-ad9d-03d1a33d62b7,2026-07-19T22:47:24.334959+00:00,missing_shrink_wrap,,B000P0QIM4,Madden NFL 08 - PlayStation 2,,v1|336681953884|0,Madden NFL 08 (Sony PlayStation 2),Brand New,Video Games; Video Games & Consoles,139973; 1249,stba_1385,PS 2,Madden NFL 08,NTSC-U/C (US/Canada); United States,,,Manual Included,2008,Probable Match,Probable Match,,,missing_shrink_wrap,evidence exists only in images,image_or_operator_visual_review,26b496e1-756c-49bf-81a2-690cf972e69c,e9f524df-bc96-4a11-9639-a1dccdbeb743,b06eed97-bde7-4729-9a13-9729be93f5e2
243,292d1ed1-467a-4d69-a370-e1ea53321f3d,2026-07-19T22:47:10.717455+00:00,wrong_edition_version,,B07SVNLBY9,Marvel's Avengers (Xbox One),,v1|387926566559|0,"LEGO Marvel's Avengers (Microsoft Xbox One, 2016) - Sealed",Brand New,Video Games; Video Games & Consoles,139973; 1249,benbeccajay,Xbox One,LEGO Marvel's Avengers,NTSC-U/C (US/Canada); United States,,,"Manual Included, Multiplayer",2021,Probable Match,Probable Match,,,item-specific Game Name or Edition conflict,evidence unavailable before detail but available afterward,title_plus_item_specifics_or_category,7b1a917c-b936-4813-ac38-4106d203275e,709c44f4-9495-47fe-bcc4-e4e4dc9756b2,e3f26ff6-0053-4959-a077-aaa8f623228f
244,9b77140f-522c-4630-aaa2-9920bb09df51,2026-07-19T22:45:58.95421+00:00,sales_velocity_too_low,,B01MRWP3ZE,Yooka-Laylee - Xbox One,,v1|336656856307|0,"Yooka-Laylee (Microsoft Xbox One, 2017)",Brand New,Video Games; Video Games & Consoles,139973; 1249,plagolemminiatures,Xbox One,Yooka-Laylee,,,,,2017,Probable Match,Probable Match,,,sales_velocity_too_low,operator dismissal may be ambiguous or business/system,title_plus_item_specifics_or_category,c725c81e-c638-4346-b0e2-3d0c6a2734b9,19a1ce67-dfbd-461c-884e-ac63e25a397f,f0bd50da-6de4-4c4c-afec-34cd26753f79
245,fa7f8760-243c-4caa-958e-fe8f9f48a098,2026-07-19T22:45:58.508954+00:00,sales_velocity_too_low,,B01MRWP3ZE,Yooka-Laylee - Xbox One,,v1|197034288120|0,"Yooka-Laylee (Microsoft Xbox One, 2017) New Still Sealed",Brand New,Video Games; Video Games & Consoles,139973; 1249,dustyelephant21,Xbox One,Yooka-Laylee,,,,,2017,Probable Match,Probable Match,,,sales_velocity_too_low,operator dismissal may be ambiguous or business/system,title_plus_item_specifics_or_category,46ce0329-d8f9-4c7f-9780-beace78c3661,98020cde-5522-4fd6-9196-575b872934e3,f3eca7ed-1c99-433d-9da0-772c10b5dd5b
246,62df331f-91a8-454d-b168-f8762d9e866b,2026-07-19T22:44:59.895806+00:00,wrong_edition_version,,B00M3D8IYM,Doom - PlayStation 4 [video game],,v1|168465298150|0,Doom 3 VR Edition - Playstation 4 PSVR,Brand New,Video Games; Video Games & Consoles,139973; 1249,goodwillrs,PS 4,Doom 3 VR Edition - Playstation 4 PSVR,,,,,,Probable Match,Probable Match,,,item-specific Game Name or Edition conflict,no current deterministic rule covers pattern,title_plus_item_specifics_or_category,2760876c-e707-4d1f-993e-818b13079753,7cac94ca-99d1-4a91-8a55-fa128f742b5f,f803e651-ece2-40b5-bc80-50ecee92aab4
247,9ea55981-9163-449e-bbcf-97dcc6596f25,2026-07-19T22:41:57.409189+00:00,missing_shrink_wrap,,B01F9HMO2K,Battlefield 1 - PlayStation 4,,v1|168313531540|0,"Electronic Arts Battlefield 1 PS4 Shooter, War, M-Mature, Manual Included",Brand New,Video Games; Video Games & Consoles,139973; 1249,omvas_48,PS 4,Battlefield 1,United States,,,Manual Included,,Probable Match,Probable Match,,,missing_shrink_wrap,evidence exists only in images,image_or_operator_visual_review,761a8aaf-1cce-42d7-b08c-3647f543275d,3cc5e764-5ace-448d-8a18-bdb31649d8b0,b7151f8e-70c3-459b-a96d-e34d7eb29f42
248,f1cd5e73-07d9-4f3c-97eb-1e0de5495609,2026-07-19T22:41:40.335889+00:00,wrong_edition_version,,B01MTQWAFN,Watch Dogs 2 Xbox One,,v1|167011288348|0,Watch Dogs Legion Xbox One Xbox Series X - Brand New Sealed,Brand New,Video Games; Video Games & Consoles,139973; 1249,storm-101,"Xbox Series X, Xbox One",,,,,,,Probable Match,Probable Match,,,unclear/insufficient evidence,no current deterministic rule covers pattern,title_plus_item_specifics_or_category,280a2d2c-6694-4eda-abba-11b244e5cae8,75d8a18f-e95d-4cd4-8eb6-c454b0c1b3d7,3cc0186f-bbd8-40ad-b0ed-f5a911232562
249,87f08312-1aaf-442f-801f-4290e98e94b5,2026-07-19T22:41:11.838883+00:00,packaging_damage,,B002I0K3Z2,Dance Central 3 [video game],,v1|177427117585|0,Dance Central 3 - Microsoft Xbox 360 - Broken case,Brand New,Video Games; Video Games & Consoles,139973; 1249,timothyz,Xbox 360,Dance Central 3,,,,,,Probable Match,Probable Match,,,packaging_damage,evidence exists only in images,image_or_operator_visual_review,5d0ab4e4-e05f-4eb3-9e47-b3ece4e1ba53,808e7f85-279c-4c71-bdf7-7517fae1314e,6b386cab-1ba0-40b5-9399-9ae2405f52d7
250,8106e0c1-7394-44c1-be45-e9095f173d74,2026-07-19T22:39:47.460161+00:00,missing_shrink_wrap,,B006ZPAYMI,Kinect Rush: A Disney Pixar Adventure - Xbox 360 [Xbox 360],,v1|157993544616|0,"KINECT Rush a Disney Pixar Adventure Video Game Xbox 360 Disc, Manual & Case",Brand New,Video Games; Video Games & Consoles,139973; 1249,kellioppi,Xbox 360,Kinect Rush: A Disney Pixar Adventure,NTSC-U/C (US/Canada); United States,,,,,Probable Match,Blocked,non-US item location,,missing_shrink_wrap,current rule should already block,image_or_operator_visual_review,6914bac5-ee86-4023-9d48-5b58f7b248e6,bca8bb63-9b8a-4933-a224-19afe3f49728,5e247395-3417-41c5-b6dc-731094954530
251,0c42707b-be4e-4a4f-9df0-43f08b425781,2026-07-19T22:39:32.239105+00:00,non_north_american_version,,B018F6NVFQ,Granblue Fantasy: Versus [video game],,v1|235777929506|0,Granblue Fantasy Versus Asia Chinese subtitle Day One Ediiton PS4 Region Free,Brand New,Video Games & Consoles; Video Games,139973,stephen_trip,PS 4,Granblue Fantasy,Region-Free,Physical Disc with game case,,,2020,Probable Match,Probable Match,,,non_north_american_version,no current deterministic rule covers pattern,title_plus_item_specifics_or_category,cad27254-4cd7-43d5-b4e8-d9e619bf6f3a,197ffe77-b3e1-4a77-8fc3-59a9bf532e56,ccfce0e5-3786-470b-a4ac-e20b9d1cd41d
252,e87b1f4e-948c-4e7f-b2ca-ccfac8a0ca47,2026-07-19T22:25:25.172611+00:00,missing_shrink_wrap,,B00KO97D8Y,Homefront: The Revolution - Xbox One [video game],,v1|206405882726|0,Homefront: The Revolution - Microsoft Xbox One - CIB Complete - Tested,Brand New,Video Games & Consoles; Video Games,139973,bestbuysells,Xbox One,Homefront: the Revolution,NTSC-U/C (US/Canada); United States,,,,2016,Probable Match,Probable Match,,,missing_shrink_wrap,evidence exists only in images,image_or_operator_visual_review,e2501042-98a3-426d-9f03-b599004d9bb5,40415b28-3433-4102-8e28-f8456eca442f,75e0cd2d-d1fc-4ffb-9d76-75fa4fd44ffb
253,8acdce5a-c8ca-4eaf-98ef-e36bb9dc8eb8,2026-07-19T22:25:12.172605+00:00,wrong_product,,B000N4MSAS,Brothers In Arms: Hell's Highway - Playstation 3,,v1|133186286580|0,Brothers In Arms Hell's Highway Prima Official Game Guide For XBOX 360 PS3 PC,Brand New,Books & Magazines; Books,261186,myway444,"Xbox 360, PS 3, PC",Brothers in Arms: Hell's Highway,,Paperback,Strategy Guide,,,Probable Non-Match,Blocked,accessory/not game: type: Strategy Guide; eBay category is not Video Games software,candidate lists multiple platforms including PS 3,strategy guide/manual/book,current rule should already block,title_only,ad46d56d-8791-48a4-949f-2ee0f142b650,80b84c5f-e78f-488d-8594-ca04b0a8f5a0,9ee2fa42-75c5-46b0-b8a5-02dd200ed086
254,ed56811e-cc90-4da2-9072-17e76c66d87c,2026-07-19T22:25:01.204511+00:00,wrong_product,,B00KWFCV32,Splatoon,,v1|317995505509|0,"Splatoon 17"" Foil Balloon (Packaged)",New,Home & Garden; Greeting Cards & Party Supply; Party Supplies; Balloons,26384,causes-4-celebrations,,,,,Foil Balloon,,,Probable Match,Probable Match,,,title ambiguity from a short/generic game name,no current deterministic rule covers pattern,title_plus_item_specifics_or_category,91f22b76-edfb-44ed-941e-70e471735f4b,3297be14-0a7b-48aa-97a5-ff984a736bd2,2766bba6-60cd-4d38-80f1-436eb4c0122b
255,20e3bf72-530d-45e0-a26d-7e06f36c23c3,2026-07-19T22:24:53.241185+00:00,wrong_product,,B00168ESPI,Deca Sports,,v1|236828648990|537291627398, Ready to Apply DIY Made to Order Iron On Custom Vinyl Deca|TREE 🎄 DESIGN Adida,New,Crafts; Fabric Painting & Decorating; Fabric Transfers,31730,diyvinyldecalcreations,,,United States,,Iron-On,,,Probable Match,Blocked,excluded keyword: steam; digital/download listing: steam,,title ambiguity from a short/generic game name,current rule should already block,title_only,4ebdd439-5da6-4bbb-b74c-18b7337857c7,2e03d3a4-a1bb-4f18-b254-34579cee06b6,d5f6f110-b5af-4fd8-9111-461543f040d4
256,cee9f5d0-b484-40d4-a891-7836182fc6e1,2026-07-19T22:24:52.932445+00:00,wrong_product,,B00CXCCH1I,UFC,,v1|265127871481|0,Derek Brunson 2017 Topps Chrome UFC,,"Sports Mem, Cards & Fan Shop; Sports Trading Cards; Trading Card Singles",261328,colorockies,,,United States,,Sports Trading Card,,,Probable Match,Blocked,"accessory/not game: topps, type: Sports Trading Card; eBay category is not Video Games software",,toy/figure/card,current rule should already block,title_only,37e4bab8-180a-427b-aff6-a5f996b315c7,b27ae992-0ad1-43f2-973b-b02972cb0e20,d26c7861-f40b-4c78-b61b-91a8a8f0880f
257,5fc15180-3e11-4fcf-908c-7ae71e14d01f,2026-07-19T22:24:52.620585+00:00,wrong_product,,B00CXCCH1I,UFC,,v1|316649146883|0,LOT OF (2) 2022 UFC Paul Craig RC's Rookie - Base Prizm + Select Prizm,New,"Sports Mem, Cards & Fan Shop; Sports Trading Cards; Trading Card Lots",261329,dankee1375,,,,,Sports Trading Card,"Base Set, Rookie",,Probable Match,Blocked,accessory/not game: type: Sports Trading Card; eBay category is not Video Games software,,toy/figure/card,current rule should already block,title_only,83f46889-381d-4267-b06d-d5ba16cbb0e5,30fcbbc4-a26a-4470-8481-1edc3540b5ed,c514e43c-187f-4159-9087-2bfd8f8fc5b7
258,ae930973-c929-482d-abb7-34a70d03a01f,2026-07-19T22:24:52.250664+00:00,wrong_product,,B00CXCCH1I,UFC,,v1|116145055838|0,2023 Jessica Andrade Panini Card UFC,New,"Sports Mem, Cards & Fan Shop; Sports Trading Cards; Trading Card Lots",261329,thejawas,,,United States,,Sports Trading Card,,,Probable Match,Blocked,"accessory/not game: panini, type: Sports Trading Card; eBay category is not Video Games software",,toy/figure/card,current rule should already block,title_only,153f8545-2e08-4502-b7f1-3d340bd600eb,8c29ff93-eb0a-4bd3-9518-66bc9c3b9c39,c1af93b7-fb8d-4811-89de-e257c4314d4e
259,647fd8cb-1db8-416f-8b4b-96b4b5409d8c,2026-07-19T22:24:36.233731+00:00,wrong_product,,B0009Z3HYW,Gun - PlayStation 2 [video game],,v1|325831042926|0,Top Gun Sony PlayStation 2 PS2 BRAND NEW SEALED,Brand New,Video Games & Consoles; Video Games,139973,mywholevideogamecollection,PS 2,Top Gun (2007),NTSC-U/C (US/Canada); United States,,,"Manual Included, Black Label",2007,Probable Match,Probable Match,,,eBay item-specific Game Name conflict,no current deterministic rule covers pattern,title_plus_item_specifics_or_category,70df39a7-9e47-4c10-bd5a-c1bea3c6d08c,927b32b3-8a13-490a-8ca2-5fc9b985e73a,7f0c1375-113a-48a8-a68f-6bc1fa4c0759
260,3130cfb3-113a-4fa2-ad5e-e1ef03a1fe73,2026-07-19T22:24:35.933403+00:00,wrong_product,,B0009Z3HYW,Gun - PlayStation 2 [video game],,v1|225590343059|0,Top Gun Combat Zones (PLAYSTATION 2 PS2) Brand New Factory Sealed,Brand New,Video Games & Consoles; Video Games,139973,dazzaj3,PS 2,Top Gun: Combat Zones,NTSC-U/C (US/Canada),,,,2001,Probable Match,Probable Match,,,eBay item-specific Game Name conflict,no current deterministic rule covers pattern,title_plus_item_specifics_or_category,4faa8f26-b830-4490-b818-7f2ae2c1a78c,eb6760d8-eb99-4425-98ba-76fad5957e73,c7ed555b-f359-41f3-9a55-5b09ed90bc35
261,90bb67e0-d44f-4bb6-8a22-2e6bd89f6d47,2026-07-19T22:24:35.637249+00:00,wrong_product,,B0009Z3HYW,Gun - PlayStation 2 [video game],,v1|226954457635|0,"Top Gun Combat Zones (Sony PlayStation 2, 2001) PS2 - Complete - NEW/SEALED",Brand New,Video Games & Consoles; Video Games,139973,lviv20,PS 2,Top Gun: Combat Zones,NTSC-U/C (US/Canada); Unknown,,,,2001,Probable Match,Probable Match,,,eBay item-specific Game Name conflict,no current deterministic rule covers pattern,title_plus_item_specifics_or_category,b8515fdd-c354-4d74-9b9c-a51003b56aba,87783b56-0f4f-4358-873b-51a7abd340a1,4aa92680-1662-40e3-a906-79c84cbf414a
262,e1242a2e-13cb-4da5-b6b0-a19c519d61a3,2026-07-19T22:24:35.302756+00:00,wrong_product,,B0009Z3HYW,Gun - PlayStation 2 [video game],,v1|156271810319|0,NRA Gun Club Black Label PlayStation 2 PS2 Brand New Sealed,Brand New,Video Games & Consoles; Video Games,139973,your_turn2play,PS 2,Nra Gun Club,NTSC-U/C (US/Canada),,,,,Probable Match,Probable Match,,,eBay item-specific Game Name conflict,no current deterministic rule covers pattern,title_plus_item_specifics_or_category,2b84bc05-6631-4561-8123-7dbc506eb467,ed68761e-0d1e-432b-9c92-970b5ce0f7a3,610c81d6-b4a0-4bf3-b7ed-61df7c308c00
263,212b763f-9e4a-43c5-b874-25503743a002,2026-07-19T22:24:35.004794+00:00,wrong_product,,B0009Z3HYW,Gun - PlayStation 2 [video game],,v1|188631816856|0,"NRA Gun Club (PlayStation 2, 2006) New Factory Sealed - Free Ship",Brand New,Video Games & Consoles; Video Games,139973,secondchancegaming,PS 2,Nra Gun Club,NTSC-U/C (US/Canada),,,,2006,Probable Match,Probable Match,,,eBay item-specific Game Name conflict,no current deterministic rule covers pattern,title_plus_item_specifics_or_category,0d326cc7-6217-422a-a62a-70f81b10ce84,095fc90d-77e5-45ba-8f35-ffa0f1df9742,fdc9e054-accf-45c9-a248-50eb5e152b39
264,2d22f36a-0c37-4a3a-bc8d-e98861e91bfb,2026-07-19T22:24:34.526758+00:00,wrong_product,,B0009Z3HYW,Gun - PlayStation 2 [video game],,v1|236226815464|0,Top Gun: Combat Zones Black Label Titus Sony Playstation 2 PS2 Brand NEW SEALED!,Brand New,Video Games & Consoles; Video Games,139973,silvermermaidus,PS 2,Top Gun: Combat Zones,NTSC-U/C (US/Canada),,,,,Probable Match,Probable Match,,,eBay item-specific Game Name conflict,no current deterministic rule covers pattern,title_plus_item_specifics_or_category,25e2c70d-b4bc-42cc-8ae6-8dec46a41d9f,e6989b7a-fe2e-4734-af5c-ebc28e679a16,241dec28-0ca1-49d7-a095-246713aecbd5
265,e4949cc3-bfe7-443a-aef5-ccde14f8f3c5,2026-07-19T22:24:34.189487+00:00,wrong_product,,B0009Z3HYW,Gun - PlayStation 2 [video game],,v1|336488935746|0,Top Gun Combat Zones - Sony PlayStation 2 - New Sealed,Brand New,Video Games & Consoles; Video Games,139973,blueridgecare,PS 2,Top Gun,United States,,,,,Probable Match,Probable Match,,,eBay item-specific Game Name conflict,no current deterministic rule covers pattern,title_plus_item_specifics_or_category,e6ca64d8-0c2c-4d13-b6c1-75252e72482c,f8737f89-b4cc-49f2-be4b-d354e211c52b,a8cbb9f2-2db6-4bb5-a453-fcd4e140480b
266,8d3048ac-ab0d-473b-98a4-d6e10cd305a0,2026-07-19T22:24:33.892355+00:00,wrong_product,,B0009Z3HYW,Gun - PlayStation 2 [video game],,v1|187774958715|0,"Top Gun: Combat Zones (Sony PlayStation 2, 2001) BRAND NEW💥",Brand New,Video Games & Consoles; Video Games,139973,keemy8688,PS 2,Top Gun,,,,,2001,Probable Match,Probable Match,,,eBay item-specific Game Name conflict,no current deterministic rule covers pattern,title_plus_item_specifics_or_category,41b8aca6-6407-406d-9c90-003e1bf6c230,db5d4522-8d1b-47f1-a0e7-2d3dd4409bbe,0f8de41d-2172-4c15-ade7-220e1e3872b6
267,9d26318a-bc90-4bac-ae35-9be30e5d3ea0,2026-07-19T22:24:33.597459+00:00,wrong_product,,B0009Z3HYW,Gun - PlayStation 2 [video game],,v1|336041655650|0,"New Sealed, Top Gun: Combat Zones (Sony PlayStation 2 PS2, 2001)  Free Shipping!",Brand New,Video Games & Consoles; Video Games,139973,miksclafan-0,PS 2,Top Gun: Combat Zones,,,,,2001,Probable Match,Probable Match,,,eBay item-specific Game Name conflict,no current deterministic rule covers pattern,title_plus_item_specifics_or_category,a8538b48-e496-4b7d-84ed-a6286075410b,5c231de4-5de0-4400-adac-2c1b051e0926,a7fae350-1169-4120-817b-3409977e6b80
268,c005c2fc-c41c-40f7-b813-90fe2376417d,2026-07-19T22:24:33.294962+00:00,wrong_product,,B0009Z3HYW,Gun - PlayStation 2 [video game],,v1|385220249435|0,Top Gun Combat Zones (PLAYSTATION 2 PS2) Factory Sealed Brand New,Brand New,Video Games & Consoles; Video Games,139973,the-king-at-game-king,PS 2,Top Gun: Combat Zones,NTSC-U/C (US/Canada),,,,2001,Probable Match,Probable Match,,,eBay item-specific Game Name conflict,no current deterministic rule covers pattern,title_plus_item_specifics_or_category,d005399a-8567-43cb-9967-0748d14fcf9f,41fecc6e-6e26-439c-9570-3bdbeb610801,770a86a3-6bff-4827-996b-0b0280ae9b4c
269,69f0e665-ce13-4de6-a76e-63c37abb801b,2026-07-19T22:24:32.972591+00:00,wrong_product,,B0009Z3HYW,Gun - PlayStation 2 [video game],,v1|127725751371|0,Top Gun - Sony PlayStation 2 - SEALED,Brand New,Video Games & Consoles; Video Games,139973,00converge00,PS 2,Top Gun,,,,,,Probable Match,Probable Match,,,eBay item-specific Game Name conflict,no current deterministic rule covers pattern,title_plus_item_specifics_or_category,96025f93-2ce6-4207-a79d-0526d33f55cd,271a635a-79e9-4dba-8ec4-ad8960374f20,388192f1-f38e-44f4-ae93-89d4666254fe
270,1c71ab8b-decd-4e23-812e-13d25e378a93,2026-07-19T22:24:32.656904+00:00,wrong_product,,B0009Z3HYW,Gun - PlayStation 2 [video game],,v1|198476050685|0,Top Gun Combat Zones - Sony PlayStation 2 PS2 (2001) Complete w/ Manual Flight,Brand New,Video Games & Consoles; Video Games,139973,bammakk,PS 2,Top Gun Combat Zones,NTSC-U/C (US/Canada); USA,,,"Manual Included, Multiplayer, Vibration Function",2001,Probable Match,Probable Match,,,eBay item-specific Game Name conflict,no current deterministic rule covers pattern,title_plus_item_specifics_or_category,21ade990-2420-42a0-9ee2-f85a50307123,c399a544-1554-4f5a-98ec-c95739a45226,1171cbf0-bc4e-4253-b910-8a8c296605c7
271,ab1042d4-2052-4e91-b410-5438a49be1b6,2026-07-19T22:24:32.332999+00:00,wrong_product,,B0009Z3HYW,Gun - PlayStation 2 [video game],,v1|406634720627|0,"Top Gun: Combat Zones (Sony PlayStation 2, 2001) SEALED",Brand New,Video Games & Consoles; Video Games,139973,glassexpress.usa,PS 2,Top Gun: Combat Zones,,,,,2001,Probable Match,Probable Match,,,eBay item-specific Game Name conflict,no current deterministic rule covers pattern,title_plus_item_specifics_or_category,9dc11667-81fb-4b88-ac22-6f0a45ff7f01,217f33a0-8049-4288-bba6-f840da418ba8,9484c59f-9599-4834-9764-d4777b1d627f
272,742b4cb0-3f3d-4373-8965-bb857a2c7f54,2026-07-19T22:24:32.029672+00:00,wrong_product,,B0009Z3HYW,Gun - PlayStation 2 [video game],,v1|358277331857|0,"Top Gun: Combat Zones (Sony PlayStation 2, 2001) BRAND NEW UPC Punched",Brand New,Video Games & Consoles; Video Games,139973,rb0402,PS 2,Top Gun,,,,,2001,Probable Match,Probable Match,,,eBay item-specific Game Name conflict,no current deterministic rule covers pattern,title_plus_item_specifics_or_category,8259f3f5-93d4-408b-be78-73927b471c81,6240f242-c5ca-4519-bb89-5ce9b1e915cf,3004513f-52f4-4a5d-a59b-61a8c20db4d2
273,a3a7e8d1-13fb-4287-a794-8fa157c9dbfd,2026-07-19T22:24:31.72715+00:00,wrong_product,,B0009Z3HYW,Gun - PlayStation 2 [video game],,v1|358141112875|0,"NRA Gun Club (Sony PlayStation 2, 2006)",Brand New,Video Games & Consoles; Video Games,139973,ryanscuriosities,PS 2,Nra Gun Club,,,,,2006,Probable Match,Probable Match,,,eBay item-specific Game Name conflict,no current deterministic rule covers pattern,title_plus_item_specifics_or_category,1285bebd-e11c-4b6f-9846-8bbb1c1b0700,de753f31-c323-4294-bfdb-8835fc4e8724,91a5bdef-d4e3-44fe-a423-c87d22580262
274,308604d9-e092-419f-9c9e-4a1e6171f1b2,2026-07-19T22:24:31.397095+00:00,wrong_product,,B0009Z3HYW,Gun - PlayStation 2 [video game],,v1|276837982595|0,Gun Club - Sony PlayStation 2 Brand New Factory Sealed ,Brand New,Video Games & Consoles; Video Games,139973,vassq,PS 2,Gun Club,,,,,,Probable Match,Probable Match,,,eBay item-specific Game Name conflict,no current deterministic rule covers pattern,title_plus_item_specifics_or_category,b0f9644f-02bf-497b-887c-48a39c7f00c4,c7e0b074-3ea6-41bc-bc68-a012ea743690,951ff820-abf7-4133-931b-3164f8341b3b
275,b386e2e9-6469-4543-8863-c15bbd77e883,2026-07-19T22:24:31.087615+00:00,wrong_product,,B0009Z3HYW,Gun - PlayStation 2 [video game],,v1|205804056791|0,Top Gun - Sony PlayStation 2 - seal has some damage ,Brand New,Video Games & Consoles; Video Games,139973,ggclrk,PS 2,Top Gun,,,,,,Probable Match,Probable Match,,,eBay item-specific Game Name conflict,no current deterministic rule covers pattern,title_plus_item_specifics_or_category,b70e00af-82e9-4f6a-8691-a9a3260f7f8e,3a29c1cf-d035-4739-a0a8-cd16b98fe8a3,62c79332-059c-4f4c-a222-ca41c725f7d9
276,568fbbf3-fc91-474b-8d42-e7f5b071163f,2026-07-19T22:24:30.79438+00:00,wrong_product,,B0009Z3HYW,Gun - PlayStation 2 [video game],,v1|146988965191|0,"Top Gun: Combat Zones (Sony PlayStation 2, 2001) NEW/SEALED",Brand New,Video Games & Consoles; Video Games,139973,juhern_9297,PS 2,Top Gun: Combat Zones,NTSC-U/C (US/Canada),,,Manual Included,2001,Probable Match,Probable Match,,,eBay item-specific Game Name conflict,no current deterministic rule covers pattern,title_plus_item_specifics_or_category,aa928c68-4347-4538-b345-a61a4f8f88cc,1052549f-d293-4ca7-8015-cd6820c4d1df,a0de7c21-d668-4493-9a09-a2934f53e085
277,d6ef235c-03c7-4964-8ef5-996ba83158e1,2026-07-19T22:24:30.49254+00:00,wrong_product,,B0009Z3HYW,Gun - PlayStation 2 [video game],,v1|235434948531|0,Top Gun: Combat Zones (PS2 / Playstation 2) NEW *Read Description*,Brand New,Video Games & Consoles; Video Games,139973,popngame,PS 2,Top Gun: Combat Zones,NTSC-U/C (US/Canada),,,,2001,Probable Match,Probable Match,,,eBay item-specific Game Name conflict,no current deterministic rule covers pattern,title_plus_item_specifics_or_category,06a732d2-1d30-4736-bd05-320474821710,8e845b2e-a3a0-4b85-af14-4c5a8b004d0a,66914dac-b260-4a14-964d-9e4ec42975bc
278,bde269e4-35ac-4ddf-b888-c74d2796400f,2026-07-19T22:24:30.157728+00:00,wrong_product,,B0009Z3HYW,Gun - PlayStation 2 [video game],,v1|226282371077|0,PlayStation 2…RARE TOP GUN DEMO DISC,Brand New,Video Games & Consoles; Video Games,139973,jaymac410,PS 2,Top Gun,,,,Demo,,Probable Match,Probable Match,,,eBay item-specific Game Name conflict,no current deterministic rule covers pattern,title_plus_item_specifics_or_category,796469f7-8c7e-422d-bae6-071266135ead,cf720356-08f1-4c69-acdf-1629a781a00a,92a70ceb-2c38-48cd-952e-e9908435ebe8
279,178e0ed8-4f1e-405a-9808-64b255df37e9,2026-07-19T22:24:29.841203+00:00,wrong_product,,B0009Z3HYW,Gun - PlayStation 2 [video game],,v1|336079348182|0,"Top Gun: Combat Zones (Sony PlayStation 2, 2001) sealed NEW",Brand New,Video Games & Consoles; Video Games,139973,ebert00,PS 2,Top Gun,,,,,2001,Probable Match,Probable Match,,,eBay item-specific Game Name conflict,no current deterministic rule covers pattern,title_plus_item_specifics_or_category,b5312a9a-a448-4dfa-9647-3103a5f8e2ca,b7b19044-c73b-4c84-95da-ebcb016ed694,7a54f328-3b4d-41cd-b437-2f905638a583
280,099ae2ba-44cc-433c-ae3b-b756528d58ac,2026-07-19T22:24:29.507951+00:00,wrong_product,,B0009Z3HYW,Gun - PlayStation 2 [video game],,v1|177740396748|0,"Top Gun: Combat Zones (Sony PlayStation 2, 2001) BRAND NEW",Brand New,Video Games & Consoles; Video Games,139973,valcryie,PS 2,Top Gun,,,,,2001,Probable Match,Probable Match,,,eBay item-specific Game Name conflict,no current deterministic rule covers pattern,title_plus_item_specifics_or_category,ca5dbdb5-6d86-4c3c-9c6b-71e5da049f93,4dff8568-bad3-44a6-a6d7-a1583f73c465,756b3c21-fce3-42fa-9f57-1ecea0883377
281,b2e8cc23-a3cf-45fe-9358-e7bc29632976,2026-07-19T22:24:29.160577+00:00,wrong_product,,B0009Z3HYW,Gun - PlayStation 2 [video game],,v1|358562930063|0,"Top Gun: Combat Zones (Sony PlayStation 2, 2001) sealed NEW",Brand New,Video Games & Consoles; Video Games,139973,lazlothrifts,PS 2,Top Gun,,,,,2001,Probable Match,Probable Match,,,eBay item-specific Game Name conflict,no current deterministic rule covers pattern,title_plus_item_specifics_or_category,d72efd28-fd76-44d6-b403-c04311b6cb87,cf084f4e-1efc-4ecf-93d1-b2cdc6ec0ef1,b579522b-20f5-4611-89ed-fc94ff2206ce
282,37991599-87c5-4d4c-9a67-10888f115c00,2026-07-19T22:24:28.842659+00:00,wrong_product,,B0009Z3HYW,Gun - PlayStation 2 [video game],,v1|186711201819|0,PS2 Top Gun Combat Zones Playstation 2,Brand New,Video Games & Consoles; Video Games,139973,rebookseller,PS 2,PS2 Top Gun Combat Zones Playstation 2,,,,,,Probable Match,Probable Match,,,eBay item-specific Game Name conflict,no current deterministic rule covers pattern,title_plus_item_specifics_or_category,77bb1dd1-f168-48a7-acf0-6481b099bb68,951b6ff0-04be-4eff-b3c0-f7377a718e40,5937d04a-17bb-41b8-8bb7-dd9635639e5a
283,0a795fc5-d947-442d-8008-db1ed40e3df8,2026-07-19T22:24:28.524245+00:00,wrong_product,,B0009Z3HYW,Gun - PlayStation 2 [video game],,v1|387798714979|0,"NRA Gun Club Black Label (Sony PlayStation 2, 2006) PS2 Brand New Sealed ",Brand New,Video Games & Consoles; Video Games,139973,retroidgames,PS 2,Nra Gun Club,NTSC-U/C (US/Canada); United States,,,,2006,Probable Match,Probable Match,,,eBay item-specific Game Name conflict,no current deterministic rule covers pattern,title_plus_item_specifics_or_category,260bad52-4373-43f8-8b8a-f8fff4dfe734,aa84590f-76db-4fe1-bcb2-711f424497ab,ae3b06d8-d395-4f08-b90a-e21f2889c3a0
284,f092489e-e2cc-4bdc-ad54-b95abe0fd571,2026-07-19T22:24:28.174966+00:00,wrong_product,,B0009Z3HYW,Gun - PlayStation 2 [video game],,v1|168528448906|0,"Top Gun Combat Zones (Sony PlayStation 2, PS2, 2001) Brand New - Factory Sealed!",Brand New,Video Games & Consoles; Video Games,139973,liquidnostalgia,PS 2,Top Gun,NTSC-U/C (US/Canada); United States,,,,2001,Probable Match,Probable Match,,,eBay item-specific Game Name conflict,no current deterministic rule covers pattern,title_plus_item_specifics_or_category,614946a9-c92d-4e2a-9321-19bb58d8eeef,93caaef7-172e-4ca1-b66b-77cf5a94afb3,6ad74b6e-219c-4b0a-b9e6-b271c85e4011
285,147cf23a-70c6-4bfe-8e57-7bfaf84ecb4e,2026-07-19T22:24:27.688995+00:00,wrong_product,,B0009Z3HYW,Gun - PlayStation 2 [video game],,v1|137364906362|0,"Top Gun: Combat Zones (Sony PlayStation 2, 2007)",Brand New,Video Games & Consoles; Video Games,139973,nired48,PS 2,Top Gun: Combat Zones,NTSC-U/C (US/Canada),,,,2007,Probable Match,Probable Match,,,eBay item-specific Game Name conflict,no current deterministic rule covers pattern,title_plus_item_specifics_or_category,6212cc0b-70b8-4188-bf00-0be9230dd9ba,e9f610b9-bdac-47b5-8679-f0e663ff3091,ab933aca-7042-4c8e-86cb-773aead6dea1
286,bd35808a-73cf-47c0-b43a-06bb6e7d0896,2026-07-19T22:23:36.721476+00:00,wrong_edition_version,,B00CX7FOVS,Madden NFL 25 - Xbox One,,v1|135291810181|0,Electronic Arts Madden NFL 25 (Xbox Series X),Brand New,Video Games; Video Games & Consoles,139973; 1249,vipoutlet,Xbox Series X,,,,,,,Probable Match,Probable Match,,,unclear/insufficient evidence,no current deterministic rule covers pattern,title_plus_item_specifics_or_category,8046f8e0-e147-42be-9843-61081c2c45ed,be11830a-244e-427c-81cd-00a6d2e1c401,c3622ecc-d372-4687-9eb6-1f17b1052247
287,ec66b84c-2492-4ace-8a46-d52a58438059,2026-07-19T22:23:36.429554+00:00,wrong_edition_version,,B00CX7FOVS,Madden NFL 25 - Xbox One,,v1|277834615946|0,EA SPORTS Madden 25 - Xbox Series X/Xbox One - Factory Sealed,Brand New,Video Games; Video Games & Consoles,139973; 1249,svtsupplychainus,"Xbox Series X, Xbox One",,,,,,,Probable Match,Probable Match,,,unclear/insufficient evidence,no current deterministic rule covers pattern,title_plus_item_specifics_or_category,38a9d501-7eb7-4269-bb5b-f41721fac8a5,7e58a04d-06d6-4ba2-a753-71d184b225aa,8fb64312-eacc-4fdb-8914-76f9ff258e03
288,bfd92616-6720-4599-b5d4-33ddf1c1b9ac,2026-07-19T22:23:36.127921+00:00,wrong_edition_version,,B00CX7FOVS,Madden NFL 25 - Xbox One,,v1|267657737573|0,Madden Nfl 25 - Microsoft Xbox Series X|S NEW Factory Sealed,Brand New,Video Games; Video Games & Consoles,139973; 1249,mdavies377,Xbox Series X,,,,,,,Probable Match,Probable Match,,,unclear/insufficient evidence,no current deterministic rule covers pattern,title_plus_item_specifics_or_category,f98c0c08-9556-4fd8-b78c-ecdd4771b23c,e4c24e4b-666f-48d3-8b01-77d024d39771,685c3388-c6e6-4d79-a8fa-7855edd93b8a
289,fba67851-1703-4f69-bc2d-1391fb8260e3,2026-07-19T22:23:35.773605+00:00,wrong_edition_version,,B00CX7FOVS,Madden NFL 25 - Xbox One,,v1|377087640954|0,Madden Nfl 25 - Microsoft Xbox Series X|S,Brand New,Video Games; Video Games & Consoles,139973; 1249,amaatan0,Xbox Series X,,,,,,,Probable Match,Probable Match,,,unclear/insufficient evidence,no current deterministic rule covers pattern,title_plus_item_specifics_or_category,af8efaac-fa2e-4897-b49f-fd39e9e72442,a5d28820-4476-4d03-a6e7-b2d72a091566,d7c3e74c-e914-4a8c-ad4d-69f8e054e3a0
290,d1766ffe-3fe8-4983-95bc-530316bf17de,2026-07-19T22:23:35.34179+00:00,wrong_edition_version,,B00CX7FOVS,Madden NFL 25 - Xbox One,,v1|127909466621|0,Xbox Series X Xbox One EA Sports Madden 25 New/Sealed,Brand New,Video Games; Video Games & Consoles,139973; 1249,shelleyinga,"Xbox Series X, Xbox One",,,,,,,Probable Match,Probable Match,,,unclear/insufficient evidence,no current deterministic rule covers pattern,title_plus_item_specifics_or_category,4b405950-614d-4ebb-8c11-dea2f1943cc0,4f34334f-d706-46c3-b09a-48f214d7f7d0,bc5f0882-f566-4ab2-91d0-66fcb16acc08
291,c40ae484-e549-4f56-bcb7-ff4ace779e8c,2026-07-19T22:21:02.957833+00:00,missing_shrink_wrap,,B00CX7FOVS,Madden NFL 25 - Xbox One,,v1|336640611386|0,EA Sports Madden 25 Disc For Xbox Series X And Xbox One. BRAND NEW,Brand New,Video Games; Video Games & Consoles,139973; 1249,eliz_003,Xbox Series X,Madden NFL 25,,,,Multiplayer,,Probable Match,Probable Match,,,missing_shrink_wrap,evidence exists only in images,image_or_operator_visual_review,1cbe1fcf-8dee-4ec1-866c-60ed52b783f4,4e6d6d94-9459-411e-a463-278f9b996cd8,651689a4-6d0b-4354-a107-3ff8730f85db
292,d3585a7e-3277-42fe-a579-22a2a14a5b4c,2026-07-19T20:15:34.457362+00:00,wrong_product,,B004L4AZ3I,Asphalt 3D,,v1|275982105956|0,HO Slot Car Body - Super Late Model Asphalt - Custom 3D Printed - Tjet,New,Toys & Hobbies; Slot Cars; HO Scale; 1970-Now,2619,msch2318,,,United States,,Body,,,Probable Match,Probable Match,,,bundle containing a different game,no current deterministic rule covers pattern,title_plus_item_specifics_or_category,4dd0bb9b-0e16-432e-90b5-b8c0377b1fd5,9f3b6f82-eb1b-4e07-a835-3013c2490e72,bc28b830-7da3-4bf9-babe-3c2db2a9dc91
293,ffb15471-5f78-47b1-b782-9fa8f677bea4,2026-07-19T20:15:34.107882+00:00,wrong_product,,B004L4AZ3I,Asphalt 3D,,v1|275982105964|0,HO Slot Car Body - Outlaw Super Late Model Asphalt - Custom 3D Printed - Tjet,New,Toys & Hobbies; Slot Cars; HO Scale; 1970-Now,2619,msch2318,,,United States,,Body,,,Probable Match,Probable Match,,,bundle containing a different game,no current deterministic rule covers pattern,title_plus_item_specifics_or_category,700c46b4-9167-483c-9c8d-7f467e20083c,88668733-6747-45e7-b020-92b544ae983a,11f0b4dc-5481-4f04-a61e-c082fb95dd2b
294,708a5717-2bca-44db-b637-ea84379791cc,2026-07-19T20:15:21.770804+00:00,asin_blocked,,B004MXTZQG,Transformers: Dark of the Moon Autobots - Nintendo DS,,v1|147047575553|0,"Transformers: Dark of the Moon - Autobots (Nintendo DS, 2011) BRAND NEW SEALED",Brand New,Video Games & Consoles; Video Games,139973,haveyoumetted,DS,Transformers: Dark of the Moon - Autobots,NTSC-U/C (US/Canada),,,Manual Included,,Blocked,Blocked,unsupported sourcing platform: DS,,asin_blocked,operator dismissal may be ambiguous or business/system,title_plus_item_specifics_or_category,4dd8c4e2-97ab-42a5-a44c-04f2625eccaf,109d2738-8e70-48d2-8eed-08093b2e9316,895ddf30-4648-47a0-ba33-c2af9859e34a
295,35782900-8d71-4955-9b67-472accc62ca4,2026-07-19T20:15:21.312322+00:00,asin_blocked,,B004MXTZQG,Transformers: Dark of the Moon Autobots - Nintendo DS,,v1|134803140305|0,"Transformers: Dark of the Moon Autobots (Nintendo DS, 2011) BRAND NEW AND SEALED",Brand New,Video Games & Consoles; Video Games,139973,3rdeyefind,DS,Transformers: Dark of the Moon - Autobots,NTSC-U/C (US/Canada),,,Manual Included,,Blocked,Blocked,unsupported sourcing platform: DS,,asin_blocked,operator dismissal may be ambiguous or business/system,title_plus_item_specifics_or_category,0f612952-d9ff-447e-96f2-593e4da1273c,9b0a3163-aff0-4e61-bef7-31ed1e53ecd4,ef316f50-95f0-4a5c-b470-7fad357b07eb
296,3596d873-199e-4751-a490-c6674b84a424,2026-07-19T20:15:13.774311+00:00,wrong_edition_version,,B004NRN5DU,Dark Souls - Xbox 360,,v1|395655023276|0,Dark Souls II Xbox 360 Brand New Game Special [2014 Action/Adventure RPG],New,Video Games & Consoles; Video Game Consoles,139971,katerusa1,Xbox 360,,NTSC-U/C (US/Canada),,,,,Probable Match,Probable Match,,,unclear/insufficient evidence,no current deterministic rule covers pattern,title_plus_item_specifics_or_category,72207e96-fc82-462d-8018-24230781f1aa,53561ea4-e353-4fb7-852d-8ee7053dfc5d,464a460b-6e3a-4440-9fae-1f76f81ea5c4
297,16fe96c1-9f1e-49de-8e44-a42e41fe862e,2026-07-19T20:14:50.954425+00:00,wrong_edition_version,,B0050SX1JO,Sports Champions 2,,v1|127894190175|0,Sports Champions (Sony PlayStation 3) PS3 Playstation Move Required - New Sealed,Brand New,Video Games & Consoles; Video Games,139973,bowmangames,PS 3,Sports Champions,NTSC-U/C (US/Canada); United States,,,Manual Included,2012,Probable Match,Probable Match,,,release-year mismatch,no current deterministic rule covers pattern,title_plus_item_specifics_or_category,a66e5141-8339-4ea7-ad7e-96a144c86c84,116e97e6-71e0-4a2b-8219-6cefe18129d6,7e246c0c-4613-4b05-a893-7e2c192fc7b6
298,b205679c-22c0-44c5-ade7-e72ee8c146ab,2026-07-19T20:14:50.638498+00:00,wrong_edition_version,,B0050SX1JO,Sports Champions 2,,v1|389166356575|0,Sports Champions (Sony PlayStation 3) BRAND NEW SEALED,Brand New,Video Games & Consoles; Video Games,139973,tpo.retro,PS 3,Sports Champions,NTSC-U/C (US/Canada); United States,,,Manual Included,2012,Probable Match,Probable Match,,,release-year mismatch,no current deterministic rule covers pattern,title_plus_item_specifics_or_category,4b922184-3162-44ae-9ba7-3959e734e6f1,354609a5-5a2c-4c24-a49a-a3d398e2c08b,643f8a11-caa1-4d94-ad3e-afa1beb22bba
299,5886d6d9-49bf-40bc-b757-f7fb83afd3b9,2026-07-19T20:14:50.278551+00:00,wrong_edition_version,,B0050SX1JO,Sports Champions 2,,v1|376989392023|0,Sports Champions PlayStation 3 PS3 CIB New Sealed Sony,Brand New,Video Games & Consoles; Video Games,139973,douggebhart,PS 3,Sports Champions,NTSC-U/C (US/Canada); United States,,,Manual Included,2010,Probable Match,Probable Match,,,release-year mismatch,no current deterministic rule covers pattern,title_plus_item_specifics_or_category,cf054037-e3b0-421d-b2fa-3c0c9367b269,07c00a40-c778-48d3-969c-abff37b8b8f4,4bf3c064-2d14-45b0-9698-7ea92f1f3936
300,a5e619ec-9259-4bf5-b3be-8c6b9d4e690f,2026-07-19T20:14:43.639666+00:00,wrong_product,,B005187540,Disney Universe - Playstation 3,,v1|165379745100|0,Disney Infinity 2.0 Edition Playstation 3 PS3 Factory Sealed Disc,Brand New,Video Games & Consoles; Video Games,139973,jotymes,PS 3,"Disney Infinity (2.0 Edition), Disney Infinity",,,,,,Probable Match,Probable Match,,,eBay item-specific Game Name conflict,no current deterministic rule covers pattern,title_plus_item_specifics_or_category,c342fa5d-97e7-4a93-915a-0b4a72120101,e2a60e99-2293-4367-8e84-6cf755da23fe,31619ca8-8d0c-4b0c-b5f0-ab57eec649e0
301,5669c04f-2ab2-4959-b680-797976dbf2e2,2026-07-19T20:14:34.217927+00:00,asin_blocked,,B00897Z1L4,Bratz: Fashion Boutique,,v1|298490433318|0,Activision Bratz Fashion Boutique Nintendo DS Standard NEW Factory Sealed,Brand New,Video Games & Consoles; Video Games,139973,myryder2012,DS,Bratz: Fashion Boutique,Japan,,,Manual Included,2012,Blocked,Blocked,unsupported sourcing platform: DS,,asin_blocked,operator dismissal may be ambiguous or business/system,title_plus_item_specifics_or_category,dc09f7f2-f81b-4d9e-8f68-5d0eec980749,3ca5c8b2-55a6-4cda-ab88-37f4c4490871,d0e16b41-eb0c-4c93-a3ae-43da94399d3b
302,d7bd8e59-804d-4a7e-a8c0-bf49a769a24c,2026-07-19T20:14:21.92759+00:00,wrong_platform,,B00897Z1L4,Bratz: Fashion Boutique,,v1|125023419824|0,Bratz Fashion Boutique Nintendo DS 2012 New,Brand New,Video Games & Consoles; Video Games,139973,gameplayvideogames,DS,Bratz: Fashion Boutique,Japan,,,Manual Included,,Blocked,Blocked,unsupported sourcing platform: DS,,wrong_platform,current rule should already block,title_plus_item_specifics_or_category,53daea46-288d-4745-95ab-8e984dea07f0,8882540e-d404-4e10-b6bc-88675a693ef4,a59e83ca-8122-4a42-8db9-a52205e10920
303,59e719fd-55b9-4fb4-91d0-afa4445a003f,2026-07-19T20:14:11.718922+00:00,incomplete_product,,B00B67ZTUW,Tales of Xillia - Playstation 3,,v1|155982553778|0,Tales of Xillia Music CD (SEALD) & Character Book PS3,Brand New,Music; CDs,176984,nicksplace23,PS 3,,,CD,,,,Probable Match,Probable Match,,,incomplete_product,no current deterministic rule covers pattern,title_plus_item_specifics_or_category,04886b58-277c-4526-91a3-3649d25e03ab,74105e73-56a9-4ffb-9b9c-11a9538277c1,9305ced7-22a4-4cfa-ac5f-f3dd64fa6163
304,ba8e5152-b1b8-4d2a-b90f-56364629ce78,2026-07-19T20:14:11.377843+00:00,incomplete_product,,B00B67ZTUW,Tales of Xillia - Playstation 3,,v1|306980117268|0,Tales of Xillia (PS3) - Music CD Sealed Sountrack ONLY Sealed Cardboard Sleeve,Brand New,Music; CDs,176984,the-random-sanctum,PS 3,,,CD,Album,Sealed,,Probable Match,Probable Match,,,incomplete_product,no current deterministic rule covers pattern,title_plus_item_specifics_or_category,0f242f39-019d-4905-b8dd-d05ed0b1fe1f,c53cab7f-8c8e-463b-af2a-31a21978e01f,9544a879-345f-4ebe-bb07-0549f9495639
305,30689927-dcac-4aad-80f7-1f6c4cad11be,2026-07-19T20:14:00.202579+00:00,missing_shrink_wrap,,B00C710AQO,NBA 2K14 - Playstation 3,,v1|176284395155|0,"Good NBA 2K14 (Sony PlayStation 3 PS3, 2013)",Brand New,Video Games & Consoles; Video Games,139973,wynwoodsocialclub,PS 3,NBA 2K14,,,,,,Blocked,Blocked,excluded keyword: download; digital/download listing: download; incomplete listing: no manual,,missing_shrink_wrap,current rule should already block,image_or_operator_visual_review,05354a7a-7c35-4a9f-94e7-c58fb577c675,f7f8eae7-bcf7-4802-b2fd-b02301f6d783,a543260c-aee4-4cf7-b66a-52559dcc40ac
306,b64c3c16-af7b-4fa9-8519-1ece0dac76f3,2026-07-19T20:13:53.272054+00:00,digital_item,,B00CX7FOVS,Madden NFL 25 - Xbox One,,v1|226586953743|0,🔥 Madden NFL 25 Supercharge Packs  Xbox One / Xbox Series SS/SX 🔥,Brand New,Video Games & Consoles; Video Games,139973,ozymandias.store,Xbox Series X,Madden NFL 25,Region Free; United States,,,"Complete Edition, Multiplayer",2025,Blocked,Blocked,digital/download listing: digital content,,digital_item,current rule should already block,title_only,cffb3b3e-1b2e-4006-8001-a4c8f0b7f18c,ae38a546-04a1-48c4-82d7-6b8933ec0da0,3e94f8a0-c240-4d37-8749-81ea3ce469aa
307,2e5c74a8-fecd-4b60-a0ba-8076e790c279,2026-07-19T20:13:46.60258+00:00,missing_shrink_wrap,,B00CZCA6RI,"Assassin's Creed: Brotherhood (Xbox 360, 2010)",,v1|318451791505|0,ASSASSINS CREED BROTHERHOOD FOR XBOX 360 (CMP126514),Brand New,Video Games & Consoles; Video Games,139973,centralmegapawn,Xbox One,Hello Neighbor,,,,,,Blocked,Blocked,"platform mismatch: Amazon Xbox 360, eBay Xbox One; item-specific Game Name identifies a different game",,missing_shrink_wrap,current rule should already block,image_or_operator_visual_review,89a27d5a-cecf-47f7-b2b9-9aa1c702f69f,2f348390-3a42-4959-aecd-4b973329ba83,ca633311-3b63-483d-90b8-afeead5470e7
308,f24c1a52-386e-440f-b972-96abd8760567,2026-07-19T20:13:36.576868+00:00,sales_velocity_too_low,,B00CZCA6RI,"Assassin's Creed: Brotherhood (Xbox 360, 2010)",,v1|267353267286|0,Assassion's Creed Brotherhood for Xbox 360- New and Sealed,Brand New,Video Games & Consoles; Video Games,139973,jelllybeeen,Xbox 360,Assassin's Creed: Brotherhood,United States,,,,,Probable Match,Probable Match,,,sales_velocity_too_low,operator dismissal may be ambiguous or business/system,title_plus_item_specifics_or_category,ae668a6c-99c4-418f-9589-91e6e94e332a,04edc70a-747c-48c9-b402-f0e93bd5b301,2c1c8a81-b108-406e-8b52-8a2752e202da
309,877d8caa-36c8-4007-b5e3-34d12c7dca4c,2026-07-19T20:12:26.990878+00:00,non_north_american_version,,B00GY4OAMU,Lego the Hobbit,,v1|313162375134|0,LEGO The Hobbit PS4 PlayStation 4 Brand New Factory Sealed,Brand New,Video Games & Consoles; Video Games,139973,digitalvillellc,PS,LEGO The Hobbit,Region Free PAL; United Kingdom,,,,,Blocked,Blocked,"platform mismatch: Amazon PS 4, eBay PS; excluded keyword: download; digital/download listing: account, download, gems; non-North-American version signal: pal, uk import",,non_north_american_version,current rule should already block,title_only,35fbd490-8545-4d94-b4cd-ac762d03c7fe,73cfc534-22f7-4719-9759-ea5721afebfa,10642d68-93e7-4bfb-8e11-9167d16028c3
310,28efddf0-58aa-47cb-b5b6-e873bdda6b0f,2026-07-19T20:12:08.000361+00:00,non_north_american_version,,B00GY4OAMU,Lego the Hobbit,,v1|127855846331|0,LEGO The Hobbit PS4 Brand New Game Special (EU 2014 Action),New,Video Games & Consoles; Video Game Consoles,139971,price-sito,PS 4,,Region Free; United Kingdom,,,"Online Playability, Manual Included, Multiplayer, Complete Edition",,Probable Match,Probable Match,,,non_north_american_version,no current deterministic rule covers pattern,title_plus_item_specifics_or_category,5b9f2688-522e-4059-ae2d-4267bcbbfeaf,cb6db848-ea0a-4000-9d03-03532a502e49,b42396ea-1a7a-4a8e-b920-57c5f0cbc9b0
311,c0ee5f18-e189-45a4-9dd7-5d256a9117cf,2026-07-19T20:11:26.787838+00:00,wrong_edition_version,,B003RS8I92,Rock Band 3 [video game],,v1|167120421314|0,"The Beatles: Rock Band (PlayStation 3, PS3) BRAND NEW SEALED",Brand New,Video Games; Video Games & Consoles,139973; 1249,team_akira,PS 3,The Beatles: Rock Band,United States,,,,2009,Probable Match,Probable Match,,,item-specific Game Name or Edition conflict,no current deterministic rule covers pattern,title_plus_item_specifics_or_category,0d37c777-aa06-4d79-a79d-e634627234b2,875edd44-9735-4768-80f8-2020e1864b35,1942b9d5-00e6-41a9-ac85-a7dd4710c3fe
312,d5b1c07e-a1d8-42cc-99fd-8fab9e17e3c5,2026-07-19T20:11:26.449741+00:00,wrong_edition_version,,B003RS8I92,Rock Band 3 [video game],,v1|278167106520|0,EA Games AC/DC Live: Rock Band Track Pack (Sony PlayStation 3) Music T,Brand New,Video Games; Video Games & Consoles,139973; 1249,12joker12,PS 3,AC/DC Live: Rock Band Track Pack,,,,,,Probable Match,Probable Match,,,item-specific Game Name or Edition conflict,no current deterministic rule covers pattern,title_plus_item_specifics_or_category,361c42bb-748d-4b63-ba91-8df660c3f7d8,1cb04370-6146-4392-85a0-33547dafc26b,69364726-c5ed-45da-b2f5-33d72b9d7003
313,ce7850d9-813f-4aef-9b18-f15e5c71cfc6,2026-07-19T20:11:07.771695+00:00,missing_shrink_wrap,,B003KMJ9FC,Monopoly Streets - Nintendo Wii,,v1|397283840992|0,"Monopoly Streets (Nintendo Wii, 2010) perfect condition tested",Brand New,Video Games & Consoles; Video Games,139973,kindnessluigi420,Wii,Monopoly Streets,,,,,2010,Probable Match,Probable Match,,,missing_shrink_wrap,evidence exists only in images,image_or_operator_visual_review,3fb35357-9cff-4a15-8823-0371465ac6d0,c45014b2-8d26-4ec0-b445-d3c4fc249d72,0a88a6a1-e96f-4d81-8b40-bc395b4e9567
314,250de420-24be-4e31-adb8-7de2896a273a,2026-07-19T20:10:51.275471+00:00,incomplete_product,,B00YI79BJC,Skylanders SuperChargers Racing Starter Pack - Wii,,v1|168370556657|0,"Skylanders SuperChargers Racing Game Wii (from Starter Pack) New, Never Played",Brand New,Video Games & Consoles; Video Games,139973,ldac123718,Wii,Skylanders SuperChargers,NTSC-U/C (US/Canada); United States,,,Multiplayer,2013,Probable Match,Probable Match,,,incomplete_product,no current deterministic rule covers pattern,title_plus_item_specifics_or_category,8fce0d42-cae9-4429-99d5-4ef37e331296,1fed5921-c505-4158-99ba-a86dbb74d046,17abfcd1-fc6c-44b1-908d-dedb9c647343
315,ee3e7ad7-889d-4822-bdd3-974467ed5e20,2026-07-19T20:10:42.881143+00:00,wrong_edition_version,,B000R0SRNU,LEGO Star Wars,,v1|297888934024|0,Lego Star Wars the Force Awakens Xbox 360 Brand New Sealed,Brand New,Video Games; Video Games & Consoles,139973; 1249,theopenaisle,Xbox 360,LEGO Star Wars: The Force Awakens,NTSC-U/C (US/Canada),,,,2016,Probable Match,Probable Match,,,item-specific Game Name or Edition conflict,no current deterministic rule covers pattern,title_plus_item_specifics_or_category,e8023dd9-b2c9-457d-97ad-921380ba8b38,12d61bca-5f3c-4208-8d0c-32c4c3a510bb,a230be5d-9e06-40fd-b9e6-c8fdb8f595af
316,5d2a3092-2b91-4f48-b1cf-86c445c683a7,2026-07-19T20:10:28.926416+00:00,wrong_product,,B0056C2LIG,Wii Play Motion (Nintendo Wii),,v1|135309310000|0,"Go Play Lumberjacks (Nintendo Wii, 2009)",Brand New,Video Games & Consoles; Video Games,139973,videogamewizards,Wii,Go Play Lumberjacks,NTSC-U/C (US/Canada),,,Manual Included,,Probable Match,Probable Match,,,eBay item-specific Game Name conflict,no current deterministic rule covers pattern,title_plus_item_specifics_or_category,d29987ce-f6c4-4fbd-8aff-075f971aabd5,f7fa0e9f-0751-4b6d-90f6-ce5796a0969b,49a0a155-32f2-42cb-ac5c-da1ed0bfa3a4
317,57bcb75a-764e-475c-816d-eb8bf23e535a,2026-07-19T20:10:28.450531+00:00,wrong_product,,B0056C2LIG,Wii Play Motion (Nintendo Wii),,v1|267693927777|0,"Deepak Chopra's Leela Body Mind Spirit Play (Nintendo Wii, 2011) *New Sealed*",Brand New,Video Games & Consoles; Video Games,139973,darkartsgaming,Wii,Deepak Chopra's Leela,NTSC-U/C (US/Canada),,,,2011,Blocked,Blocked,item-specific Game Name identifies a different game,,eBay item-specific Game Name conflict,current rule should already block,title_plus_item_specifics_or_category,d1f7b3f6-c33e-4b6d-af70-2b9d7a9cf142,e22feb4e-8b71-4149-8473-c8b1d186d607,c422cc28-d722-46ba-8758-d1574d8748e8
318,dc456d84-081f-456b-9e17-855c8c00807a,2026-07-19T20:10:28.101284+00:00,wrong_product,,B0056C2LIG,Wii Play Motion (Nintendo Wii),,v1|336578108202|0,Nintendo Wii Wii Play Game BRAND NEW SEALED,Brand New,Video Games & Consoles; Video Games,139973,quiltg-55,Wii,Wii Play,NTSC-U/C (US/Canada); United States,,,,2009,Probable Match,Probable Match,,,title ambiguity from a short/generic game name,no current deterministic rule covers pattern,title_plus_item_specifics_or_category,471e4f41-c4f9-4258-b100-cf230d5f5b0d,c5cf975d-7a83-4735-89ac-de8d3abd7ec7,f680205a-fb4a-4449-83bd-3ff6b967fe7d
319,ab5b0ad4-7ce8-489f-9b26-3b2584c7053a,2026-07-19T20:10:27.647475+00:00,wrong_product,,B0056C2LIG,Wii Play Motion (Nintendo Wii),,v1|168502997086|0,Wii Play (Game only) - Wii #ABJQ,Brand New,Video Games; Video Games & Consoles,139973; 1249,thegridgoodwill,Wii,Wii Play (Game only),United States,,,,,Probable Match,Probable Match,,,title ambiguity from a short/generic game name,no current deterministic rule covers pattern,title_plus_item_specifics_or_category,e096fb68-3160-4e20-8451-b257f4da2a9a,07f0a8bd-7d06-4e46-b89a-bf36dbeb6f16,ff7aff22-47bf-4651-9bbe-1a4803c9b4f1
320,2b111459-79c8-464b-a1dd-61bfa97b052b,2026-07-19T04:47:31.541771+00:00,packaging_damage,,B01LZVTM35,Minecraft: Story Mode- The Complete Adventure - Xbox 360,,v1|227375951781|0,Minecraft Story Mode Xbox 360 Telltale Games The Complete Adventure New Sealed,Brand New,Video Games & Consoles; Video Games,139973,brewsterbob,Xbox 360,Minecraft: Story Mode,NTSC-U/C (US/Canada); United States,,,"Online Playability, Manual Included, Complete Edition",,Probable Match,Probable Match,,,packaging_damage,evidence exists only in images,image_or_operator_visual_review,7ba1d07c-4177-4663-a156-1629af44f216,9448bd00-5a13-431e-a558-617dc2f8e86c,aea06d33-5e4c-4e5d-bb30-0112a560ad08
321,0d1c0bd8-f92f-4a23-8acd-efe9c169429c,2026-07-19T04:36:45.508991+00:00,wrong_product,,B072JZB85B,FIFA 18 (PS4) [video game],,v1|188424384878|0,"PS4 Games Lot of 3 NHL 18, NFL Madden 19, Fifa 19, Monster SuperCross 2, Sealed",Brand New,Video Games; Video Games & Consoles,139973; 1249,usasecuritytech,PS 4,Nhl 18,NTSC-U/C (US/Canada); United States,,,Multiplayer,,Probable Match,Probable Match,,,eBay item-specific Game Name conflict,no current deterministic rule covers pattern,title_plus_item_specifics_or_category,187e3ebb-03fb-4b64-a09a-7a1cd53b0fdf,2721b775-6249-4f52-bbdd-8681e6a7b6ee,73edfeae-1a0c-4d8b-9af2-e427ec2ca01f
322,b288e390-d0f6-46ba-a3cd-bb64d7245035,2026-07-19T04:36:17.498128+00:00,sales_velocity_too_low,,B00OBZI7BY,Tetris Ultimate - Nintendo 3DS,,v1|156295268670|0,"Tetris Ultimate (Nintendo 3DS, 2014) SEALED - BRAND NEW",Brand New,Jeux vidéo; Jeux vidéo et consoles,139973; 1249,la-petite-boutique-des-horreurs,3DS,Tetris Ultimate,,,,,2014,Probable Match,Blocked,non-US item location,,sales_velocity_too_low,operator dismissal may be ambiguous or business/system,title_plus_item_specifics_or_category,bdbb3d78-f3f5-42c6-a27d-ed6fa130e8c9,8695181f-fb86-4ae4-aece-ff8599e74bb5,b93043d2-b184-444c-96af-1d54c789d686
323,405e6734-3934-4e4a-a528-60d5a681e196,2026-07-19T04:35:35.037271+00:00,suspected_reseal,,B004CDUOJ8,Madden NFL Football 3DS,,v1|306806756175|0,Madden NFL Football — Nintendo 3DS (Factory Sealed),Brand New,Video Games & Consoles; Video Games,139973,merciermarket,3DS,Madden NFL Football,Canada,,,,,Probable Match,Blocked,non-US item location,,suspected_reseal,current rule should already block,image_or_operator_visual_review,661f0ecb-5a89-4f23-bf1f-b8435696fe72,8bff75a4-8e8e-404e-871b-9963d173e675,a3dcecaf-8689-489c-89aa-55b3320b244b
324,3165b2b9-dbdc-463d-beef-63ea1ef76953,2026-07-19T04:34:27.169606+00:00,wrong_edition_version,,B003RS8I92,Rock Band 3 [video game],,v1|318596913575|0,The Beatles Rock Band Playstation 3 Game Only Brand New (No Instruments),Brand New,Video Games; Video Games & Consoles,139973; 1249,aamart-90,PS 3,The Beatles: Rock Band,NTSC-U/C (US/Canada),,,,2009,Probable Match,Probable Match,,,item-specific Game Name or Edition conflict,no current deterministic rule covers pattern,title_plus_item_specifics_or_category,45414c01-3d01-4b3d-98a3-65ae2a263d6b,cfc18a88-90ac-415c-9cbc-48decdf2df9e,315434a8-46fc-4340-9173-47a25062ad34
325,bb2f5565-a5c7-4ce4-931a-11692b397f5b,2026-07-19T04:20:11.747633+00:00,wrong_product,,B0056C2LIG,Wii Play Motion (Nintendo Wii),,v1|117308371295|0,"Tiger Woods PGA Tour 09: All-Play (Nintendo Wii Game, 2008) Brand NEW IN PLASTIC",Brand New,Video Games; Video Games & Consoles,139973; 1249,goesy2000,Wii,Tiger Woods PGA Tour 09: All-Play,NTSC-U/C (US/Canada); United States,,,Manual Included,2008,Probable Match,Probable Match,,,eBay item-specific Game Name conflict,no current deterministic rule covers pattern,title_plus_item_specifics_or_category,087717d9-7aaa-4be1-a69a-9da1bc435d33,7417e794-5285-4678-ab1e-7dfc399c624f,7c3d1b13-01b4-41ec-8088-ebc5e1be3709
326,9a0ea7d0-1314-4dd3-a38e-bd3e934ce670,2026-07-19T04:18:05.649188+00:00,wrong_edition_version,,B07DPZ1WQ9,Super Mario Party - [Nintendo Switch] [video game],,v1|198505415259|0,Super Mario Party Jamboree - Nintendo Switch - BRAND NEW SEALED - USA,Brand New,Video Games; Video Games & Consoles,139973; 1249,ngu-496348,Switch,Super Mario Party Jamboree,NTSC-U/C (US/Canada); Japan,,,,,Probable Match,Probable Match,,,item-specific Game Name or Edition conflict,no current deterministic rule covers pattern,title_plus_item_specifics_or_category,a14e349f-0005-4fdd-8bc5-13d5d430087c,c9bf0a21-cd64-4bbf-be49-153f2ee6182e,1c93c5f0-4e0f-48d7-98d8-b7a2cbf38e98
327,949bc027-77ea-4049-83fe-f96598b67a1b,2026-07-19T04:17:55.614387+00:00,sales_velocity_too_low,,B09GTQ8J7F,The Smurfs: Mission Vileaf (PS5) - PlayStation 5 [video game],,v1|267618627874|0,The Smurfs: Mission Vileaf (PS5) *BRAND NEW - FACTORY SEALED*,Brand New,Video Games; Video Games & Consoles,139973; 1249,dv8bay,PS 5,The Smurfs: Mission Vileaf-Smurftastic Edition,United States,,,,,Probable Match,Probable Match,,,sales_velocity_too_low,operator dismissal may be ambiguous or business/system,title_plus_item_specifics_or_category,1e7bb47e-57c3-45ee-9433-35b3f40abec0,5535dff7-3eee-413f-a927-44854b0f6b47,258b2859-20ac-4acf-ad98-7f7826d99a15
328,5c04e000-c4ce-427c-a062-5a981778d38c,2026-07-19T04:17:55.0646+00:00,sales_velocity_too_low,,B09GTQ8J7F,The Smurfs: Mission Vileaf (PS5) - PlayStation 5 [video game],,v1|327213132847|0,The Smurfs: Mission Vileaf (PS5) *BRAND NEW - FACTORY SEALED PlayStation 5,Brand New,Video Games; Video Games & Consoles,139973; 1249,gamerzworld1438,PS 5,The Smurfs: Mission Vileaf-Smurftastic Edition,United States,,,,,Probable Match,Probable Match,,,sales_velocity_too_low,operator dismissal may be ambiguous or business/system,title_plus_item_specifics_or_category,69ea7b10-34cf-4956-a912-73e6100fe0c3,e62301dd-1fcd-4424-aa7e-08396d07816d,ca954bff-96bb-4e01-9e85-64f9dbf1244a
329,88bb04e5-67b2-43ab-b7d5-b8ce4bd7a19f,2026-07-19T04:16:14.249402+00:00,wrong_edition_version,,B0047TLIBU,Dragon Age 2 - Playstation 3,,v1|267526018532|0,Dragon Age Inquisition PS3 Sony PlayStation 3 Bioware Video Game New Sealed (a2),Brand New,Video Games; Video Games & Consoles,139973; 1249,baconneggz1,PS 3,Dragon Age: Inquisition,NTSC-U/C (US/Canada),,,,2014,Probable Match,Probable Match,,,item-specific Game Name or Edition conflict,no current deterministic rule covers pattern,title_plus_item_specifics_or_category,ade15b9d-b4a9-4bbf-ba9d-1920ff3bc371,9ed64103-115b-41c3-89a2-51d96cf2b227,7b173ddf-f8d4-45a0-afd7-a548d00b906c
330,fc440fbe-c718-40b3-8398-c022b006c644,2026-07-19T04:16:13.65959+00:00,wrong_edition_version,,B0047TLIBU,Dragon Age 2 - Playstation 3,,v1|236506290927|0,Dragon Age Inquisition PS3 PlayStation 3 Brand New Sealed -- S2G --,Brand New,Video Games & Consoles; Video Games,139973,stage2games,PS 3,Dragon Age: Inquisition,,,,,,Probable Match,Probable Match,,,item-specific Game Name or Edition conflict,no current deterministic rule covers pattern,title_plus_item_specifics_or_category,86252e2d-11ff-4a5a-888b-6b89c12dfe3c,7fc71b9c-8875-400e-889c-8d33c783cf22,50dc96fd-689a-4f3f-931c-1a53d8acdf07
331,4a431149-4d88-4216-ab36-5e6e5c540686,2026-07-19T04:15:58.978033+00:00,missing_shrink_wrap,,B01GVN0D1U,Resident Evil 7 Biohazard (Xbox One) [video game],,v1|197000225478|0,Resident Evil 7: Biohazard - Microsoft Xbox One,Brand New,Video Games; Video Games & Consoles,139973; 1249,jagaurguy14,Xbox One,Resident Evil 7: Biohazard,,,,,,Probable Match,Probable Match,,,missing_shrink_wrap,evidence exists only in images,image_or_operator_visual_review,b9e1912a-471f-4be7-9254-34f19409104c,4e46adfa-9ece-4b1d-b108-845152224b6f,e45d0105-416b-4d47-87ea-b56d50b17b2a
332,b22bb6f1-8237-438c-b004-5dc38f995e15,2026-07-18T04:49:12.258345+00:00,missing_shrink_wrap,,B07BVTTLGX,No Man's Sky - Xbox One [Xbox One],,v1|366549128387|0,Hello Games No Man's Sky Xbox One Action & Adventure 4K HDR T Teen NTSC,Brand New,Video Games; Video Games & Consoles,139973; 1249,conv-5227,Xbox One,No Man's Sky,NTSC-U/C (US/Canada),,,"4K Ultra HD, HDR",,Probable Match,Probable Match,,,missing_shrink_wrap,evidence exists only in images,image_or_operator_visual_review,5ec088f9-d26c-443e-9682-923a2e43e12a,7031ce93-2de1-4e5e-8431-191536d7f289,95637c6a-caaf-4d4a-b540-586f48c45c6b
333,4da255c2-4d93-41f8-941e-991bcfc2629a,2026-07-18T04:47:33.197457+00:00,wrong_edition_version,,B003VJKJG2,Plants Vs. Zombies [Xbox 360],,v1|127969902487|0,Plants vs. Zombies Garden Warfare Xbox 360 New Sealed Box Microsoft Video Game,Brand New,Video Games; Video Games & Consoles,139973; 1249,kevt1313,Xbox 360,Plants Vs Zombies Garden Warfare,NTSC-U/C (US/Canada); United States,,,,2014,Probable Match,Probable Match,,,item-specific Game Name or Edition conflict,no current deterministic rule covers pattern,title_plus_item_specifics_or_category,b9c22874-3771-4754-9f4e-ca064c880dc3,f015d158-65a9-4197-a65e-c577c3a0a7ea,276d6f40-b7b4-4fb3-bb6c-e7c346e22aaa
334,61daf64e-2e5f-4c74-baa9-894b6624ef12,2026-07-18T04:44:53.880681+00:00,non_north_american_version,,B071X7QQKZ,Fire Emblem Warriors - Nintendo Switch [Nintendo Switch],,v1|257452927113|0,Fire Emblem Warriors: Three Hopes Switch Brand New Game (AUS 2022 Action),Brand New,Video Games; Video Games & Consoles,139973; 1249,themadmanbdm,Switch,Fire Emblem Warriors: Three Hopes,Region Free,,,,2022,Probable Match,Probable Match,,,non_north_american_version,no current deterministic rule covers pattern,title_plus_item_specifics_or_category,b3d09ace-1efb-49b2-95f7-43f306221928,e82c8ebd-231e-4e7f-bee9-2ce2545a3f88,25e903ff-d5f3-4585-aa3b-d869a01b530b
335,91527696-0f1b-45cb-bdfe-a527838428cd,2026-07-18T04:44:46.943935+00:00,wrong_edition_version,,B071X7QQKZ,Fire Emblem Warriors - Nintendo Switch [Nintendo Switch],,v1|389594930222|0,Fire Emblem Warriors: Three Hopes Nintendo Switch New/Sealed Smoke Free Home,Brand New,Video Games; Video Games & Consoles,139973; 1249,pickshiprepeat,Switch,Fire Emblem Warriors: Three Hopes,NTSC-U/C (US/Canada); Japan,,,Multiplayer,2022,Probable Match,Probable Match,,,item-specific Game Name or Edition conflict,no current deterministic rule covers pattern,title_plus_item_specifics_or_category,d0299f02-d73f-4f89-80cd-7b7b5ab46e93,6b91cf9d-df18-4155-a8ea-a5bfff019b6a,0b5d30fa-6a6a-442f-9e8a-46bedd47296b
336,60d4a7e2-215b-4a26-bd70-2f72e36cd5ac,2026-07-18T04:44:46.556344+00:00,wrong_edition_version,,B071X7QQKZ,Fire Emblem Warriors - Nintendo Switch [Nintendo Switch],,v1|366477394536|0,Nintendo Fire Emblem Warriors Three Hopes Switch Multiplayer T NTSC-U/C w/ Case,Brand New,Video Games; Video Games & Consoles,139973; 1249,switchypoo,Switch,Fire Emblem Warriors: Three Hopes,NTSC-U/C (US/Canada),,,Multiplayer,,Probable Match,Probable Match,,,item-specific Game Name or Edition conflict,no current deterministic rule covers pattern,title_plus_item_specifics_or_category,b56a25b6-c43b-42de-8069-6c164b963f6d,54cd86c7-e16a-4ab2-b5a6-55161e1c9d93,814ccafa-577f-469d-8ada-ebc823bbb3d8
337,c550943d-71c8-4ce6-8790-9dc9161f5626,2026-07-18T04:44:46.248096+00:00,wrong_edition_version,,B071X7QQKZ,Fire Emblem Warriors - Nintendo Switch [Nintendo Switch],,v1|406376677580|0,"Fire Emblem Warriors: Three Hopes (Nintendo Switch, 2022) Factory Sealed! Mint!",Brand New,Video Games; Video Games & Consoles,139973; 1249,wildbill1986_9,Switch,Fire Emblem Warriors: Three Hopes,Region Free; Japan,,,Multiplayer,2022,Probable Match,Probable Match,,,item-specific Game Name or Edition conflict,no current deterministic rule covers pattern,title_plus_item_specifics_or_category,4d948cb6-91eb-4cfb-9937-bc32e8eaa53b,a513a644-9026-4ca3-b9bf-9cf3ac3cfac2,548d2e10-283b-4989-b9b0-07e23d7785fc
338,cae79dd8-0439-4783-8942-2df98158364a,2026-07-18T04:44:45.916952+00:00,wrong_edition_version,,B071X7QQKZ,Fire Emblem Warriors - Nintendo Switch [Nintendo Switch],,v1|306803755396|0,Fire Emblem Warriors: Three Hopes Switch Brand New Game (Aus Version),Brand New,Video Games; Video Games & Consoles,139973; 1249,chopatron82,Switch,Fire Emblem Warriors: Three Hopes,Region Free,,,,2022,Probable Match,Probable Match,,,item-specific Game Name or Edition conflict,no current deterministic rule covers pattern,title_plus_item_specifics_or_category,7a6d5aa7-5f51-4b6d-9557-5ceee504c6f3,dc2c8980-897b-467c-9535-1829d45445e5,a9ba7a5a-5379-4a2a-b280-5648e4f033ab
339,ca14aebe-a7cf-4ce3-9943-8687196b69f7,2026-07-18T04:44:45.50641+00:00,wrong_edition_version,,B071X7QQKZ,Fire Emblem Warriors - Nintendo Switch [Nintendo Switch],,v1|406938626643|0,Fire Emblem Warriors: Three Hopes Switch Brand New Game (AUS 2022 Action),Brand New,Video Games; Video Games & Consoles,139973; 1249,unitedegaming,Switch,Fire Emblem Warriors: Three Hopes,Region Free; Japan,,,,2022,Probable Match,Probable Match,,,item-specific Game Name or Edition conflict,no current deterministic rule covers pattern,title_plus_item_specifics_or_category,2bbf648a-c4f0-46fc-acf0-62667f425b3b,b1897c2c-fbcc-4428-811e-a9ee26b6970e,12741940-cd33-4691-b97b-7aec1cb043a6
340,5dfdc51e-0a92-4e45-85c9-5fbc1ce0ef9a,2026-07-18T04:44:45.10425+00:00,wrong_edition_version,,B071X7QQKZ,Fire Emblem Warriors - Nintendo Switch [Nintendo Switch],,v1|127964711167|0,Fire Emblem Warriors Three Hopes Nintendo Switch NEW Sealed Physical Game Action,Brand New,Video Games; Video Games & Consoles,139973; 1249,smart_home_stuff,Switch,Fire Emblem Warriors: Three Hopes,Japan,,,,,Probable Match,Probable Match,,,item-specific Game Name or Edition conflict,no current deterministic rule covers pattern,title_plus_item_specifics_or_category,313438f7-d480-4739-b070-aead2276a269,a5a5e857-c53d-4dcf-bba5-be756ff6e3ed,0314cc85-2301-404c-b649-71377a79aee4
341,effa9b34-da2f-472d-af28-60ddacb2b098,2026-07-18T04:44:44.715397+00:00,wrong_edition_version,,B071X7QQKZ,Fire Emblem Warriors - Nintendo Switch [Nintendo Switch],,v1|336687056553|0,Fire Emblem Warriors Three Hopes Nintendo Switch NEW Sealed Physical Game Action,Brand New,Video Games; Video Games & Consoles,139973; 1249,skylanding,Switch,Fire Emblem Warriors: Three Hopes,Japan,,,,,Probable Match,Probable Match,,,item-specific Game Name or Edition conflict,no current deterministic rule covers pattern,title_plus_item_specifics_or_category,2b4e3d44-e4a1-493a-944c-95292d917eaa,b098873b-1d7f-45ce-a5c4-cbed82f8d73a,8a5de6cb-34b2-4835-b488-015b034425e5
342,c680abbe-768e-46e4-8f6f-237df08d3d72,2026-07-18T04:44:44.395638+00:00,wrong_edition_version,,B071X7QQKZ,Fire Emblem Warriors - Nintendo Switch [Nintendo Switch],,v1|366539939112|0,Fire Emblem Warriors: Three Hopes Nintendo Switch - Sealed In Box - Brand New,Brand New,Video Games; Video Games & Consoles,139973; 1249,smallimp-56,Switch,Fire Emblem Warriors: Three Hopes,NTSC-U/C (US/Canada); JP,,,Multiplayer,2022,Probable Match,Probable Match,,,item-specific Game Name or Edition conflict,no current deterministic rule covers pattern,title_plus_item_specifics_or_category,8c62e6a1-c863-4632-bc49-e2f5f08a29fb,1a4e2938-37c3-4222-af38-506d8de59ace,11cdc267-27c4-43e9-9694-c09070a6cbe1
343,8f07d48d-9024-48d3-bd05-35e839d2efd3,2026-07-18T04:44:43.988546+00:00,wrong_edition_version,,B071X7QQKZ,Fire Emblem Warriors - Nintendo Switch [Nintendo Switch],,v1|147101286331|0,Fire Emblem Warriors Nintendo Switch Game,Brand New,Video Games; Video Games & Consoles,139973; 1249,andbet_6140,Switch,Fire Emblem Warriors,,,,Multiplayer,,Probable Match,Probable Match,,,unclear/insufficient evidence,no current deterministic rule covers pattern,title_plus_item_specifics_or_category,5a199901-40c4-4411-88ce-10ca02337720,e9e6de44-f1ae-43fb-824c-137a46538c1f,83c34497-71b5-44dc-96fd-d97c37530800
344,2c4ac620-cec5-4acf-9b82-099c0b85e1c0,2026-07-18T04:44:43.269997+00:00,wrong_edition_version,,B071X7QQKZ,Fire Emblem Warriors - Nintendo Switch [Nintendo Switch],,v1|117238696819|0,Fire Emblem Warriors Three Hopes Nintendo Switch NEW Sealed Physical Game Action,Brand New,Video Games; Video Games & Consoles,139973; 1249,gamerepublic,Switch,Fire Emblem Warriors: Three Hopes,Japan,,,,,Probable Match,Probable Match,,,item-specific Game Name or Edition conflict,no current deterministic rule covers pattern,title_plus_item_specifics_or_category,4b01ea9e-b08a-4c12-bb90-5e4b3b07712b,ef9b8c29-4f31-4eff-a3b8-053a68023d39,8ce75b8d-6f34-4c48-a76d-89390f77e13c
345,b6ab11d4-1bde-4bd9-ba52-9f7e7a48246a,2026-07-18T04:44:14.97289+00:00,non_north_american_version,,B071X7QQKZ,Fire Emblem Warriors - Nintendo Switch [Nintendo Switch],,v1|178045519832|0,*NEW* Fire Emblem Warriors: Three Hopes (Australia Version) - Nintendo Switch,Brand New,Video Games; Video Games & Consoles,139973; 1249,i-anime,Switch,Fire Emblem,NTSC-U/C (US/Canada),,,,2023,Probable Match,Probable Match,,,non_north_american_version,no current deterministic rule covers pattern,title_plus_item_specifics_or_category,ad6c6dd4-2545-4164-b241-cf036e0090dd,2fc431cf-01e5-43fc-8d12-ba28bca0028a,13d7184e-f055-4f33-b9ec-277a080883df
346,cabf864e-f13b-4249-becd-dc1062d8a385,2026-07-18T04:26:44.368844+00:00,incomplete_product,,B07THWLT73,NBA 2K20 Nintendo Switch,,v1|257552747121|0,NBA 2K19 And 2K20 Nintendo Switch Game BUNDLE X2 CASES ONLY,Brand New,Video Games; Video Games & Consoles,139973; 1249,eclecticmerch,Switch,NBA 2K20,NTSC-U/C (US/Canada),,,,,Probable Match,Probable Match,,,incomplete_product,no current deterministic rule covers pattern,title_plus_item_specifics_or_category,5d666e8f-46b6-4849-98c2-c2805d7dcade,c4ff628b-a3b6-4307-915b-46af8a1fb2ef,e37186f4-e678-4676-b5dc-52b63cebcd77
347,50f869e7-c21e-49a7-90da-25d28f2a96b7,2026-07-18T04:16:29.788802+00:00,non_north_american_version,,B088MYGMPJ,Paper Mario: The Origami King - Nintendo Switch [video game],,v1|168523147060|0,"Paper Mario: The Origami King (Nintendo Switch, 2020)",Brand New,Video Games; Video Games & Consoles,139973; 1249,veum1979,Switch,Paper Mario: the Origami King,Region Free,,,"Multiplayer, Online Playability",2020,Probable Match,Probable Match,,,non_north_american_version,no current deterministic rule covers pattern,title_plus_item_specifics_or_category,6ad97834-00f1-496f-b489-5767da1dc60f,5996aa50-a74b-4371-90aa-c40bbd8eaa34,6842643b-6533-45e6-98fa-7bc35efaf15c
348,e46d070f-9fcc-419c-a4d7-422553a1e030,2026-07-17T02:12:59.260792+00:00,incomplete_product,,B0009S4UOA,Call of Duty 2 - Xbox 360,,v1|227279888345|0,Call of Duty 2 Xbox 360 Video Game,Brand New,Video Games; Video Games & Consoles,139973; 1249,sygwhitehorse,Xbox 360,,,,,,,Probable Match,Probable Match,,,incomplete_product,no current deterministic rule covers pattern,title_plus_item_specifics_or_category,f7f6c43c-8cb0-4a82-a1f3-89a862e77f94,c811985c-68ef-4bb7-9fe8-7a42371b3f05,a3b7a1ab-065e-45a4-8f11-6a95b6f5ac9c
349,ab369c74-0fff-4fc7-9c51-2acc36c28322,2026-07-17T02:12:49.807594+00:00,packaging_damage,,B00005BZC7,Shrek 2 - PlayStation 2 [video game],,v1|227424591852|0,DREAMWORKS: SHREK'S CARNIVAL CRAZE PARTY GAMES PLAYSTATION 2 PS2 NEW RARE,Brand New,Video Games; Video Games & Consoles,139973; 1249,silaguilard-0,PS 2,Shrek's Carnival Craze Party Games,NTSC-U/C (US/Canada),,,,,Probable Match,Probable Match,,,packaging_damage,evidence exists only in images,image_or_operator_visual_review,3eb45158-61fb-4556-b725-164fd4ef1b6b,c28fda22-aead-415b-857b-dfc7ba917dc7,899a317a-6e56-4e57-8f86-f1c16c1d6b23
350,ec9f6723-415a-4adb-a2c2-44fc71db8014,2026-07-17T02:12:35.961495+00:00,asin_blocked,,B003JZW6TG,Disney Sing It: Family Hits - Nintendo Wii,,v1|326279202758|0,"Disney Sing It: Family Hits (Nintendo Wii, 2010) Brand New Factory Sealed ",Brand New,Video Games & Consoles; Video Games,139973,midnightblissgames,Wii,Disney Sing It: Family Hits,,,,,2010,Probable Match,Blocked,non-US item location,,asin_blocked,operator dismissal may be ambiguous or business/system,title_plus_item_specifics_or_category,9dde7b50-722c-42cc-9db8-b00b82e320e7,9701098d-c86e-49e0-b120-4a4b19a40ce0,30749dad-4409-44b8-a2e7-8720ef141b64
351,f08307ba-a1bb-4762-8f19-922b00e62f10,2026-07-17T02:11:30.953693+00:00,sales_velocity_too_low,,B0088X6IL6,Just Dance: Disney Party (Xbox 360),,v1|365366907418|0,Just Dance Disney Party Xbox 360 - Brand New and Sealed,Brand New,Video Games; Video Games & Consoles,139973; 1249,thrifty.two.shop,Xbox 360,,,,,,,Probable Match,Probable Match,,,sales_velocity_too_low,operator dismissal may be ambiguous or business/system,title_plus_item_specifics_or_category,da32bd13-1fe6-4ce7-ad60-a1cef5b840f1,ac39fbf7-ba53-4a01-8c74-353cfb4bce86,d0695782-2d8c-4872-bd29-8f91837c6c8b
352,01165592-1d0f-4a19-ba1a-df347e8a1010,2026-07-17T02:11:30.506555+00:00,sales_velocity_too_low,,B0088X6IL6,Just Dance: Disney Party (Xbox 360),,v1|188333083072|0,"Just Dance: Disney Party (Microsoft Xbox 360, 2012) Brand New",Brand New,Video Games; Video Games & Consoles,139973; 1249,achroous,Xbox 360,Just Dance: Disney Party,NTSC-U/C (US/Canada); Unknown,,,Kinect Compatible,2012,Probable Match,Probable Match,,,sales_velocity_too_low,operator dismissal may be ambiguous or business/system,title_plus_item_specifics_or_category,60707a30-b82e-4fcb-bdb9-938b8c329342,f66b3e68-5995-495c-b857-2b2455879982,2af33b79-c089-459c-896e-c31a9409e708
353,64bc9d0d-3eac-4b74-adc3-bae72b92734a,2026-07-17T02:10:54.656208+00:00,missing_shrink_wrap,,B0062VM8LU,Final Fantasy XIII-2 Collector's Edition - Playstation 3 [PlayStation 3],,v1|388804944185|0,Final Fantasy XIII (NIB) + XIII-2 Collector's Edition (CIB) (Playstation 3) LOT,Brand New,Video Games; Video Games & Consoles,139973; 1249,blazeh-49,PS 3,Final Fantasy XIII,,,,Collector's Edition,,Probable Match,Probable Match,,,missing_shrink_wrap,evidence exists only in images,image_or_operator_visual_review,796a96dc-893a-4f3a-bdf6-0f3b8eb6e447,fc0fe982-ab8f-4092-a3ba-2d7f81f86776,11bdb75e-6970-4ad7-90ce-08ba32e32cab
354,72a917c5-88cd-4805-9b39-383f02cce48c,2026-07-17T02:10:42.38136+00:00,wrong_edition_version,,B000GUV10W,Cars - Xbox 360,,v1|127458160671|0,Cars 3: Driven to Win XBOX 360 DISNEY PIXAR - BRAND NEW FACTORY SEALED,Brand New,Video Games; Video Games & Consoles,139973; 1249,cribs3,Xbox 360,Cars 3: Driven to Win,Region Free,,,,2017,Probable Match,Probable Match,,,item-specific Game Name or Edition conflict,no current deterministic rule covers pattern,title_plus_item_specifics_or_category,ce456d24-28ab-4de5-aba2-7e473cf32d02,222466c4-f569-4827-9314-e2c0c74a2cc8,7f686fc1-4ea0-4f9b-828a-65eadaefabe2
355,50bd0e31-cd7e-439e-8d78-e390e4498007,2026-07-17T02:10:37.167746+00:00,wrong_edition_version,,B002BUUM00,Marvel Super Hero Squad - Nintendo Wii [Nintendo Wii],,v1|224001622961|0,Nintendo Wii Marvel Super Hero Squad Comic Combat -uDraw- Factory Sealed,Brand New,Video Games; Video Games & Consoles,139973; 1249,zorvana,Wii,Marvel Super Hero Squad: Comic Combat,NTSC-U/C (US/Canada); United States,,,,,Probable Match,Probable Match,,,item-specific Game Name or Edition conflict,no current deterministic rule covers pattern,title_plus_item_specifics_or_category,237fd5bf-85bc-43da-8c14-0a3b6953a1f1,39d3651f-6ac7-42d7-b2d3-c121553f3cfe,bbe5e849-943b-42cf-9bdb-bad7bac72fb5
356,7ef97ce7-e7d7-4c51-ae62-b79b6df3ffe4,2026-07-17T02:10:36.782892+00:00,wrong_edition_version,,B002BUUM00,Marvel Super Hero Squad - Nintendo Wii [Nintendo Wii],,v1|406945086729|0,"Marvel Super Hero Squad (Nintendo Wii, 2009) Sealed",Brand New,Video Games; Video Games & Consoles,139973; 1249,nadineg333,Wii,Marvel Super Hero Squad,United States,,,,2009,Probable Match,Probable Match,,,unclear/insufficient evidence,no current deterministic rule covers pattern,title_plus_item_specifics_or_category,d59b5190-c68e-4a50-977f-2fbf0f817e97,061d0bcb-33ca-454f-8b16-b49a3d5a7ff5,a0af44c1-4b4c-4fb5-8f90-547177c69163
357,fe0b96c2-93a9-4ebf-b2e2-94bf8585f41a,2026-07-17T02:10:22.103792+00:00,wrong_product,,B00AXI9XIE,DISNEY INFINITY Starter Pack PS3 [PlayStation 3],,v1|124470594155|425342608932,Disney Infinity Star Wars Starter Pack 3.0 Edition Nintendo Wii U or PS3,Brand New,Video Games; Video Games & Consoles,139973; 1249,wyatt123-us,PS 3,Disney Infinity,"DVD: 1 (US, Canada...)",,,"Manual Included, Multiplayer",,Probable Match,Probable Match,,,unclear/insufficient evidence,no current deterministic rule covers pattern,title_plus_item_specifics_or_category,98bd77c7-5a87-4473-a995-32a719e0922f,ba534da7-ba93-40cf-ab8b-7b4e951cf52e,448e0320-41f9-4f38-b385-61c709e69c6a
358,5abf034e-acb4-47e6-b485-71ba036273b2,2026-07-17T02:10:11.557886+00:00,packaging_damage,,B00AXI9XIE,DISNEY INFINITY Starter Pack PS3 [PlayStation 3],,v1|235816774458|0,NEW PLAYSTATION 3 DISNEY INFINITY MARVEL SUPER HEROES STARTER PACK,Brand New,Video Games; Video Games & Consoles,139973; 1249,chargersbaseball,PS 3,Disney Infinity,NTSC-U/C (US/Canada),,,,,Probable Match,Probable Match,,,packaging_damage,evidence exists only in images,image_or_operator_visual_review,0a8bf6ec-3bf3-439a-b48c-fb5ce02359ce,b72005f8-f6b5-4e5e-be73-2a3d126e0811,32fa4520-02af-442d-a368-244f4dc06821
359,7504f31c-f1f7-4d53-9f8c-fffb55973f41,2026-07-17T01:54:19.712616+00:00,other,,B06WD6VNW7,Culdcept Revolt - Nintendo 3DS,,v1|168291240304|0,CULDCEPT REVOLT Nintendo 3DS NEW,Brand New,Video Games; Video Games & Consoles,139973; 1249,madjakv,3DS,Culdcept Revolt,NTSC-U/C (US/Canada); Japan,,,,,Probable Match,Blocked,non-US item location,,other,operator dismissal may be ambiguous or business/system,title_plus_item_specifics_or_category,79102c41-5b32-4217-a986-2e75d8959868,8a3b6786-0f3a-420e-8205-c43317ce0458,e40d288e-d597-41a4-99a7-c1f743f0470c
360,920b71d7-368f-4836-b1b4-2f33479b3509,2026-07-17T01:52:13.846702+00:00,packaging_damage,,B07JMHZMX1,Minecraft – Xbox One [video game],,v1|198499480124|0,Minecraft Starter Collection Xbox One Complete w/ Manual CIB NEW SEALED,Brand New,Video Games; Video Games & Consoles,139973; 1249,vendo_6080,Xbox One,Minecraft Starter Collection,NTSC-U/C (US/Canada),,,Manual Included,,Probable Match,Probable Match,,,packaging_damage,evidence exists only in images,image_or_operator_visual_review,8803ff0d-4b77-4131-93f0-ae437c1c31c0,4166fe0f-8fd8-4034-a20c-54a07b919ed0,0663784f-e1b4-4f2b-b98a-8b789717f234
361,09b7f6a3-0820-4b5b-9c2b-a1e6212dc9fc,2026-07-17T01:46:49.830498+00:00,missing_shrink_wrap,,B00IQCRKP2,Kinect Sports Rivals - XBOX One [video game],,v1|800329284593|0,"Kinect Sports Rivals (Xbox One, 2014) New Factory Sealed",Brand New,Video Games; Video Games & Consoles,139973; 1249,austins_collectables,Xbox One,Sports Rivals,NTSC-U/C (US/Canada); USA,,,,2014,Probable Match,Probable Match,,,missing_shrink_wrap,evidence exists only in images,image_or_operator_visual_review,0a3206ee-ca92-4767-93ec-f8ea1f9ce3be,8f491260-a9de-4ed3-a4fa-73c875b164e1,5f5b6383-dcd7-46d8-b8ac-a044ac0a44ec
362,de475e45-271b-41a4-849f-9a33a9833fe6,2026-07-17T01:46:37.981128+00:00,missing_shrink_wrap,,B00IQCRKP2,Kinect Sports Rivals - XBOX One [video game],,v1|278060677655|0,"Kinect Sports Rivals (Microsoft Xbox One, 2014) Video Game Brand New Sealed",Brand New,Video Games & Consoles; Video Games,139973,jwp902,Xbox One,Kinect Sports: Rivals,NTSC-U/C (US/Canada),,,Kinect Compatible,2014,Probable Match,Probable Match,,,missing_shrink_wrap,evidence exists only in images,image_or_operator_visual_review,3ac627df-c004-45cd-bcde-605ef0f0b0fc,dc313bc3-3cc8-4d59-a8a4-b41519d55436,842a288d-a5e6-42ad-8582-fc8544df96c5
363,2736d9d5-c65a-430e-862d-2ec5157b21fd,2026-07-17T01:46:20.681625+00:00,missing_shrink_wrap,,B084F358N1,The Outer Worlds - Nintendo Switch,,v1|203330157432|0,"The Outer Worlds (Nintendo Switch, 2020)",Brand New,Video Games & Consoles; Video Games,139973,ganchen46,Switch,The Outer Worlds,,,,,,Probable Match,Probable Match,,,missing_shrink_wrap,evidence exists only in images,image_or_operator_visual_review,7a02c8ce-0c43-4b25-a5a5-9886dd9e483d,f9ef13ac-bb3f-407d-9535-e3a6f71c011b,f1961cca-b399-4204-b4f3-6fcabfd8f315
364,8a90808f-31b6-4b5f-ba61-acba53da51cf,2026-07-17T01:42:31.977224+00:00,missing_shrink_wrap,,B000QB05BM,Mercenaries 2: World in Flames - PC [video game],,v1|168112938818|0,PC DVD-ROM version of the video game Mercenaries 2: World in Flames,Brand New,Video Games; Video Games & Consoles,139973; 1249,jtsurplus01,PC,Mercenaries 2: World in Flames,United States,,,,,Probable Match,Probable Match,,,missing_shrink_wrap,evidence exists only in images,image_or_operator_visual_review,e122b0a7-417f-4247-a0bc-a31910be0e96,b2cf978c-9c3a-448b-aa1d-65d174df8375,39de91e6-c558-4608-98a2-e89d9134cdef
365,c0b232fc-0018-4e79-8837-6d46846e336a,2026-07-17T01:40:14.747795+00:00,other,price too high,B0009WPZPY,Mortal Kombat Unchained - Sony PSP [video game],,v1|407028646126|0,Mortal Kombat Unchained PSP NTSC-U/C Fighting Multiplayer M Rated,Brand New,Video Games; Video Games & Consoles,139973; 1249,thosegel0,PSP,Mortal Kombat: Unchained,NTSC-U/C (US/Canada),,,"Multiplayer, Manual Included, Chess Kombat, Puzzle Kombat, Konquest Adventure",2006,Probable Match,Probable Match,,,other,operator dismissal may be ambiguous or business/system,title_plus_item_specifics_or_category,18bb1982-108a-4e4f-a721-cbb4fb8ddfa7,de685dd7-4f61-438b-a8f1-ad9e4e614c67,ecb9817a-c6cf-47dd-904d-323d9c3d7d3c
366,905ca20a-2d0f-476a-9692-c0b81648cd5c,2026-07-17T01:40:14.372186+00:00,other,price too high,B0009WPZPY,Mortal Kombat Unchained - Sony PSP [video game],,v1|287382332763|0,MORTAL KOMBAT UNCHAINED - SONY PSP,Brand New,Video Games; Video Games & Consoles,139973; 1249,romaedgedga,PSP,Mortal Kombat: Unchained,,,,,,Probable Match,Probable Match,,,other,operator dismissal may be ambiguous or business/system,title_plus_item_specifics_or_category,8e3c25e4-477c-4711-ba21-c0ea6303d060,df678024-5f9b-4dc6-abf1-4a808882205e,4b7e25b0-fa73-471e-9c55-23334798d7b6
367,ce1a4744-f6d8-4622-a2a4-af444b6e1701,2026-07-17T01:31:36.57479+00:00,wrong_edition_version,,B00KUYQZAU,Tom Clancy's Rainbow Six Siege - PC,,v1|257206826623|0,"Rainbow Six Siege Tom Clancy's Bonus (PC, 2015) Brand New",Brand New,Video Games & Consoles; Video Games,139973,lots-of-good-stuff,PC,Tom Clancy's Rainbow Six Siege [Bonus],Canada,,,Manual Included,2015,Probable Match,Probable Match,,,item-specific Game Name or Edition conflict,no current deterministic rule covers pattern,title_plus_item_specifics_or_category,13969b32-adbd-41a1-9da4-0843141474c3,68389ec3-91c6-43e2-91f6-df793c36986a,891893db-2dbd-4c38-877d-22d33ddf81c1
368,9b1d398e-cf04-4e98-9036-8e6f84986021,2026-07-17T01:31:36.235751+00:00,wrong_edition_version,,B002BSA3EM,Nintendo Wii Fit Plus with Balance Board,,v1|117285861855|0,Nintendo Wii Fit Balance Board With Wii Fit Plus Video Game New In Box,Brand New,Video Games & Consoles; Video Games,139973,joydollen,Wii,Wii Fit Plus,,,,,,Probable Match,Probable Match,,,unclear/insufficient evidence,no current deterministic rule covers pattern,title_plus_item_specifics_or_category,dddab64c-d3de-47b9-9e1d-7477d5197784,cedbac15-d425-4859-a13f-7fb3484e35a8,30e2d72d-5a99-4d5b-a90c-768c0485b524
369,c68566f0-9cf9-4f26-be03-38f37bf8da30,2026-07-17T01:31:35.846764+00:00,wrong_edition_version,,B003VJKJG2,Plants Vs. Zombies [Xbox 360],,v1|147067663660|0,NEW - Plants Vs Zombies Garden Warfare for Microsoft XBOX 360 SEALED *rips*,Brand New,Video Games; Video Games & Consoles,139973; 1249,spartanresale,Xbox 360,Plants Vs Zombies Garden Warfare,NTSC-U/C (US/Canada),NTSC (N. America),,,,Probable Match,Probable Match,,,item-specific Game Name or Edition conflict,no current deterministic rule covers pattern,title_plus_item_specifics_or_category,1a53878f-0e95-4f54-ad15-baa58cafe24d,0e1b5758-d763-4d8f-93e9-bb72f15b4173,d2c3f0b1-4b94-406f-beaf-342dc8013469
370,7e6a7f1b-f8a5-4fb7-a880-bf80ebf9a730,2026-07-17T01:31:35.508027+00:00,wrong_edition_version,,B003VJKJG2,Plants Vs. Zombies [Xbox 360],,v1|168147767325|0,Electronic Arts Plants vs. Zombies: Garden Warfare Xbox 360 Shooter Multiplayer,Brand New,Video Games; Video Games & Consoles,139973; 1249,thegamevaultph2,Xbox 360,Plants vs. Zombies: Garden Warfare,NTSC-U/C (US/Canada),,,"Multiplayer, Online Playability, Co-op, Customizable Characters",2014,Probable Match,Probable Match,,,item-specific Game Name or Edition conflict,no current deterministic rule covers pattern,title_plus_item_specifics_or_category,9e459cfa-995b-4510-af4e-6cb31963e9c8,4a2f6ab3-ae77-4923-9a28-4529edaaf84c,22da3d2c-b9f4-4478-96c5-8d0f1ae28c06
371,c9e212d0-b042-4c35-a4f1-a9ba52466798,2026-07-17T01:31:35.174433+00:00,wrong_edition_version,,B003VJKJG2,Plants Vs. Zombies [Xbox 360],,v1|389272818040|0,Plants Vs Zombies Garden Warfare - Microsoft Xbox 360 Online Only,Brand New,Video Games; Video Games & Consoles,139973; 1249,gtjtreasures,Xbox 360,Plants Vs Zombies Garden Warfare,,,,,,Probable Match,Probable Match,,,item-specific Game Name or Edition conflict,no current deterministic rule covers pattern,title_plus_item_specifics_or_category,62bb1d07-702f-4d49-84a8-4668968854af,81d42932-710c-47b6-8c63-e97a7e6c91a6,b7ca8c82-f849-4ab6-935a-2f6125b7be4f
372,a97282ff-241e-4718-894a-1a62763fe52b,2026-07-17T01:31:34.851699+00:00,wrong_edition_version,,B00YI79BJC,Skylanders SuperChargers Racing Starter Pack - Wii,,v1|324894456065|0,Wii Skylanders SuperChargers Racing Game (from Starter Pack) NEW - READ DETAILS!,Brand New,Video Games & Consoles; Video Games,139973,hillcrestcollectibles,Wii,Skylanders SuperChargers,NTSC-U/C (US/Canada); United States,,,Multiplayer,2013,Probable Match,Probable Match,,,bundled content difference,no current deterministic rule covers pattern,title_plus_item_specifics_or_category,e1f5d2e0-6714-4ef7-93b5-93f2a6d115e9,b30c5349-5629-4b94-baac-d8861738a82d,e1377b7f-5b07-4af7-bee8-c9ee377fb5df
373,beebc0ad-c854-4ae5-bf6f-5cfd72cff6a0,2026-07-17T01:31:34.505102+00:00,wrong_edition_version,,B0009S4UOA,Call of Duty 2 - Xbox 360,,v1|277473211097|0,Call of Duty Modern Warfare 2 CliffHanger Demo Xbox 360 New & Factory Sealed!,Brand New,Video Games & Consoles; Video Games,139973,cavegamers,Xbox 360,Call of Duty: Modern Warfare 2 Cliffhanger Demo,NTSC-U/C (US/Canada); United States,,,,2006,Probable Match,Probable Match,,,item-specific Game Name or Edition conflict,no current deterministic rule covers pattern,title_plus_item_specifics_or_category,964168d4-b486-4cc2-b5b9-707e3319526d,0ca279fe-26c2-451c-83a4-3e17ed8a5956,84a808c5-65e8-4944-8f09-bb29a2830833
374,040de88e-2491-42b0-8d8e-da6af03100a8,2026-07-17T01:31:34.19894+00:00,wrong_edition_version,,B0009S4UOA,Call of Duty 2 - Xbox 360,,v1|327180156934|0,Call of Duty Modern Warfare 2 Cliffhanger Demo Xbox 360 Video Game NTSC,Brand New,Video Games; Video Games & Consoles,139973; 1249,rsretrogamesandmorellc,Xbox 360,Call of Duty: Modern Warfare 2 Cliffhanger Demo,NTSC; United States,,,"Demo, NTSC",2009,Probable Match,Probable Match,,,item-specific Game Name or Edition conflict,no current deterministic rule covers pattern,title_plus_item_specifics_or_category,8ccccf0e-c588-454f-8feb-7879f793c150,34f2521e-78c6-4cc0-86ba-2ee723b9c3f5,4af08423-c65e-4318-bdc0-aeeca1195136
375,a4987487-2928-4ff7-b2e4-d5bfae9bb71f,2026-07-17T01:31:33.897946+00:00,wrong_edition_version,,B0009S4UOA,Call of Duty 2 - Xbox 360,,v1|397794387545|0,Activision Call of Duty Modern Warfare 2 Cliffhanger Demo Manual Xbox 360,Brand New,Video Games & Consoles; Video Games,139973,hoardersstuffnsuch,Xbox 360,Call of Duty: Modern Warfare 2 Cliffhanger Demo,NTSC-U/C (US/Canada); United States,,,Demo,2009,Probable Match,Probable Match,,,item-specific Game Name or Edition conflict,no current deterministic rule covers pattern,title_plus_item_specifics_or_category,191e22d1-e280-471b-b0d3-f08f7005c8ae,6caf9361-fa1b-45cc-8c11-3add2ed3ee3a,801233b1-1eea-4e1e-b029-22f255347e9f
376,3eb552d8-776e-40bb-b031-6034f9f86fd4,2026-07-17T01:31:33.601043+00:00,wrong_edition_version,,B0009S4UOA,Call of Duty 2 - Xbox 360,,v1|389458757609|0,Call of Duty Modern Warfare 2 CliffHanger Demo Xbox 360 New & Factory Sealed!,Brand New,Video Games; Video Games & Consoles,139973; 1249,harrimanrewind,Xbox 360,Call of Duty: Modern Warfare 2 Cliffhanger Demo,NTSC-U/C (US/Canada),,,,2006,Probable Match,Probable Match,,,item-specific Game Name or Edition conflict,no current deterministic rule covers pattern,title_plus_item_specifics_or_category,e4d2a776-e6c3-42e1-bdce-a269cac47c9e,a8aec0c1-30a3-4d50-83c2-ae95d450c48e,18b7fb1d-fc9d-4fee-b5d2-4bd45d289db8
377,8a8cdf49-6783-41da-a5ef-b85b111db8ec,2026-07-17T01:31:33.277118+00:00,wrong_edition_version,,B0009S4UOA,Call of Duty 2 - Xbox 360,,v1|377330691956|0,Activision Call of Duty Modern Warfare 2 Cliffhanger Demo Xbox 360 M NTSC-U/C,Brand New,Video Games; Video Games & Consoles,139973; 1249,cowbo-5200,Xbox 360,Call of Duty: Modern Warfare 2 Cliffhanger Demo,NTSC-U/C (US/Canada),,,Demo,,Probable Match,Probable Match,,,item-specific Game Name or Edition conflict,no current deterministic rule covers pattern,title_plus_item_specifics_or_category,8c63dc99-5f21-41cd-a962-a4537a39a935,9f1e620b-ea36-4fac-a774-206413fa8523,681bd0aa-fc2c-491d-8048-bdb4bba60f25
378,e541c291-1f88-4522-9803-48e64e7919e7,2026-07-17T01:31:32.960586+00:00,wrong_edition_version,,B000Q4SREG,MySims - Nintendo Wii,,v1|205281677184|0,A4 MySims Kingdom (Nintendo Wii) New Sealed,Brand New,Video Games; Video Games & Consoles,139973; 1249,2dudesgaming,Wii,MySims Kingdom,,,,,2008,Probable Match,Probable Match,,,item-specific Game Name or Edition conflict,no current deterministic rule covers pattern,title_plus_item_specifics_or_category,53fa49bc-9ef1-4f6f-8647-42d191aec5c1,16fc3dd7-872e-4dc4-87fc-944f1fd12baa,c0aff78b-f318-4bd0-9cac-64e10c2adfc0
379,fdd21bf3-a64b-4904-b3ad-bd7fa31181a7,2026-07-17T01:31:32.650369+00:00,wrong_edition_version,,B000Q4SREG,MySims - Nintendo Wii,,v1|366539883287|0,"MySims SkyHeroes (Nintendo Wii, 2010) NEW SEALED",Brand New,Video Games; Video Games & Consoles,139973; 1249,cowanofficialstore,Wii,MySims,NTSC-U/C (US/Canada); United States,,,Manual Included,2010,Probable Match,Probable Match,,,unclear/insufficient evidence,no current deterministic rule covers pattern,title_plus_item_specifics_or_category,4f26d6d2-fd30-4f0d-85a6-0d37c18b3317,708dc680-1b6c-4bf7-b4bc-63eb1b13aecc,3e8368f1-69a7-4035-83dc-8f89f6e28f91
380,87426506-cd95-4729-aa7e-e2b13f451bc2,2026-07-17T01:31:32.331981+00:00,wrong_edition_version,,B000Q4SREG,MySims - Nintendo Wii,,v1|235870564377|0,MySims Party (Nintendo Wii) NEW,Brand New,Video Games & Consoles; Video Games,139973,adrumus,Wii,MySims Party,NTSC-U/C (US/Canada),,,,,Probable Match,Probable Match,,,item-specific Game Name or Edition conflict,no current deterministic rule covers pattern,title_plus_item_specifics_or_category,3185d9e7-2713-47a8-9df8-2d3b6ba70437,65ee3c73-ae1c-4115-9c94-5cdc81245437,79a790cb-7eb6-4a62-aa20-7f829d23bba3
381,e13823c3-4c86-487f-8594-4bb421d3516f,2026-07-17T01:31:31.985442+00:00,wrong_edition_version,,B000Q4SREG,MySims - Nintendo Wii,,v1|386276142500|0,MySims Party Nintendo Wii Video Game,Brand New,Video Games & Consoles; Video Games,139973,dealzzmaster,Wii,MySims,NTSC-U/C (US/Canada),,,Manual Included,,Probable Match,Probable Match,,,volume/episode/part mismatch,no current deterministic rule covers pattern,title_plus_item_specifics_or_category,811b56f9-cdc8-4eb6-8481-a3845e1be285,12e7aef2-eba3-4168-a547-6d01a003901e,edcbce6a-ec19-4ff2-998b-b667efa8725a
382,c663eba2-096c-420d-8ea1-de4a16177c1b,2026-07-17T01:31:31.626456+00:00,wrong_edition_version,,B000Q4SREG,MySims - Nintendo Wii,,v1|404510901393|0,"My Sims Party (Nintendo Wii, 2009) MySims Brand New Factory Sealed 50 Minigames",Brand New,Video Games; Video Games & Consoles,139973; 1249,jlav23,Wii,MySims Party,NTSC-U/C (US/Canada),,,,2009,Probable Match,Probable Match,,,item-specific Game Name or Edition conflict,no current deterministic rule covers pattern,title_plus_item_specifics_or_category,2be158a2-deb3-42ac-b78c-9abee0dff190,46c61f29-6bc1-4417-bc14-8c06dde3d1a5,300ac908-512e-451b-bce0-c3c787f0999c
383,23be3807-ca67-41e9-bb3c-3e11cecdbaa2,2026-07-17T01:31:31.226545+00:00,wrong_edition_version,,B000R0SRNU,LEGO Star Wars,,v1|152871812937|0,"LEGO Star Wars: The Force Awakens (Microsoft Xbox 360, 2016) *new,sealed*",Brand New,Video Games; Video Games & Consoles,139973; 1249,media_men,Xbox 360,LEGO Star Wars: The Force Awakens,NTSC-U/C (US/Canada),,,,,Probable Match,Probable Match,,,item-specific Game Name or Edition conflict,no current deterministic rule covers pattern,title_plus_item_specifics_or_category,3a30eaca-74fa-4dd6-b718-906f5f0fff85,1c9ad663-e3f7-43e4-9819-db8b107f82b8,82089990-f505-4c10-92a2-95b3bbc04630
384,c88a04d6-042c-4861-84e9-e456a76d67d1,2026-07-17T01:31:30.870397+00:00,wrong_edition_version,,B000R0SRNU,LEGO Star Wars,,v1|298353638838|0,Warner Bros. LEGO Star Wars: The Force Awakens (Xbox 360) E10+ Action Adventure,Brand New,Video Games; Video Games & Consoles,139973; 1249,gib-3937,Xbox 360,LEGO Star Wars: The Force Awakens,NTSC-U/C (US/Canada),,,Multiplayer,,Probable Match,Probable Match,,,item-specific Game Name or Edition conflict,no current deterministic rule covers pattern,title_plus_item_specifics_or_category,0cf71d4b-52a7-484b-b70b-c0f5e5c81551,e123865f-6aa1-43e3-883e-8cdeae9d91b2,1f062b0f-4b56-4b9b-801f-f9f464abf394
385,8aebd591-9a5c-40cf-b582-6ece2b2e08af,2026-07-17T01:31:30.546685+00:00,wrong_edition_version,,B000R0SRNU,LEGO Star Wars,,v1|275492780999|0,"LEGO Star Wars: The Force Awakens (Xbox 360, 2016) NEW-Factory Sealed",Brand New,Video Games; Video Games & Consoles,139973; 1249,lowelberg101,Xbox 360,LEGO Star Wars: The Force Awakens,,,,Factory Sealed,2016,Probable Match,Probable Match,,,item-specific Game Name or Edition conflict,no current deterministic rule covers pattern,title_plus_item_specifics_or_category,f9ced48d-d516-4ecb-85a4-1b75905f82d6,191fbdf7-c6a1-4088-8fc0-7fda0e27e856,9f04cfc5-030b-4c8a-9529-7c136576027e
386,be50ffeb-6935-4a35-9bc0-f9e282889b65,2026-07-17T01:31:30.233081+00:00,wrong_edition_version,,B000R0SRNU,LEGO Star Wars,,v1|267450255019|0,"Lego Star Wars The Force Awakens (Xbox 360, 2016) New",Brand New,Video Games; Video Games & Consoles,139973; 1249,rdgames2017,Xbox 360,LEGO Star Wars: The Force Awakens,,,,,,Probable Match,Probable Match,,,item-specific Game Name or Edition conflict,no current deterministic rule covers pattern,title_plus_item_specifics_or_category,5271b306-16af-4db4-94b7-64417c306e76,09e421ff-d45c-4c21-b950-18c9892ea340,258e6d81-7775-4c56-a8a3-14e49d4bf4b0
387,4350aaca-cc17-442d-a9c5-862e95c21b9f,2026-07-17T01:31:29.896162+00:00,wrong_edition_version,,B000R0SRNU,LEGO Star Wars,,v1|376246408312|0,LEGO Star Wars: The Force Awakens Xbox 360 (Brand New Factory Sealed),Brand New,Video Games; Video Games & Consoles,139973; 1249,thereg-0,Xbox 360,LEGO Star Wars: The Force Awakens,,,,,2016,Probable Match,Probable Match,,,item-specific Game Name or Edition conflict,no current deterministic rule covers pattern,title_plus_item_specifics_or_category,02c1eed0-9661-4750-99e0-487bc311da68,e1590e99-0119-47ed-835f-9ca152315420,3f202c57-ff3a-4f27-90e8-33917ddce96b
388,c7c88f33-cbee-453e-a04b-f83978253d8c,2026-07-17T01:31:29.583224+00:00,wrong_edition_version,,B000R0SRNU,LEGO Star Wars,,v1|125589479196|0,"LEGO Star Wars: The Force Awakens (Microsoft Xbox 360, 2016)",Brand New,Video Games; Video Games & Consoles,139973; 1249,mrs.valo616,Xbox 360,LEGO Star Wars: The Force Awakens,,,,,,Probable Match,Probable Match,,,item-specific Game Name or Edition conflict,no current deterministic rule covers pattern,title_plus_item_specifics_or_category,057fc308-5309-4269-a39d-5c52df2357e6,988d6996-1446-4f33-a0a5-6116548ada86,d52df66e-811c-42c0-b0fa-0491e2a4c41c
389,4d22d6c6-1826-4fd3-ae77-b095616cc5c3,2026-07-17T01:31:29.281437+00:00,wrong_edition_version,,B000R0SRNU,LEGO Star Wars,,v1|362612974246|0,LEGO STAR WARS THE FORCE AWAKENS XBOX 360 NEW! JEDI DARTH VADER BATTLE!,Brand New,Video Games; Video Games & Consoles,139973; 1249,djhooptie,Xbox 360,LEGO Star Wars: The Force Awakens,,,,,,Probable Match,Probable Match,,,item-specific Game Name or Edition conflict,no current deterministic rule covers pattern,title_plus_item_specifics_or_category,792ab2c9-c430-43c4-ad17-00635774a469,ec8a2f0f-cbff-475a-b2ab-85324d3e189f,4ed8b2d8-39e8-4b6b-9a45-a21e56e15e84
390,8d362d6c-2668-4b20-8c4f-5dc39a8f34ec,2026-07-17T01:31:28.929185+00:00,wrong_edition_version,,B000R0SRNU,LEGO Star Wars,,v1|404450763524|0,LEGO Star Wars: The Force Awakens  - Microsoft Xbox 360,Brand New,Video Games; Video Games & Consoles,139973; 1249,alejcast-5406,Xbox 360,LEGO Star Wars: The Force Awakens,,,,,,Probable Match,Probable Match,,,item-specific Game Name or Edition conflict,no current deterministic rule covers pattern,title_plus_item_specifics_or_category,02c97855-d013-492e-844f-d938a22888d6,f29b95c5-d5f9-4317-ad9e-133bcd6823d8,f11570b4-eebd-4158-ad29-73f51b65c583
391,c0c97ff1-a5eb-46d6-86b8-0196b1c3f2db,2026-07-17T01:31:28.570187+00:00,wrong_edition_version,,B000R0SRNU,LEGO Star Wars,,v1|383543706325|0,"LEGO Star Wars: The Force Awakens (Microsoft Xbox 360, 2016)",Brand New,Video Games; Video Games & Consoles,139973; 1249,shwri_3256,Xbox 360,LEGO Star Wars: The Force Awakens,,,,,,Probable Match,Probable Match,,,item-specific Game Name or Edition conflict,no current deterministic rule covers pattern,title_plus_item_specifics_or_category,84cd8aff-f545-4bf9-8a41-66fca0711bdd,4c8afb76-16df-450d-81af-165823bbdd14,fe695853-ec9e-495a-9313-953afb1d7f13
392,93213815-cbb5-429c-b7a7-baee8e16ddc8,2026-07-17T01:31:28.233341+00:00,wrong_edition_version,,B000R0SRNU,LEGO Star Wars,,v1|376262772160|0,LEGO Star Wars: The Force Awakens - Microsoft Xbox 360 sealed,Brand New,Video Games; Video Games & Consoles,139973; 1249,johnny_cash_jfk,Xbox 360,LEGO Star Wars: The Force Awakens,,,,,,Probable Match,Probable Match,,,item-specific Game Name or Edition conflict,no current deterministic rule covers pattern,title_plus_item_specifics_or_category,d01fe425-f782-4fda-ad4b-07c2f9ab6d5b,9f379a91-8dc1-4f6c-b265-4db1682cd695,9c1553a2-31ad-45e5-b462-ee97663b33b6
393,48555d5b-5bd7-4ab0-b2f4-a0493633a72c,2026-07-17T01:31:27.406336+00:00,wrong_edition_version,,B000R0SRNU,LEGO Star Wars,,v1|377209169988|0,LEGO Star Wars: The Force Awakens Microsoft Xbox 360 Warner Bros 2016 Sealed New,Brand New,Video Games; Video Games & Consoles,139973; 1249,albery1984,Xbox 360,LEGO Star Wars: The Force Awakens,NTSC-U/C (US/Canada),,,"Multiplayer, Co-op, Manual Included, Xbox Live, Blaster Battles",2016,Probable Match,Probable Match,,,item-specific Game Name or Edition conflict,no current deterministic rule covers pattern,title_plus_item_specifics_or_category,53f908eb-4d7a-402a-b7ee-6e2b3a0e44fe,00a035c7-4833-41b4-b088-01850d5c7db9,9529aee1-ad29-445c-b802-01a8bd7ad977
394,23180341-36e1-40c0-a3fa-124dc31094fa,2026-07-17T01:31:26.47453+00:00,wrong_edition_version,,B000R0SRNU,LEGO Star Wars,,v1|206412515633|0,LEGO Star Wars: The Force Awakens (Xbox 360) Brand New Factory Sealed,Brand New,Video Games; Video Games & Consoles,139973; 1249,h2osboys,Xbox 360,LEGO Star Wars: The Force Awakens,NTSC-U/C (US/Canada),,,,,Probable Match,Probable Match,,,item-specific Game Name or Edition conflict,no current deterministic rule covers pattern,title_plus_item_specifics_or_category,bcd27be6-9cf6-4254-bfd9-c2b70a3370d9,4dc12df9-2f00-4318-8e6d-520d898623cc,6b42b994-700c-4c79-a1a0-f5d0f242032e
395,00a2e32c-eda1-486d-a507-87607c937eb6,2026-07-17T01:31:26.135544+00:00,wrong_edition_version,,B000R0SRNU,LEGO Star Wars,,v1|287429138532|0,"Lego Star Wars the Force Awakens (Microsoft Xbox 360, 2016) Brand New Sealed",Brand New,Video Games; Video Games & Consoles,139973; 1249,mufgoods,Xbox 360,LEGO Star Wars: The Force Awakens,NTSC-U/C (US/Canada); United States,,,Manual Included,2016,Probable Match,Probable Match,,,item-specific Game Name or Edition conflict,no current deterministic rule covers pattern,title_plus_item_specifics_or_category,c365cbdf-5de8-47e3-b0d5-0ff5a2aa2e65,fa009832-9205-4c20-921f-de920cf43380,f5b270bd-61ba-4592-84a7-a2f9223ee4aa
396,a17b4657-9fb2-4675-a660-81045ac811ce,2026-07-17T01:31:25.804668+00:00,wrong_edition_version,,B000R0SRNU,LEGO Star Wars,,v1|116596584714|0,Lego Star Wars: The Force Awakens Xbox 360 Brand New Free Shipping ,Brand New,Video Games; Video Games & Consoles,139973; 1249,retaliatedman,Xbox 360,LEGO Star Wars: The Force Awakens,NTSC-U/C (US/Canada); United States,,,,,Probable Match,Probable Match,,,item-specific Game Name or Edition conflict,no current deterministic rule covers pattern,title_plus_item_specifics_or_category,4ebe92a3-3da4-42c9-8e47-0318a1d2da00,a598b1bb-6306-4dca-b157-12c74978b9eb,f8edae22-7547-459e-b311-d9653452d0b0
397,280f2cb6-6858-42c2-b91a-13c8c1876a2d,2026-07-17T01:31:25.363776+00:00,wrong_edition_version,,B000R0SRNU,LEGO Star Wars,,v1|117295319861|0,LEGO Star Wars: The Force Awakens Microsoft Xbox 360 Brand New Factory Sealed,Brand New,Video Games; Video Games & Consoles,139973; 1249,ultimateretrovideogames,Xbox 360,LEGO Star Wars: The Force Awakens,United States,NTSC (N. America),,,,Probable Match,Probable Match,,,item-specific Game Name or Edition conflict,no current deterministic rule covers pattern,title_plus_item_specifics_or_category,0e55c6e1-e1c3-4e82-963e-46509740eddc,d531d19a-9a63-4c88-920a-47d7b6925fc7,062c8f55-1b55-4ae8-a8d6-fbc675994999
398,02d2fac6-a547-408b-a471-e026dde7d86d,2026-07-17T01:31:25.052982+00:00,wrong_edition_version,,B000R0SRNU,LEGO Star Wars,,v1|127926098657|0,LEGO Star Wars: The Force Awakens - Xbox 360 Game Factory Sealed Fast Shipping,Brand New,Video Games; Video Games & Consoles,139973; 1249,brklyndreamer2345,Xbox 360,LEGO Star Wars: The Force Awakens,,,,,2016,Probable Match,Probable Match,,,item-specific Game Name or Edition conflict,no current deterministic rule covers pattern,title_plus_item_specifics_or_category,ec518813-a807-4193-9561-50872b09523a,2230496a-19ec-44a1-bda0-d0dc40ea04d0,a0112d84-40e3-4bc7-841a-a6a94d40e246
399,c15da2d7-1b23-4eaf-8556-b369abf9bfd5,2026-07-17T01:31:24.743295+00:00,wrong_edition_version,,B000R0SRNU,LEGO Star Wars,,v1|197049148570|0,LEGO Star Wars: The Force Awakens Xbox 360 (Brand New Factory Sealed),Brand New,Video Games; Video Games & Consoles,139973; 1249,treasurehunter21,Xbox 360,LEGO Star Wars: The Force Awakens,United States,,,,2016,Probable Match,Probable Match,,,item-specific Game Name or Edition conflict,no current deterministic rule covers pattern,title_plus_item_specifics_or_category,d9166b45-b85f-48f0-9800-51adeda27bec,c62b3531-b0c3-49e3-9abc-db9c68c46702,3411d80e-0670-464c-b211-226ec23c147c
400,d86c6740-44e6-40d3-932a-fbc1754634f3,2026-07-17T01:31:24.443514+00:00,wrong_edition_version,,B000R0SRNU,LEGO Star Wars,,v1|178170420518|0,"LEGO Star Wars: The Force Awakens (Microsoft Xbox 360, 2016) NEW SEALED",Brand New,Video Games; Video Games & Consoles,139973; 1249,mandmsales2,Xbox 360,LEGO Star Wars: The Force Awakens,NTSC-U/C (US/Canada),,,,2016,Probable Match,Probable Match,,,item-specific Game Name or Edition conflict,no current deterministic rule covers pattern,title_plus_item_specifics_or_category,5e518b5e-55e1-47ae-8bbf-04c2034ff492,9207d02c-a419-4b41-85a0-1aeccd3ba50e,8cc5d5d5-9b32-4711-879d-c9f359223c34
401,806e3970-d05e-4449-b1a9-cbe8eee8d61d,2026-07-17T01:31:24.13836+00:00,wrong_edition_version,,B000R0SRNU,LEGO Star Wars,,v1|155221204636|0,LEGO Star Wars: The Force Awakens  - Microsoft Xbox 360 - Factory Sealed,Brand New,Video Games; Video Games & Consoles,139973; 1249,morebeauty4,Xbox 360,LEGO Star Wars: The Force Awakens,,,,,,Probable Match,Probable Match,,,item-specific Game Name or Edition conflict,no current deterministic rule covers pattern,title_plus_item_specifics_or_category,59bd908f-5cfd-47ff-9f81-fe780ce8a25e,5cc81e57-7bb8-49d9-8b6f-26ab49383447,ab91286f-01e8-4404-a5aa-b54b8c6b645c
402,755df9b2-d622-400e-b6e6-58c37999b5cd,2026-07-17T01:31:23.821209+00:00,wrong_edition_version,,B000R0SRNU,LEGO Star Wars,,v1|127424869334|0,LEGO Star Wars: The Force Awakens - Microsoft Xbox 360,Brand New,Video Games; Video Games & Consoles,139973; 1249,niceguypaul,Xbox 360,LEGO Star Wars: The Force Awakens,,,,,,Probable Match,Probable Match,,,item-specific Game Name or Edition conflict,no current deterministic rule covers pattern,title_plus_item_specifics_or_category,31f923c3-7ca9-4f97-b143-e751fc11069e,dfe83263-b16a-42d0-a37a-bc3ffbe59b13,f9e30ed4-a45f-4b66-a34a-1577a1ffaf58
403,74ef5478-4831-4a5a-ba7c-4b90361eb8fd,2026-07-17T01:31:23.475185+00:00,wrong_edition_version,,B000R0SRNU,LEGO Star Wars,,v1|198235115067|0,LEGO Star Wars: The Force Awakens - Xbox 360 Game Factory Sealed Fast Shipping,Brand New,Video Games; Video Games & Consoles,139973; 1249,novasellz707,Xbox 360,LEGO Star Wars: The Force Awakens,,,,,2016,Probable Match,Probable Match,,,item-specific Game Name or Edition conflict,no current deterministic rule covers pattern,title_plus_item_specifics_or_category,c55099bc-a49f-4637-b9fe-29f509f0c257,3b871712-6aec-489d-8012-3bd132ea3e8c,a92efc4d-ce1e-4135-93df-67298ddce686
404,d359f9f4-e0be-4b25-b452-3338b15c059e,2026-07-17T01:31:23.062779+00:00,wrong_edition_version,,B000R0SRNU,LEGO Star Wars,,v1|391492949234|0,"LEGO Star Wars: The Force Awakens (Microsoft Xbox 360, 2016) BRAND NEW",Brand New,Video Games; Video Games & Consoles,139973; 1249,popngame,Xbox 360,LEGO Star Wars: The Force Awakens,NTSC-U/C (US/Canada),,,,,Probable Match,Probable Match,,,item-specific Game Name or Edition conflict,no current deterministic rule covers pattern,title_plus_item_specifics_or_category,b69ad685-dd95-418c-bc99-b07d4346b023,30ae1f0e-0617-4c8e-a025-97e088fe95ed,1f1b126a-15fe-483b-81ab-972cae284612
405,827bb8db-7c13-44e4-86e3-1bdd31087e89,2026-07-17T01:31:22.667815+00:00,wrong_edition_version,,B000R0SRNU,LEGO Star Wars,,v1|276920884258|0,LEGO Star Wars: The Force Awakens Brand New & Sealed Microsoft Xbox 360,Brand New,Video Games; Video Games & Consoles,139973; 1249,cassandras_collectibles,Xbox 360,LEGO Star Wars: The Force Awakens,NTSC-U/C (US/Canada); United States,,,Manual Included,,Probable Match,Blocked,non-US item location,,item-specific Game Name or Edition conflict,current rule should already block,title_plus_item_specifics_or_category,67973bfc-ed07-4421-a0b9-cfc78bcfac61,84c98958-b30c-4946-99a2-d1d2785db59a,08beeaa1-f4cd-440d-a01f-61851a3a04a1
406,34732109-04f1-40e3-badf-273d4ae9630c,2026-07-17T01:31:22.303985+00:00,wrong_edition_version,,B000R0SRNU,LEGO Star Wars,,v1|366535669080|0,"Lego Star Wars The Force Awakens (Xbox 360, 2016) New",Brand New,Video Games; Video Games & Consoles,139973; 1249,stealexo86,Xbox 360,LEGO Star Wars: The Force Awakens,,,,,2016,Probable Match,Probable Match,,,item-specific Game Name or Edition conflict,no current deterministic rule covers pattern,title_plus_item_specifics_or_category,c11841c8-e6cd-4f60-9b78-7f24de400bc3,0eb24f22-cfe8-4a55-a118-2da77f3c3b52,0c263641-07ac-45c0-a7b9-a211a54ec616
407,14134d9d-a489-446f-8ce6-b784d990e5ef,2026-07-17T01:31:21.877723+00:00,wrong_edition_version,,B000R0SRNU,LEGO Star Wars,,v1|357944630152|0,LEGO Star Wars: The Force Awakens - Microsoft Xbox 360. New Sealed,Brand New,Video Games; Video Games & Consoles,139973; 1249,sivotco1,Xbox 360,LEGO Star Wars: The Force Awakens,,,,,,Probable Match,Probable Match,,,item-specific Game Name or Edition conflict,no current deterministic rule covers pattern,title_plus_item_specifics_or_category,c0658316-48d1-451c-8452-d20e9f8bfda0,7389224f-143e-4a2e-a91b-c7c47bc749ed,92ab8112-7289-4304-b8a0-bfaab90285fd
408,ad5893f0-742f-489d-a376-c96e90a69c91,2026-07-17T01:31:21.367053+00:00,wrong_edition_version,,B000R0SRNU,LEGO Star Wars,,v1|389817193153|0,Lego Star Wars : The Force Awakens Xbox 360,Brand New,Video Games; Video Games & Consoles,139973; 1249,ph0enix_junk,Xbox 360,Star Wars,NTSC-U/C (US/Canada); United States,,,,2015,Probable Match,Blocked,non-US item location,,unclear/insufficient evidence,current rule should already block,title_plus_item_specifics_or_category,d5f9a02b-4243-4ea0-a1ac-3143ef2ab5be,a6cebd01-9906-479d-b099-0136f84dc805,63447492-55b0-445b-870e-b5dbb65f19a3
409,2f5e32b5-9b2a-4912-8cc5-9b8e43abffa9,2026-07-17T01:31:20.827685+00:00,wrong_edition_version,,B000R0SRNU,LEGO Star Wars,,v1|188276018618|0,"LEGO Star Wars: The Force Awakens  - Microsoft Xbox 360 - New, Factory Sealed",Brand New,Video Games; Video Games & Consoles,139973; 1249,drewwsomething,Xbox 360,LEGO Star Wars: The Force Awakens,,,,,,Probable Match,Probable Match,,,item-specific Game Name or Edition conflict,no current deterministic rule covers pattern,title_plus_item_specifics_or_category,26b85714-78ce-4c16-8394-5a06ad937924,c072acf6-01c4-4f57-a600-074934b7645d,b87f9161-857c-4a07-92b9-cf6583a64e8a
410,73dbccd4-4e27-4544-9c31-f9aa68d58acc,2026-07-17T01:26:33.22579+00:00,missing_shrink_wrap,,B001B1W3HA,Carnival Games: MiniGolf - Nintendo Wii [video game],,v1|327224008047|0,Carnival Games: Mini Golf - Nintendo Wii - New & Factory Sealed,Brand New,Video Games; Video Games & Consoles,139973; 1249,mountainmantreasure,Wii,Carnival Games: Mini Golf,,,,"Complete Edition, Manual Included, Multiplayer",,Probable Match,Probable Match,,,missing_shrink_wrap,evidence exists only in images,image_or_operator_visual_review,139e31ad-2ea7-4845-afee-288cdc4bdb71,a97aac47-26d6-42a1-997f-e582b7168867,1be795d2-400e-435f-8fa7-1c92c7923de0
411,3b02a1e0-7430-4e1a-baf9-188a54866ac1,2026-07-17T01:26:21.855739+00:00,suspected_reseal,,B001B1W3HA,Carnival Games: MiniGolf - Nintendo Wii [video game],,v1|177215573198|0,Carnival Games: Mini-Golf Nintendo Wii 2008…Factory Sealed,Brand New,Video Games; Video Games & Consoles,139973; 1249,erred_2286,Wii,Carnival Games: Mini-Golf,NTSC-U/C (US/Canada),,,,2008,Probable Match,Probable Match,,,suspected_reseal,evidence exists only in images,image_or_operator_visual_review,0ef1e95b-cab6-4dd7-b64d-2e9ecf9e0eaf,093fab40-6db8-45ee-af79-7d8618acc613,c8d4c2b4-53f6-454d-93d6-85ab5894b829
412,bf85afa4-83db-4288-be5e-b5de1da234f2,2026-07-17T01:16:06.525196+00:00,other,NFR,B002NN7AKU,God of War: Collection - Playstation 3,,v1|188613288353|0,"God of War Collection (Sony PlayStation 3, 2009)",Brand New,Video Games; Video Games & Consoles,139973; 1249,estatesales-r-us,PS 3,God of War Collection,,,,,2009,Probable Match,Probable Match,,,other,operator dismissal may be ambiguous or business/system,title_plus_item_specifics_or_category,3910c98a-b1fa-4dd6-b4a7-7e8b9120f0b9,7759cd0f-0b86-4345-a683-f50d2ec74df6,45919467-7fce-4bfd-88e9-deee6ba05beb
413,180fba04-3874-43ce-a830-4b638dd5c2f2,2026-07-17T01:15:21.637961+00:00,digital_item,,B002NN7AKU,God of War: Collection - Playstation 3,,v1|227411489165|0,God of War III Collection Sony PlayStation 3 Sealed in plastic &Cardboard Sleeve,Brand New,Video Games & Consoles; Video Games,139973,bweber77,PS 3,God of War III,NTSC-U/C (US/Canada); United States,,,,2012,Probable Match,Probable Match,,,digital_item,no current deterministic rule covers pattern,title_plus_item_specifics_or_category,681c1a3e-eb17-4609-a5fa-4b9f3e21ea2d,9670d9be-6f5f-4e79-84c2-d94bcf438345,8590537d-b218-499c-b6ce-796856edbb8e
414,e28d0b62-6f58-4d1d-84d2-c7e7bf16ef4c,2026-07-17T01:14:02.679931+00:00,packaging_damage,,B002I0JFCO,EA Sports Active 2 - Xbox 360 [video game],,v1|358468832280|0,EA Sports Active 2 Xbox 360 Kinect Bundle - Heart Rate Monitor & Band SEALED NEW,Brand New,Video Games; Video Games & Consoles,139973; 1249,some4_53,Xbox 360,EA Sports Active 2,NTSC-U/C (US/Canada),,,Kinect Compatible,2010,Probable Match,Probable Match,,,packaging_damage,evidence exists only in images,image_or_operator_visual_review,f4decfe0-ff8a-4086-9b7b-8923c76536a2,807b3381-cf6b-41d2-b304-e85e61e9b8cb,1ec941cb-9003-41d5-8d54-c62fd6e9ec50
415,09746396-14ed-4487-82eb-8724a4417cf8,2026-07-17T01:13:36.567741+00:00,asin_blocked,,B002I0F5I2,UNCHARTED 2: Among Thieves - Game of The Year Edition - Playstation 3,,v1|115516232075|0,Uncharted 2: Among Thieves - Game of the Year Edition Sony PlayStation 3 goty,Brand New,Video Games; Video Games & Consoles,139973; 1249,monsonmachine12,PS 3,"Uncharted 2: Among Thieves, Uncharted 2: Among Thieves -- Game of the Year Edition",NTSC-U/C (US/Canada),,,Game Of The Year Edition,,Probable Match,Probable Match,,,asin_blocked,operator dismissal may be ambiguous or business/system,title_plus_item_specifics_or_category,256cd74c-5690-4452-bb47-5b98be1eb20a,1cd17472-235f-4d96-9877-e6b37b290b5c,faee8b95-213d-434b-9385-787cf44a5069
416,cc0c6c49-67fb-4b1a-beba-7fc9d3ba1717,2026-07-17T01:13:36.130655+00:00,asin_blocked,,B002I0F5I2,UNCHARTED 2: Among Thieves - Game of The Year Edition - Playstation 3,,v1|265124448173|0,Uncharted 2: Among Thieves -- Game of the Year Edition (Sony PlayStation 3) New,Brand New,Video Games; Video Games & Consoles,139973; 1249,steelers6779,PS 3,"Uncharted 2: Among Thieves, Uncharted 2: Among Thieves -- Game of the Year Edition",,,,Game Of The Year Edition,,Probable Match,Blocked,non-US item location,,asin_blocked,operator dismissal may be ambiguous or business/system,title_plus_item_specifics_or_category,42c2dd5d-440b-441a-b1dc-18aefd7fbd3d,f3f530cb-5f21-47e2-a936-23e4d0edc025,20410143-42d0-491c-88fb-ca15fbb02269
417,a50d18e0-dd6c-442e-ae66-9bf14acc64f7,2026-07-17T01:13:35.73358+00:00,asin_blocked,,B002I0F5I2,UNCHARTED 2: Among Thieves - Game of The Year Edition - Playstation 3,,v1|265554627911|0,"Uncharted 2: Among Thieves -- Game of the Year Edition (Sony PlayStation 3, 201…",Brand New,Video Games; Video Games & Consoles,139973; 1249,bphoenix342,PS 3,"Uncharted 2: Among Thieves, Uncharted 2: Among Thieves -- Game of the Year Edition",,,,Game Of The Year Edition,,Probable Match,Probable Match,,,asin_blocked,operator dismissal may be ambiguous or business/system,title_plus_item_specifics_or_category,93d7e8ad-48d3-4088-a538-a11add597fa0,f64cb2b8-6a37-4257-b09c-bdc0755d4afc,bc7a925e-dfe9-4a59-8f38-d60691690d85
418,143c6749-8cad-4f63-91b4-697c74f4abbc,2026-07-17T01:13:35.341502+00:00,asin_blocked,,B002I0F5I2,UNCHARTED 2: Among Thieves - Game of The Year Edition - Playstation 3,,v1|156424380240|0,"Uncharted 2: Among Thieves -- Game of the Year Edition (Sony PlayStation 3,...",Brand New,Video Games; Video Games & Consoles,139973; 1249,handpi44,PS 3,"Uncharted 2: Among Thieves, Uncharted 2: Among Thieves -- Game of the Year Edition",,,,,,Probable Match,Probable Match,,,asin_blocked,operator dismissal may be ambiguous or business/system,title_plus_item_specifics_or_category,620df4b0-395c-4d00-ac54-db631d5d6297,f163b1c9-e1cd-4d37-abec-bd83f78a4a3a,8cb2e1be-31a8-4a6a-b00a-4ad02b24f160
419,87fe4e9e-7cca-42df-9463-36c13875b581,2026-07-17T01:13:34.885612+00:00,asin_blocked,,B002I0F5I2,UNCHARTED 2: Among Thieves - Game of The Year Edition - Playstation 3,,v1|295917492591|0,Uncharted 2: Among Thieves -- Game of the Year Edition (PS3/Sony PlayStation 3),Brand New,Video Games; Video Games & Consoles,139973; 1249,bubbascollectibles,PS 3,"Uncharted 2: Among Thieves, Uncharted 2: Among Thieves -- Game of the Year Edition",,,,Game Of The Year Edition,,Probable Match,Probable Match,,,asin_blocked,operator dismissal may be ambiguous or business/system,title_plus_item_specifics_or_category,e33f7832-08e4-44a6-8640-d02813832ff9,0fdd7ba1-ac9a-48fe-8ec1-4848d40d773d,6ea3f4bc-dd2a-4a7e-971d-caca1b751159
420,615b4c8b-1884-4bbf-9143-4ede1da7588f,2026-07-17T01:13:34.478296+00:00,asin_blocked,,B002I0F5I2,UNCHARTED 2: Among Thieves - Game of The Year Edition - Playstation 3,,v1|126901300801|0,"Uncharted 2: Among Thieves -- Game of the Year Edition (Sony PlayStation 3,...",Brand New,Video Games; Video Games & Consoles,139973; 1249,aceofheartsresales,PS 3,"Uncharted 2: Among Thieves, Uncharted 2: Among Thieves -- Game of the Year Edition",,,,Game Of The Year Edition,,Probable Match,Probable Match,,,asin_blocked,operator dismissal may be ambiguous or business/system,title_plus_item_specifics_or_category,5dd36e6a-4f72-4e35-bdca-5b218c7b656a,1783260b-f0f4-4ff5-a311-051d0122e36d,05891792-b1e5-4bea-9955-47267c8cf839
421,724fd017-8baa-4cc2-bc8c-2f246ec107e5,2026-07-17T01:13:34.089325+00:00,asin_blocked,,B002I0F5I2,UNCHARTED 2: Among Thieves - Game of The Year Edition - Playstation 3,,v1|157713947195|0,Uncharted 2: Among Thieves Game of the Year Edition (PlayStation 3 PS3) NEW GOTY,Brand New,Video Games; Video Games & Consoles,139973; 1249,retro_thieves,PS 3,"Uncharted 2: Among Thieves, Uncharted 2: Among Thieves -- Game of the Year Edition",NTSC-U/C (US/Canada),,,Game Of The Year Edition,,Probable Match,Probable Match,,,asin_blocked,operator dismissal may be ambiguous or business/system,title_plus_item_specifics_or_category,ad772fe7-81cf-4826-b7ff-b83f16431957,e3af7324-4401-4c6f-94f3-46efccaf446e,9545126c-7b15-4dc3-83c0-5d87192e2a2f
422,1418b6a3-bed7-4137-8f2d-2d712ab28699,2026-07-17T01:13:33.670585+00:00,asin_blocked,,B002I0F5I2,UNCHARTED 2: Among Thieves - Game of The Year Edition - Playstation 3,,v1|188515050048|0,Uncharted 2: Among Thieves Sony PlayStation 3 (PS3) Game of the Year Edition ,Brand New,Video Games & Consoles; Video Games,139973,dorson80,PS 3,"Uncharted 2: Among Thieves, Uncharted 2: Among Thieves -- Game of the Year Edition",NTSC-U/C (US/Canada),,,Game Of The Year Edition,,Probable Match,Probable Match,,,asin_blocked,operator dismissal may be ambiguous or business/system,title_plus_item_specifics_or_category,7d2a1455-b152-440d-9423-efbf358b36b7,983502b9-15b0-4d2d-85f5-869e4dc7a88a,b7f78756-687b-4552-b0fb-d72e0e04878d
423,1eb8de9d-47fc-41f4-8543-df3ac9d53993,2026-07-17T01:13:33.196796+00:00,asin_blocked,,B002I0F5I2,UNCHARTED 2: Among Thieves - Game of The Year Edition - Playstation 3,,v1|116659767047|0,Uncharted 2: Among Thieves -- Game of the Year Edition PS3 - New & Sealed -,Brand New,Video Games; Video Games & Consoles,139973; 1249,i3obtl,PS 3,"Uncharted 2: Among Thieves, Uncharted 2: Among Thieves -- Game of the Year Edition",,,,Game Of The Year Edition,,Probable Match,Probable Match,,,asin_blocked,operator dismissal may be ambiguous or business/system,title_plus_item_specifics_or_category,20d84c08-d6c8-4ab5-82a7-27366d693ed9,ac62249b-6e62-4961-b58e-79e9a508e87b,7d24c8c7-d58d-4cb9-bcc7-a169d8c4ccd6
424,589d82b6-9801-4def-b03a-84d7704096b6,2026-07-17T01:13:32.502645+00:00,asin_blocked,,B002I0F5I2,UNCHARTED 2: Among Thieves - Game of The Year Edition - Playstation 3,,v1|127938351952|0,Uncharted 2 Among Thieves  Game of the Year Edition PS3 Greats Hits NEW,Brand New,Video Games; Video Games & Consoles,139973; 1249,andrewsellstuff,PS 3,Uncharted 2: Among Thieves,NTSC-U/C (US/Canada); United States,,,Game Of The Year Edition,2010,Probable Match,Probable Match,,,asin_blocked,operator dismissal may be ambiguous or business/system,title_plus_item_specifics_or_category,4715559e-1135-4960-8862-d1e3ef735b8f,1a4f2fdd-4875-4f24-be43-7dd2bb9a3cdb,d6904980-f14a-4a30-8eb0-e278663d844a
425,a76f45f3-b56e-4395-8fee-3813711b8c71,2026-07-17T01:12:06.687732+00:00,digital_item,,B002I0F5I2,UNCHARTED 2: Among Thieves - Game of The Year Edition - Playstation 3,,v1|297630473954|0,Uncharted 2: Among Thieves Game of the Year Edition (Sony PlayStation 3) PS3 NEW,Brand New,Video Games & Consoles; Video Games,139973,wiscopicker,PS 3,"Uncharted 2: Among Thieves, Uncharted 2: Among Thieves -- Game of the Year Edition",,,,Game Of The Year Edition,,Probable Match,Probable Match,,,digital_item,no current deterministic rule covers pattern,title_plus_item_specifics_or_category,13e673bd-1be7-49da-862a-0479f558cebb,34eeed28-39cc-453d-b6af-9e331ad2de7a,5eb4d037-0ccb-4bba-a41f-9d7de79d346d
426,75288afb-3d82-4500-b44d-fabdad9a94fb,2026-07-17T01:11:56.892323+00:00,digital_item,,B002I0F5I2,UNCHARTED 2: Among Thieves - Game of The Year Edition - Playstation 3,,v1|406982376689|0,Uncharted 2: Among Thieves Game of the Year Edition Sony PS3 Sleeve New Sealed,Brand New,Video Games & Consoles; Video Games,139973,blam626,PS 3,Uncharted 2: Among Thieves,NTSC-U/C (US/Canada),,,Game Of The Year Edition,,Probable Match,Probable Match,,,digital_item,no current deterministic rule covers pattern,title_plus_item_specifics_or_category,d8994efc-5704-4c54-8adb-c77041a32da8,97d84dd6-ec07-4e8b-b7fa-95fd3493b4f2,8af5ed2b-4596-4c94-bd0c-26734ca1bbde
427,fafb62fd-07fb-4624-933c-06e5cd6db1ee,2026-07-17T01:11:32.131502+00:00,wrong_product,,B002I0JIQW,Portal 2 - PC,,v1|283924995776|0,Mystery Crystal Portal: Beyond The Horizon - PC NEW 🇺🇲 BUY 2 GET 1 FREE 🌎 ,Brand New,Video Games & Consoles; Video Games,139973,brebas45,PC,Portal,,,,,,Probable Match,Probable Match,,,title ambiguity from a short/generic game name,no current deterministic rule covers pattern,title_plus_item_specifics_or_category,86718040-86f2-4060-8190-6d17bd076551,d1fc1126-0576-4e34-b231-14da8ca58ef5,aa62dde0-d94e-4e75-b63b-b57d8b9e8b70
428,8d5bd5f7-d2da-4ba6-8cca-83612367e168,2026-07-17T01:11:28.205764+00:00,wrong_edition_version,,B002ZJNWWC,Medal of Honor - Playstation 3,,v1|137508723390|0,Brand New PS3 Medal Of Honor,Brand New,Video Games; Video Games & Consoles,139973; 1249,vgv-vintagegamevault,PS 3,Medal of Honor,,,,,,Probable Match,Probable Match,,,unclear/insufficient evidence,no current deterministic rule covers pattern,title_plus_item_specifics_or_category,ff461b84-6eb5-467f-b1b8-233977c2d4a6,fc76c41e-df7c-44cf-9034-47d98123b0d7,d39c2644-6fc8-4d80-abdd-dbcb356f4162
429,69e298eb-7ddc-4cb2-b598-c6d5b36672c1,2026-07-17T01:11:27.837778+00:00,wrong_edition_version,,B002ZJNWWC,Medal of Honor - Playstation 3,,v1|188306077391|0,Medal Of Honor Warfighter - Playstation 3 - Authentic - Works,Brand New,Video Games & Consoles; Video Games,139973,theredcollection,PS 3,Medal of Honor: Warfighter,NTSC-U/C (US/Canada),,,,,Probable Match,Probable Match,,,item-specific Game Name or Edition conflict,no current deterministic rule covers pattern,title_plus_item_specifics_or_category,686fedc3-c8b3-42b3-8c06-d076e3f3b1ca,984df21f-d012-4651-92d0-f3d44d26e4f6,e796abcf-0564-4dbe-b6bf-37c4cde2f8a4
430,51a4f945-30f0-490c-8986-7e97e2690d4c,2026-07-17T01:11:18.14659+00:00,wrong_edition_version,,B003RS8I92,Rock Band 3 [video game],,v1|177823947431|0,"Rock Band Game (PlayStation 3, PS3) BRAND NEW Factory Sealed - NTSC Ships Fast",Brand New,Video Games; Video Games & Consoles,139973; 1249,curationsofsean,PS 3,Rock Band,NTSC-U/C (US/Canada),,,Multiplayer,,Probable Match,Probable Match,,,unclear/insufficient evidence,no current deterministic rule covers pattern,title_plus_item_specifics_or_category,150382ad-01e3-447e-bb6d-56ded4fea93f,5b1bda26-cf5f-4903-a1ee-3aadaa740656,418bb1d1-f304-4d0e-8060-d7c70dc5de36
431,4d1c3e74-0225-4bc1-b2ab-514f8cbe02be,2026-07-17T01:11:17.79067+00:00,wrong_edition_version,,B003RS8I92,Rock Band 3 [video game],,v1|226773401326|0,Rock Band For Sony PlayStation 3🥁🎸🎹 *Brand New(BNIB)*🎤🎶🎵,Brand New,Video Games; Video Games & Consoles,139973; 1249,edcamera,PS 3,Rock Band,,,,,2007,Probable Match,Probable Match,,,unclear/insufficient evidence,no current deterministic rule covers pattern,title_plus_item_specifics_or_category,ed8fb9c5-d8a7-4804-9e18-4a995ba793a3,4df14a25-e6bc-4a29-8c77-2ad781059e95,5e771cea-c892-44cc-b1aa-3360286ee4a5
432,efceeb50-d7ed-4756-83e6-0db6b5d19fef,2026-07-17T01:11:17.400949+00:00,wrong_edition_version,,B003RS8I92,Rock Band 3 [video game],,v1|277427437505|0,Rock Band PS3 Game Sony PlayStation 3 Music Loose Seal On Back VIEW PICTURES,Brand New,Video Games; Video Games & Consoles,139973; 1249,worldrewind,PS 3,Rock Band,NTSC-U/C (US/Canada); Japan,,,"Complete Edition, Manual Included, Multiplayer, Authe, Ps3 Game, Factory Sealed",2008,Probable Match,Probable Match,,,base game vs complete/GOTY edition,no current deterministic rule covers pattern,title_plus_item_specifics_or_category,adf30f62-58ed-4bad-8c0f-980f262b2cad,cc4d8765-4ead-4f34-8daa-972929702916,abd0a7af-e46d-400a-8196-fd2ae82db2bd
433,bc903e34-cc4c-4741-ad02-b6e1cd24740f,2026-07-17T01:11:17.026808+00:00,wrong_edition_version,,B003RS8I92,Rock Band 3 [video game],,v1|137430877776|0,Rock Band Game Sony PlayStation 3 PS3 Harmonix Sealed,Brand New,Video Games; Video Games & Consoles,139973; 1249,punkers77,PS 3,Rock Band,NTSC-U/C (US/Canada); United States,,,Multiplayer,2007,Probable Match,Probable Match,,,unclear/insufficient evidence,no current deterministic rule covers pattern,title_plus_item_specifics_or_category,2f51f9b9-bfd6-4de8-9630-cd8e5d9ac1ce,bcbb8882-00a2-4729-9757-ea9331bc4e48,bd929a41-5393-43fa-9142-82a384f44289
434,af6c4634-becd-4a15-821c-a7b25f2f84b8,2026-07-17T01:11:16.560621+00:00,wrong_edition_version,,B003RS8I92,Rock Band 3 [video game],,v1|297395640937|0,FACTORY SEALED NEW Original Rock Band for Sony PS3 PlayStation 3 U55,Brand New,Video Games; Video Games & Consoles,139973; 1249,savingcentral,PS 3,Rock Band,NTSC-U/C (US/Canada),,,,2007,Probable Match,Probable Match,,,unclear/insufficient evidence,no current deterministic rule covers pattern,title_plus_item_specifics_or_category,7c987200-0dd1-46a0-b6e2-2ee7640c08f0,3d72e962-b639-407c-84c2-2407341b92be,b329f403-6d86-4e05-9c7f-ee496b5d7e86
435,001ddd6d-c23e-4c28-98b7-ce373a76e6cb,2026-07-17T01:01:07.729833+00:00,wrong_edition_version,,B003RS8I92,Rock Band 3 [video game],,v1|406968883696|0,Lego Rock Band - Playstation 3 (Sony Playstation 3),Brand New,Video Games; Video Games & Consoles,139973; 1249,rarewaves-usa,PS 3,Lego Rock Band - Playstation 3,,,Games,,2009,Probable Match,Probable Match,,,item-specific Game Name or Edition conflict,no current deterministic rule covers pattern,title_plus_item_specifics_or_category,cea5baeb-23ed-48ef-8e70-c1fd5415bce5,df64812c-0201-46f1-9942-c6a5f2861286,165270c9-f4ac-40c9-99b7-aab0f470db5a
436,ae23dfb2-da2f-4b92-a068-37d7d98a7db2,2026-07-17T01:01:07.418654+00:00,wrong_edition_version,,B003RS8I92,Rock Band 3 [video game],,v1|377300437143|0,LEGO Rock Band  Sony PlayStation 3 ps3 new,Brand New,Video Games; Video Games & Consoles,139973; 1249,roseali95,PS 3,LEGO Rock Band,United States,,,,,Probable Match,Probable Match,,,item-specific Game Name or Edition conflict,no current deterministic rule covers pattern,title_plus_item_specifics_or_category,c929d9cb-5abd-4bfa-b7e2-87da0b96d2cc,41f66b31-0d79-41fb-af73-93f988a9cc41,49eedb8e-973a-4773-a3d1-9274ca83c5c0
437,def00bf5-22fb-4259-a152-151631f1db78,2026-07-17T01:01:07.088419+00:00,wrong_edition_version,,B003RS8I92,Rock Band 3 [video game],,v1|398114088019|0,The Beatles: Rock Band  Sony Playstation 3 new ps3,Brand New,Video Games; Video Games & Consoles,139973; 1249,roseali95,PS 3,The Beatles: Rock Band,NTSC-U/C (US/Canada); United States,NTSC (N. America),,,,Probable Match,Probable Match,,,item-specific Game Name or Edition conflict,no current deterministic rule covers pattern,title_plus_item_specifics_or_category,717ea16d-2d0d-4784-b44b-02167f24e5f5,79837e41-ca54-4e88-a571-77bb814b72be,9f364fa8-8d75-4498-8b4d-c0db9ef99478
438,9249646b-3e89-4106-8c47-d227dece02c4,2026-07-17T01:01:06.775732+00:00,wrong_edition_version,,B003RS8I92,Rock Band 3 [video game],,v1|298305918353|0,"LEGO Rock Band (PlayStation 3, PS3) BRAND NEW Factory Sealed ",Brand New,Video Games; Video Games & Consoles,139973; 1249,thevintagemamas,PS 3,LEGO Rock Band,USA,,,,2009,Probable Match,Probable Match,,,item-specific Game Name or Edition conflict,no current deterministic rule covers pattern,title_plus_item_specifics_or_category,06b6330f-1252-4f15-bb95-a9e59c99c901,2d285997-89ec-40ea-9064-3b162420d711,1a899d78-d146-4bc3-97c5-e23b0a899633
439,992f0319-1d25-4209-a407-d8bd67b58d8b,2026-07-17T01:01:06.451046+00:00,wrong_edition_version,,B003RS8I92,Rock Band 3 [video game],,v1|256653378804|0,The Beatles: Rock Band Playstation 3 PS3 Brand New Factory Sealed,Brand New,Video Games; Video Games & Consoles,139973; 1249,hoardersigloo,PS 3,The Beatles: Rock Band,NTSC-U/C (US/Canada); United States,,,,2009,Probable Match,Blocked,non-US item location,,item-specific Game Name or Edition conflict,current rule should already block,title_plus_item_specifics_or_category,0e975311-479c-4e70-9a2c-3f580c7893ac,ac3d3d4c-cdbb-45c7-bb58-87ed4f6bc468,568517d3-cf13-4d54-897b-926ae9de6fe4
440,13829081-f4e4-4754-90c4-25f752a88a65,2026-07-17T01:01:06.135227+00:00,wrong_edition_version,,B003RS8I92,Rock Band 3 [video game],,v1|156457709339|0,Brand NEW SEALED The Beatles: Rock Band PS3 Factory Sealed US Version,Brand New,Video Games; Video Games & Consoles,139973; 1249,ctine_media_movies_more_1,PS 3,The Beatles: Rock Band,United States,,,,2009,Probable Match,Probable Match,,,item-specific Game Name or Edition conflict,no current deterministic rule covers pattern,title_plus_item_specifics_or_category,e7bf7623-4864-48a0-a5f1-6eaa80185ff2,8e492a67-621a-4bcf-a010-208b0e466be9,1e4b891b-200e-4307-82f7-92cdc0c653a4
441,47285c9d-31e0-4fd0-bda3-7b40a1f8f068,2026-07-17T01:01:05.772855+00:00,wrong_edition_version,,B003RS8I92,Rock Band 3 [video game],,v1|265494584871|0,NEW PS3 Beatles Rock Band Game SEALED Compatible with Rock Band & Guitar Hero,Brand New,Video Games; Video Games & Consoles,139973; 1249,davidjasonmorris,PS 3,The Beatles: Rock Band,NTSC-U/C (US/Canada),,,,,Probable Match,Probable Match,,,item-specific Game Name or Edition conflict,no current deterministic rule covers pattern,title_plus_item_specifics_or_category,a9e57453-e13a-46b6-8b8a-18711dd5362b,eda3c35c-33be-4fe2-ad18-0c53e9d80772,6d342d3e-b79c-4093-8fd6-a8d143acfd0b
442,9ba9255d-1159-47fb-975c-ddfb09a3c061,2026-07-17T01:01:05.411873+00:00,wrong_edition_version,,B003RS8I92,Rock Band 3 [video game],,v1|184502120638|0,"BEATLES ROCK BAND PS3! COME TOGETHER, YELLOW SUBMARINE, I FEEL FINE, REVOLUTION",Brand New,Video Games; Video Games & Consoles,139973; 1249,djhooptie,PS 3,The Beatles: Rock Band,Region Free,,,,,Probable Match,Probable Match,,,item-specific Game Name or Edition conflict,no current deterministic rule covers pattern,title_plus_item_specifics_or_category,b99cf0d2-137d-40d3-bf9e-dbaf52a52337,ee821531-365b-4cc1-bbae-7d8e54f924a1,a0a38413-5a60-4fda-b5cc-b0b6a867274d
443,a831b910-2870-4ed0-a51e-1f4fe3a5f574,2026-07-17T01:01:05.076769+00:00,wrong_edition_version,,B003RS8I92,Rock Band 3 [video game],,v1|157791208439|0,The Beatles: Rock Band - Playstation 3 Game New Sealed,Brand New,Video Games; Video Games & Consoles,139973; 1249,lillystreasures-2,PS 3,The Beatles: Rock Band,NTSC-U/C (US/CA),,,,2009,Probable Match,Probable Match,,,item-specific Game Name or Edition conflict,no current deterministic rule covers pattern,title_plus_item_specifics_or_category,93e8066f-8c6f-44c8-abe6-3316538884af,29c3a225-3748-44e9-8dc9-b1dee14ffa0b,4a4b66ee-2f0e-41dd-b832-3e14cef27fe0
444,26c81b44-1173-434b-9ae9-4a9181b8fcc2,2026-07-17T01:01:04.708231+00:00,wrong_edition_version,,B003RS8I92,Rock Band 3 [video game],,v1|358784984991|0,The Beatles Rock Band PS3 Brand New Factory Sealed US Version ,Brand New,Video Games; Video Games & Consoles,139973; 1249,amberspokecntr89,PS 3,The Beatles Rock Band,,,,,2009,Probable Match,Probable Match,,,item-specific Game Name or Edition conflict,no current deterministic rule covers pattern,title_plus_item_specifics_or_category,4acd53a8-00e6-433a-b3fb-0efb789a7639,af5b1e72-3166-43aa-86c8-8290f3009558,6b27e1d9-5bdb-4769-b091-5e82348b7a4a
445,ce9033e0-d3ba-4963-9f9c-bc40f23e29a8,2026-07-17T01:01:04.298772+00:00,wrong_edition_version,,B003RS8I92,Rock Band 3 [video game],,v1|397469671533|0,"The Beatles: Rock Band - Sony PlayStation 3 PS3 Video Game, Music Rhythm",Brand New,Video Games; Video Games & Consoles,139973; 1249,valley_pawn_culpeper,PS 3,The Beatles: Rock Band,,,,,,Probable Match,Probable Match,,,item-specific Game Name or Edition conflict,no current deterministic rule covers pattern,title_plus_item_specifics_or_category,63bcee19-89c6-472a-ac36-d095220058d1,0ac5a8fd-4f49-404c-9deb-7b27e00fa99f,7fda31f4-f711-4e98-a1a9-080055eef25f
446,50750560-5746-4f4c-a716-7e2cb9d1bb67,2026-07-17T01:01:03.728399+00:00,wrong_edition_version,,B003RS8I92,Rock Band 3 [video game],,v1|287276686106|0,BRAND NEW PS3 Band Hero Guitar Rock Game PlayStation 3 SEALED,Brand New,Video Games; Video Games & Consoles,139973; 1249,pearpa3,PS 3,Band Hero,NTSC-U/C (US/Canada); United States,NTSC (N. America),,,,Probable Match,Probable Match,,,item-specific Game Name or Edition conflict,no current deterministic rule covers pattern,title_plus_item_specifics_or_category,5a6c3f15-a442-4f9a-8bea-e5f07ef70f9d,3a382f3f-920b-4b3c-b0f2-9689547ad33a,ddb754ce-cd50-49dd-b7fe-e8a09e1c54b3
447,d99e326f-f576-462f-868e-33718fd9716a,2026-07-17T01:01:03.166915+00:00,wrong_edition_version,,B003RS8I92,Rock Band 3 [video game],,v1|281024825786|0,BRAND NEW PS3 Band Hero Guitar Rock Game PlayStation 3 SEALED,Brand New,Video Games; Video Games & Consoles,139973; 1249,davidjasonmorris,PS 3,Band Hero,NTSC-U/C (US/Canada); United States,NTSC (N. America),,,,Probable Match,Probable Match,,,item-specific Game Name or Edition conflict,no current deterministic rule covers pattern,title_plus_item_specifics_or_category,1a5c294c-20d8-4017-a537-cce312e8783d,67702d3d-9973-4226-9392-9c4daed220ac,7dffc489-b6bd-44e8-b788-77caef4e09b7
448,d60a3491-f87f-463d-9482-22a2c8f2ac5b,2026-07-17T01:01:02.607768+00:00,wrong_edition_version,,B003RS8I92,Rock Band 3 [video game],,v1|236913473066|0,LEGO Rock Band Sony PlayStation 3 NEW PS3,Brand New,Video Games; Video Games & Consoles,139973; 1249,udclassof2000,PS 3,LEGO Rock Band,NTSC-U/C (US/Canada),,,,,Probable Match,Probable Match,,,item-specific Game Name or Edition conflict,no current deterministic rule covers pattern,title_plus_item_specifics_or_category,94094009-1ac6-4137-8313-614af79c1db6,3ce29d07-27f6-4f14-945e-8a596eae98f9,7defa13a-972c-4f1e-8511-4c2bb6b05d31
449,c79b5167-b300-46ac-95ea-e53cce7a36eb,2026-07-17T01:01:02.10323+00:00,wrong_edition_version,,B003RS8I92,Rock Band 3 [video game],,v1|236439038927|0,Rock Band: Country Track Pack - Sony PlayStation 3 *BRAND NEW*,Brand New,Video Games; Video Games & Consoles,139973; 1249,estarland,PS 3,Rock Band: Country Track Pack,,,,,,Probable Match,Probable Match,,,item-specific Game Name or Edition conflict,no current deterministic rule covers pattern,title_plus_item_specifics_or_category,f5da7597-d3ab-4dcf-9cd3-6258c659cfdb,3135faa3-4ef5-41ac-b39d-c1ab07b89c78,59ab7bd0-ea30-416c-90e6-eabbb44f3579
450,0a4d27ea-ff2d-4f8c-8991-071157ed5259,2026-07-16T19:56:50.844244+00:00,wrong_product,,B003RS8I92,Rock Band 3 [video game],,v1|137260735322|0,BRAND NEW PS3 Band Hero Guitar Rock Game PlayStation 3 SEALED,Brand New,Video Games; Video Games & Consoles,139973; 1249,407_storage_hunters,PS 3,Band Hero,NTSC-U/C (US/Canada); USA,,,,2009,Probable Match,Probable Match,,,eBay item-specific Game Name conflict,no current deterministic rule covers pattern,title_plus_item_specifics_or_category,2147cee0-bf40-4d69-b405-4a035bc3d562,675cc151-d735-450a-b24c-5825ed6207db,f0a3fdbb-d5a5-4d02-b656-8a616d9263cd
451,cef26eeb-5661-4678-9981-416758e7d592,2026-07-16T19:56:50.530636+00:00,wrong_product,,B003RS8I92,Rock Band 3 [video game],,v1|326182873506|0,The Beatles: Rock Band PS3 (Brand New Factory Sealed US Version) ,Brand New,Video Games; Video Games & Consoles,139973; 1249,22211alonso,PS 3,The Beatles: Rock Band,NTSC-U/C (US/Canada); United States,,,,2009,Probable Match,Probable Match,,,eBay item-specific Game Name conflict,no current deterministic rule covers pattern,title_plus_item_specifics_or_category,0542b155-e71d-4d54-9005-f55092cb2bba,554c6682-254f-4b51-acad-13ece2000049,f2ff7a88-d57e-44d3-ab15-cb6632d08372
452,f6f0ea54-fa6d-4351-b4a9-b0372daed0c6,2026-07-16T19:56:50.19627+00:00,wrong_product,,B003RS8I92,Rock Band 3 [video game],,v1|287374022777|0,The Beatles: Rock Band Sony PlayStation 3 New And Sealed,Brand New,Video Games; Video Games & Consoles,139973; 1249,loyaltyovereverything,PS 3,The Beatles: Rock Band,NTSC-U/C (US/Canada),,,Manual Included,2009,Probable Match,Probable Match,,,eBay item-specific Game Name conflict,no current deterministic rule covers pattern,title_plus_item_specifics_or_category,9ecd8916-1149-4235-bd19-678f8117e818,33231d42-c186-4a08-a1b1-313cc10db85f,44a8e526-c1c3-411b-8499-5a4f1c7cf777
453,80912912-6947-473a-a25b-f0f1d2d606b9,2026-07-16T19:56:49.822577+00:00,wrong_product,,B003RS8I92,Rock Band 3 [video game],,v1|206146339802|0,The Beatles ~ Rock Band ~ Sony Playstation 3 New Factory sealed. Mint,Brand New,Video Games; Video Games & Consoles,139973; 1249,sunshine_1964-389,PS 3,The Beatles: Rock Band,NTSC-U/C (US/Canada); United States,,,Sealed,2009,Probable Match,Probable Match,,,eBay item-specific Game Name conflict,no current deterministic rule covers pattern,title_plus_item_specifics_or_category,7298f5a7-fc0f-43fc-a0a8-2237d7598a02,90439586-a9d0-4e37-acf9-729c81b4b605,2cefc476-9551-42ce-a93e-752d1b58638d
454,b8ceff30-3009-4025-8899-22c7ad149198,2026-07-16T19:56:49.509623+00:00,wrong_product,,B003RS8I92,Rock Band 3 [video game],,v1|386909127147|0,The Beatles Rock Band PS3 Sony PlayStation 3 New Sealed Ships from Canada,Brand New,Video Games; Video Games & Consoles,139973; 1249,entertainment_center,PS 3,The Beatles: Rock Band,,,,,,Probable Match,Blocked,non-US item location,,eBay item-specific Game Name conflict,current rule should already block,title_plus_item_specifics_or_category,029a03a7-5b1c-4cdf-810c-673908d22d95,2596d365-424a-4148-95ba-2b3682fec079,37b33179-05e9-4b11-bb9f-78a75916becb
455,149b1907-9913-468f-bb5f-b78396a0742e,2026-07-16T19:56:49.183551+00:00,wrong_product,,B004M8M30G,CARS,,v1|205908031223|0,PS3 Cars 3: Driven to Win PS3 US Version Playstation 3  Brand New Factory Sealed,Brand New,Video Games; Video Games & Consoles,139973; 1249,h2osboys,PS 3,Cars 3: Driven to Win,NTSC-U/C (US/Canada),,,,2017,Probable Match,Probable Match,,,eBay item-specific Game Name conflict,no current deterministic rule covers pattern,title_plus_item_specifics_or_category,9d186062-8915-4ac7-995d-0f06df6027f1,f8e4cd9f-24eb-4e07-9f76-cbb63b5990d0,f9c9c822-2e72-4ff6-99d7-81da9db43d0d
456,fbb39166-e790-4478-a0ec-66b50e553d60,2026-07-16T19:56:48.823327+00:00,wrong_product,,B004Y6DPQM,Dance Dance Revolution WII,,v1|114263740428|0,Karaoke Revolution Glee Bundle - Nintendo Wii Sealed Brand New NO MICROPHONE ,Brand New,Video Games; Video Games & Consoles,139973; 1249,dan2thek714,Wii,Karaoke Revolution,NTSC-U/C (US/Canada),,,"Manual Included, Multiplayer",,Probable Match,Probable Match,,,eBay item-specific Game Name conflict,no current deterministic rule covers pattern,title_plus_item_specifics_or_category,8bea28b0-5e06-47ff-a122-02f02901b586,b4673028-7082-4815-b92f-494f2c05e860,540ed02a-9fb6-461b-bc06-cf5a54a51567
457,c28e0c67-766d-42ab-afa6-107e61475fd4,2026-07-16T19:56:48.513829+00:00,wrong_product,,B004Y6DPQM,Dance Dance Revolution WII,,v1|366129562828|0,"Dance Dance Revolution Hottest Party (Nintendo Wii, 2006) NEW SEALED",Brand New,Video Games; Video Games & Consoles,139973; 1249,stltwinz,Wii,Dance Dance Revolution: Hottest Party,,,,Manual Included,2006,Probable Match,Probable Match,,,eBay item-specific Game Name conflict,no current deterministic rule covers pattern,title_plus_item_specifics_or_category,8eb67ccd-f8be-4010-9450-bd75c7fa0b23,05df2db2-46dc-41f5-8c3d-c987ff4cd002,e15e850f-a3e9-424c-9b6b-10ea53053841
458,7ee42080-5c78-489a-8ed3-e44b92e0c271,2026-07-16T19:56:48.211355+00:00,wrong_product,,B004Y6DPQM,Dance Dance Revolution WII,,v1|168262496229|0,"Dance Dance Revolution: Hottest Party (Nintendo Wii, 2007)",Brand New,Video Games; Video Games & Consoles,139973; 1249,diamond_collectibles,Wii,Dance Dance Revolution: Hottest Party,,,,,2007,Probable Match,Probable Match,,,eBay item-specific Game Name conflict,no current deterministic rule covers pattern,title_plus_item_specifics_or_category,feb3364e-96e4-44e7-8047-6955f4f844ff,03bcde97-bc62-4e64-8b6b-c513b956fae3,d7653727-b097-47bb-a5c4-8de0d2383b39
459,983c1131-39e7-4bf9-8c6b-1dd0b3351fc6,2026-07-16T19:56:47.89578+00:00,wrong_product,,B004Y6DPQM,Dance Dance Revolution WII,,v1|286809255925|0,Dance Dance Revolution: Hottest Party - Nintendo Wii (Sealed),Brand New,Video Games; Video Games & Consoles,139973; 1249,dacrane28,Wii,Dance Dance Revolution: Hottest Party,,,,,,Probable Match,Probable Match,,,eBay item-specific Game Name conflict,no current deterministic rule covers pattern,title_plus_item_specifics_or_category,223c4219-b98a-4a57-b311-611bf5454410,007d46fa-d4c0-4c18-b382-677f22532215,6b70403e-4484-4022-a554-5b9f182640a3
460,afdfefd8-98cd-4624-be90-f7db836fae05,2026-07-16T19:56:47.597161+00:00,wrong_product,,B004Y6DPQM,Dance Dance Revolution WII,,v1|227220132465|0,Nintendo Wii Dance Dance Revolution Hottest Party New still seal game,Brand New,Video Games; Video Games & Consoles,139973; 1249,dudemaster101,Wii,Dance Dance Revolution Hottest Party New still seal,NTSC-U/C (US/Canada); Canada,,,,,Probable Match,Blocked,non-US item location,,eBay item-specific Game Name conflict,current rule should already block,title_plus_item_specifics_or_category,d83b3f96-62af-4f9a-92ad-8dbcdd9bccce,f3c688e9-b3a4-4417-a0a8-e722e48412a3,d9450630-d651-44cb-901e-9defff446a3d
461,d5ca2630-1c72-47a6-8a80-4fe247dfd159,2026-07-16T19:56:47.173032+00:00,wrong_product,,B004Y6DPQM,Dance Dance Revolution WII,,v1|136349623795|0,Dance Dance Revolution: Hottest Party - Nintendo Wii (Sealed),Brand New,Video Games; Video Games & Consoles,139973; 1249,phopro2dad,Wii,Dance Dance Revolution: Hottest Party,,,,,,Probable Match,Probable Match,,,eBay item-specific Game Name conflict,no current deterministic rule covers pattern,title_plus_item_specifics_or_category,a6b612c8-a28a-481f-a619-9378342a1353,fcd9789f-51c5-4788-8a66-cf8e25d3e13f,6ec5f21f-10eb-4435-a4b2-054539a27a9d
462,e84731f2-0b95-440d-abb4-015b531b585e,2026-07-16T19:56:46.867585+00:00,wrong_product,,B004Y6DPQM,Dance Dance Revolution WII,,v1|147020555877|0,Glee Karaoke Revolution Wii Video Game Multiplayer New,Brand New,Video Games & Consoles; Video Games,139973,urban_picker,Wii,Karaoke Revolution,NTSC-U/C (US/Canada); USA,,,"Microphone Included, Multiplayer, Manual Included, Multiplayer",2010,Probable Match,Probable Match,,,eBay item-specific Game Name conflict,no current deterministic rule covers pattern,title_plus_item_specifics_or_category,1ee50e4c-c62d-447f-a5fa-0634ccb03af1,30efa91e-b36b-47f8-b280-a0aa679a8d5d,e706f6f0-aaee-4cfe-b76d-d025959724f2
463,16087f30-7278-4ffb-ba75-06b72aa48c88,2026-07-16T19:56:46.56173+00:00,wrong_product,,B004Y6DPQM,Dance Dance Revolution WII,,v1|176433097867|0,Dance Revolution Hottest Party Nintendo Wii 2007 Game Complete W/ Manual  SEALED,Brand New,Video Games & Consoles; Video Games,139973,don.t_2009,Wii,Dance Dance Revolution: Hottest Party,NTSC-U/C (US/Canada); United States,,,"Complete Edition, Manual Included, Multiplayer",2007,Probable Match,Probable Match,,,eBay item-specific Game Name conflict,no current deterministic rule covers pattern,title_plus_item_specifics_or_category,9bf71b18-33db-419c-a7bb-d509582c9c76,b5bbb378-d5a1-47cf-8b49-59a4c2cc4578,81844a60-d9f0-4619-8ded-165e42ad1513
464,01119740-8a34-4e60-b616-9ad2084aef0c,2026-07-16T19:56:46.189685+00:00,wrong_product,,B004Y6DPQM,Dance Dance Revolution WII,,v1|267474567715|0,Dance Dance Revolution Hottest Party - Software Only - Nintendo Wii,Brand New,Video Games & Consoles; Video Games,139973,goldennestgoods,Wii,Dance Dance Revolution Hottest Party Software Only,NTSC-U/C (US/Canada); Unknown,,,,2008,Probable Match,Probable Match,,,eBay item-specific Game Name conflict,no current deterministic rule covers pattern,title_plus_item_specifics_or_category,52e46d27-760b-4ef9-82ab-bb6f07be2c57,f88074be-948a-4f00-95fa-7df96a5d21d3,4110332b-b997-4d13-8420-abe059835132
465,c2826178-eca3-4c66-920e-8400b2c6c4f9,2026-07-16T19:56:45.861941+00:00,wrong_product,,B005DVAB14,Nickelodeon Dance - Nintendo Wii,,v1|304699787956|0,NEW (SEALED) Nickelodeon The Naked Brothers Band The Video Game (Nintendo Wii),Brand New,Video Games; Video Games & Consoles,139973; 1249,mikeymikedrew,Wii,The Naked Brothers Band The Video Game,NTSC-U/C (US/Canada),,,Manual Included,2008,Probable Match,Probable Match,,,eBay item-specific Game Name conflict,no current deterministic rule covers pattern,title_plus_item_specifics_or_category,cddcbe68-b2da-44d4-8301-7296f6829efd,9d54f5aa-677e-4e53-b246-cfb0626b4ecd,4c3c8c73-25b2-4cf2-ac06-c1c407da4798
466,ba432034-4462-48bf-8cbe-e0bab2efa719,2026-07-16T19:56:45.55033+00:00,wrong_product,,B0056C2LIG,Wii Play Motion (Nintendo Wii),,v1|282694381093|0,"Go Play Circus Star (Nintendo Wii, 2009) Brand New Factory Sealed",Brand New,Video Games; Video Games & Consoles,139973; 1249,wiigotit,Wii,Go Play Circus Star,,,,,,Probable Match,Probable Match,,,eBay item-specific Game Name conflict,no current deterministic rule covers pattern,title_plus_item_specifics_or_category,f913e028-7826-41f7-8137-65a95eaa5caa,7aa7411b-988d-49ab-a8ad-b59c97ad6646,f0f80d42-f9ff-446d-add5-e5796701fcc6
467,2a13b9aa-bd46-4d4f-8eab-1da2fd0c9bd9,2026-07-16T19:56:45.235989+00:00,wrong_product,,B0056C2LIG,Wii Play Motion (Nintendo Wii),,v1|127946705171|0,Wii Play Nintendo Wii Brand New Factory Sealed,Brand New,Video Games; Video Games & Consoles,139973; 1249,jttb-34,Wii,Wii Play,China,,,,,Probable Match,Probable Match,,,title ambiguity from a short/generic game name,no current deterministic rule covers pattern,title_plus_item_specifics_or_category,38da6272-3391-4832-a817-9fc98ce4066c,161568b5-5b9a-44ea-811e-54c677c4be8f,064d57e2-67d5-4952-94a9-1137ab999d1e
468,199bc2be-127b-45c6-9eb8-c6085d8184df,2026-07-16T19:56:44.915436+00:00,wrong_product,,B0056C2LIG,Wii Play Motion (Nintendo Wii),,v1|158017956490|0,"Wii Play (Nintendo Wii, 2007) Factory Sealed BRAND NEW",Brand New,Video Games; Video Games & Consoles,139973; 1249,jester151,Wii,Wii Play,,,,,,Probable Match,Probable Match,,,title ambiguity from a short/generic game name,no current deterministic rule covers pattern,title_plus_item_specifics_or_category,875dc433-7673-4eaf-b22d-ef69bc9a87bc,781a6bc3-d1c2-42fa-8d2d-72c1bba6c8aa,40f41375-99be-4b1c-8b72-a0fdeddda663
469,46c8f30a-84ad-45ec-ba85-673f5ae2ca0f,2026-07-16T19:56:44.594498+00:00,wrong_product,,B0056C2LIG,Wii Play Motion (Nintendo Wii),,v1|257579657495|0,"Wii Play (Nintendo Wii, 2007) Factory Sealed BRAND NEW",Brand New,Video Games; Video Games & Consoles,139973; 1249,proequipmentsales,Wii,Wii Play,Region Free; United States,,,"Manual Included, Multiplayer",2007,Probable Match,Probable Match,,,title ambiguity from a short/generic game name,no current deterministic rule covers pattern,title_plus_item_specifics_or_category,48909c99-8e70-4cba-98d2-a233fc808037,5797aff9-7dc9-4a1f-8d8d-cb549832f83d,fd03cec3-6fd3-47e7-ae33-6dafc8fad913
470,b9c47026-f8f7-4ffe-9844-60d4103d5ec3,2026-07-16T19:56:44.270968+00:00,wrong_product,,B0056C2LIG,Wii Play Motion (Nintendo Wii),,v1|264240809417|0,🔥 Wii Let's Play Garden Brand New Nintendo Wii 👀 🔥,Brand New,Video Games & Consoles; Video Games,139973,nerdyuncle,Wii,Lets Play Garden,NTSC-U/C (US/Canada); United States,,,,,Probable Match,Probable Match,,,eBay item-specific Game Name conflict,no current deterministic rule covers pattern,title_plus_item_specifics_or_category,3ea1dbe4-d41e-410f-8e41-ba1271e24c67,e2a2dfbb-7df3-4bce-89e2-f4e07aa75bbc,02072fc2-adea-4112-a64f-2ba34adfe045
471,fc035b36-68a6-430b-8c6f-462ff4a55638,2026-07-16T19:56:43.967805+00:00,wrong_product,,B0056C2LIG,Wii Play Motion (Nintendo Wii),,v1|282802297124|0,Go Play City Sports (Nintendo Wii) NEW Factory Sealed ,Brand New,Video Games; Video Games & Consoles,139973; 1249,wiigotit,Wii,Go Play City Sports,NTSC-U/C (US/CA),,,,,Probable Match,Probable Match,,,eBay item-specific Game Name conflict,no current deterministic rule covers pattern,title_plus_item_specifics_or_category,df6441e5-1674-44a9-bbe7-b17f2df91bc9,a6f3e2b0-17cd-426f-8e92-6bf93f2595fe,0085028e-30c8-48d0-b2e4-0eadf8c1e4c7
472,c3b95295-35d7-45f9-a703-58bdbc7aeff0,2026-07-16T19:56:43.663491+00:00,wrong_product,,B0056C2LIG,Wii Play Motion (Nintendo Wii),,v1|377307681488|0,Go Play City Sports  Nintendo Wii new,Brand New,Video Games; Video Games & Consoles,139973; 1249,roseali95,Wii,Go Play City Sports,,,,,,Probable Match,Probable Match,,,eBay item-specific Game Name conflict,no current deterministic rule covers pattern,title_plus_item_specifics_or_category,af45b7d5-d403-4a0d-8517-26b31a663d42,467eed74-4490-40c3-881e-ec241ac2672a,7d6e1b52-dcf4-489a-9d0b-77c7da77c57e
473,b9d418a6-da52-49e4-9ccf-a6a22c3cc9e3,2026-07-16T19:56:43.351227+00:00,wrong_product,,B0056C2LIG,Wii Play Motion (Nintendo Wii),,v1|282695723339|0,Let's Play Garden Nintendo Wii Brand New Factory Sealed,Brand New,Video Games & Consoles; Video Games,139973,wiigotit,Wii,Lets Play Garden,NTSC-U/C (US/CA),,,,,Probable Match,Probable Match,,,eBay item-specific Game Name conflict,no current deterministic rule covers pattern,title_plus_item_specifics_or_category,938f5e99-085f-4f0a-a48d-eed1ad92ef22,f8a59799-ea99-4cda-a6ea-521113436179,cabf6ed1-1b47-4f44-8eb2-2dc627644666
474,172dbab2-2673-4f77-994a-de6f077f0d6b,2026-07-16T19:56:43.054996+00:00,wrong_product,,B0056C2LIG,Wii Play Motion (Nintendo Wii),,v1|116077107291|0,"NBA Live 09: All-Play (Nintendo Wii, 2008)",Brand New,Video Games; Video Games & Consoles,139973; 1249,diezbi,Wii,Nba Live 09: All-Play,,,,,2008,Probable Match,Probable Match,,,eBay item-specific Game Name conflict,no current deterministic rule covers pattern,title_plus_item_specifics_or_category,920f1536-3eb6-4050-a0c1-484c1887395c,8ac628d4-5d0a-4d1d-ba96-39b0fb7bd342,b09c79ba-c98c-4392-ae71-fadbe3e7a405
475,c25e123f-e513-4076-85e0-65b31e9df0a9,2026-07-16T19:56:42.726129+00:00,wrong_product,,B0056C2LIG,Wii Play Motion (Nintendo Wii),,v1|287041988492|0,Go Play Lumberjacks Wii Game Nintendo Sealed Motion Family Party New Retro Fun,Brand New,Video Games; Video Games & Consoles,139973; 1249,worldrewind,Wii,Go Play Lumberjacks,NTSC-U/C (US/Canada); United States,,,"Multiplayer, Balance Board Compatible, Factory Sealed",2009,Probable Match,Probable Match,,,eBay item-specific Game Name conflict,no current deterministic rule covers pattern,title_plus_item_specifics_or_category,b933d3b8-4d25-4743-99a0-c081455d1859,2e42cac3-9372-47d1-897c-d026dec894d6,01006f52-bd69-4766-8769-19b863abfae5
476,7fb30652-858b-45e6-ba06-a0ac5c07c3ad,2026-07-16T19:56:42.424448+00:00,wrong_product,,B0056C2LIG,Wii Play Motion (Nintendo Wii),,v1|389276791006|0,"Tiger Woods PGA Tour 09: All-Play (Nintendo Wii, 2008) CIB COMPLETE",Brand New,Video Games & Consoles; Video Games,139973,jembrosfinds,Wii,Tiger Woods PGA Tour 09: All-Play,,,,,2008,Probable Match,Probable Match,,,eBay item-specific Game Name conflict,no current deterministic rule covers pattern,title_plus_item_specifics_or_category,b9241b8c-66aa-438a-aa8f-865a5e44ab0a,a8376cb4-5ed7-4f61-8a3a-1f7f954299e9,883ec489-bb85-44e3-af76-28ce8086fe64
477,6462bfdf-8a8a-4d85-8b60-db6003f41074,2026-07-16T19:56:42.107886+00:00,wrong_product,,B0056C2LIG,Wii Play Motion (Nintendo Wii),,v1|267382553779|0,"Tiger Woods PGA Tour 09: All-Play (Nintendo Wii, 2008) Factory SEALED! New!",Brand New,Video Games & Consoles; Video Games,139973,haystackthrift,Wii,Tiger Woods PGA Tour 09: All-Play,NTSC-U/C (US/Canada),,,,2008,Probable Match,Probable Match,,,eBay item-specific Game Name conflict,no current deterministic rule covers pattern,title_plus_item_specifics_or_category,8bdd1639-489b-4131-8168-8f7adb882a82,c3898c94-053c-4138-86b9-adcd426af8fa,c1cab275-8fe3-4aa6-82c2-bc08e23cc103
478,b65cee07-3964-48c9-909c-8c19c39c67ae,2026-07-16T19:56:41.779651+00:00,wrong_product,,B0056C2LIG,Wii Play Motion (Nintendo Wii),,v1|276685343297|0,Go Play Circus Star (Nintendo Wii) Brand New / Fast Shipping,Brand New,Video Games & Consoles; Video Games,139973,gamers-online-store,Wii,Go Play Circus Star,NTSC-U/C (US/Canada),,,,,Probable Match,Probable Match,,,eBay item-specific Game Name conflict,no current deterministic rule covers pattern,title_plus_item_specifics_or_category,0be4dd63-2ffc-4d92-879a-30961e050dcc,ffaa431f-2ee8-45f7-9ca3-cdbb5f08b272,b82c5660-5633-464b-98aa-d13f75c7e428
479,c23011d0-0038-4295-8678-933311cb5bef,2026-07-16T19:56:41.460745+00:00,wrong_product,,B0056C2LIG,Wii Play Motion (Nintendo Wii),,v1|394102149735|0,"Wii Game Tiger Woods PGA Tour 09 ""All Play With New Sealed .F",Brand New,Video Games; Video Games & Consoles,139973; 1249,a.hernan_47,Wii,Tiger Woods PGA Tour 09: All-Play,NTSC-U/C (US/Canada); United States,,,"Complete Edition, Manual Included, Multiplayer",,Probable Match,Probable Match,,,eBay item-specific Game Name conflict,no current deterministic rule covers pattern,title_plus_item_specifics_or_category,2cfaad0a-7b27-4f06-94f0-0a9810edeeb0,83ac1b4d-f7ce-4073-8ce8-98c4d420ada6,fa46cb73-a5ca-477b-84f8-1e8aaa98a334
480,111ee3d6-4621-4582-89fd-2de016201300,2026-07-16T19:56:41.114639+00:00,wrong_product,,B0056C2LIG,Wii Play Motion (Nintendo Wii),,v1|257391130364|0,"Madden NFL 09: All-Play (Nintendo Wii, 2008) Brand New",Brand New,Video Games; Video Games & Consoles,139973; 1249,retrogames4evershop,Wii,Madden NFL 09: All-Play,NTSC-U/C (US/Canada); United States,,,Manual Included,2008,Probable Match,Probable Match,,,eBay item-specific Game Name conflict,no current deterministic rule covers pattern,title_plus_item_specifics_or_category,36a4f494-f6e4-4781-b49b-c0dddd93a8fb,6718fe53-5a3a-4022-87ea-0ff33782058d,0dc058e8-9df9-4af4-885e-0af2fa0e99ea
481,40166d0c-89d2-406a-89cc-38ffec2db166,2026-07-16T19:56:40.777173+00:00,wrong_product,,B0056C2LIG,Wii Play Motion (Nintendo Wii),,v1|278148256543|0,"* Wii Play (Nintendo Wii, 2007) Brand New NIB Factory Sealed",Brand New,Video Games; Video Games & Consoles,139973; 1249,storm_city_retro,Wii,Wii Play,,,,Manual Included,2007,Probable Match,Probable Match,,,title ambiguity from a short/generic game name,no current deterministic rule covers pattern,title_plus_item_specifics_or_category,e642bbcf-078f-4292-9f3a-1d71fbc1b5c4,cd009177-2836-4027-8aab-bdfc94aa9481,231c0488-155a-4f9e-82bb-3491a7f121cd
482,dbc90abb-ec77-4661-b3f0-2c1aa56610d9,2026-07-16T19:56:40.470861+00:00,wrong_product,,B0056C2LIG,Wii Play Motion (Nintendo Wii),,v1|158077938651|0,Madden NFL 09 All-Play Nintendo Wii 2008 New Rare,Brand New,Video Games; Video Games & Consoles,139973; 1249,cooolr,Wii,Madden NFL 09: All-Play,NTSC-U/C (US/Canada); United States,,,Complete Edition,,Probable Match,Probable Match,,,eBay item-specific Game Name conflict,no current deterministic rule covers pattern,title_plus_item_specifics_or_category,3fab6906-9528-4397-979b-160e6a7f5b6d,16002446-2950-477d-a8da-5875ba035628,82d8f5bc-ebfc-42f6-899a-7a36f531d87c
483,de095717-5091-43f9-ae47-bf907dd2d3f8,2026-07-16T19:56:40.151246+00:00,wrong_product,,B0056C2LIG,Wii Play Motion (Nintendo Wii),,v1|188609186746|0,Tiger Woods PGA Tour 09 All-Play Wii 2008 Everyone Classic Golf Game - SEALED,Brand New,Video Games; Video Games & Consoles,139973; 1249,mileyandhercloset,Wii,Tiger Woods PGA Tour 09: All-Play,,,,,2008,Probable Match,Probable Match,,,eBay item-specific Game Name conflict,no current deterministic rule covers pattern,title_plus_item_specifics_or_category,ace79a52-d4ae-48b5-8f49-bad3de74c5e1,b2544823-9733-4f4e-986f-655ed2ddb8a8,1808dfc8-fbb3-47c8-88c7-45890a15f569
484,9403d713-7931-4537-9493-55e34c2aa486,2026-07-16T19:56:39.825956+00:00,wrong_product,,B0056C2LIG,Wii Play Motion (Nintendo Wii),,v1|406842521750|0,"Tiger Woods PGA Tour 09 All-Play (Nintendo Wii, 2008) Brand New Sealed",Brand New,Video Games; Video Games & Consoles,139973; 1249,adago30,Wii,Tiger Woods PGA Tour 09: All-Play,NTSC-U/C (US/Canada); United States,,,,2008,Probable Match,Blocked,non-US item location,,eBay item-specific Game Name conflict,current rule should already block,title_plus_item_specifics_or_category,a39fc2d4-40d2-4c11-bbf1-8dd4eeb168b8,cd0962a6-961f-47f5-aab8-e64281a3312c,27c3dea2-5090-4b9e-8f2d-ef486a99c86b
485,8ad7df9f-d0b3-4043-ab8f-25584d3b4f6f,2026-07-16T19:56:39.394022+00:00,wrong_product,,B0056C2LIG,Wii Play Motion (Nintendo Wii),,v1|236085604627|0,Wii Play Game Factory Sealed,Brand New,Video Games; Video Games & Consoles,139973; 1249,woodcarvergb,Wii,Wii Play,,,,,,Probable Match,Probable Match,,,title ambiguity from a short/generic game name,no current deterministic rule covers pattern,title_plus_item_specifics_or_category,5873f2a8-c1b2-4ea8-a452-97dbabea03a7,c143d04f-0024-43cb-9c22-3cc6bb63a866,96654b65-5247-4c53-8381-12a230a539ae
486,84ed8268-2ea9-4550-a783-7a245e4cc83e,2026-07-16T19:56:39.043169+00:00,wrong_product,,B0056C2LIG,Wii Play Motion (Nintendo Wii),,v1|396394301956|0,"Tiger Woods PGA Tour 09: All-Play (Nintendo Wii, 2008) Sealed NEW",Brand New,Video Games; Video Games & Consoles,139973; 1249,enderman78989,Wii,Tiger Woods PGA Tour 09: All-Play,,,,,2008,Probable Match,Probable Match,,,eBay item-specific Game Name conflict,no current deterministic rule covers pattern,title_plus_item_specifics_or_category,3888872b-e822-4cac-b055-8615d07a6eed,24d950f3-439c-4b49-86ad-7d2b3fbbe719,a86088bd-18b0-4250-86c2-f95a423eeb2c
487,1ddc5693-32e0-4bc4-88ea-bb8da3b4fd9c,2026-07-16T19:56:38.740698+00:00,wrong_product,,B0056C2LIG,Wii Play Motion (Nintendo Wii),,v1|307018623014|0,SEALED Tiger Woods PGA Tour 09 All-Play Nintendo Wii Game New EA Sports Golf,Brand New,Video Games; Video Games & Consoles,139973; 1249,wii_got_games,Wii,Tiger Woods PGA Tour 09: All-Play,NTSC-U/C (US/Canada); United States,,,,2008,Probable Match,Probable Match,,,eBay item-specific Game Name conflict,no current deterministic rule covers pattern,title_plus_item_specifics_or_category,2763c8f5-1a4c-46b0-b81a-f70ef2249359,2a535230-09ea-4ed6-b4aa-20c931047ed9,208f3bb8-db0a-4764-bad5-f4396fb7bae6
488,79036890-2940-42a8-a229-9f4da455716c,2026-07-16T19:56:38.429787+00:00,wrong_product,,B0056C2LIG,Wii Play Motion (Nintendo Wii),,v1|406513842293|0,Wii Play Nintendo Wii Game (F6),Brand New,Video Games; Video Games & Consoles,139973; 1249,thisandthat5150,Wii,Wii Play,NTSC-U/C (US/Canada); United States,,,Manual Included,2007,Probable Match,Probable Match,,,title ambiguity from a short/generic game name,no current deterministic rule covers pattern,title_plus_item_specifics_or_category,59aaafa4-2deb-4b79-9355-92f834915be1,3c04f4f4-3088-4a88-884e-08d484712b83,48e1ce92-b75a-493d-918b-c165edcda653
489,aebf028b-d711-4338-a62e-20209efb0058,2026-07-16T19:56:38.123749+00:00,wrong_product,,B0056C2LIG,Wii Play Motion (Nintendo Wii),,v1|198469094095|0,FIFA Soccer 09 All-Play Nintendo Wii New Factory Sealed BRAND NEW,Brand New,Video Games; Video Games & Consoles,139973; 1249,rossr20,Wii,FIFA Soccer 09 All-Play,NTSC-U/C (US/Canada),,,,2008,Probable Match,Probable Match,,,eBay item-specific Game Name conflict,no current deterministic rule covers pattern,title_plus_item_specifics_or_category,3f416d1e-ac95-40cb-bb20-f978899669d2,24f86437-f7aa-4afc-85d6-9415adf71840,c33a03e8-ad1f-4630-b289-c2e1346cebd6
490,62c7582d-d14c-45a8-96a0-ced5edefecaa,2026-07-16T19:56:37.76882+00:00,wrong_product,,B0056C2LIG,Wii Play Motion (Nintendo Wii),,v1|276460326903|0,"MADDEN NFL 09: ALL-PLAY GAME FOR NINTENDO Wii, FOOTBALL, FACTORY SEALED",Brand New,Video Games; Video Games & Consoles,139973; 1249,erbant53,Wii,Madden NFL 09: All-Play,NTSC-U/C (US/Canada),,,,,Probable Match,Probable Match,,,eBay item-specific Game Name conflict,no current deterministic rule covers pattern,title_plus_item_specifics_or_category,46f94afa-52f8-45b4-a07c-3059aca0dd5c,5e4d27fd-f3be-4810-9e35-7d18111f54e9,05007168-9a72-4511-b3b4-6656313b17cc
491,2e74a42b-ddda-49c5-9617-2b03bf20017b,2026-07-16T19:56:37.458004+00:00,wrong_product,,B0056C2LIG,Wii Play Motion (Nintendo Wii),,v1|117136411824|0,"Tiger Woods PGA Tour 09: All-Play (Nintendo Wii, 2008) New, Sealed",Brand New,Video Games; Video Games & Consoles,139973; 1249,thrifty_comics,Wii,Tiger Woods PGA Tour 09: All-Play,NTSC-U/C (US/Canada); United States,,,"Complete Edition, Manual Included, Multiplayer",2008,Probable Match,Probable Match,,,eBay item-specific Game Name conflict,no current deterministic rule covers pattern,title_plus_item_specifics_or_category,ac04cd68-610c-45df-9c90-4e2343836b26,65cf4d7b-63d6-4556-8ad9-18557e197d4c,ce29b333-7c8c-412c-92d8-22d5e26826c5
492,6f41ff19-66f3-42b0-9d91-6508e3623a68,2026-07-16T19:56:37.143589+00:00,wrong_product,,B0056C2LIG,Wii Play Motion (Nintendo Wii),,v1|303490857834|0,"NBA Live 09: All-Play (Nintendo Wii 2008)  BRAND NEW, Sealed. Tony Parker Cover",Brand New,Video Games; Video Games & Consoles,139973; 1249,aperez696,Wii,Nba Live 09: All-Play,NTSC-U/C (US/Canada),,,Manual Included,,Probable Match,Probable Match,,,eBay item-specific Game Name conflict,no current deterministic rule covers pattern,title_plus_item_specifics_or_category,52495de1-0ecc-410c-804c-96dda2b7477c,0f36c399-cc76-46de-9da8-26b476d04d2f,20755b5b-2d31-4bc0-b939-924efb7a7ad0
493,d7d78480-1922-4de5-a385-fcc64d76ab93,2026-07-16T19:56:36.832252+00:00,wrong_product,,B0056C2LIG,Wii Play Motion (Nintendo Wii),,v1|137290654708|0,Nintendo Wii Play 2007 New Factory Sealed Game Only,Brand New,Video Games; Video Games & Consoles,139973; 1249,style4allseasons,Wii,Wii Play,NTSC-U/C (US/Canada),,,,2007,Probable Match,Probable Match,,,title ambiguity from a short/generic game name,no current deterministic rule covers pattern,title_plus_item_specifics_or_category,b8d66569-c930-42b8-a6a8-fb54b9ec310d,e2192c09-121b-4bb7-882f-bd761cebdc56,e1b89f3a-600e-4886-b9af-6bf7538ab841
494,685e846c-7e2c-428b-b15d-42b8ade36ffe,2026-07-16T19:56:36.488572+00:00,wrong_product,,B0056C2LIG,Wii Play Motion (Nintendo Wii),,v1|146773219931|0,"Wii Play (Nintendo Wii, 2007)  BRAND NEW, Sealed",Brand New,Video Games; Video Games & Consoles,139973; 1249,mmd2k,Wii,Wii Play,Region Free; United States,,,"Manual Included, Multiplayer",2007,Probable Match,Probable Match,,,title ambiguity from a short/generic game name,no current deterministic rule covers pattern,title_plus_item_specifics_or_category,6c5a9f81-9d2d-4453-bd8c-7629cd013aa1,3918dd59-362a-4889-840e-6546a27d333c,3267298e-023f-4cc8-a7e7-df031c536a6f
495,334702cf-84d6-48dc-9ca3-e558e934a2fe,2026-07-16T19:56:36.185365+00:00,wrong_product,,B0056C2LIG,Wii Play Motion (Nintendo Wii),,v1|157424735228|0,"Wii Play Game (Nintendo Wii, 2007) New Sealed",Brand New,Video Games; Video Games & Consoles,139973; 1249,ksulkey2012,Wii,Wii Play,NTSC-U/C (US/Canada),,,,2007,Probable Match,Probable Match,,,title ambiguity from a short/generic game name,no current deterministic rule covers pattern,title_plus_item_specifics_or_category,64c89736-d391-433c-a1ad-00607d4cae10,6bb5950c-e7bd-44b4-b17e-a3de8df75cf9,1fc05691-f437-4aec-a973-002307b20aa2
496,532f0ad1-f11c-4343-8277-d9696985a219,2026-07-16T19:56:35.854127+00:00,wrong_product,,B0056C2LIG,Wii Play Motion (Nintendo Wii),,v1|365057728206|0,"Wii :  MADDEN NFL 09 ALL-PLAY !!  BRAND NEW, SEALED",Brand New,Video Games; Video Games & Consoles,139973; 1249,midnightsattic,Wii,Madden NFL 09: All-Play,,,,,,Probable Match,Probable Match,,,eBay item-specific Game Name conflict,no current deterministic rule covers pattern,title_plus_item_specifics_or_category,3d25115e-7355-47d9-bfbf-5f2ed9f6d824,6cb8d826-bedb-45d1-b0ba-e3f05d2f3e1e,48218e71-e5d9-42b6-b05d-a9ebc689b2b1
497,f87e4dbb-b7d7-4252-a653-7f564a89af70,2026-07-16T19:56:35.554651+00:00,wrong_product,,B0056C2LIG,Wii Play Motion (Nintendo Wii),,v1|196499100010|0,"Madden NFL 09: All-Play (Nintendo Wii, 2008)",Brand New,Video Games; Video Games & Consoles,139973; 1249,lyna_le,Wii,Madden NFL 09: All-Play,,,,,2008,Probable Match,Probable Match,,,eBay item-specific Game Name conflict,no current deterministic rule covers pattern,title_plus_item_specifics_or_category,24f8a73e-d425-4bca-a1e1-a91897d4be12,e253dcf0-e3b7-4bcd-a96c-fd6aeca9abbe,65c9ea5c-cd1b-4077-8215-bcaf99ca2277
498,85b53cae-94ed-4351-931b-fc4b42bc2a6a,2026-07-16T19:56:35.239503+00:00,wrong_product,,B0056C2LIG,Wii Play Motion (Nintendo Wii),,v1|398139521536|0,"Sealed NBA Live 09: All-Play (Nintendo Wii, 2008) Lx",Brand New,Video Games; Video Games & Consoles,139973; 1249,supersalemart,Wii,Nba Live 09: All-Play,,,,,2008,Probable Match,Probable Match,,,eBay item-specific Game Name conflict,no current deterministic rule covers pattern,title_plus_item_specifics_or_category,74487389-c5bc-4f24-be74-1801054b9d9f,96a1440d-c449-4edd-9c08-04c5bc13455e,bcd6a4f8-946b-48b6-8177-a7a8d81d2008
499,9e61b6f4-83e7-4ecb-b203-1ec420aace2f,2026-07-16T19:56:34.932119+00:00,wrong_product,,B0056C2LIG,Wii Play Motion (Nintendo Wii),,v1|277168336959|0,"Tiger Woods PGA Tour 09: All-Play (Nintendo Wii, 2008) Golf Player NEW SEALED",Brand New,Video Games; Video Games & Consoles,139973; 1249,wovenvillager,Wii,Tiger Woods PGA Tour 09: All-Play,,,,,2008,Probable Match,Probable Match,,,eBay item-specific Game Name conflict,no current deterministic rule covers pattern,title_plus_item_specifics_or_category,209c52e8-2dd4-4dcb-8c75-20d59d6ad532,2697c375-f836-4e3c-9deb-505226e40063,e4773f69-4e04-4847-a9f7-0bde76210d44
500,e9a43707-4ceb-4013-b86a-4ddc81946552,2026-07-16T19:56:34.604348+00:00,wrong_product,,B0056C2LIG,Wii Play Motion (Nintendo Wii),,v1|186939344438|0,"Go Play Circus Star (Nintendo Wii, 2009) NEW",Brand New,Video Games; Video Games & Consoles,139973; 1249,manasotabooks,Wii,Go Play Circus Star,Japan,,,,,Probable Match,Probable Match,,,eBay item-specific Game Name conflict,no current deterministic rule covers pattern,title_plus_item_specifics_or_category,12d57ec9-ff3e-4b22-94ff-b7fb3601aea4,a203b213-1a4b-4634-9f53-5b37d658e305,343a9cf7-0766-4548-ad8e-1d37b729e488
501,d3d9e3d2-f235-4b1e-9d6a-b8db77cdb447,2026-07-16T19:56:34.268663+00:00,wrong_product,,B0056C2LIG,Wii Play Motion (Nintendo Wii),,v1|277476862761|0,Let's Play Garden Nintendo Wii Game NEW SEALED ,Brand New,Video Games; Video Games & Consoles,139973; 1249,plaidman76,Wii,Let's Play Garden,Unknown,,,,2010,Probable Match,Probable Match,,,eBay item-specific Game Name conflict,no current deterministic rule covers pattern,title_plus_item_specifics_or_category,40d74cf7-2374-472e-88f4-92ba5e7f7f51,02b04357-c43b-4b6b-b8b9-950b7bd700e3,8a3a0076-ccf8-4ebe-ba04-ccdc7f15abf0
502,9ec36068-3124-4e2e-9cac-3b1e7237f62e,2026-07-16T19:56:33.921177+00:00,wrong_product,,B0056C2LIG,Wii Play Motion (Nintendo Wii),,v1|257546888428|0,Madden NFL 09: All-Play Nintendo Wii Brand New Factory Sealed,Brand New,Video Games; Video Games & Consoles,139973; 1249,gamer-insane,Wii,Madden NFL 09: All-Play,,NTSC (N. America),,,,Probable Match,Probable Match,,,eBay item-specific Game Name conflict,no current deterministic rule covers pattern,title_plus_item_specifics_or_category,453905c1-900e-4b32-9621-dce05a08bc20,ca493588-7363-4ef3-af6e-317dbf1e2183,a2a788af-715a-4dc2-adef-65ffae0e66ee
503,0fe8c5cb-8f95-4249-b3a6-757c2471cd0c,2026-07-16T19:56:33.609242+00:00,wrong_product,,B0056C2LIG,Wii Play Motion (Nintendo Wii),,v1|398137270613|0,"Madden NFL 09: All-Play (Nintendo Wii, 2008) Brand New Sealed",Brand New,Video Games; Video Games & Consoles,139973; 1249,farseka55,Wii,Madden NFL 09: All-Play,NTSC-U/C (US/Canada),,,Manual Included,2008,Probable Match,Probable Match,,,eBay item-specific Game Name conflict,no current deterministic rule covers pattern,title_plus_item_specifics_or_category,f5a80173-b034-42cd-9c82-3f72f2cd4fd4,adf929be-1311-43b0-98da-bf8961b21803,831a7301-e298-4488-8669-3581cc5691a0
504,ec547569-946a-49d9-82e5-a1a087ccc287,2026-07-16T19:56:33.302109+00:00,wrong_product,,B0056C2LIG,Wii Play Motion (Nintendo Wii),,v1|394424359814|0,"Tiger Woods PGA Tour 09: All-Play (Nintendo Wii, 2008) NEW & Sealed",Brand New,Video Games; Video Games & Consoles,139973; 1249,socalpirates,Wii,Tiger Woods PGA Tour 09: All-Play,,,,,,Probable Match,Probable Match,,,eBay item-specific Game Name conflict,no current deterministic rule covers pattern,title_plus_item_specifics_or_category,b6ac9b55-9a1c-4376-803e-9049bc0d6efd,b94df12a-9aa1-4c62-b567-34d89e02d535,b9277d55-0cd0-409f-9ef0-8287c58a6ef0
505,987669c7-d246-4ddd-b300-2f9aae0ec2d5,2026-07-16T19:56:32.875793+00:00,wrong_product,,B0056C2LIG,Wii Play Motion (Nintendo Wii),,v1|376875265244|0,"Madden NFL 09 All-Play (Nintendo Wii, 2008) Brand New Sealed ",Brand New,Video Games; Video Games & Consoles,139973; 1249,nervaz-67,Wii,Madden NFL 09: All-Play,NTSC-U/C (US/Canada); United States,,,Manual Included,2008,Probable Match,Probable Match,,,eBay item-specific Game Name conflict,no current deterministic rule covers pattern,title_plus_item_specifics_or_category,d0e6d0ce-f67b-4906-8976-80e3090cb490,c3f73470-f4cd-406d-a436-6ebf67a9654f,eb7b83e6-c14d-4c29-a227-4b996739c803
506,768e49f6-f88b-406c-af3d-7325594985fe,2026-07-16T19:56:32.514357+00:00,wrong_product,,B0056C2LIG,Wii Play Motion (Nintendo Wii),,v1|225695076167|0,"Tiger Woods PGA Tour 09: All-Play (Nintendo Wii, 2008) NEW in plastic Golf sport",Brand New,Video Games; Video Games & Consoles,139973; 1249,guatemala21,Wii,Tiger Woods PGA Tour 09: All-Play,NTSC-U/C (US/Canada),,,,,Probable Match,Probable Match,,,eBay item-specific Game Name conflict,no current deterministic rule covers pattern,title_plus_item_specifics_or_category,c74a24dc-11b0-455f-975b-6780ecf5a087,db2095c9-0432-48a6-8b51-5b5c30d52187,58c43621-8173-4f29-acb1-cb1602f5db86
507,4285a7df-1d0d-444b-aa2d-b4a26cb0d527,2026-07-16T19:56:32.144785+00:00,wrong_product,,B0056C2LIG,Wii Play Motion (Nintendo Wii),,v1|335673039157|0,"Madden NFL 09 All-Play (Nintendo Wii, 2008) NEW SEALED",Brand New,Video Games; Video Games & Consoles,139973; 1249,ricdun-27,Wii,Madden NFL 09: All-Play,NTSC-U/C (US/Canada),,,Sealed,2008,Probable Match,Probable Match,,,eBay item-specific Game Name conflict,no current deterministic rule covers pattern,title_plus_item_specifics_or_category,578f2567-e5bd-42c9-b1d4-8fb5b7ede171,f83eceaa-f7b1-4e6e-ac35-ab772633d9b2,bf571aa9-ea10-4ea4-bf94-34d43838d23f
508,58ef6545-eb98-4394-8856-9063fdf06100,2026-07-16T19:56:31.838206+00:00,wrong_product,,B0056C2LIG,Wii Play Motion (Nintendo Wii),,v1|306508642033|0,"Tiger Woods PGA Tour 09: All-Play (Nintendo Wii, 2008) Factory Sealed New",Brand New,Video Games; Video Games & Consoles,139973; 1249,thekitschcache,Wii,Tiger Woods PGA Tour 09: All-Play,,,,,2008,Probable Match,Probable Match,,,eBay item-specific Game Name conflict,no current deterministic rule covers pattern,title_plus_item_specifics_or_category,5bed6d6a-6197-467e-bfe7-2c690ecf4052,c4300f8c-beac-438f-b31b-5ed7a1518336,d7fbd2a9-8ca5-4d7d-af36-015870fc0ad7
509,565748e4-e40d-4a40-8e41-a90afbe4065f,2026-07-16T19:56:31.500438+00:00,wrong_product,,B0056C2LIG,Wii Play Motion (Nintendo Wii),,v1|275663806057|0,"Go Play Circus Star (Nintendo Wii, 2009)",Brand New,Video Games; Video Games & Consoles,139973; 1249,southerncountrylady44,Wii,Go Play Circus Star,,,,,,Probable Match,Probable Match,,,eBay item-specific Game Name conflict,no current deterministic rule covers pattern,title_plus_item_specifics_or_category,09c08e70-334c-4bb0-87e9-0fb55347502c,65f837b7-81f3-412d-ae73-7b2e4afebc01,0eda7b9b-7735-4820-a2fb-97e52d4ca712
510,d3c05bf5-2b7c-4b9c-b851-793f7e2c730c,2026-07-16T19:56:31.071085+00:00,wrong_product,,B0056C2LIG,Wii Play Motion (Nintendo Wii),,v1|254400861829|0,Circus Star - Go Play - Nintendo Wii - Factory Sealed - 2009 - New,Brand New,Video Games; Video Games & Consoles,139973; 1249,grumpytamatocomicsntoys,Wii,Go Play Circus Star,NTSC-U/C (US/Canada),,,,,Probable Match,Probable Match,,,eBay item-specific Game Name conflict,no current deterministic rule covers pattern,title_plus_item_specifics_or_category,233e6cda-1d6b-4880-87a5-f6949f2a11cf,0a89c4f8-2c6c-4f90-9132-2b1aff540694,b0608150-f847-4c4a-8d0a-1989f7935fe4
511,b02281f0-053e-45b9-aff8-fcc15e025393,2026-07-16T19:56:30.665837+00:00,wrong_product,,B0056C2LIG,Wii Play Motion (Nintendo Wii),,v1|327166931902|0,"Go Play Circus Star Nintendo Wii, 2009 NEW",Brand New,Video Games; Video Games & Consoles,139973; 1249,marioplace,Wii,Go Play Circus Star,NTSC-U/C (US/Canada); Japan,,,,2009,Probable Match,Probable Match,,,eBay item-specific Game Name conflict,no current deterministic rule covers pattern,title_plus_item_specifics_or_category,5856ffed-87d4-4789-943d-bb0dea7c848c,a57f4e9e-68b1-4920-b916-67a10a34f84e,dc5383de-8018-4c0a-b948-1e25d7897cba
512,75fffe17-310a-40e2-a3e9-38b1b49e1557,2026-07-16T19:56:30.337166+00:00,wrong_product,,B0056C2LIG,Wii Play Motion (Nintendo Wii),,v1|295828238227|0,"New Tiger Woods PGA Tour 09: All-Play (Nintendo Wii, 2008) Sealed",Brand New,Video Games; Video Games & Consoles,139973; 1249,captainjack1422,Wii,Tiger Woods PGA Tour 09: All-Play,,,,,,Probable Match,Probable Match,,,eBay item-specific Game Name conflict,no current deterministic rule covers pattern,title_plus_item_specifics_or_category,886af529-b882-4110-8c83-455909786bec,8167e104-ea9e-4c39-b3c1-41639076359e,904428c6-8841-4e42-bcb9-b2421f1a7425
513,ec123459-824a-40a5-8a7d-a77c3f9dd1cd,2026-07-16T19:56:29.960761+00:00,wrong_product,,B0056C2LIG,Wii Play Motion (Nintendo Wii),,v1|134989544572|0,Tiger Woods PGA Tour 09 All-Play - Nintendo Wii NEW,Brand New,Video Games; Video Games & Consoles,139973; 1249,re-3sellers,Wii,Tiger Woods PGA Tour 09: All-Play,NTSC-U/C (US/Canada),,,,2008,Probable Match,Probable Match,,,eBay item-specific Game Name conflict,no current deterministic rule covers pattern,title_plus_item_specifics_or_category,0507ddc9-ea3c-4a39-b5f0-b6323b572053,8873fb01-bf1e-4767-8706-8d58869b09e1,aa332f95-c602-4546-9a86-39a40f528855
514,18d8a139-5138-498c-b43b-05a837a5335d,2026-07-16T19:56:29.550533+00:00,wrong_product,,B0056C2LIG,Wii Play Motion (Nintendo Wii),,v1|167748245970|0,FIFA Soccer 09 All-Play - Nintendo Wii,Brand New,Video Games; Video Games & Consoles,139973; 1249,greenworldbooks,Wii,FIFA Soccer 09 All-Play - Nintendo Wii,,,,,2008,Probable Match,Probable Match,,,eBay item-specific Game Name conflict,no current deterministic rule covers pattern,title_plus_item_specifics_or_category,d921c3fa-fe19-4f8d-8039-a43c278b7b2e,33e0a273-1a05-4644-9058-c8f12a667241,38a7b19d-0cf0-419b-85c3-318c2880b46a
515,5ab844ee-9b1d-47f9-8af4-23fe68a74b96,2026-07-16T19:56:29.195377+00:00,wrong_product,,B0056C2LIG,Wii Play Motion (Nintendo Wii),,v1|307016316714|0,Go Play Circus Star - Nintendo Wii  NEW sealed,Brand New,Video Games; Video Games & Consoles,139973; 1249,rick4811,Wii,Go Play Circus Star,NTSC-U/C (US/Canada); United States,,,,,Probable Match,Probable Match,,,eBay item-specific Game Name conflict,no current deterministic rule covers pattern,title_plus_item_specifics_or_category,1dcb1a7e-1aec-4d82-bda1-d180a9c3e464,d93fab0b-8301-4ac7-94f5-a21227f90f97,16883a33-6c19-4e8b-8161-1e5df95c33b0
516,36cbd958-96ae-49cc-a1f0-ffe90394072d,2026-07-16T19:56:28.859677+00:00,wrong_product,,B0056C2LIG,Wii Play Motion (Nintendo Wii),,v1|143474950429|0,Go Play Circus Star - Nintendo Wii New Sealed,Brand New,Video Games; Video Games & Consoles,139973; 1249,chocolatechipboxer,Wii,Go Play Circus Star,NTSC-U/C (US/Canada); Unknown,,,,,Probable Match,Probable Match,,,eBay item-specific Game Name conflict,no current deterministic rule covers pattern,title_plus_item_specifics_or_category,12ca8d09-8cd7-42b3-a51c-005e0045ddd1,ffa638b8-f248-48a1-987b-2eaf7692c52e,1f15ee1e-79fa-4ae5-afdb-3ec81c76f4dc
517,ff1566ff-a685-4038-8291-a56d909b74e2,2026-07-16T19:56:28.443982+00:00,wrong_product,,B0056C2LIG,Wii Play Motion (Nintendo Wii),,v1|236429775139|0,Go Play Circus Star Nintendo Wii 2009 New Factory Sealed,Brand New,Video Games; Video Games & Consoles,139973; 1249,joesfamily,Wii,Go Play Circus Star,NTSC-U/C (US/Canada); United States,,,Manual Included,2009,Probable Match,Probable Match,,,eBay item-specific Game Name conflict,no current deterministic rule covers pattern,title_plus_item_specifics_or_category,f7cebb13-75b9-42fd-a620-f31324e5dc7e,e47620e8-a9ad-4d36-b599-7ccafa27bea3,d307931b-d152-4be5-a3b6-b728620c853f
518,e976393f-fabb-4323-985e-c1c778362f06,2026-07-16T19:56:27.987619+00:00,wrong_product,,B0056C2LIG,Wii Play Motion (Nintendo Wii),,v1|186610705144|0,"Madden NFL 09: All-Play (Nintendo Wii, 2008) - BRAND NEW - STILL IN PLASTIC",Brand New,Video Games; Video Games & Consoles,139973; 1249,sammythekid7,Wii,Madden NFL 09: All-Play,United States,,,,2008,Probable Match,Probable Match,,,eBay item-specific Game Name conflict,no current deterministic rule covers pattern,title_plus_item_specifics_or_category,14eae8d1-bbf6-4000-9aca-ea5afbf2e307,77cc4565-5c3d-430f-9c4e-ecb516cfa482,34b62e7d-9971-49ea-b8d0-a5d8804c687a
519,aeab14a8-2199-44e9-9399-ed9e456d0060,2026-07-16T19:56:27.677662+00:00,wrong_product,,B0056C2LIG,Wii Play Motion (Nintendo Wii),,v1|296782648170|0,"Go Play Circus Star (Nintendo Wii, 2009) New Sealed",Brand New,Video Games; Video Games & Consoles,139973; 1249,bustersumo,Wii,Go Play Circus Star,NTSC-U/C (US/Canada); United States,,,"Manual Included, Multiplayer, Wii Motion Plus Compatible",2009,Probable Match,Probable Match,,,eBay item-specific Game Name conflict,no current deterministic rule covers pattern,title_plus_item_specifics_or_category,e1f1dd8f-91c7-40d4-910e-a8a62e83f3d0,e84f8f4a-ac2e-4621-aa32-601332d9d0f9,849e53b3-4c53-4d7d-b1e8-3fe4b0fa9c93
520,f7aff2ee-472e-4e39-93e8-2d67af0bf8fc,2026-07-16T19:56:27.254978+00:00,wrong_product,,B0056C2LIG,Wii Play Motion (Nintendo Wii),,v1|192548688847|0,Let's Play Garden (2010) Brand New Factory Sealed USA Nintendo Wii Game ,Brand New,Video Games; Video Games & Consoles,139973; 1249,ncsxshop,Wii,Lets Play Garden,NTSC-U/C (US/Canada); United States,,,,,Probable Match,Probable Match,,,eBay item-specific Game Name conflict,no current deterministic rule covers pattern,title_plus_item_specifics_or_category,2e6078b7-5ac7-4acc-a68d-92d8d0826187,9e65f15e-71af-475c-b36f-99812424c81c,46ad344a-ad9b-4180-99d9-c986b4a73a4e
521,a706e44a-d2ea-477f-bca3-c58cb9965b32,2026-07-16T19:56:26.920018+00:00,wrong_product,,B0056C2LIG,Wii Play Motion (Nintendo Wii),,v1|227379407732|0,"Tiger Woods PGA Tour 09: All-Play (Nintendo Wii, 2008) BRAND NEW-FACTORY SEALED",Brand New,Video Games; Video Games & Consoles,139973; 1249,rodejone_0,Wii,Tiger Woods PGA Tour 09: All-Play,NTSC-U/C (US/Canada); United States,,,,2008,Probable Match,Probable Match,,,eBay item-specific Game Name conflict,no current deterministic rule covers pattern,title_plus_item_specifics_or_category,70c927a7-aa58-4a4d-bbdb-a1816632790f,dd90456c-d9c1-4997-8bdf-1ecedad5f99b,1ac38091-74e6-46a0-8a3d-4f81a0a6e194
522,4de73eb2-5e7e-47c3-b0a8-f9be82bae75d,2026-07-16T19:56:26.604425+00:00,wrong_product,,B0056C2LIG,Wii Play Motion (Nintendo Wii),,v1|116192519756|0,"Madden NFL 09: All-Play (Nintendo Wii, 2008) NEW, Sealed",Brand New,Video Games; Video Games & Consoles,139973; 1249,lucasmatthewprice,Wii,Madden NFL 09: All-Play,NTSC-U/C (US/Canada); United States,,,"Manual Included, Multiplayer",2003,Probable Match,Probable Match,,,eBay item-specific Game Name conflict,no current deterministic rule covers pattern,title_plus_item_specifics_or_category,e297914d-fdcb-4160-bae2-a329ddbd4c12,6205ac73-c034-4eb5-a443-21868e7f8778,8cf6ded0-f5f6-4d22-8151-56f2412e0d2b
523,4e0b217b-bdd3-41c7-bafe-57e391c48d3c,2026-07-16T19:56:26.177695+00:00,wrong_product,,B0056C2LIG,Wii Play Motion (Nintendo Wii),,v1|133638540771|0,Let's Play Garden Nintendo Wii It's Garden Time Game NEW SEALED ,Brand New,Video Games; Video Games & Consoles,139973; 1249,wesell4less1,Wii,Let's Play Garden,Unknown,,,,,Probable Match,Probable Match,,,eBay item-specific Game Name conflict,no current deterministic rule covers pattern,title_plus_item_specifics_or_category,0b2f7d22-66c1-491f-b906-e1773653ea60,222680c7-7ece-4de4-adb6-ae7f28bc708e,f74b2745-2609-49fb-a435-6de4fd6aea98
524,86480c8d-29fe-400a-b127-3b1b08364f36,2026-07-16T19:56:25.816267+00:00,wrong_product,,B0056C2LIG,Wii Play Motion (Nintendo Wii),,v1|358523724659|0,NINTENDO WII FIFA SOCCER 09 ALL-PLAY BRAND NEW ,Brand New,Video Games; Video Games & Consoles,139973; 1249,salsantiques1955,Wii,FIFA Soccer 09 All-Play,NTSC-U/C (US/Canada),,,,,Probable Match,Probable Match,,,eBay item-specific Game Name conflict,no current deterministic rule covers pattern,title_plus_item_specifics_or_category,1c5be418-6a76-4c6b-85c4-30789befcc5b,61db75e0-b217-48f5-bc3b-37efe4a8e619,2c456bbf-3a31-412b-adcd-716a62cf45a1
525,e03f04c5-9c67-4bcf-8230-5833b676ff8d,2026-07-16T19:56:25.435927+00:00,wrong_product,,B0056C2LIG,Wii Play Motion (Nintendo Wii),,v1|365865246053|0,"Tiger Woods PGA Tour 09: All-Play (Nintendo Wii, 2008) - Sealed",Brand New,Video Games; Video Games & Consoles,139973; 1249,mad-erfinds,Wii,Tiger Woods PGA Tour 09: All-Play,,,,,2008,Probable Match,Probable Match,,,eBay item-specific Game Name conflict,no current deterministic rule covers pattern,title_plus_item_specifics_or_category,6b51d2c5-2176-44ce-b840-4db1d238283b,73d5e9d4-b92d-42b4-8626-f45f82b90593,91605b72-5a67-4e9b-ac14-326886d7fe12
526,caaa826f-55f0-4d64-9163-d2fd6ffe8dc1,2026-07-16T19:56:25.121313+00:00,wrong_product,,B0056C2LIG,Wii Play Motion (Nintendo Wii),,v1|168118660164|0,NINTENDO WII FIFA SOCCER 09 ALL-PLAY - BRAND NEW IN BOX SEALED,Brand New,Video Games; Video Games & Consoles,139973; 1249,everythingsold073,Wii,FIFA Soccer 09 All-Play,NTSC-U/C (US/Canada),,,,,Probable Match,Probable Match,,,eBay item-specific Game Name conflict,no current deterministic rule covers pattern,title_plus_item_specifics_or_category,bb027d2e-a11d-4cce-a48c-d73ab720817c,9c83e252-d51c-452d-a0a8-ed401a503d92,1d91ec30-43ff-4406-85c9-1d8282de899f
527,73e07cf6-942b-4d8f-b6e8-4ee96005322c,2026-07-16T19:56:24.805168+00:00,wrong_product,,B0056C2LIG,Wii Play Motion (Nintendo Wii),,v1|286672362839|0,Go Play Circus Star Nintendo Wii Brand New - Sealed,Brand New,Video Games; Video Games & Consoles,139973; 1249,playthensell,Wii,,,,,,,Probable Match,Probable Match,,,title ambiguity from a short/generic game name,no current deterministic rule covers pattern,title_plus_item_specifics_or_category,e5ea0f4d-79c8-457a-984b-b7e7e03a8aae,2ea6a3b8-48e9-4cbc-b8f1-63a2a3f8e790,55a3871d-4cc2-479f-a403-0321ac1bc24b
528,313b43ca-4d57-4254-9a57-ad747d6436cf,2026-07-16T19:56:24.398145+00:00,wrong_product,,B0056C2LIG,Wii Play Motion (Nintendo Wii),,v1|317936004606|0,"Go Play Lumberjacks (Nintendo Wii, 2008) Sealed",Brand New,Video Games; Video Games & Consoles,139973; 1249,realbettertimegaming,Wii,Go Play Lumberjacks,NTSC-U/C (US/Canada); United States,,,Manual Included,2009,Probable Match,Probable Match,,,eBay item-specific Game Name conflict,no current deterministic rule covers pattern,title_plus_item_specifics_or_category,970dfeec-a5a2-4ce3-87c6-8567da643310,fe207ff6-56c9-4fba-9733-933d07567938,bfb093f9-7034-46d9-94f8-d0ec0490e36b
529,0ece56be-637f-4221-9bcb-657be2e7400e,2026-07-16T19:56:24.076619+00:00,wrong_product,,B0056C2LIG,Wii Play Motion (Nintendo Wii),,v1|267717431447|0,Nintendo Wii Play Nintendo Wii Manual Included Multiplayer Arcade Sports,Brand New,Video Games; Video Games & Consoles,139973; 1249,horizonimportsolutionsllc,Wii,Wii Play,NTSC-U/C (US/Canada),,,"Manual Included, Multiplayer, Create your own Miis and use them in your game, Play alone or challenge friends, Earn medals by obtaining high scores",,Probable Match,Probable Match,,,title ambiguity from a short/generic game name,no current deterministic rule covers pattern,title_plus_item_specifics_or_category,856d7773-13f4-438e-9011-ebe72fbf97aa,8d206f2c-3873-463b-be07-970d630d9eb7,ae0c59f1-728a-4ab8-aba9-f737a58b2be0
530,262cead3-41aa-414d-93cb-b95d6ad20605,2026-07-16T19:56:23.756639+00:00,wrong_product,,B0056C2LIG,Wii Play Motion (Nintendo Wii),,v1|124493951912|0,"Madden NFL 09: All-Play (Nintendo Wii, 2008) Brand New / Sealed - case crack",Brand New,Video Games; Video Games & Consoles,139973; 1249,retrorechargegames,Wii,Madden NFL 09: All-Play,,,,,,Probable Match,Blocked,non-US item location,,eBay item-specific Game Name conflict,current rule should already block,title_plus_item_specifics_or_category,7e0540f2-81f3-4ffa-9fc3-e0738b17f1e0,9ae8e359-dbc8-4b24-9602-8c875a281372,8368198d-6f65-4179-99c6-ad09571539d6
531,6dfa0b39-9c08-4274-838f-88ceffad79ab,2026-07-16T19:56:23.417122+00:00,wrong_product,,B0056C2LIG,Wii Play Motion (Nintendo Wii),,v1|383324841807|0,Go Play Circus Star Nintendo Wii Brand New Sealed Gift Quality FREE SHIPPING,Brand New,Video Games; Video Games & Consoles,139973; 1249,diddick,Wii,Go Play Circus Star,,,,,,Probable Match,Probable Match,,,eBay item-specific Game Name conflict,no current deterministic rule covers pattern,title_plus_item_specifics_or_category,fde6e287-94c7-4211-9502-67e91584f3cd,f0f9c1eb-4994-4f42-8685-7c057948b551,6fda5c21-b61d-4e50-82f8-af228f6f3cfd
532,c97677cf-87e4-466d-b16d-a09689c7f8bc,2026-07-16T19:56:23.097221+00:00,wrong_product,,B0056C2LIG,Wii Play Motion (Nintendo Wii),,v1|358604260342|0,"NBA Live 09: All-Play (Nintendo Wii 2008) BRAND NEW, Sealed. Tony Parker Cover",Brand New,Video Games; Video Games & Consoles,139973; 1249,sfg_sports,Wii,Nba Live 09: All-Play,NTSC-U/C (US/Canada); United States,,,,,Probable Match,Probable Match,,,eBay item-specific Game Name conflict,no current deterministic rule covers pattern,title_plus_item_specifics_or_category,4b5e93ab-b1be-424e-a883-dcfd82c5b8fe,e820a0ea-bdaa-4f01-a8ad-8ccb44fa5b2e,6974de51-0f39-4dcd-93af-e7c54736b770
533,5ba8b9d3-f752-4b14-92cb-7883c776e375,2026-07-16T19:56:22.749827+00:00,wrong_product,,B0056C2LIG,Wii Play Motion (Nintendo Wii),,v1|137182362657|0,Tiger Woods PGA Tour 09: All-Play (Nintendo Wii) - Brand NEW & Factory SEALED,Brand New,Video Games; Video Games & Consoles,139973; 1249,easterntradeco,Wii,Tiger Woods PGA Tour 09: All-Play,United States,,,,,Probable Match,Probable Match,,,eBay item-specific Game Name conflict,no current deterministic rule covers pattern,title_plus_item_specifics_or_category,bb721289-e2c3-44a6-aff7-625a22b9570e,86a59bd3-bcfe-44bb-8db8-82185af6173f,99232774-94f4-4599-b53c-476585252ba4
534,ec1798f9-67fc-41ac-967d-1deacdd61aa4,2026-07-16T19:56:22.435797+00:00,wrong_product,,B0056C2LIG,Wii Play Motion (Nintendo Wii),,v1|198430957273|0,NBA Live 09 All-Play Nintendo Wii 2008 Game New Sealed Free Shipping,Brand New,Video Games; Video Games & Consoles,139973; 1249,teclado_electronics,Wii,Nba Live 09,NTSC-U/C (US/Canada),,,Manual Included,2008,Probable Match,Probable Match,,,eBay item-specific Game Name conflict,no current deterministic rule covers pattern,title_plus_item_specifics_or_category,3eaea787-1ee2-4544-b169-37d3ef5100ff,eb90b7e3-0c33-4fdd-9c91-d5ebee0ad95d,694d1cb8-09ef-49b3-bd3f-8e49e3172b8f
535,9c8bb16d-dd99-4c68-af4f-144ef77048d6,2026-07-16T19:56:22.105633+00:00,wrong_product,,B0056C2LIG,Wii Play Motion (Nintendo Wii),,v1|126027098359|0,"Tiger Woods PGA Tour 09: All-Play (Nintendo Wii, 2008) NEW, Sealed",Brand New,Video Games; Video Games & Consoles,139973; 1249,lucasmatthewprice,Wii,Tiger Woods PGA Tour 09: All-Play,NTSC-U/C (US/Canada); United States,,,"Manual Included, Multiplayer",,Probable Match,Probable Match,,,eBay item-specific Game Name conflict,no current deterministic rule covers pattern,title_plus_item_specifics_or_category,a8159312-43d0-4b6b-a545-d310ac4422ae,6db81a5d-f7ef-4971-b744-fb1d270c34bb,e87e7a65-3442-4163-a48e-412b4bad2adf
536,4220bb65-21b8-4450-a288-5f33e8f7efcd,2026-07-16T19:56:21.711469+00:00,wrong_product,,B0056C2LIG,Wii Play Motion (Nintendo Wii),,v1|394024085640|0,"Madden NFL 09: All-Play (Nintendo Wii, 2008) *Brand New",Brand New,Video Games; Video Games & Consoles,139973; 1249,paul2cool,Wii,Madden NFL 09: All-Play,NTSC-U/C (US/Canada); United States,,,,,Probable Match,Probable Match,,,eBay item-specific Game Name conflict,no current deterministic rule covers pattern,title_plus_item_specifics_or_category,1eb83af0-2ce7-493e-affe-63d4e919b340,52460e56-165e-4935-8605-c338c75f246d,244b14e4-0e35-4cb9-bd10-ab9ed986e49a
537,5295aef0-f24e-4bf6-92a5-d5eab6f62aae,2026-07-16T19:56:21.361635+00:00,wrong_product,,B0056C2LIG,Wii Play Motion (Nintendo Wii),,v1|278078874965|0,"Go Play Lumberjacks (Nintendo Wii, 2009) Brand New Factory Sealed",Brand New,Video Games; Video Games & Consoles,139973; 1249,bigseller313,Wii,Go Play Lumberjacks,,,,,2009,Probable Match,Probable Match,,,eBay item-specific Game Name conflict,no current deterministic rule covers pattern,title_plus_item_specifics_or_category,efb4ee10-5c0b-4314-9a1f-4d3ea9ce6397,0574c104-913c-4898-ac5a-acb5beb7a9c1,99beadae-98b6-4193-adfc-49310cbd43f9
538,13e1f53e-26e7-428f-8058-beffc7c31309,2026-07-16T19:56:21.044592+00:00,wrong_product,,B0056C2LIG,Wii Play Motion (Nintendo Wii),,v1|234379010109|0,NINTENDO WII GAME LET'S PLAY GARDEN BRAND NEW & FACTORY SEALED,Brand New,Video Games; Video Games & Consoles,139973; 1249,videogamesupply,Wii,Lets Play Garden,,,,,,Probable Match,Probable Match,,,eBay item-specific Game Name conflict,no current deterministic rule covers pattern,title_plus_item_specifics_or_category,a2b0e965-a766-4b5c-90f7-d7048a1fe8a1,1be50173-5fd9-40ad-b371-70485ac727a7,ae3c4341-1285-4a74-aae4-376dee603f9b
539,bda07c0e-8db7-4e58-a9e5-3bc2e7ecca3a,2026-07-16T19:56:20.715512+00:00,wrong_product,,B0056C2LIG,Wii Play Motion (Nintendo Wii),,v1|175640281656|0,Lets Play Garden - Nintendo Wii VideoGames M23,Brand New,Video Games; Video Games & Consoles,139973; 1249,kungfudvdworldcom,Wii,Lets Play Garden,,,,,,Probable Match,Probable Match,,,eBay item-specific Game Name conflict,no current deterministic rule covers pattern,title_plus_item_specifics_or_category,fb77c690-8d1d-4056-8d2c-900d6c438860,273d4412-5377-4700-9b18-d72554c97f23,dfc66751-5d5a-4ef8-a737-6b1b791fcba3
540,851585d8-b470-4014-bc50-58573ea1a26e,2026-07-16T19:56:20.407883+00:00,wrong_product,,B0056C2LIG,Wii Play Motion (Nintendo Wii),,v1|236768734363|0,"Wii Tiger Woods PGA Tour 09 (Nintendo Wii, 2007) EA Sports All Play",Brand New,Video Games; Video Games & Consoles,139973; 1249,youshouldpickmellc,Wii,Tiger Woods PGA Tour 09: All-Play,Unknown,,,,2007,Probable Match,Probable Match,,,eBay item-specific Game Name conflict,no current deterministic rule covers pattern,title_plus_item_specifics_or_category,9a6188ef-e0c6-4e65-a6c6-d352c5d81b4d,34ba9a68-7ba0-45e7-b4c7-804503169c84,7a982720-3f06-4e7e-8d62-3d39ff14c164
541,f0f905a3-cdc7-4e16-b469-c7f4d1d64347,2026-07-16T19:56:20.095773+00:00,wrong_product,,B0056C2LIG,Wii Play Motion (Nintendo Wii),,v1|365865244345|0,"Madden NFL 09: All-Play (Nintendo Wii, 2008) BRAND NEW SEALED",Brand New,Video Games; Video Games & Consoles,139973; 1249,mad-erfinds,Wii,Madden NFL 09: All-Play,NTSC-U/C (US/Canada),,,Manual Included,2008,Probable Match,Probable Match,,,eBay item-specific Game Name conflict,no current deterministic rule covers pattern,title_plus_item_specifics_or_category,5f142a14-f9be-44ab-9682-21243cb41862,eae7c76d-4633-4283-b005-37bf8fbfc8e7,e25a5017-10d5-4272-8408-4b420f7461cc
542,98b0804a-5a42-47f3-8bd0-793a6b33f340,2026-07-16T19:56:19.777519+00:00,wrong_product,,B0056C2LIG,Wii Play Motion (Nintendo Wii),,v1|147314110347|0,Sealed Nintendo Wii game Wii Play New And Factory Sealed,Brand New,Video Games; Video Games & Consoles,139973; 1249,seaveyda,Wii,Wii Play,,,,Manual Included,,Probable Match,Probable Match,,,title ambiguity from a short/generic game name,no current deterministic rule covers pattern,title_plus_item_specifics_or_category,5d5f86ca-4518-4430-bc4e-a409e1086d9b,1a4c77d0-8952-483a-b339-c938dc1a8e29,2c6292f9-8d5d-4cfa-b728-823f11f08e93
543,068e7699-c7d0-4296-949e-df2a36a810cc,2026-07-16T19:56:19.41699+00:00,wrong_product,,B0056C2LIG,Wii Play Motion (Nintendo Wii),,v1|188070681811|0,"FIFA Soccer 09 All-Play (Nintendo Wii, 2008)",Brand New,Video Games; Video Games & Consoles,139973; 1249,gameworld_0824,Wii,FIFA Soccer 09 All-Play,,,,,2008,Probable Match,Probable Match,,,eBay item-specific Game Name conflict,no current deterministic rule covers pattern,title_plus_item_specifics_or_category,182f3841-4b25-415c-8d3d-917a8007ef7a,96cfc296-53fd-48d3-978d-0e39dc4b178f,6708a44e-0597-4b34-bea3-391197e170af
544,d15c7c45-9dbb-42e9-a46d-46b9f7959ebe,2026-07-16T19:56:19.061448+00:00,wrong_product,,B0056C2LIG,Wii Play Motion (Nintendo Wii),,v1|286273587032|0,Wii Tiger Woods PGA Tour 09 All-Play Nintendo NEW Factory Sealed EA Sports GOLF,Brand New,Video Games; Video Games & Consoles,139973; 1249,2014-jamerson,Wii,Tiger Woods PGA Tour 09: All-Play,NTSC-U/C (US/Canada); United States,,,"Multiplayer, Manual Included, New And Sealed",2009,Probable Match,Probable Match,,,eBay item-specific Game Name conflict,no current deterministic rule covers pattern,title_plus_item_specifics_or_category,1f310758-6781-4e15-89fa-c9bf6b183e23,122819b1-dab8-48d5-8aae-5a8efbf34aa6,7bf0f087-de50-422c-9deb-f07e7661d9b4
545,f651f8d7-fea2-438f-a0f4-e1a1f939ab3c,2026-07-16T19:56:18.732521+00:00,wrong_product,,B0056C2LIG,Wii Play Motion (Nintendo Wii),,v1|365568981769|0,"Wii Play (Wii, 2007) - BRAND NEW",Brand New,Video Games; Video Games & Consoles,139973; 1249,joesullivan88,Wii,Wii Play,NTSC-U/C (US/Canada),,,Manual Included,2007,Probable Match,Probable Match,,,title ambiguity from a short/generic game name,no current deterministic rule covers pattern,title_plus_item_specifics_or_category,483d9e0a-21ad-4793-ad44-382f46f17abc,907a085c-1217-40fc-9573-ff76fced6347,c6992dac-edb7-4304-b078-234c72c26da5
546,9509c3f6-57d7-410e-87bd-89eba119430d,2026-07-16T19:56:18.412735+00:00,wrong_product,,B0056C2LIG,Wii Play Motion (Nintendo Wii),,v1|365170166664|0,"Madden NFL 09: All-Play (Nintendo Wii, 2008) -BRAND NEW",Brand New,Video Games; Video Games & Consoles,139973; 1249,joesullivan88,Wii,Madden NFL 09: All-Play,,,,,2008,Probable Match,Probable Match,,,eBay item-specific Game Name conflict,no current deterministic rule covers pattern,title_plus_item_specifics_or_category,abeace63-9c00-442d-84a3-bd363b47a134,e0648709-a9fa-498a-93d8-82e925134897,ec684175-0a27-488c-a987-b3224bd8f156
547,887e1c11-d14a-4172-a4a2-c773784409c2,2026-07-16T19:56:18.083998+00:00,wrong_product,,B0056C2LIG,Wii Play Motion (Nintendo Wii),,v1|405752999282|0,"Madden NFL 09: All-Play (Nintendo Wii, 2008) Brand New, Sealed Free Shipping ",Brand New,Video Games; Video Games & Consoles,139973; 1249,storage-items,Wii,Madden NFL 09: All-Play,,,,,2008,Probable Match,Probable Match,,,eBay item-specific Game Name conflict,no current deterministic rule covers pattern,title_plus_item_specifics_or_category,fae64ded-348e-4c5e-8a5c-943731a96f1e,d4431457-5cb0-41ab-9216-f93db764f275,1016c65c-9bdb-45fe-b39c-e9c18ec77486
548,c3e9d881-9a2e-41a1-afd5-35237892d4c8,2026-07-16T19:56:17.711756+00:00,wrong_product,,B0056C2LIG,Wii Play Motion (Nintendo Wii),,v1|117252424187|0,Wii Play Brand New Sealed For The Nintendo Wii Rated E For Everyone,Brand New,Video Games; Video Games & Consoles,139973; 1249,repeatthecycle,Wii,Wii Play,NTSC-U/C (US/Canada),,,Manual Included,2007,Probable Match,Probable Match,,,title ambiguity from a short/generic game name,no current deterministic rule covers pattern,title_plus_item_specifics_or_category,db58a641-e0fc-45e6-874b-286c78aac7bb,783f0ae3-e7d0-4c7a-bf39-da52ce03b4cc,070374d7-bf97-46be-95a1-c6c6bd021c0b
549,f871eeab-1ff4-4f62-abe7-69100c9bc9f8,2026-07-16T19:56:17.240565+00:00,wrong_product,,B0056C2LIG,Wii Play Motion (Nintendo Wii),,v1|256701742968|0,Wii PLAY NINTENDO VIDEO GAME NEW SEALED,Brand New,Video Games; Video Games & Consoles,139973; 1249,coolreesseelleerr,Wii,Wii Play,NTSC-U/C (US/Canada); Japan,,,"Manual Included, Multiplayer, Complete Edition",,Probable Match,Probable Match,,,title ambiguity from a short/generic game name,no current deterministic rule covers pattern,title_plus_item_specifics_or_category,ba798eea-7e7a-4ac5-b0e5-f2c8bd7f4ff4,6cc808cc-c338-4a3d-8a52-4c33650d4b23,8b927700-23b8-41bf-90b2-e310bf92356f
550,1c7bd64b-93bf-4c95-8ab9-5c255e2f844a,2026-07-16T19:56:16.889484+00:00,wrong_product,,B0056C2LIG,Wii Play Motion (Nintendo Wii),,v1|127878368501|0,Wii Play Nintendo Wii Video Game CIB Complete w/ Manual ESRB E Everyone,Brand New,Video Games & Consoles; Video Games,139973,jaunde43,Wii,Wii Play,NTSC-U/C (US/Canada); USA,,,"Manual Included, Multiplayer, Motion Control",2006,Probable Match,Probable Match,,,title ambiguity from a short/generic game name,no current deterministic rule covers pattern,title_plus_item_specifics_or_category,acee86f4-cd91-4849-b5d1-94ae924b7e14,6c4755e4-9e8c-41ac-a7f9-5f3cd8162c5d,a7ac95c4-9d0e-4ebf-9dc2-97c3659e7e3e
551,19fdf69e-32fa-43b1-9038-ac699dd0c8b7,2026-07-16T19:56:16.446422+00:00,wrong_product,,B0056C2LIG,Wii Play Motion (Nintendo Wii),,v1|168418747672|0,"Tiger Woods PGA Tour 09: All-Play (Nintendo Wii, 2008) New, Sealed",Brand New,Video Games & Consoles; Video Games,139973,member2150232,Wii,Tiger Woods PGA Tour 09: All-Play,NTSC-U/C (US/Canada); United States,,,"Complete Edition, Manual Included, Multiplayer",2008,Probable Match,Probable Match,,,eBay item-specific Game Name conflict,no current deterministic rule covers pattern,title_plus_item_specifics_or_category,b4b8f49a-71eb-4085-9970-2962e5a1b5d3,ac16768c-7fbe-443f-8953-c2dccaa73397,856a9a5e-d971-4430-a080-764d9005a39e
552,9f3025ae-3f96-4875-9c88-b64cf99d4536,2026-07-16T19:55:32.260555+00:00,sales_velocity_too_low,,B0033ZV2BU,Racquet Sports - Nintendo Wii,,v1|168487487311|0,Racquet Sports - Wii #ABJD,Brand New,Video Games; Video Games & Consoles,139973; 1249,thegridgoodwill,Wii,Racquet Sports,United States,,,,,Probable Match,Probable Match,,,sales_velocity_too_low,operator dismissal may be ambiguous or business/system,title_plus_item_specifics_or_category,45aef9c8-2188-4ab8-8052-8a326f5dac1a,ab49eb22-e612-45ee-9d0b-d21aca16c50c,e9286f0b-c5f0-4fd0-8ab7-b41e1cdbd72e
553,b403fb41-6fa0-4317-8c31-58c8260a78c1,2026-07-16T19:52:59.048894+00:00,roi_too_low,,B004M8M30G,CARS,,v1|389944469284|0,Cars 2 (PS3 Sony PlayStation 3) Brand New Sealed!,Brand New,Video Games; Video Games & Consoles,139973; 1249,kerbs_gaming,PS 3,Cars 2,NTSC-U/C (US/Canada),,,,2011,Probable Match,Blocked,non-US item location,,roi_too_low,operator dismissal may be ambiguous or business/system,title_plus_item_specifics_or_category,1ac91a48-7655-45da-85e7-e7ef1557e69e,1d2c4477-d7e5-4673-9ac3-239cf54f00fe,5f6d5359-e8bc-43a2-a90d-e19e6ffd7339
554,c4dd6692-f1dc-4aa1-a2f1-d408be9a0e13,2026-07-16T19:48:40.30952+00:00,non_north_american_version,,B0045ZB66I,Dragon Age Origins: Ultimate Edition - PC [video game],,v1|203013432654|0,Dragon Age Origins Ultimate Edition PC-DVD Computer  RPG NEW,Brand New,Video Games & Consoles; Video Games,139973,ottochain,PC,Dragon Age,Region Free,,,,,Probable Match,Probable Match,,,non_north_american_version,no current deterministic rule covers pattern,title_plus_item_specifics_or_category,417e00e9-86eb-4d82-af5a-5bab06065d6d,76c648d7-a819-49fd-b49b-e8e2b9660dcf,5f685db0-7d0a-458c-8e9f-2fcb26242cd9
555,73b53e5b-58d8-439b-8100-8a46095be2d0,2026-07-16T19:48:05.440467+00:00,packaging_damage,,B0045ZB66I,Dragon Age Origins: Ultimate Edition - PC [video game],,v1|358680253340|0,"Dragon Age: Origins -- Ultimate Edition (PC, 2010) New Sealed",Brand New,Video Games & Consoles; Video Games,139973,702esward,PC,"Dragon Age: Origins -- Ultimate Edition, Dragon Age: Origins",,,,Ultimate Edition,2010,Probable Match,Probable Match,,,packaging_damage,evidence exists only in images,image_or_operator_visual_review,c6552549-f105-47ee-bae4-cfaa462245b3,9ffa36ac-567a-47db-bb4a-f1ce82fed09c,a2951901-1f57-47c1-8fe2-5418958613cf
556,a48128a8-e06a-4b50-a224-1684361ef9a2,2026-07-16T19:47:17.223059+00:00,wrong_edition_version,,B0050SX1JO,Sports Champions 2,,v1|147273457803|0,(2)Games Sports Champions + TV Superstars (PS3) Brand New SEALED Bundle Lot,Brand New,Video Games & Consoles; Video Games,139973,bnnltd,PS 3,Sports Champions,NTSC-U/C (US/Canada); United States,,,Manual Included,2012,Probable Match,Probable Match,,,bundled content difference,no current deterministic rule covers pattern,title_plus_item_specifics_or_category,a3bcafaa-be19-403c-b4c3-128f08e6f087,3fc45914-c143-49eb-8ff8-7faf262390ba,50db76f6-406b-4efe-9756-449abdcd8667
557,7726f197-96f5-40c0-bece-5ac7bbc83197,2026-07-16T19:47:16.770649+00:00,wrong_edition_version,,B0050SX1JO,Sports Champions 2,,v1|267068820124|0,SPORTS CHAMPIONS PS3 Playstation Game Complete With Manual PS PS1 PS2 PS4,Brand New,Video Games; Video Games & Consoles,139973; 1249,mykaraokes,PS 3,Sports Champions,,,,Manual Included,,Probable Match,Probable Match,,,base game vs complete/GOTY edition,no current deterministic rule covers pattern,title_plus_item_specifics_or_category,baa30e07-e8e0-4378-91a7-e13104e2d9a6,0df1c499-d56c-4990-99b3-a2225e17a877,ff445031-a10f-45cb-a70c-b1dd48a73a5d
558,a3302ff0-7dcf-4599-960e-d5e3cf9da07f,2026-07-16T19:45:19.354685+00:00,missing_shrink_wrap,,B0085L2T0A,WWE '13,,v1|356174174782|0,WWE ’13 (PS3 Playstation 3) Complete In Box w Manuals & OG CASE [BRAND NEW],Brand New,Video Games & Consoles; Video Games,139973,valuevaultnet,PS 3,WWE '13,NTSC-U/C (US/Canada),,,Manual Included,2012,Probable Match,Probable Match,,,missing_shrink_wrap,evidence exists only in images,image_or_operator_visual_review,0b00ffd4-95b4-4327-a220-35e2eb9f5910,2218e59e-7169-4d5d-8855-5b6169f1dbd1,6bd75df6-238b-4f29-b1d3-2b0e616309c6
559,86e7c717-250d-4d24-81c6-f17f78c5d691,2026-07-16T19:45:08.826863+00:00,packaging_damage,,B009E480RS,Dance Central 3 - Xbox 360,,v1|188264197998|0,Dance Central 3 Xbox 360 Game,Brand New,Video Games; Video Games & Consoles,139973; 1249,jimbuccstreasures,Xbox 360,Dance Central 3,NTSC-U/C (US/CA),,,,2012,Probable Match,Probable Match,,,packaging_damage,evidence exists only in images,image_or_operator_visual_review,c9be6c69-87bd-4716-9ce5-d051bedcf935,aad4b186-9154-4b9a-b4fe-08188e352aaf,a494ec4f-92c7-4bfa-ac7d-22dbcd59cfe0
560,6a07f4a5-ff95-46e5-9336-3725efafdd83,2026-07-16T19:44:27.141793+00:00,wrong_product,,B009E480RS,Dance Central 3 - Xbox 360,,v1|277879287771|0,Xbox 360 KINECT Dance Central (2) & NEW unopened Kinect Adventures Lot of 3 ,Brand New,Video Games; Video Games & Consoles,139973; 1249,theallisonboys,Xbox 360,Dance Central Kinect Adventures,NTSC-U/C (US/Canada),,,Kinect Compatible,,Probable Match,Probable Match,,,eBay item-specific Game Name conflict,no current deterministic rule covers pattern,title_plus_item_specifics_or_category,c8e42f2f-7c96-48d5-8a87-9fc709394d0f,c785c42d-8a3c-4e13-aa95-be2419ca84f1,943ab17f-b5a0-48f0-b5b3-16ccbc463ab1
561,8f93d0dc-40e3-4247-8994-84b3b1e7b295,2026-07-16T19:43:18.198514+00:00,packaging_damage,,B009E480RS,Dance Central 3 - Xbox 360,,v1|147345263049|0,Dance Central 3 Xbox 360 Game,Brand New,Video Games; Video Games & Consoles,139973; 1249,jrebel9319,Xbox 360,Dance Central 3,NTSC-U/C (US/CA),,,,2012,Probable Match,Probable Match,,,packaging_damage,evidence exists only in images,image_or_operator_visual_review,531f506f-e696-490f-b0f0-1e498b845494,ef1b28a0-cd2b-405f-969b-ed6cb2d63416,a43ba4cb-989b-4c27-bda2-2ebbf20b55e5
562,ff13c33e-9858-4736-a44a-507cba9310c8,2026-07-16T19:42:55.529331+00:00,wrong_product,,B009E480RS,Dance Central 3 - Xbox 360,,v1|178159317411|0,"Xbox 360 Kinect Game Lot: Kinect Adventures!, Motionsports, Dance Central - 3",Brand New,Video Games; Video Games & Consoles,139973; 1249,texasfoundtreasuresinc,Xbox 360,"Kinect Adventures, Motionsports, Dance Central",NTSC-U/C (US/Canada); Mexico,,,"Motion Sensing, Multiplayer, Kinect Compatible","2010, 2010, 2010",Probable Match,Probable Match,,,eBay item-specific Game Name conflict,no current deterministic rule covers pattern,title_plus_item_specifics_or_category,a70a4eab-05f7-4322-a6a1-29c5114c70c3,50345ade-9c54-46a9-aaa4-f3a70a47bcc8,c8bef46f-87e3-47ac-ba51-64ad54b875de
563,01ae1726-b448-4da0-852c-d2c21532f550,2026-07-16T19:42:20.344449+00:00,packaging_damage,,B009E480RS,Dance Central 3 - Xbox 360,,v1|177427117585|0,Dance Central 3 - Microsoft Xbox 360 - Broken case,Brand New,Video Games; Video Games & Consoles,139973; 1249,timothyz,Xbox 360,Dance Central 3,,,,,,Probable Match,Probable Match,,,packaging_damage,evidence exists only in images,image_or_operator_visual_review,a03c4f51-0a2f-4caf-b714-c77efbae2ec1,808e7f85-279c-4c71-bdf7-7517fae1314e,edc54034-7c2f-4cfa-9790-9a6a186c18c0
564,486dd60a-9789-4190-80a0-f16190f1df9b,2026-07-16T19:39:10.398865+00:00,wrong_edition_version,,B00AXI9WFS,DISNEY INFINITY Starter Pack Xbox 360,,v1|304781084703|0,XBOX 360 DISNEY INFINITY STAR WARS - 1 STARTER PACK - NEW IN BOX 3.0 EDITION,Brand New,Video Games; Video Games & Consoles,139973; 1249,croeb4ubuy,Xbox 360,Disney Infinity,,,,,,Probable Match,Probable Match,,,bundled content difference,no current deterministic rule covers pattern,title_plus_item_specifics_or_category,bc0ecf7a-cb45-4704-83c6-ccd02a9c3bf4,d5088442-f4a5-4221-8c3a-d778639521a4,9fe4c4c8-5a59-438f-a687-5b254054cdf2
565,59d33b98-8523-4ea0-93a3-e25d24385223,2026-07-16T19:39:10.064547+00:00,wrong_edition_version,,B00AXI9WFS,DISNEY INFINITY Starter Pack Xbox 360,,v1|256613816991|0,Disney Infinity STAR WARS STARTER PACK 3.0 Edition~XBOX 360~NEW in Box,Brand New,Video Games; Video Games & Consoles,139973; 1249,jmc_1977,Xbox 360,Disney Infinity,Region Free; United States,,,,,Probable Match,Probable Match,,,bundled content difference,no current deterministic rule covers pattern,title_plus_item_specifics_or_category,6d18faf0-c181-49aa-bf01-7f85cb4c229e,aa687076-0ab0-4f60-bbba-2a6295b4890e,9edcc118-f033-4dcd-a027-f0b99d801d76
566,7e4df6ab-a11e-4b16-9f6c-148fb91b58cc,2026-07-16T19:39:09.630517+00:00,wrong_edition_version,,B00AXI9WFS,DISNEY INFINITY Starter Pack Xbox 360,,v1|117103787833|0,Xbox 360 Disney Infinity Star Wars Starter Pack 3.0 Edition New ,Brand New,Video Games; Video Games & Consoles,139973; 1249,juliereding7273,Xbox 360,Disney Infinity,,,,,,Probable Match,Probable Match,,,bundled content difference,no current deterministic rule covers pattern,title_plus_item_specifics_or_category,79bbb002-5cf2-4888-9588-d0ef2a6ca3d7,727e6112-981a-4761-8970-6ad5c369390d,7324f850-a121-48c3-83af-71618842cb54
567,67322336-8f13-45c0-b864-364178370b77,2026-07-16T19:39:09.268658+00:00,wrong_edition_version,,B00AXI9WFS,DISNEY INFINITY Starter Pack Xbox 360,,v1|357616979858|0,XBOX 360 Disney Infinity Star Wars Starter Pack 3.0 Edition Never Opened box,Brand New,Video Games; Video Games & Consoles,139973; 1249,good_guys_collectibles,Xbox 360,Disney Infinity,NTSC-U/C (US/Canada),,,Manual Included,2015,Probable Match,Probable Match,,,bundled content difference,no current deterministic rule covers pattern,title_plus_item_specifics_or_category,32449320-f042-46c6-bdf3-42ae966ffe58,3b9df952-06d1-4969-81a3-ca64d213b59a,0534206d-63b2-42f1-a6ff-d1796303b05f
568,7190409d-4e8f-431f-8114-fc449eef56c3,2026-07-16T19:39:08.949188+00:00,wrong_edition_version,,B00AXI9WFS,DISNEY INFINITY Starter Pack Xbox 360,,v1|388761773628|0,XBOX 360 Disney Infinity Star Wars Starter Pack 3.0 Edition Never Opened box,Brand New,Video Games; Video Games & Consoles,139973; 1249,darlingassoc,Xbox 360,Disney Infinity,NTSC-U/C (US/Canada),,,Manual Included,2015,Probable Match,Probable Match,,,bundled content difference,no current deterministic rule covers pattern,title_plus_item_specifics_or_category,45f8cc43-7d44-4698-b793-9fcc3bc3d2d7,b916cfb9-2222-4ee7-bc48-a54dbb0fd804,aa5fa820-e151-43f9-8297-24347e4c563c
569,cb19c6cf-3944-4c80-9e9f-17d3c58ab39b,2026-07-16T19:39:08.598254+00:00,wrong_edition_version,,B00AXI9WFS,DISNEY INFINITY Starter Pack Xbox 360,,v1|404530076276|0,XBOX 360 Disney Infinity Star Wars Starter Pack 3.0 Edition Never Opened box,Brand New,Video Games; Video Games & Consoles,139973; 1249,wood2550,Xbox 360,Disney Infinity,NTSC-U/C (US/Canada),,,Manual Included,2015,Probable Match,Probable Match,,,bundled content difference,no current deterministic rule covers pattern,title_plus_item_specifics_or_category,a312a520-7998-4c5a-97f7-9f4e03ca36b0,0a56b195-a4d5-4cad-83a3-9eab60de6bb9,e80ba1a8-6d16-4568-9c49-6ad9fa0b162b
570,65d5a592-ee91-4652-9fa3-95d82479a036,2026-07-16T19:39:08.267445+00:00,wrong_edition_version,,B00AXI9WFS,DISNEY INFINITY Starter Pack Xbox 360,,v1|134628086227|0,🔥Disney Infinity XBOX 360 Star Wars Starter Pack 3.0 New!,Brand New,Video Games; Video Games & Consoles,139973; 1249,jadur_6286,Xbox 360,Disney Infinity,,,,,,Probable Match,Probable Match,,,bundled content difference,no current deterministic rule covers pattern,title_plus_item_specifics_or_category,b303d119-f2a0-43a6-8cc4-7ba5f776a0ff,3d91229c-110a-4fd7-bdd8-97845d7dc030,4771c733-aeeb-4edc-a085-00c6a59690d5
571,50b0bfbf-51c7-4102-9189-2e56a2f6cebb,2026-07-16T19:39:07.937417+00:00,wrong_edition_version,,B00AXI9WFS,DISNEY INFINITY Starter Pack Xbox 360,,v1|287405987117|0,XBOX 360 Disney Infinity Star Wars Starter Pack Video Game Ahsoka Skywalker New,Brand New,Video Games; Video Games & Consoles,139973; 1249,ryansmisfittoys,Xbox 360,Disney Infinity,United States,,,"Multiplayer, Online Playability, Manual Included",,Probable Match,Probable Match,,,bundled content difference,no current deterministic rule covers pattern,title_plus_item_specifics_or_category,b7942f0b-42fb-4ec9-9811-1c8bbfd1e39a,a9b91b9f-de15-4c72-9e7a-de043d095dd0,a2cf6095-b356-40af-9e78-0f840d67949c
572,f5d071ab-13e4-4e91-a7d1-9034cd940f01,2026-07-16T19:39:07.480783+00:00,wrong_edition_version,,B00AXI9WFS,DISNEY INFINITY Starter Pack Xbox 360,,v1|145808119893|0,XBOX 360 Disney Infinity Star Wars Edition Starter Pack 3.0 Edition New/Sealed,Brand New,Video Games; Video Games & Consoles,139973; 1249,kl121323,Xbox 360,Disney Infinity,NTSC-U/C (US/Canada),,,Manual Included,2015,Probable Match,Probable Match,,,bundled content difference,no current deterministic rule covers pattern,title_plus_item_specifics_or_category,97381621-f7fa-420a-ad71-fd658a374620,cdcd84f0-edea-4d74-8e90-4593802d3c04,53b3a70b-140a-471b-b1b7-b5ea9728db6c
573,58aafc64-71f8-4723-b75b-62b360e45116,2026-07-16T19:38:43.159919+00:00,missing_shrink_wrap,,B00AXI9WFS,DISNEY INFINITY Starter Pack Xbox 360,,v1|800334374971|0,XBOX 360 DISNEY INFINITY STARTER PACK 1.0 EDITION - NEW  - READ ,Brand New,Video Games; Video Games & Consoles,139973; 1249,atticwonders917,Xbox 360,Disney Infinity,NTSC-U/C (US/Canada); United States,,,"Complete Edition, Manual Included, Multiplayer, Online Playability",2013,Probable Match,Probable Match,,,missing_shrink_wrap,evidence exists only in images,image_or_operator_visual_review,23d2f074-8990-4d83-b277-c5f57c363fa9,580a272d-292f-4f91-b68b-bf0cbfd077eb,f7e3ed20-5791-4ab2-95f0-52aabe2567ef
574,5b02b0fc-6493-4506-bd72-df8066a65e34,2026-07-16T19:38:25.456844+00:00,wrong_edition_version,,B008E6ZXBI,Wipeout 3 - Nintendo 3DS,,v1|147084327368|0,WIPEOUT CREATE & CRASH NINTENDO 3DS BRAND NEW FACTORY SEALED FAST SHIPPING ,Brand New,Video Games; Video Games & Consoles,139973; 1249,roabondllc,3DS,Wipeout: Create & Crash,NTSC-U/C (US/Canada),,,,,Probable Match,Probable Match,,,item-specific Game Name or Edition conflict,no current deterministic rule covers pattern,title_plus_item_specifics_or_category,c56d33d7-5d9c-4652-923f-944e12442f13,788a3bd9-328e-4fd3-afbd-e827f55e1158,db810b9b-77fe-44c4-995f-f4317f043b53
575,dc6239ac-3b6f-4488-8cda-c929a2505be9,2026-07-16T19:38:25.117291+00:00,wrong_edition_version,,B008E6ZXBI,Wipeout 3 - Nintendo 3DS,,v1|291555504885|0,Wipeout Create & Crash Nintendo 3DS Brand New Sealed Fast Shipping,Brand New,Video Games; Video Games & Consoles,139973; 1249,digitalvillellc,3DS,Wipeout: Create & Crash,NTSC-U/C (US/CA); United States,,,,,Probable Match,Probable Match,,,item-specific Game Name or Edition conflict,no current deterministic rule covers pattern,title_plus_item_specifics_or_category,820ca3c6-d1f9-49bd-a23a-2e223881e403,5036dc5f-8f34-45ec-aae6-b63091b01f59,b5533ef3-b381-452a-bf71-93943f0b3f4c
576,09377ebc-6fd4-4c51-b1ee-acd72f4a7643,2026-07-16T19:38:24.698307+00:00,wrong_edition_version,,B008E6ZXBI,Wipeout 3 - Nintendo 3DS,,v1|286836676900|0,WIPEOUT CREATE & CRASH NINTENDO 3DS BRAND NEW FACTORY SEALED FAST SHIPPING ,Brand New,Video Games; Video Games & Consoles,139973; 1249,playraven,3DS,Wipeout: Create & Crash,NTSC-U/C (US/Canada),,,,,Probable Match,Probable Match,,,item-specific Game Name or Edition conflict,no current deterministic rule covers pattern,title_plus_item_specifics_or_category,8c189a78-c9b2-45be-8807-bc491f5d21cb,081136a2-b45f-4239-9e7b-39944dea95ac,9bb27ffb-158a-4826-998c-48b45b637d1e
577,274ff456-57a0-4c19-b47d-515a727a0a9c,2026-07-16T19:38:24.313923+00:00,wrong_edition_version,,B008E6ZXBI,Wipeout 3 - Nintendo 3DS,,v1|317776863478|0,WIPEOUT CREATE & CRASH NINTENDO 3DS BRAND NEW SEALED ,Brand New,Video Games; Video Games & Consoles,139973; 1249,poxotonicphil,3DS,Wipeout: Create & Crash,NTSC-U/C (US/Canada),,,,,Probable Match,Probable Match,,,item-specific Game Name or Edition conflict,no current deterministic rule covers pattern,title_plus_item_specifics_or_category,b60edff6-4c54-4fc9-8cd3-274351927f43,2b350d80-87de-44a6-8f0a-cc27e9f3a772,8f800695-bd40-47a4-838d-e20a8c19721d
578,48711abc-e987-4b96-b466-a3afaad04112,2026-07-16T19:38:23.907531+00:00,wrong_edition_version,,B008E6ZXBI,Wipeout 3 - Nintendo 3DS,,v1|304951266759|0,Wipeout: Create & Crash - Nintendo 3DS,Brand New,Video Games; Video Games & Consoles,139973; 1249,retrofighters,3DS,Wipeout: Create & Crash,,,,,,Probable Match,Probable Match,,,item-specific Game Name or Edition conflict,no current deterministic rule covers pattern,title_plus_item_specifics_or_category,e7e1beea-facc-4788-94af-515c782f5d09,4203f976-457a-435b-8459-b525c44ec0df,98daccd7-d168-426a-87aa-fa5a96935e2a
579,d62e9b42-225b-416b-895c-b4db8047bbe1,2026-07-16T19:38:23.359236+00:00,wrong_edition_version,,B008E6ZXBI,Wipeout 3 - Nintendo 3DS,,v1|227129102664|0,WIPEOUT CREATE & CRASH NINTENDO 3DS BRAND NEW FACTORY SEALED FAST SHIPPING ,Brand New,Video Games & Consoles; Video Games,139973,pressplayforless,3DS,Wipeout: Create & Crash,NTSC-U/C (US/Canada),,,,,Probable Match,Probable Match,,,item-specific Game Name or Edition conflict,no current deterministic rule covers pattern,title_plus_item_specifics_or_category,db2b9390-8f29-436f-a24c-1d8d74c697a2,6b4457d7-4a75-455f-af7b-fb73841a8702,b78f9fed-d1e6-4111-87bf-c4ccc6a92104
580,a600548b-b9b3-4f5d-b2ac-0e13ee38b0cc,2026-07-16T19:37:35.114042+00:00,packaging_damage,,B00CSLIYU2,Pac-Man and the Ghostly Adventures - Xbox 360,,v1|287404327864|0,Pac-Man and the Ghostly Adventures for Microsoft XBOX 360 New Factory Sealed,Brand New,Video Games & Consoles; Video Games,139973,206toys,Xbox 360,Pac-Man and the Ghostly Adventures,NTSC-U/C (US/Canada); United States,NTSC (N. America),,,,Probable Match,Probable Match,,,packaging_damage,evidence exists only in images,image_or_operator_visual_review,16030760-7e36-4888-b047-6a148297110d,6acef681-00b2-42ec-99e6-e1737c32141d,1dfbc4a6-59b9-43e6-9a32-2fc8c517d229
581,f4c1f717-0fce-471c-9f40-d770ac5d5fbb,2026-07-16T19:37:05.799101+00:00,missing_shrink_wrap,,B00CSLIYU2,Pac-Man and the Ghostly Adventures - Xbox 360,,v1|127275067410|0,"Pac-Man and the Ghostly Adventures (Microsoft Xbox 360, 2013)",Brand New,Video Games & Consoles; Video Games,139973,sungjinah,Xbox 360,Pac-Man and the Ghostly Adventures,NTSC-U/C (US/Canada); USA,,,Multiplayer,2013,Probable Match,Probable Match,,,missing_shrink_wrap,evidence exists only in images,image_or_operator_visual_review,919fd7a1-d10b-4883-9aff-a6d4ccd6efa4,a379af61-f65b-41b6-861d-c8c7e16afa33,2c679b96-ff10-4885-a540-beb94d85e8a4
582,ad81c134-daf0-4d26-b7e8-08d3748260a2,2026-07-16T03:26:12.301064+00:00,asin_blocked,,B07HCXXRLL,Sid Meier's Civilization VI (Nintendo Switch),,v1|117284370505|0,Sid Meier's Civilization VI Nintendo Switch NTSC-U/C E10+ 2018 Strategy,Brand New,Video Games; Video Games & Consoles,139973; 1249,diego4533,Switch,Sid Meier's Civilization VI,NTSC-U/C (US/Canada); United States,,,Multiplayer,2018,Probable Match,Probable Match,,,asin_blocked,operator dismissal may be ambiguous or business/system,title_plus_item_specifics_or_category,36635eea-7ec0-4800-9792-316e45ba2275,fd24d515-ee76-4086-8e91-7470c55cb4a2,b4c90fa0-c2d0-45f2-9389-e779008e8880
583,07dbbbd0-86da-4ed6-8084-7fe6b1312207,2026-07-16T03:26:11.828549+00:00,asin_blocked,,B07HCXXRLL,Sid Meier's Civilization VI (Nintendo Switch),,v1|336685435708|0,"Sid Meier's Civilization VI Nintendo Switch - BRAND NEW, NEVER OPENED",Brand New,Video Games; Video Games & Consoles,139973; 1249,keona.r_74,Switch,Sid Meier's Civilization VI,,,,Multiplayer,,Probable Match,Probable Match,,,asin_blocked,operator dismissal may be ambiguous or business/system,title_plus_item_specifics_or_category,877e43c6-3f69-4cac-b959-c649f6204348,a136f5ea-7b4c-4cb5-bac4-daf46db3fe86,f391f244-3947-4939-af1b-55876e42142b
584,f2a15119-422d-4b96-8927-1a31962115ad,2026-07-16T03:26:11.445778+00:00,asin_blocked,,B07HCXXRLL,Sid Meier's Civilization VI (Nintendo Switch),,v1|377149968759|0,Sid Meier's Civilization VI Nintendo Switch Strategy Game,Brand New,Video Games; Video Games & Consoles,139973; 1249,retro_nirvana,Switch,Sid Meier's Civilization VI,NTSC-U/C (US/Canada); US,,,,2018,Probable Match,Probable Match,,,asin_blocked,operator dismissal may be ambiguous or business/system,title_plus_item_specifics_or_category,dcf8b705-3b85-4ea7-afbc-e46a0c6d13a6,a6509062-40b6-41ef-b7c3-c368bab28831,951abeae-52b4-43d2-800b-cc780461187e
585,811fffbd-dced-486e-b5a3-f6c0e0b86cd1,2026-07-16T03:26:10.892356+00:00,asin_blocked,,B07HCXXRLL,Sid Meier's Civilization VI (Nintendo Switch),,v1|158036123183|0,Sid Meier's Civilization VI Nintendo Switch Strategy Game Cartridge,Brand New,Video Games; Video Games & Consoles,139973; 1249,clayab,Switch,Sid Meier's Civilization VI,NTSC-U/C (US/Canada),,,Manual Included,2018,Probable Match,Probable Match,,,asin_blocked,operator dismissal may be ambiguous or business/system,title_plus_item_specifics_or_category,34d5cf85-a01f-4260-82f2-2ac8c14d7f19,321ebc20-3113-4735-a1d5-eabfafda6455,ead7999a-4bd9-4642-b409-d736b992abdc
586,bb0fae0e-5301-4bda-a47a-e9f9a5440db2,2026-07-16T03:26:10.454847+00:00,asin_blocked,,B07HCXXRLL,Sid Meier's Civilization VI (Nintendo Switch),,v1|267726847650|0,Sid Meier's Civilization VI - Nintendo Switch,Brand New,Video Games; Video Games & Consoles,139973; 1249,scottyboy108,Switch,Sid Meier's Civilization VI,,,,,,Probable Match,Probable Match,,,asin_blocked,operator dismissal may be ambiguous or business/system,title_plus_item_specifics_or_category,f15a8eb7-02b8-4544-adb7-ca778fa13f56,91abbf8a-3511-4ca8-bb41-8c2e15f35015,3aaa7a9b-24f6-4f90-9405-77906ebd4c63
587,e268a906-e333-409b-bd29-f2ddf03af238,2026-07-16T03:26:10.006469+00:00,asin_blocked,,B07HCXXRLL,Sid Meier's Civilization VI (Nintendo Switch),,v1|377169986249|0,Sid Meier's Civilization VI - Nintendo Switch,Brand New,Video Games; Video Games & Consoles,139973; 1249,cowboy_82288,Switch,Sid Meier's Civilization VI,,,,,,Probable Match,Probable Match,,,asin_blocked,operator dismissal may be ambiguous or business/system,title_plus_item_specifics_or_category,3ba5a481-549f-427f-9628-92b31f9b000d,da461c17-79e3-43a2-9ca4-e00daa7766fd,1fc654d3-5b8f-4ef1-bf32-53a8430a9567
588,cb42673b-922c-4895-832d-26500ebe87c2,2026-07-16T03:26:09.398952+00:00,asin_blocked,,B07HCXXRLL,Sid Meier's Civilization VI (Nintendo Switch),,v1|178033192462|0,Sid Meier's Civilization VI - Nintendo Switch NEW SEALED,Brand New,Video Games; Video Games & Consoles,139973; 1249,dnq6k_35,Switch,Sid Meier's Civilization VI,,,,,,Probable Match,Probable Match,,,asin_blocked,operator dismissal may be ambiguous or business/system,title_plus_item_specifics_or_category,7ac8db2e-d88d-4c0f-86ec-9446dc72bc16,ccd26487-e006-4960-93ce-a052165b561d,15c3d6a2-1ad6-4f27-9921-424e65dbeb8a
589,831b40b5-decd-4923-86b4-8f6d99f437da,2026-07-16T03:26:08.917871+00:00,asin_blocked,,B07HCXXRLL,Sid Meier's Civilization VI (Nintendo Switch),,v1|277796083817|0,Sid Meier's Civilization VI - Nintendo Switch BRAND NEW FACTORY SEALED,Brand New,Video Games; Video Games & Consoles,139973; 1249,cardchasersanchez,Switch,Sid Meier's Civilization VI,NTSC-U/C (US/Canada); Japan,,,Multiplayer,2018,Probable Match,Probable Match,,,asin_blocked,operator dismissal may be ambiguous or business/system,title_plus_item_specifics_or_category,9c049b0b-295a-45b7-bedd-2ec2d0af0f3a,3e966862-837d-47b9-a801-687e020b4ae7,639d1fa6-3d2c-4171-ac35-e7c190793830
590,c21672e9-7ca6-4986-a14c-d9b82dd0161d,2026-07-16T03:26:08.330321+00:00,asin_blocked,,B07HCXXRLL,Sid Meier's Civilization VI (Nintendo Switch),,v1|137486287371|0,Sid Meier's Civilization VI - Nintendo Switch Brand New Sealed,Brand New,Video Games; Video Games & Consoles,139973; 1249,redwoodsmedia,Switch,Sid Meier's Civilization VI,NTSC-U/C (US/Canada); Japan,,,Multiplayer,2018,Probable Match,Probable Match,,,asin_blocked,operator dismissal may be ambiguous or business/system,title_plus_item_specifics_or_category,999128e6-a745-4578-865b-e3c971dc9872,78a15f91-6e03-49aa-85a6-f4187315c3af,0181adf4-7122-4db8-b04b-d301de9cc85e
591,04e51749-50d0-4841-aad7-66d8cb7fd2ec,2026-07-16T03:26:07.659422+00:00,asin_blocked,,B07HCXXRLL,Sid Meier's Civilization VI (Nintendo Switch),,v1|397967499034|0,Sid Meier's Civilization VI - Nintendo Switch - New Sealed,Brand New,Video Games; Video Games & Consoles,139973; 1249,thedistortionzone,Switch,Sid Meier's Civilization VI,,,,,,Probable Match,Probable Match,,,asin_blocked,operator dismissal may be ambiguous or business/system,title_plus_item_specifics_or_category,85070dd0-af50-4a97-b9fb-46d7e710f562,f213bca2-1a2f-4554-9461-0fad2f0ac885,948e2f7e-3a45-49fc-81b2-6aeabcf77b57
592,0b185021-f4de-4823-9774-f08e50cdd195,2026-07-15T15:55:04.262293+00:00,wrong_product,,B07DPZ1WQ9,Super Mario Party - [Nintendo Switch] [video game],,v1|176525162461|0,Mario Party Superstars - Preorder Post Cards Bonus,Brand New,Video Games; Video Games & Consoles,139973; 1249,optimusbondgames,Switch,Mario Party,,,,,,Probable Match,Blocked,non-US item location,,unclear/insufficient evidence,current rule should already block,title_plus_item_specifics_or_category,6b859241-11ce-401b-b29c-7bcd10bd1e61,13de3644-3c60-40f3-bb02-3d9c26346f6f,8e08d04d-2b8d-4e57-a4b9-a37e80a0540d
593,669c4df8-4078-486f-ab72-6184848f70ba,2026-07-15T15:54:18.089862+00:00,non_north_american_version,,B0C1TMGJ19,Crash Team Rumble Deluxe - PlayStation 5 [video game],,v1|366540652641|0,"Crash Team Rumble Deluxe Edition (Sony PlayStation 5, 2023)  New Sealed !!!",Brand New,Video Games; Video Games & Consoles,139973; 1249,watsells,PS 5,Crash Team Rumble,,,,,2023,Probable Match,Probable Match,,,non_north_american_version,no current deterministic rule covers pattern,title_plus_item_specifics_or_category,f2bbb015-02a5-4c89-af2d-3f2476e45da8,1099eba5-b90a-4d09-9a88-66c95f4236db,73cd36fc-dc07-45d6-b884-0820cdbf6c6f
594,9d493d85-1bf0-4237-a852-cef09a245180,2026-07-15T15:51:50.356145+00:00,sales_velocity_too_low,,B09GTQ8J7F,The Smurfs: Mission Vileaf (PS5) - PlayStation 5 [video game],,v1|117217187848|0,The Smurfs Mission Vileaf PlayStation 5 PS5 New - SEALED *Loose Disc*,Brand New,Video Games; Video Games & Consoles,139973; 1249,505dillon,PS 5,The Smurfs Mission Vileaf,NTSC-U/C (US/Canada); United States,,,,,Probable Match,Probable Match,,,sales_velocity_too_low,operator dismissal may be ambiguous or business/system,title_plus_item_specifics_or_category,31ba00af-c88b-40a2-adef-c21221f9495c,d91b7ae9-58f0-4f8a-ae78-39ab2be8359b,37874093-a442-49b4-a805-943d181fcbc3
595,d8fc269a-dbad-432a-b6f2-047a2a68de8c,2026-07-15T15:49:35.261654+00:00,missing_shrink_wrap,,B07SJHN2LF,FIFA 20 Champions Edition - PlayStation 4,,v1|404432692131|0,FIFA 20 Champions Edition - Sony PlayStation 4,Brand New,Video Games & Consoles; Video Games,139973,stebathory0,PS 4,Fifa 20 Champions Edition,,,,,,Probable Match,Probable Match,,,missing_shrink_wrap,evidence exists only in images,image_or_operator_visual_review,80de521b-05e5-4b62-ae34-b7b7ad476540,4824a6dc-4285-481a-b6a0-38b1e815c791,0eae9db6-d1ef-40bb-8b3c-cd91fdf1a53d
596,a7b0d05d-66c2-43a2-b57f-a55fe0f932ce,2026-07-15T15:47:58.150432+00:00,wrong_product,,B07PR1QVMR,Umihara Kawase Fresh! - Nintendo Switch,,v1|394970734574|0,UMIHARA KAWASE BAZOOKA  - Nintendo Switch Game Factory Sealed FAST SHIPPING,Brand New,Video Games & Consoles; Video Games,139973,slctreasures,Switch,Umihara Kawase Bazooka!,Region Free for use WorldWide,,,,,Probable Match,Probable Match,,,eBay item-specific Game Name conflict,no current deterministic rule covers pattern,title_plus_item_specifics_or_category,b76b81b5-ae9f-4992-86a8-a6e9d77c4972,bdbbb2cc-3aac-4c11-865a-bf66f766e650,bb213c8a-bc9e-4cda-9f37-c09407f3fa91
597,e38f4cc8-e5c4-4c92-87e4-4d86925e5a21,2026-07-15T15:47:46.64703+00:00,roi_too_low,,B07DPKY4XP,Overcooked! 2 - PlayStation 4,,v1|336501501527|0,Overcooked! 2 - Sony PlayStation 4,Brand New,Video Games; Video Games & Consoles,139973; 1249,autumnblizzard,PS 4,Overcooked! 2,,,,,,Probable Match,Probable Match,,,roi_too_low,operator dismissal may be ambiguous or business/system,title_plus_item_specifics_or_category,9b63d345-b2e4-4aa2-8449-0be9993d1025,283c5c97-2c88-48d2-ae13-0e6fae741a81,c55eb5a0-fb71-4de0-b3f3-c0b939c0b733
598,47c5c6b3-1570-41f1-9393-14bb81694a0f,2026-07-15T15:45:49.928662+00:00,wrong_platform,,B09MYRCXVP,Grid Legends - PlayStation 5 Standard Edition,,v1|398129605801|0,New Grid Legends - PlayStation 5 Standard Edition New Factory Sealed,Brand New,Video Games; Video Games & Consoles,139973; 1249,welcometobetterbuywholesalellc,PS 5,Grid Legends,,,,,2022,Probable Match,Probable Match,,,wrong_platform,no current deterministic rule covers pattern,title_plus_item_specifics_or_category,ab92a642-3216-4e28-a529-0017930bf0d2,c2457c95-cc6a-40ec-ba6b-0a30da68fb77,7b63a098-b2a1-452c-b674-349800c2daff
599,8d1e30bf-d21f-408c-add6-8e381d43b2a3,2026-07-15T15:45:13.607821+00:00,digital_item,,B07D8K6Q27,Battlefield V Deluxe Edition - Xbox One [video game],,v1|197177019031|0,Xbox One Battlefield V Deluxe Edition Digital + 1 month EA access + 1943,Brand New,Video Games; Video Games & Consoles,139973; 1249,lendy1987,Xbox One,Battlefield V,,,,,,Probable Match,Probable Match,,,digital_item,no current deterministic rule covers pattern,title_plus_item_specifics_or_category,56c67216-67b0-42d3-b15c-363d1dfb58b7,18e6beb3-1d89-4082-afe6-7def760a1b8f,8532237d-4f05-41bc-8b3f-dc83f41e184b
600,c5aaa105-37ec-4c96-a2c3-5b6319d0e10a,2026-07-15T15:45:00.567074+00:00,roi_too_low,,B096NB1JS9,Madden NFL 22 - PlayStation 4 [video game],,v1|398155888647|0,Madden NFL 22 for PS4 by EA Sports New Opened NFL Football Cib PlayStation 4,Brand New,Video Games; Video Games & Consoles,139973; 1249,cultura_games,PS 4,Madden NFL Football,NTSC-U/C (US/Canada); United States,,,Multiplayer,2021,Probable Match,Probable Match,,,roi_too_low,operator dismissal may be ambiguous or business/system,title_plus_item_specifics_or_category,28eeaa50-6325-4071-a9f0-52b110f8ea68,4252c5e2-c31d-402b-b2c9-af06a69ba26b,f8e68d81-00e4-4ed5-8407-dc7aa394ea29
601,1621e25c-43b5-4221-9c93-abf9b549c77e,2026-07-15T15:44:06.615922+00:00,roi_too_low,,B08LR3P7PM,Call of Duty: Black Ops Cold War - Xbox Series X / Xbox One [video game],,v1|117294100937|0,"CALL OF DUTY: BLACK OPS COLD WAR - Xbox Series X, Brand New",Brand New,Video Games; Video Games & Consoles,139973; 1249,fat_beans,Xbox Series X,Call of Duty: Black Ops,,,,,,Probable Match,Blocked,non-US item location,,roi_too_low,operator dismissal may be ambiguous or business/system,title_plus_item_specifics_or_category,6d4897c3-8872-4b27-8d82-8b64d7ebb6df,9123a447-b381-44d1-8bd0-5aad0fb02859,daa079dc-4144-4288-8bea-1f252d080e45
602,eae10d66-4e80-493d-a7ba-de2d314ed21a,2026-07-15T15:41:55.00099+00:00,wrong_product,,B07P5TL4SH,Pokémon Shield - Nintendo Switch [video game],,v1|389233509028|0,✨ ANY CUSTOM LEGENDS ZA POKEMON ✨ Pokémon Legends Z-A (PLEASE READ DESCRIPTION),Brand New,Video Games; Video Games & Consoles,139973; 1249,avemcsells,Switch,Pokémon,Region Free,,,Multiplayer,2025,Probable Match,Probable Match,,,unclear/insufficient evidence,no current deterministic rule covers pattern,title_plus_item_specifics_or_category,6d6792b9-73a3-4319-a102-4e0ef152107b,703be774-9bdc-402c-ae4c-a64683716faa,9fcf6bc1-e6e3-4173-adb1-b4452fabc33d
603,d372a643-bd7b-4a7f-afd9-1d96d2b9b41c,2026-07-15T15:41:54.626103+00:00,wrong_product,,B07P5TL4SH,Pokémon Shield - Nintendo Switch [video game],,v1|304043643177|0,"pokemon shield switch shiny pokemon, non shiny, all Pokémon ",Brand New,Video Games; Video Games & Consoles,139973; 1249,trollsl_92,Switch,Pokémon Shield,Region Free,,,,,Probable Match,Probable Match,,,unclear/insufficient evidence,no current deterministic rule covers pattern,title_plus_item_specifics_or_category,2af83631-ef08-473c-b0c9-df6cd9b26475,b13f5c5c-6f79-416d-9220-864bef668a67,fd5be184-2ff3-4d87-81f5-7d78426b89f6
604,19b95247-a1a5-4a93-91ad-3745b2f9de4a,2026-07-15T15:40:59.087981+00:00,digital_item,,B07JMHZMX1,Minecraft – Xbox One [video game],,v1|358622447582|0,"Mojang Minecraft for Xbox One/Xbox - Online Playability, Boxing Sub-Genre",Brand New,Video Games; Video Games & Consoles,139973; 1249,alf237356,Xbox One,Minecraft,,,,Online Playability,,Probable Match,Probable Match,,,digital_item,no current deterministic rule covers pattern,title_plus_item_specifics_or_category,2d1a4eb9-cdc2-45f8-a3a4-52c14ac78049,de1fbf1b-dacf-4a5f-99e0-256ab24627e7,b369ef58-c933-47a8-a33c-3f4898864a76
605,991d92ce-19f3-4ce0-890f-56b40528d324,2026-07-15T15:40:52.28615+00:00,wrong_platform,,B07JMHZMX1,Minecraft – Xbox One [video game],,v1|278000653504|0,"Minecraft: Story Mode -- Season Pass Disc (Microsoft Xbox One, 2015)",Brand New,Video Games; Video Games & Consoles,139973; 1249,sarileefitz,Xbox One,"Minecraft: Story Mode -- Season Pass Disc, Minecraft: Story Mode",NTSC-U/C (US/Canada),,,,2015,Probable Match,Probable Match,,,wrong_platform,no current deterministic rule covers pattern,title_plus_item_specifics_or_category,128cd677-2e13-4383-ba26-220b54c5856c,44dc8597-2afe-437e-b6f1-30b405097691,4a4215c4-3062-44f1-9882-3eb11d9a53f0
606,4d0edb7a-4fd9-46f7-8d64-99b524d2918e,2026-07-15T15:39:53.628286+00:00,packaging_damage,,B07JMHZMX1,Minecraft – Xbox One [video game],,v1|287293964469|0,BRAND NEW SEALED - Minecraft for Xbox One + Starter Pack,Brand New,Video Games; Video Games & Consoles,139973; 1249,benvan95,Xbox One,Minecraft,United States,,,"Multiplayer, Sealed, Starter Pack",2018,Probable Match,Probable Match,,,packaging_damage,evidence exists only in images,image_or_operator_visual_review,e55c3dc6-6420-430a-842d-afe678a2916e,8fd76b78-523f-43a8-9f19-798f9719c46b,e4398f7a-dc1f-4bd3-a80f-75ff94f59c00
607,2512c519-97e4-47ee-a11a-4b3cca5d5162,2026-07-15T15:39:16.518983+00:00,wrong_edition_version,,B07JMHZMX1,Minecraft – Xbox One [video game],,v1|177790621868|0,Minecraft Master Collection Xbox One Game Starter/Creators Pack Rare  NEW SEALED,Brand New,Video Games & Consoles; Video Games,139973,lasgoat825,Xbox One,Minecraft Master Collection,,,,,,Probable Match,Probable Match,,,item-specific Game Name or Edition conflict,no current deterministic rule covers pattern,title_plus_item_specifics_or_category,b5a6b8c6-6028-4b5f-bdf0-37cf6a7d4085,b11683c6-42e5-44ba-a30b-fad55d3212ed,68d55b7f-c695-4ece-a0e6-b3b902e4ea45
608,94313e96-81e6-4a43-ae29-219ef0340dc9,2026-07-15T15:39:16.159895+00:00,wrong_edition_version,,B07JMHZMX1,Minecraft – Xbox One [video game],,v1|127933546536|0,Microsoft Studios Minecraft Xbox One Multiplayer Online Play E10+,Brand New,Video Games; Video Games & Consoles,139973; 1249,madameleelee,Xbox One,Minecraft,,,,"Multiplayer, Online Playability",2018,Probable Match,Probable Match,,,unclear/insufficient evidence,no current deterministic rule covers pattern,title_plus_item_specifics_or_category,6a3a2b3e-9378-43e6-b408-14315a2c5c5f,9bc10533-c70e-495a-8bfe-483dfe96309f,64bfe53b-e161-452b-be37-84a73cebcc90
609,6a1cb4a4-ffd0-4aea-9ea9-517c3df9faf7,2026-07-15T15:39:07.408504+00:00,wrong_product,,B07JMHZMX1,Minecraft – Xbox One [video game],,v1|386918315207|0,"Xbox One/Series X Video Game Vary Listing Minecraft, Fortnite Etc...Sealed NEW!!",Brand New,Video Games; Video Games & Consoles,139973; 1249,m_wroughton,Xbox One,Fortnite,NTSC-U/C (US/Canada); United States,,,"Multiplayer, Online Playability",,Probable Match,Probable Match,,,eBay item-specific Game Name conflict,no current deterministic rule covers pattern,title_plus_item_specifics_or_category,2b05c4b3-10c2-4f81-bdd6-b54d85fd248b,9cf577ce-4f7d-40cb-b6de-72cdca3c44b7,007f6ce0-9868-45cc-a753-419e7b3aa37e
610,b5fb9331-1531-46c4-8976-8436175a7933,2026-07-15T15:38:59.969831+00:00,suspected_reseal,,B07JMHZMX1,Minecraft – Xbox One [video game],,v1|147315127375|0,Minecraft + 3500 Minecoins - XBox One New Sealed,Brand New,Video Games; Video Games & Consoles,139973; 1249,altus_resalellc,Xbox One,Minecraft,United States,,Video Games,,2018,Probable Match,Probable Match,,,suspected_reseal,evidence exists only in images,image_or_operator_visual_review,c2bb55df-00b6-485c-b039-e90b0024353d,71f5644f-fbc2-45a6-90a5-24b8adb371ba,fd6157c7-ac29-4919-936e-f141430b66b3
611,57d45ecb-4e7c-4c0a-ae7e-0ce7f2cf1feb,2026-07-15T15:37:26.050936+00:00,missing_shrink_wrap,,B07JMHZMX1,Minecraft – Xbox One [video game],,v1|358523365212|0,Brand New - Minecraft for Xbox One (Comes with starter pack),Brand New,Video Games; Video Games & Consoles,139973; 1249,mikes.goldengarage,Xbox One,Minecraft,NTSC-U/C (US/Canada),,,Multiplayer,2018,Probable Match,Probable Match,,,missing_shrink_wrap,evidence exists only in images,image_or_operator_visual_review,8995a474-29d2-4838-a1fc-f77c8ca89129,7fb60b6f-f606-4029-8674-70f3e192a6f6,82df73ac-b339-430a-bd32-7429b06ccf96
612,52163561-569f-4611-a2c4-c0657e8772e4,2026-07-15T15:37:10.960596+00:00,digital_item,,B07JMHZMX1,Minecraft – Xbox One [video game],,v1|287299408648|0,"Minecraft with 3500 Minecoins - Code in Box - Xbox Series X/S, Xbox One",Brand New,Video Games; Video Games & Consoles,139973; 1249,svtsupplychainus,Xbox Series X,Minecraft,NTSC-U/C (US/Canada),,,Multiplayer,2018,Probable Match,Probable Match,,,digital_item,no current deterministic rule covers pattern,title_plus_item_specifics_or_category,27f561ba-1c46-45d2-bea4-76908024e69f,3f087fa8-9f3c-4d2c-ac9a-84f60fe9255e,15a898da-4819-4485-babb-73c7bc6df6a9
613,18f70328-d8cd-476f-b2d2-abaca74667f9,2026-07-15T15:37:10.539125+00:00,digital_item,,B07JMHZMX1,Minecraft – Xbox One [video game],,v1|277732034502|0,"Minecraft with 3500 Minecoins - Code in Box - Xbox Series X/S, Xbox One",Brand New,Video Games; Video Games & Consoles,139973; 1249,svtsupplychainus,Xbox Series X,Minecraft,NTSC-U/C (US/Canada),,,Multiplayer,2018,Probable Match,Probable Match,,,digital_item,no current deterministic rule covers pattern,title_plus_item_specifics_or_category,86c8e3e8-f99d-4bf4-8557-56a9c43eb8c0,8c733a79-5c2d-46a2-b742-e20206ee17d6,38dc7320-fdbd-4ca0-bee7-3452fdb58fc0
614,3f5a1d04-a900-4de2-86f2-c2e4c3560451,2026-07-15T15:36:54.773211+00:00,wrong_edition_version,,B07SVNLBY9,Marvel's Avengers (Xbox One),,v1|187922415669|0,"LEGO Marvel's Avengers (Microsoft Xbox One, 2016) New Sealed ",Brand New,Video Games; Video Games & Consoles,139973; 1249,kegra-7249,Xbox One,LEGO Marvel's Avengers,,,,,2016,Probable Match,Probable Match,,,item-specific Game Name or Edition conflict,no current deterministic rule covers pattern,title_plus_item_specifics_or_category,4924ddd9-9b63-413a-9186-809ef9aa8db1,a66b8e9b-2a24-43c2-bb86-be79ac464250,44da3b65-08dc-4cfe-8f28-7603d8f737bb
615,74416d6b-e372-40bb-b415-c0702834778a,2026-07-15T15:36:54.380444+00:00,wrong_edition_version,,B07SVNLBY9,Marvel's Avengers (Xbox One),,v1|116021338472|0,"LEGO Marvel's Avengers (Microsoft Xbox One, 2016)",Brand New,Video Games; Video Games & Consoles,139973; 1249,mtseay,Xbox One,LEGO Marvel's Avengers,NTSC-U/C (US/Canada),,,,2016,Probable Match,Probable Match,,,item-specific Game Name or Edition conflict,no current deterministic rule covers pattern,title_plus_item_specifics_or_category,c2a147d0-6cdf-438c-baac-9c57b91fb6ac,8cd2f3ad-d7df-4c0c-ba93-e1e824dbd4ac,003d17b7-9652-49a2-ae61-0dfef43859c7
616,1f69e59f-6d4a-4972-983c-d6ceae564ef3,2026-07-15T15:36:54.054895+00:00,wrong_edition_version,,B07SVNLBY9,Marvel's Avengers (Xbox One),,v1|386073848992|0,Xbox One - Lego Marvel's Avengers - Brand New - FREE SHIPPING - ,Brand New,Video Games; Video Games & Consoles,139973; 1249,overflo6,Xbox One,LEGO Marvel's Avengers,NTSC-U/C (US/Canada),,,"Multiplayer, Online Playability, Complete Edition",2016,Probable Match,Probable Match,,,item-specific Game Name or Edition conflict,no current deterministic rule covers pattern,title_plus_item_specifics_or_category,4612f765-aeed-4097-86f0-2bdfd2148c47,614077d9-50fc-46b9-9c30-fcd7332342ed,eeae5583-fbff-4d29-9ea0-4d0e3b4e9fb5
617,0c63e396-6bf2-43f9-833a-1528f7c7e3ff,2026-07-15T15:36:53.738164+00:00,wrong_edition_version,,B07SVNLBY9,Marvel's Avengers (Xbox One),,v1|336130888896|0,"LEGO Marvel's Avengers (Microsoft Xbox One, 2016) - New -",Brand New,Video Games; Video Games & Consoles,139973; 1249,talesofsonata,Xbox One,LEGO Marvel's Avengers,,,,,,Probable Match,Probable Match,,,item-specific Game Name or Edition conflict,no current deterministic rule covers pattern,title_plus_item_specifics_or_category,cd9325bd-ba96-4b47-9fc1-184b79579863,9896bb45-a723-4843-b848-c6a9d18a80c5,9fca7eb0-b85e-4a3e-9bec-10c517fe941f
618,50ce4dc1-4a5c-4571-b9c6-d160e13d15a2,2026-07-15T15:36:53.352038+00:00,wrong_edition_version,,B07SVNLBY9,Marvel's Avengers (Xbox One),,v1|386255167415|0,"LEGO Marvel's Avengers (Microsoft Xbox One, 2016)",Brand New,Video Games; Video Games & Consoles,139973; 1249,bastreasuretrove,Xbox One,LEGO Marvel's Avengers,,,,,,Probable Match,Probable Match,,,item-specific Game Name or Edition conflict,no current deterministic rule covers pattern,title_plus_item_specifics_or_category,8b85238e-24d7-4394-8974-5ca46f84b884,7861211b-fdb5-4f81-a875-84cb774db68d,33a66b94-3d97-47a3-b601-731aaa7c32a9
619,b6694ced-fc97-465f-b092-0857241d9d9b,2026-07-15T15:36:52.920397+00:00,wrong_edition_version,,B07SVNLBY9,Marvel's Avengers (Xbox One),,v1|134816919871|0,LEGO Marvel's Avengers Microsoft Xbox One Brand New Factory Sealed *FAST SHIP*,Brand New,Video Games; Video Games & Consoles,139973; 1249,gamerepublic,Xbox One,LEGO Marvel's Avengers,,,,,2016,Probable Match,Probable Match,,,item-specific Game Name or Edition conflict,no current deterministic rule covers pattern,title_plus_item_specifics_or_category,834da872-2800-4c80-a8a8-fbac902758d4,20a55b91-2c60-4fa7-b163-65b59b1ba726,e30a8d7c-1f25-413e-a89e-cb848b4e6e59
620,07b22466-56ad-4585-b21a-2df0bc1c1444,2026-07-15T15:30:00.776329+00:00,wrong_edition_version,,B07JMHZMX1,Minecraft – Xbox One [video game],,v1|254775808217|0,Minecraft Dungeons -- Hero Edition XBOX ONE & XBOX SERIES X 2020 US NEW SEALED,Brand New,Video Games; Video Games & Consoles,139973; 1249,italia11283,Xbox One,Minecraft Dungeons,Region Free; United States,,,,2020,Probable Match,Probable Match,,,item-specific Game Name or Edition conflict,no current deterministic rule covers pattern,title_plus_item_specifics_or_category,771a7537-b07a-4235-b009-5db5f3abf6e6,e66e5c8b-8123-4902-9148-1cd334c7cf38,a5d34975-2f58-4aaf-859c-11febe28b021
621,8ee8a812-55e8-478d-8aa4-7bdf2a0d7e94,2026-07-15T15:30:00.429142+00:00,wrong_edition_version,,B07JMHZMX1,Minecraft – Xbox One [video game],,v1|198453497905|0,Minecraft: Story Mode -- Season Pass Disc - Xbox One X-Box 1 - New Sealed,Brand New,Video Games; Video Games & Consoles,139973; 1249,tgwgrandville,Xbox One,"Minecraft: Story Mode -- Season Pass Disc, Minecraft: Story Mode",Region Free; United States,,,,,Probable Match,Probable Match,,,item-specific Game Name or Edition conflict,no current deterministic rule covers pattern,title_plus_item_specifics_or_category,26c60505-aefc-4f4e-84ab-d1bd45e8a85d,02aa0ca6-8b02-4734-bcec-f42b96849539,f32ad4d9-17d6-482a-9d5e-b4d8d9124b88
622,26811000-be79-4ac7-add0-969477dc3837,2026-07-15T15:30:00.04772+00:00,wrong_edition_version,,B07JMHZMX1,Minecraft – Xbox One [video game],,v1|374573499577|0,Minecraft Dungeons Hero Edition (Xbox One) Brand New,Brand New,Video Games; Video Games & Consoles,139973; 1249,bundlesofjoy,Xbox One,Dungeons,Region Free,,,"Multiplayer, Online Playability",2020,Probable Match,Blocked,non-US item location,,item-specific Game Name or Edition conflict,current rule should already block,title_plus_item_specifics_or_category,a71e7acb-f81e-4a20-b1a3-909005e1ff9b,c94f08b8-cc6a-4bdb-a9b1-59389834d55b,0b6fc25a-5055-4c70-b374-6dad20b7200d
623,8b7b9a25-d137-45df-add3-cea5a115ea0f,2026-07-15T15:29:59.696584+00:00,wrong_edition_version,,B07JMHZMX1,Minecraft – Xbox One [video game],,v1|376670597651|0,Minecraft Dungeons Hero Edition (Xbox One) BRAND NEW,Brand New,Video Games; Video Games & Consoles,139973; 1249,russ-8212,Xbox One,Minecraft Dungeons,,,,,,Probable Match,Probable Match,,,item-specific Game Name or Edition conflict,no current deterministic rule covers pattern,title_plus_item_specifics_or_category,6aeeab97-35e7-486e-a070-a7966d4c0fe9,1cdc7cc5-51ec-416c-8a71-1521c681a03d,61b83098-e3b1-4f05-a217-4ed13b2c2620
624,028f18e8-c0fe-4e87-8d41-d2062066907e,2026-07-15T15:29:59.393094+00:00,wrong_edition_version,,B07JMHZMX1,Minecraft – Xbox One [video game],,v1|267135967915|0,Minecraft Dungeons Hero Edition - Xbox One / Series X  New sealed Free ship USA,Brand New,Video Games; Video Games & Consoles,139973; 1249,btg1123,Xbox One,Minecraft Dungeons Hero Edition,NTSC-U/C (US/Canada); United States,,,"Manual Included, Multiplayer",,Probable Match,Probable Match,,,item-specific Game Name or Edition conflict,no current deterministic rule covers pattern,title_plus_item_specifics_or_category,15553c3e-5c99-4082-bd1c-f8a2533dbf9a,45a7fed5-a278-4921-90b8-9cc7ee222423,883e79fb-10c6-43e7-bc6d-eb98f7b87d8f
625,a5d3e8d9-a71f-458a-a991-61f7ce299a2d,2026-07-15T15:29:59.092899+00:00,wrong_edition_version,,B07JMHZMX1,Minecraft – Xbox One [video game],,v1|306432364216|0,Minecraft Dungeons Hero Edition Xbox One Series X Video Game New Sealed,Brand New,Video Games; Video Games & Consoles,139973; 1249,master_dre,Xbox One,Minecraft Dungeons Hero Edition,NTSC-U/C (US/Canada),,,,2020,Probable Match,Probable Match,,,item-specific Game Name or Edition conflict,no current deterministic rule covers pattern,title_plus_item_specifics_or_category,7c25b2a2-d2e3-4b82-8685-052c634a727a,9e8d7e6d-42a5-45fb-8395-08d9cbe620a4,ce95d0d3-0612-4415-a4f1-db409f9f05a5
626,727dc054-61a4-432d-8434-88a4cc5829a1,2026-07-15T15:29:58.789196+00:00,wrong_edition_version,,B07JMHZMX1,Minecraft – Xbox One [video game],,v1|318578087828|0,Minecraft Dungeons Hero Edition (Xbox One Series X) 4K BRAND NEW Sealed,Brand New,Video Games; Video Games & Consoles,139973; 1249,crabbypicker,Xbox One,Minecraft Dungeons,United States,,,,,Probable Match,Probable Match,,,item-specific Game Name or Edition conflict,no current deterministic rule covers pattern,title_plus_item_specifics_or_category,d08d7ffa-fda5-4acd-95f6-6ebad63310b3,cdc200ae-b1ec-445a-be6a-f50e8cce83b5,03836a46-a571-48dc-bbdb-e0b3a4b3b0ab
627,ed218280-9903-490a-8ec3-06e7e415dd52,2026-07-15T15:29:58.468421+00:00,wrong_edition_version,,B07JMHZMX1,Minecraft – Xbox One [video game],,v1|327234049223|0,Minecraft Dungeons  HERO EDITION - Microsoft Xbox One Brand New Sealed,Brand New,Video Games; Video Games & Consoles,139973; 1249,horror_cult_wrestling_vhs,Xbox One,Minecraft Dungeons,United States,,,,,Probable Match,Probable Match,,,item-specific Game Name or Edition conflict,no current deterministic rule covers pattern,title_plus_item_specifics_or_category,1e67b4fa-96e4-4da0-b7cb-86fafeffda37,5e480827-e4c7-4db9-a823-8279c57d4d9c,e9963c82-6fe4-4300-93c6-a03bca719d1f
628,c8c3d2ae-4f60-4ab5-8a14-70bbefe5a479,2026-07-15T15:29:58.14518+00:00,wrong_edition_version,,B07JMHZMX1,Minecraft – Xbox One [video game],,v1|336414156457|0,Minecraft Dungeons Hero Edition - Microsoft Xbox One - NEW SEALED,Brand New,Video Games; Video Games & Consoles,139973; 1249,giusdan-1816,Xbox One,Minecraft Dungeons Hero Edition,NTSC-U/C (US/Canada); United States,,,,2020,Probable Match,Blocked,non-US item location,,item-specific Game Name or Edition conflict,current rule should already block,title_plus_item_specifics_or_category,1fb01b95-9ca7-412f-b4be-88ab180c30a7,c0f27df9-330f-42c8-9b8d-ada3858197f1,9017e29c-209e-48fa-9677-5a5e559c721b
629,fb36c1d8-830e-4346-a849-9700175c1801,2026-07-15T15:29:57.810592+00:00,wrong_edition_version,,B07JMHZMX1,Minecraft – Xbox One [video game],,v1|306339252679|0,Sealed Minecraft Dungeons Hero Edition (Xbox Series X/ Xbox One  Microsoft) New,Brand New,Video Games; Video Games & Consoles,139973; 1249,709_games,Xbox Series X,Minecraft Dungeons Hero Edition,NTSC-U/C (US/Canada),,,,,Probable Match,Blocked,non-US item location,,item-specific Game Name or Edition conflict,current rule should already block,title_plus_item_specifics_or_category,c0547c88-c60f-4743-afc4-3dcac1a356c9,f4d1bb0f-30f4-42e3-a496-aa37fbec40e5,42be279e-2cc9-47b8-865b-47bd9204b714
630,025715fa-0063-4f25-9dcb-c3f8e6449c01,2026-07-15T15:29:57.503238+00:00,wrong_edition_version,,B07JMHZMX1,Minecraft – Xbox One [video game],,v1|133609707011|0,Minecraft Dungeons HERO EDITION - Xbox One - Brand New (SHIPS FAST),Brand New,Video Games; Video Games & Consoles,139973; 1249,espnarwhal,Xbox One,Minecraft Dungeons,,,Software,,,Probable Match,Probable Match,,,item-specific Game Name or Edition conflict,no current deterministic rule covers pattern,title_plus_item_specifics_or_category,a3da260f-baf8-4936-997b-d11446ea6093,02bb14e5-030f-41f7-bf69-2a1768462939,df84ce42-2317-4a0d-ac5f-0f718bb18fab
631,4507bbed-d866-4319-9938-f972c0e9acb7,2026-07-15T15:29:57.201751+00:00,wrong_edition_version,,B07JMHZMX1,Minecraft – Xbox One [video game],,v1|168526837118|0,"Minecraft Dungeons Hero Edition (Microsoft Xbox One, Series X) Brand New Sealed",Brand New,Video Games; Video Games & Consoles,139973; 1249,win7425,Xbox One,Minecraft Dungeons,United States,,,,,Probable Match,Probable Match,,,item-specific Game Name or Edition conflict,no current deterministic rule covers pattern,title_plus_item_specifics_or_category,f4b171e4-0dcc-4692-95e2-53d5862bbd22,ca9996f1-3cb6-4bfd-b2bd-81652d80535f,293045fa-ff9e-4ddd-93d6-e1e3f488745f
632,ff4d6e94-4d7c-413e-aff2-c945fe9ef30f,2026-07-15T15:29:56.839143+00:00,wrong_edition_version,,B07JMHZMX1,Minecraft – Xbox One [video game],,v1|206415111197|0,Minecraft Dungeons Hero Edition for Xbox One Series x New Sealed,Brand New,Video Games; Video Games & Consoles,139973; 1249,sephiroth_ff7,Xbox One,Minecraft Dungeons Hero Edition,NTSC-U/C (US/Canada); United States,,,,2020,Probable Match,Probable Match,,,item-specific Game Name or Edition conflict,no current deterministic rule covers pattern,title_plus_item_specifics_or_category,63a1d0d3-ae08-48d4-88b6-c10879ed34e9,2b371486-3f53-4613-8a38-e86b94556435,d57213f2-5f55-496d-b114-4c2dd67ada5a
633,5878a6f4-b768-4419-bad4-2ebb6d7e9003,2026-07-15T15:29:56.537303+00:00,wrong_edition_version,,B07JMHZMX1,Minecraft – Xbox One [video game],,v1|143901712423|0,"Minecraft Dungeons -- Hero Edition *Brand New* (Microsoft Xbox One, 2020)",Brand New,Video Games; Video Games & Consoles,139973; 1249,interiorrefine,Xbox One,Minecraft Dungeons,,,,,,Probable Match,Probable Match,,,item-specific Game Name or Edition conflict,no current deterministic rule covers pattern,title_plus_item_specifics_or_category,2fb26bcb-9ed3-4078-b415-cb3a812fd15a,2818c176-58ff-4eba-90cb-ecdb4dc0c685,6d5fc26f-4466-41cb-9606-c89a3ba91de1
634,eaaf92a6-3f01-4179-adf8-cfbb0b09ef95,2026-07-15T15:29:56.231874+00:00,wrong_edition_version,,B07JMHZMX1,Minecraft – Xbox One [video game],,v1|204463539133|0,FRENCH Minecraft Story Mode Season Pass Disc Xbox One New Factory Sealed READ,Brand New,Video Games; Video Games & Consoles,139973; 1249,the_shoeportal,Xbox One,Minecraft: Story Mode,,,,French,2015,Probable Match,Probable Match,,,item-specific Game Name or Edition conflict,no current deterministic rule covers pattern,title_plus_item_specifics_or_category,47dd6d67-c545-42f7-809d-eae67c5f9fc7,49e17c99-9a98-4c41-a6f6-431968c2d920,ac3f0cf9-0879-4065-bd59-82b6e45940fc
635,2e344cfd-6f6e-4c46-9068-b32c4b83af2f,2026-07-15T15:29:55.9007+00:00,wrong_edition_version,,B07JMHZMX1,Minecraft – Xbox One [video game],,v1|186449148588|0,Minecraft Dungeons - Microsoft Xbox One,Brand New,Video Games; Video Games & Consoles,139973; 1249,psxmania,Xbox One,Minecraft Dungeons,Region Free,,,,,Probable Match,Probable Match,,,item-specific Game Name or Edition conflict,no current deterministic rule covers pattern,title_plus_item_specifics_or_category,f5c83152-cc82-4b7b-a8ca-514ca4e6fa2c,955a56e2-45f3-472b-83a6-713e380c20dc,7536deed-5719-4af0-858d-918629bc67c7
636,cb0e30d9-f6fd-44e1-b43c-1951f3883876,2026-07-15T15:29:55.59972+00:00,wrong_edition_version,,B07JMHZMX1,Minecraft – Xbox One [video game],,v1|157386414257|0,Minecraft Dungeons -Hero Edition -Xbox One | Xbox Series X -New - FREE SHIPPING,Brand New,Video Games; Video Games & Consoles,139973; 1249,casstorellc,Xbox Series X,Minecraft Dungeons - Hero Edition,Region Free,,,,,Probable Match,Probable Match,,,item-specific Game Name or Edition conflict,no current deterministic rule covers pattern,title_plus_item_specifics_or_category,ac7434aa-0e52-4586-a69f-d572953827c4,74eb30a9-fc3e-4592-bed9-d3516070f1d2,dda579dc-0c4a-4b3e-9413-4b31d6c182d9
637,edd6409b-a046-4f6f-8108-a734b6cf9906,2026-07-15T15:29:55.300106+00:00,wrong_edition_version,,B07JMHZMX1,Minecraft – Xbox One [video game],,v1|257513943211|0,New Factory Sealed Xbox One Minecraft Story Mode Season Pass Game,Brand New,Video Games; Video Games & Consoles,139973; 1249,glennmarshalls,Xbox One,Minecraft: Story Mode,NTSC-U/C (US/Canada); United States,,,French,2015,Probable Match,Probable Match,,,item-specific Game Name or Edition conflict,no current deterministic rule covers pattern,title_plus_item_specifics_or_category,58696ddd-446d-48b4-8ba8-71f5a305d616,5704ab20-bdb2-4065-acd1-7ed3d9abada2,6c07f23f-2bb7-4691-ac27-f787f62028ef
638,ac1c43a0-049f-4188-bd0c-686739b036d0,2026-07-15T15:29:54.970342+00:00,wrong_edition_version,,B07JMHZMX1,Minecraft – Xbox One [video game],,v1|235926012933|0,Minecraft Dungeons - Microsoft Xbox One,Brand New,Video Games; Video Games & Consoles,139973; 1249,dmcems,Xbox One,Minecraft Dungeons,,,,,,Probable Match,Blocked,non-US item location,,item-specific Game Name or Edition conflict,current rule should already block,title_plus_item_specifics_or_category,69efebfc-9b21-4f30-abb9-f2e6b4496e0c,86ec5c7c-3709-4fae-b3bb-ff2480a807db,7ff3ee1b-83e3-4a96-86de-3346c78cc7f4
639,c864e334-4ff0-4c47-9572-9da5ef379b54,2026-07-15T15:29:54.562452+00:00,wrong_edition_version,,B07JMHZMX1,Minecraft – Xbox One [video game],,v1|397858534872|0,Minecraft Dungeons Hero Edition Microsoft Xbox One Brand New!!  Sealed!,Brand New,Video Games; Video Games & Consoles,139973; 1249,secondcha-22,Xbox One,Minecraft Dungeons,United States,,,,,Probable Match,Probable Match,,,item-specific Game Name or Edition conflict,no current deterministic rule covers pattern,title_plus_item_specifics_or_category,8e156f56-d336-44c6-b390-4ede9b7dab7f,32eee5c7-8b87-4d56-aa01-ea50e88b48df,1c743731-3855-4f13-9e8d-93c050c207ac
640,3d4c9098-e2a0-4dc1-aaaf-7d18490a7dc8,2026-07-15T15:29:54.268902+00:00,wrong_edition_version,,B07JMHZMX1,Minecraft – Xbox One [video game],,v1|178148750191|0,"Minecraft Dungeons [Hero Edition] (Microsoft Xbox One, 2020) NEW & SEALED",Brand New,Video Games; Video Games & Consoles,139973; 1249,the_collectibles_spot,Xbox One,Minecraft Dungeons,United States,,,"Manual Included, Multiplayer, Online Playability",2020,Probable Match,Probable Match,,,item-specific Game Name or Edition conflict,no current deterministic rule covers pattern,title_plus_item_specifics_or_category,965ab0f8-1899-4af8-9ae8-fc551f696b9a,3c27d14b-e05e-4129-9830-9d208f2b3ede,6e1364d7-201c-437c-8941-cf945d506112
641,18f077aa-ef3e-473c-b7f0-78e21230edd9,2026-07-15T15:29:53.927865+00:00,wrong_edition_version,,B07JMHZMX1,Minecraft – Xbox One [video game],,v1|177758340523|0,Minecraft Dungeons - Microsoft Xbox One/Xbox Series X,Brand New,Video Games; Video Games & Consoles,139973; 1249,sandrataz01,Xbox One,Minecraft Dungeons,,,,,,Probable Match,Probable Match,,,item-specific Game Name or Edition conflict,no current deterministic rule covers pattern,title_plus_item_specifics_or_category,b1df3ea9-5c29-40c2-ba9a-dc9852ed0701,7f029af9-267a-49d6-bf40-b34df1b5e481,cdb87b32-8664-4e98-bbc2-3527e838c583
642,2138491d-9e4e-4fa1-a8ad-d8ae97a6ee40,2026-07-15T15:29:53.628267+00:00,wrong_edition_version,,B07JMHZMX1,Minecraft – Xbox One [video game],,v1|287353179266|0,"New Minecraft Dungeons [Hero Edition] (Microsoft Xbox One, 2020)",Brand New,Video Games; Video Games & Consoles,139973; 1249,jakru-1122,Xbox One,Minecraft Dungeons,,,,,2020,Probable Match,Probable Match,,,item-specific Game Name or Edition conflict,no current deterministic rule covers pattern,title_plus_item_specifics_or_category,b1196ab4-6ee6-42d8-806c-b5c6162e19d6,11d1cf32-6086-4567-809f-ee661bd17564,e517f102-5c16-4df7-aab9-ea232adedcab
643,f1509e6b-a9c3-4100-a06d-d4ab3f23242f,2026-07-15T15:29:53.328445+00:00,wrong_edition_version,,B07JMHZMX1,Minecraft – Xbox One [video game],,v1|157979693744|0,Minecraft Dungeons - Microsoft Xbox One,Brand New,Video Games; Video Games & Consoles,139973; 1249,localthrowbacks,Xbox One,Minecraft Dungeons,,,,,,Probable Match,Probable Match,,,item-specific Game Name or Edition conflict,no current deterministic rule covers pattern,title_plus_item_specifics_or_category,658aa05e-82dc-4e44-b2b1-cdc7077f8047,974fb933-e1e7-45e6-adf5-85f0a738768d,25b88184-ec26-4d7a-89ad-154b597ba940
644,b9fb28a7-dac3-4da3-a3f3-bc960786783d,2026-07-15T15:29:53.01185+00:00,wrong_edition_version,,B07JMHZMX1,Minecraft – Xbox One [video game],,v1|366456600898|0,Minecraft Story Mode Xbox One,Brand New,Video Games; Video Games & Consoles,139973; 1249,bballnftballcards,Xbox One,Minecraft: Story Mode,NTSC-U/C (US/Canada); United States,,,Online Playability,,Probable Match,Probable Match,,,item-specific Game Name or Edition conflict,no current deterministic rule covers pattern,title_plus_item_specifics_or_category,9b41c3a8-10b2-4852-9918-df10c6422473,e458c019-0943-4c57-b687-c5f85a44951a,22e293a7-ad5a-489f-83b3-ec890d216531
645,c12b6e9a-08ba-48ee-a16d-71360ffdc060,2026-07-15T15:29:52.699305+00:00,wrong_edition_version,,B07JMHZMX1,Minecraft – Xbox One [video game],,v1|206345120290|0,Minecraft Dungeons Herd Edition  Xbox One Brand New Sealed ,Brand New,Video Games; Video Games & Consoles,139973; 1249,murf2517,Xbox One,Minecraft Dungeons,,,,,,Probable Match,Probable Match,,,item-specific Game Name or Edition conflict,no current deterministic rule covers pattern,title_plus_item_specifics_or_category,478354cc-8cba-4351-8b58-82783440a14a,9b5b1c0f-89cf-417a-a6c2-59e73aada2a6,d8593b9f-15eb-4177-89c2-3c0c01ee2de7
646,19f283bd-873c-450b-899a-de0dc6ebfaaf,2026-07-15T15:29:52.40902+00:00,wrong_edition_version,,B07JMHZMX1,Minecraft – Xbox One [video game],,v1|358679724089|0,Minecraft Dungeons Hero Edition Microsoft Xbox One 2020,Brand New,Video Games; Video Games & Consoles,139973; 1249,mere8537,Xbox One,Minecraft Dungeons,NTSC-U/C (US/Canada),,,,2020,Probable Match,Probable Match,,,item-specific Game Name or Edition conflict,no current deterministic rule covers pattern,title_plus_item_specifics_or_category,b7ab06e8-4b08-4e50-99fd-be4dd717a2d5,bbf7fd30-9fd9-468f-87f7-f2266ac34583,5c5059fc-63d8-474e-9a64-6b9887c886d7
647,502343f0-6c9b-4cd1-b92b-61286efc7154,2026-07-15T15:29:52.101173+00:00,wrong_edition_version,,B07JMHZMX1,Minecraft – Xbox One [video game],,v1|327105441731|0,Minecraft Dungeons - Microsoft Xbox One New Sealed,Brand New,Video Games; Video Games & Consoles,139973; 1249,kandee13,Xbox One,Minecraft Dungeons,,,,,,Probable Match,Probable Match,,,item-specific Game Name or Edition conflict,no current deterministic rule covers pattern,title_plus_item_specifics_or_category,4f98b757-3271-4cca-af67-1a0d75bce098,ba0f2021-3c08-4f01-ae7b-ebec6b64642b,a54b7d22-4214-4aa5-9821-4d289ee1858b
648,7786c41a-9ab4-409f-89b7-9414d5bfd8ef,2026-07-15T15:29:51.795989+00:00,wrong_edition_version,,B07JMHZMX1,Minecraft – Xbox One [video game],,v1|257395432366|0,Minecraft Dungeons - Hero Edition includes Pass Microsoft Xbox One & Series X,Brand New,Video Games; Video Games & Consoles,139973; 1249,babyface3064,Xbox One,Minecraft Dungeons,,,,,,Probable Match,Probable Match,,,item-specific Game Name or Edition conflict,no current deterministic rule covers pattern,title_plus_item_specifics_or_category,fc2e6c34-adf2-4ff7-bc7a-82614e2cd1de,0c74dd34-9474-4552-ac8c-3093d1a9a0fe,60c9b959-7516-40e7-a7b1-58b896d2759f
649,d040d434-3bce-40e5-879d-e649d4e08033,2026-07-15T15:29:51.460111+00:00,wrong_edition_version,,B07JMHZMX1,Minecraft – Xbox One [video game],,v1|377282982172|0,Minecraft Dungeons - Microsoft Xbox One New/Sealed - FAST SHIPPING!,Brand New,Video Games; Video Games & Consoles,139973; 1249,japeve_55,Xbox One,Minecraft Dungeons,,,,,,Probable Match,Probable Match,,,item-specific Game Name or Edition conflict,no current deterministic rule covers pattern,title_plus_item_specifics_or_category,88042c09-05fd-429b-b6c1-c74bbf6815e9,88608191-433d-42d5-a359-bca32dc76129,fc2709f5-768b-423c-a06b-3cb1badff3f9
650,a503063c-ace3-4d54-b6da-798df61a6137,2026-07-15T15:29:51.139346+00:00,wrong_edition_version,,B07JMHZMX1,Minecraft – Xbox One [video game],,v1|800320207228|0,Minecraft Dungeons  HERO EDITION - Microsoft Xbox One Brand New Sealed,Brand New,Video Games; Video Games & Consoles,139973; 1249,nitrou_24,Xbox One,Minecraft Dungeons,United States,,,,,Probable Match,Probable Match,,,item-specific Game Name or Edition conflict,no current deterministic rule covers pattern,title_plus_item_specifics_or_category,8bde3fa8-d772-48df-af8d-af3a6a398f40,39a39db2-1c01-45f2-a39d-a39e79c43191,b5ae65ce-6cda-437c-9310-c900822d237f
651,b8874409-7722-4636-8388-8dca8e0853f1,2026-07-15T15:29:50.830166+00:00,wrong_edition_version,,B07JMHZMX1,Minecraft – Xbox One [video game],,v1|286757495398|0,Minecraft Dungeons Hero Edition for Xbox One Series x New Sealed,Brand New,Video Games; Video Games & Consoles,139973; 1249,hubalider,Xbox One,Minecraft Dungeons Hero Edition,NTSC-U/C (US/Canada); United States,,,,2020,Probable Match,Probable Match,,,item-specific Game Name or Edition conflict,no current deterministic rule covers pattern,title_plus_item_specifics_or_category,c1b243ce-beaf-4511-a6a0-1773baefcad6,00b82810-73d5-4ba2-9bdc-a52f3647b100,342945b7-c80b-4d5b-878e-9680cece82d0
652,3fc53a7d-4a3f-4c8a-b5ea-0f98d766ac8c,2026-07-15T15:29:50.522121+00:00,wrong_edition_version,,B07JMHZMX1,Minecraft – Xbox One [video game],,v1|405539363970|0,Minecraft Dungeons: Hero Edition - Microsoft Xbox One - Factory Sealed,Brand New,Video Games; Video Games & Consoles,139973; 1249,jonadesa0,Xbox One,Minecraft Dungeons,,,,,,Probable Match,Probable Match,,,item-specific Game Name or Edition conflict,no current deterministic rule covers pattern,title_plus_item_specifics_or_category,600714b6-e6b4-4ba7-8d98-5baacb06ca38,9a4b9d0d-3649-4482-b3ea-336185d0bd90,689f41d3-7180-4d34-a4de-8ff07be5eaf8
653,6d26b4cc-3418-4b07-9c31-f1d4345236c8,2026-07-15T15:29:50.142945+00:00,wrong_edition_version,,B07JMHZMX1,Minecraft – Xbox One [video game],,v1|256721318744|0,Minecraft Dungeons - Microsoft Xbox One,Brand New,Video Games; Video Games & Consoles,139973; 1249,pc_division,Xbox One,Minecraft Dungeons,,,,,,Probable Match,Probable Match,,,item-specific Game Name or Edition conflict,no current deterministic rule covers pattern,title_plus_item_specifics_or_category,0eac7cf4-2cce-47fa-af85-b66f25d8c4f8,268518c9-b2a8-4b17-99f4-d6714ddf1438,28d75124-ac45-4791-ad11-65e11d643159
654,0cb9490d-ccb9-45e6-b37a-c6b2b1860eb3,2026-07-15T15:29:49.763752+00:00,wrong_edition_version,,B07JMHZMX1,Minecraft – Xbox One [video game],,v1|364234680881|0,Minecraft Dungeons - Microsoft Xbox One New/Sealed,Brand New,Video Games; Video Games & Consoles,139973; 1249,mafo-8151,Xbox One,Minecraft Dungeons,,,,,,Probable Match,Probable Match,,,item-specific Game Name or Edition conflict,no current deterministic rule covers pattern,title_plus_item_specifics_or_category,b17a183d-1ee6-40af-93c4-45d13685c8a2,54b5a2dc-2027-4be0-962d-d8dcb2a6d540,d5a35cfb-3a8a-4734-969b-301bb9fb07a8
655,c17d3cc5-1d4a-49b8-8658-4b4b267fd2b5,2026-07-15T15:29:49.456524+00:00,wrong_edition_version,,B07JMHZMX1,Minecraft – Xbox One [video game],,v1|318584093001|0,Telltale Games Minecraft: Story Mode Season Pass Disc Xbox One E10+ Action,Brand New,Video Games; Video Games & Consoles,139973; 1249,wise_games_and_toys,Xbox One,Minecraft: Story Mode -- Season Pass Disc,,,,Season Pass Disc,,Probable Match,Probable Match,,,item-specific Game Name or Edition conflict,no current deterministic rule covers pattern,title_plus_item_specifics_or_category,bba86a2a-a839-43a9-8dc1-26af827933a8,65cc6df3-33f5-4c83-bb26-fa591c286638,26f12bb7-d3e8-49b4-a51d-8c98f5b1af6e
656,6f297a1f-5ffa-4e81-b673-813314a60123,2026-07-15T15:29:49.134902+00:00,wrong_edition_version,,B07JMHZMX1,Minecraft – Xbox One [video game],,v1|405509695052|0,Minecraft Dungeons Hero Edition  XBox One Video Game New Factory Seal,Brand New,Video Games; Video Games & Consoles,139973; 1249,farjfa-9978,Xbox One,Minecraft Dungeons Hero Edition,,,,,,Probable Match,Blocked,non-US item location,,item-specific Game Name or Edition conflict,current rule should already block,title_plus_item_specifics_or_category,c715864b-8fa4-4e62-9975-5074ed8b0b13,0c01dce0-002a-492a-8e49-173d3140fbba,a1f78c2b-1caf-4560-821d-c220dd39d946
657,2c5571ed-1dd4-4048-9905-b8194aa09f9f,2026-07-15T15:29:48.716453+00:00,wrong_edition_version,,B07JMHZMX1,Minecraft – Xbox One [video game],,v1|117197421778|0,Minecraft Dungeons Hero Edition Xbox One BRAND NEW Sealed Free Shipping!,Brand New,Video Games; Video Games & Consoles,139973; 1249,sgupta1,Xbox One,Minecraft Dungeons,,,,,,Probable Match,Probable Match,,,item-specific Game Name or Edition conflict,no current deterministic rule covers pattern,title_plus_item_specifics_or_category,e9cd1fc8-ca38-4cc7-8ec5-8e1812bf8591,d5d915f4-bbca-449d-b4dc-52957dd96a85,7f84771c-5b8d-4cab-9c63-7e06f9a5898a
658,7dc210ce-4476-4621-8cc5-6177c8582ecc,2026-07-15T15:29:48.317471+00:00,wrong_edition_version,,B07JMHZMX1,Minecraft – Xbox One [video game],,v1|287458848926|0,Minecraft Dungeons Hero Edition Xbox One Brand New Sealed,Brand New,Video Games; Video Games & Consoles,139973; 1249,dabberdan97,Xbox One,Minecraft Dungeons,NTSC-U/C (US/Canada); United States,,,,2020,Probable Match,Probable Match,,,item-specific Game Name or Edition conflict,no current deterministic rule covers pattern,title_plus_item_specifics_or_category,40b5bd6c-6b6c-47c4-add9-1e3943bd3302,3485edb6-e22d-4329-bda7-11729a30d63f,752d0139-cf9b-4cd2-bbea-7f739476cf8a
659,4c6e28ca-4ec6-428f-be3e-fd1bfd780e73,2026-07-15T15:29:47.872306+00:00,wrong_edition_version,,B07JMHZMX1,Minecraft – Xbox One [video game],,v1|236264751071|0,Minecraft Dungeons Hero Edition Microsoft Xbox One Series X Complete CIB READ,Brand New,Video Games; Video Games & Consoles,139973; 1249,jasperandgump,Xbox One,Minecraft Dungeons Hero Edition,NTSC-U/C (US/Canada); United States,,,Complete Edition,2020,Probable Match,Probable Match,,,item-specific Game Name or Edition conflict,no current deterministic rule covers pattern,title_plus_item_specifics_or_category,eb4962c5-3864-42a4-906e-46aeeb344149,6c21c4ac-c25c-4bd3-99b5-4e7682c3bd68,5f2d3720-ee01-4881-bec8-4da5018e8b44
660,ff4bd960-5051-47e4-a039-ed5e7691f88d,2026-07-15T15:28:17.848678+00:00,incomplete_product,,B07XV4NHHN,Ring Fit Adventure - Nintendo Switch,,v1|134938318046|0,Ring Fit Adventure - Nintendo Switch Game Only In Original Package,Brand New,Video Games; Video Games & Consoles,139973; 1249,nguyenlisa23,Switch,Ring FIT Adventure,,,,,,Probable Match,Probable Match,,,incomplete_product,no current deterministic rule covers pattern,title_plus_item_specifics_or_category,f673bda3-6733-4ec7-a30a-ac91b6573e7d,6f3dad55-5341-4c7f-9a7d-2637cad4ceaa,52ff6dfd-809c-48a0-979a-7bfbabde409e
661,d5752613-1736-4607-9f99-fe031259140d,2026-07-15T15:28:17.51947+00:00,incomplete_product,,B07XV4NHHN,Ring Fit Adventure - Nintendo Switch,,v1|205882584553|0,Ring Fit Adventure (Nintendo Switch) BRAND NEW SEALED - Fitness Game Only,Brand New,Video Games; Video Games & Consoles,139973; 1249,nightmaresportscrds,Switch,Ring FIT Adventure,Region Free; Japan,,,Online Playability,2019,Probable Match,Probable Match,,,incomplete_product,no current deterministic rule covers pattern,title_plus_item_specifics_or_category,cb3e51dc-5c40-4365-af65-56aea908ad35,40ab95b5-5e41-4c6a-bab0-bed3a74ad8ee,2bc5bab7-e5f2-4c62-a15c-b9b8b9ab1725
662,c043f502-ce49-4d1f-a7d9-34f53d408b8a,2026-07-15T15:28:17.145836+00:00,incomplete_product,,B07XV4NHHN,Ring Fit Adventure - Nintendo Switch,,v1|267716732462|0,Nintendo Switch Ring Fit Adventure. NEW & Factory Sealed Game,Brand New,Video Games; Video Games & Consoles,139973; 1249,dellyatt,Switch,Ring FIT Adventure,,,,,,Probable Match,Probable Match,,,incomplete_product,no current deterministic rule covers pattern,title_plus_item_specifics_or_category,5c679fa1-d06d-4d91-8996-7449310936e0,19de7d6b-0455-4691-bd49-63bcd2b6fabe,f739ecaa-b932-4751-b66d-c29035deed11
663,b9b8b103-2242-4abe-b610-aceedc4c4bac,2026-07-15T15:28:16.791634+00:00,incomplete_product,,B07XV4NHHN,Ring Fit Adventure - Nintendo Switch,,v1|287457541110|0,Nintendo Switch Ring Fit Adventure Sealed Game Copy,Brand New,Video Games; Video Games & Consoles,139973; 1249,shadethef18,Switch,Ring FIT Adventure,,,,Online Playability,2019,Probable Match,Probable Match,,,incomplete_product,no current deterministic rule covers pattern,title_plus_item_specifics_or_category,61871f7d-a9ac-447a-bec1-d8c6c11ea68e,7f7c087e-8e44-4fe1-a4fd-d67be12a1e70,82ea86e4-5855-47f8-9858-dbb2ef8c9ba5
664,eadd560f-3431-4554-84c1-d82f47739bac,2026-07-15T15:28:16.399151+00:00,incomplete_product,,B07XV4NHHN,Ring Fit Adventure - Nintendo Switch,,v1|136445587338|0,Ring Fit Adventure Nintendo Switch Game Only,Brand New,Video Games; Video Games & Consoles,139973; 1249,cellshawn,Switch,Ring FIT Adventure,Japan,,,,,Probable Match,Probable Match,,,incomplete_product,no current deterministic rule covers pattern,title_plus_item_specifics_or_category,734f37c3-b93b-4055-8fb5-732a98cfe4a7,ce6316aa-eb2f-458b-b71d-438d8fea9b6a,bde352c4-1681-43e4-a7e7-3e53e038a064
665,4ce315b8-5434-4632-ad27-67afbb0702b8,2026-07-15T15:28:16.082484+00:00,incomplete_product,,B07XV4NHHN,Ring Fit Adventure - Nintendo Switch,,v1|205422419986|0,Original Ring Fit Adventure Official Nintendo Band Switch Leg Strap HAC-023,Brand New,Video Games; Video Games & Consoles,139973; 1249,brooklyncellphoneparts,Switch,Adventure,NTSC-U/C (US/Canada),,,,2021,Probable Match,Probable Match,,,incomplete_product,no current deterministic rule covers pattern,title_plus_item_specifics_or_category,e4316bc4-a8ae-4d30-8ccf-3ee56fbb043e,af180903-7e01-438b-8304-48f49e78836b,888dca75-fd99-4ed3-a34b-1a3c21a6b02d
666,ca695abd-aae0-489f-88db-408fc6f92c92,2026-07-15T15:28:15.772086+00:00,incomplete_product,,B07XV4NHHN,Ring Fit Adventure - Nintendo Switch,,v1|365698807841|0,Ring Fit Adventure (Nintendo Switch) BRAND NEW SEALED - Fitness Game Only,Brand New,Video Games; Video Games & Consoles,139973; 1249,peajay61,Switch,Ring FIT Adventure,Region Free; Japan,,,Online Playability,2019,Probable Match,Probable Match,,,incomplete_product,no current deterministic rule covers pattern,title_plus_item_specifics_or_category,43aa45e9-a8ca-42d3-9b42-64e349b99299,2f01efcb-2442-4003-8a92-e592a7d03d8c,05395133-5830-47f2-ae91-1337ba5017b2
667,94fa51f7-2b24-4420-ab37-e619f570fffc,2026-07-15T15:28:15.45329+00:00,incomplete_product,,B07XV4NHHN,Ring Fit Adventure - Nintendo Switch,,v1|377061916911|0,"Ring Fit Adventure (Nintendo Switch, 2019) Fitness Game Only (No Ring) New",Brand New,Video Games; Video Games & Consoles,139973; 1249,retrodragon,Switch,Ring FIT Adventure,Region Free; Japan,,,Online Playability,2019,Probable Match,Probable Match,,,incomplete_product,no current deterministic rule covers pattern,title_plus_item_specifics_or_category,77e8e260-518b-4ce8-8877-8d344322ce33,c1a0b526-dfd9-4dee-a333-a85ac71541a9,ac789b36-495d-4020-8743-43841070b16c
668,f549fce2-0301-47cc-a29f-200890f74c5f,2026-07-15T15:28:15.138663+00:00,incomplete_product,,B07XV4NHHN,Ring Fit Adventure - Nintendo Switch,,v1|167856551104|0,Ring Fit Adventure Nintendo Switch Fitness Game Only No Ring Brand New Sealed,Brand New,Video Games; Video Games & Consoles,139973; 1249,thriftymomms,Switch,Ring FIT Adventure,Region Free; Japan,,,"Online Playability, Complete Edition",2019,Probable Match,Probable Match,,,incomplete_product,no current deterministic rule covers pattern,title_plus_item_specifics_or_category,ec7bfe64-2d3e-40b6-9a0d-065a6c78c9d0,8203f863-a480-439a-8a94-c30291ee35d6,6aa668e1-8d66-4efe-abf0-f2a6ce4a82ed
669,8c081ee9-af3f-40b6-b48f-ac15c453c2ab,2026-07-15T15:28:14.805244+00:00,incomplete_product,,B07XV4NHHN,Ring Fit Adventure - Nintendo Switch,,v1|256753087889|0,nintendo switch ring fit adventure SEALED,Brand New,Video Games; Video Games & Consoles,139973; 1249,kergudu2014,Switch,Ring FIT Adventure,Japan,,,,,Probable Match,Probable Match,,,incomplete_product,no current deterministic rule covers pattern,title_plus_item_specifics_or_category,80824621-38bf-4671-83b3-ce1dbbc8fd5d,d95f2ed2-0a57-40cb-8d4b-f870059bf8b8,1d551c5e-b076-4714-8c49-5548e94c99f1
670,b870965c-3795-4f5f-9438-6de0f1de2d47,2026-07-15T15:28:14.442166+00:00,incomplete_product,,B07XV4NHHN,Ring Fit Adventure - Nintendo Switch,,v1|394943850054|0,Ring Fit Adventure Official Nintendo Switch OEM Leg Strap Belt Only HAC-023 NEW,Brand New,Video Games; Video Games & Consoles,139973; 1249,mydiscountseller,Switch,Adventure,NTSC-U/C (US/Canada),,,,2021,Probable Match,Probable Match,,,incomplete_product,no current deterministic rule covers pattern,title_plus_item_specifics_or_category,c86dc1e3-924d-463c-b98f-6094caf48481,868d2a07-d4d9-4786-bf5b-cc22e0b76f43,9d1b0e1a-9fa7-468f-8a23-d2339b20745a
671,d1c8e669-21ed-4bdd-9a2a-ff628b7a35c0,2026-07-15T15:28:14.111831+00:00,incomplete_product,,B07XV4NHHN,Ring Fit Adventure - Nintendo Switch,,v1|397936312559|0,"Ring Fit Adventure (Nintendo Switch, 2019) Fitness Game Only (No Ring Or Strap)",Brand New,Video Games; Video Games & Consoles,139973; 1249,mythic-neko-collectibles,Switch,Ring FIT Adventure,Region Free; United States,,,Online Playability,2019,Probable Match,Probable Match,,,incomplete_product,no current deterministic rule covers pattern,title_plus_item_specifics_or_category,74229d2c-a550-486f-aa04-7c414bbacf26,5ca93ff5-b02a-410f-bacf-068c7aa639f9,e534d1bb-2f7d-475c-b2ca-4779aa9568bb
672,c3e6a6a3-2059-4fd5-8ad6-e6aec64ce5b6,2026-07-15T15:28:13.746784+00:00,incomplete_product,,B07XV4NHHN,Ring Fit Adventure - Nintendo Switch,,v1|389785038880|0,Ring Fit Adventure Nintendo Switch 2019 Fitness Game Sealed Brand New Cartridge,Brand New,Video Games; Video Games & Consoles,139973; 1249,shjo4340,Switch,Ring FIT Adventure,Region Free; Japan,,,Online Playability,2019,Probable Match,Probable Match,,,incomplete_product,no current deterministic rule covers pattern,title_plus_item_specifics_or_category,971e39eb-424d-4ac1-b7bb-a3e46b7b4611,bc8c18e4-1dc4-4fa4-b84f-e08c179b51c8,f01babca-4f96-412f-bca1-064812df46c2
673,95fcae72-29c8-4675-a315-9295460bb77d,2026-07-15T15:28:13.314889+00:00,incomplete_product,,B07XV4NHHN,Ring Fit Adventure - Nintendo Switch,,v1|366507052405|0,New Shrink Wrapped Ring Fit Adventure Nintendo Switch Exercise Fitnes Game Only ,Brand New,Video Games; Video Games & Consoles,139973; 1249,relucta_76,Switch,Ring FIT Adventure,Region Free,,,Online Playability,2019,Probable Match,Probable Match,,,incomplete_product,no current deterministic rule covers pattern,title_plus_item_specifics_or_category,d4b6059f-467b-4ed2-9bdd-6c08660cf3dd,861c78d2-1692-474e-b3b2-1b562e54b65b,5f057b82-4f7a-485a-87f7-03f5ca2a7699
674,57bb88b5-a7e5-4d8e-8e7e-4323479d2cf2,2026-07-15T15:28:12.991453+00:00,incomplete_product,,B07XV4NHHN,Ring Fit Adventure - Nintendo Switch,,v1|358607547822|0,Ring Fit Adventure - Nintendo Switch Game Only New,Brand New,Video Games; Video Games & Consoles,139973; 1249,littleredsbasket,Switch,Ring FIT Adventure,NTSC-U/C (US/Canada); United States,,,,,Probable Match,Probable Match,,,incomplete_product,no current deterministic rule covers pattern,title_plus_item_specifics_or_category,826202a1-4066-4937-9a8f-d040086fdd78,100d34a3-950f-49ea-b299-108ec3140f0b,4072f954-17d2-44f0-88b4-4a41b1e9b965
675,c1b17506-2ca8-4d21-92a8-ebd0deacb810,2026-07-15T15:28:12.628449+00:00,incomplete_product,,B07XV4NHHN,Ring Fit Adventure - Nintendo Switch,,v1|137267751447|0,"Ring Fit Adventure (Nintendo Switch, 2019) Fitness Game Only (No Ring) New",Brand New,Video Games; Video Games & Consoles,139973; 1249,gogreenmamas,Switch,Ring FIT Adventure,NTSC-U/C (US/Canada); United States,,,Online Playability,2019,Probable Match,Probable Match,,,incomplete_product,no current deterministic rule covers pattern,title_plus_item_specifics_or_category,a01505af-1222-4783-9835-c2ffd3b0c449,893cf449-2de2-4cc9-a923-168f67f087d4,001cb7ac-c105-4eb3-91cd-a29e2f7ee61d
676,94106756-75c0-4bac-96d0-de69bb33df42,2026-07-15T15:28:12.120125+00:00,incomplete_product,,B07XV4NHHN,Ring Fit Adventure - Nintendo Switch,,v1|127028802027|0,Ring Fit Adventure Nintendo Switch Game Only,Brand New,Video Games; Video Games & Consoles,139973; 1249,gheorghtoca0,Switch,Ring FIT Adventure,Region Free,,,Online Playability,2019,Probable Match,Probable Match,,,incomplete_product,no current deterministic rule covers pattern,title_plus_item_specifics_or_category,0b7b3461-fa40-4588-9143-ea9e497c1d64,f33edd39-503b-4b0b-8ab1-31fa3730b2f6,3b13b155-15af-4ac1-b1ef-d6c9a2982a82
677,f25dfb4e-d6e3-4707-a544-881075ece5ed,2026-07-15T15:28:11.592009+00:00,incomplete_product,,B07XV4NHHN,Ring Fit Adventure - Nintendo Switch,,v1|267365212842|0,Ring Fit Adventure (Nintendo Switch) BRAND NEW SEALED,Brand New,Video Games; Video Games & Consoles,139973; 1249,rdgames2017,Switch,Ring FIT Adventure,Region Free; Japan,,,Online Playability,2019,Probable Match,Probable Match,,,incomplete_product,no current deterministic rule covers pattern,title_plus_item_specifics_or_category,3c63a84c-f94c-4170-8744-48e4cd55a5f1,cea15e9c-a696-4ef6-8f7b-d07812884016,e4ad170e-8bf3-4a3c-8de0-c94617200a34
678,b6ca0240-4a88-4e24-b05d-f5b5cac77e93,2026-07-15T15:27:34.540967+00:00,wrong_edition_version,,B097RB8JJB,Farming Simulator 22 - PC [video game],,v1|167955301603|0,"FARMING SIMULATOR TITANIUM EDITION(PC/MAC) *New,Sealed* BT",Brand New,Video Games; Video Games & Consoles,139973; 1249,media_men,PC,Farming Simulator,Region Free,,,,,Probable Match,Probable Match,,,unclear/insufficient evidence,no current deterministic rule covers pattern,title_plus_item_specifics_or_category,5fe796a8-8ec3-4ce1-9b31-040607d508c3,3b998a9f-0bbd-4da0-a01c-87da73fad4fc,90b45f14-7a33-4da8-92a3-9e5851ec9973
679,76025e0e-c6ee-4a24-85a8-4914b669a95e,2026-07-15T15:27:34.212928+00:00,wrong_edition_version,,B097RB8JJB,Farming Simulator 22 - PC [video game],,v1|177133699522|0,"World Of Simulators Farm, Drive And Rescue 22 Complete Games in All (PC DVD ROM)",Brand New,Video Games; Video Games & Consoles,139973; 1249,theborderbusiness,PC,"world of simulators farm,Drive,Rescue 22",,,,,,Probable Match,Probable Match,,,item-specific Game Name or Edition conflict,no current deterministic rule covers pattern,title_plus_item_specifics_or_category,cb045e7b-7acc-4ee5-8a1a-76d72e6e69ea,796b8a25-7972-4060-b84d-6772f9eddcc8,8b6d43fa-003c-4983-96bf-bb4fb568767e
680,34e2dd4f-d495-4079-8b3d-1c6fed301c4a,2026-07-15T15:27:33.843355+00:00,wrong_edition_version,,B097RB8JJB,Farming Simulator 22 - PC [video game],,v1|227315027925|0,"World Of Simulators Farm, Drive And Rescue 22 Complete Games: PC + II Bonus Pack",Brand New,Video Games; Video Games & Consoles,139973; 1249,nashdealz,PC,Farming Simulator,United States,,,,2015,Probable Match,Probable Match,,,base game vs complete/GOTY edition,no current deterministic rule covers pattern,title_plus_item_specifics_or_category,6cd9e63c-80c1-4b1e-bd61-9f824e9f95c2,12df0f01-ed69-43cb-a435-2f2d1d6a394a,fee12175-b4c4-48a4-b4fa-3cf7d70ee310
681,49cd1a74-fe35-4a77-b918-191de9823dba,2026-07-15T15:27:33.500816+00:00,wrong_edition_version,,B097RB8JJB,Farming Simulator 22 - PC [video game],,v1|366344622255|0,"World Of Simulators Farm, Drive And Rescue 22 Complete Games PC Sealed See Pics",Brand New,Video Games; Video Games & Consoles,139973; 1249,nintendawg64,PC,"world of simulators farm,Drive,Rescue 22",United States,,,,,Probable Match,Probable Match,,,item-specific Game Name or Edition conflict,no current deterministic rule covers pattern,title_plus_item_specifics_or_category,adac6619-08f2-478d-bf0c-a9362ed006c0,1e4e9a21-0544-4a74-b2b1-b9c2180a0fe0,c5ee027d-de63-4a00-8a74-298b63439a7d
682,ee3f5f03-0b86-4235-bee0-771c1275bf4e,2026-07-15T15:27:33.091901+00:00,wrong_edition_version,,B097RB8JJB,Farming Simulator 22 - PC [video game],,v1|327099188568|0,"World Of Simulators Farm, Drive And Rescue 22 Complete Games PC Torn Seal",Brand New,Video Games; Video Games & Consoles,139973; 1249,bmans27,PC,Farming Simulator,NTSC-U/C (US/Canada); United States,,,Manual Included,2015,Probable Match,Probable Match,,,base game vs complete/GOTY edition,no current deterministic rule covers pattern,title_plus_item_specifics_or_category,8bcfd71a-7c0f-4e85-853c-b7e5a4811a45,93d10f51-9d30-4788-9284-f319ce8e3aa4,10c534a5-d6a4-4e7d-80e5-1283a89879be
683,3d9edb2b-1e9b-437d-bda8-db3204ecaa5f,2026-07-15T05:12:17.693825+00:00,incomplete_product,,B00CX7FOVS,Madden NFL 25 - Xbox One,,v1|317517696267|0,Madden NFL 25 - Microsoft Xbox One,Brand New,Video Games; Video Games & Consoles,139973; 1249,faithalmager02,Xbox One,Madden NFL 25,NTSC-U/C (US/Canada),,,Multiplayer,2013,Probable Match,Probable Match,,,incomplete_product,no current deterministic rule covers pattern,title_plus_item_specifics_or_category,370f86f8-227d-4075-8eb1-7e5271a986b5,0051e20f-9f6c-46a9-89b8-3023d720eab8,ef426a00-368e-4768-b832-1b4bd4f586e4
684,6132c359-5e6e-4441-9335-f93065af1173,2026-07-15T05:12:13.340508+00:00,wrong_edition_version,,B00CX7FOVS,Madden NFL 25 - Xbox One,,v1|236892200596|0,"EA SPORTS Madden NFL 25 Xbox Series X|S & Xbox One, American Football (E)",Brand New,Video Games; Video Games & Consoles,139973; 1249,nae_2646,Xbox Series X,Madden NFL 25,,,,,,Probable Match,Probable Match,,,unclear/insufficient evidence,no current deterministic rule covers pattern,title_plus_item_specifics_or_category,31facf98-10a9-4062-bc45-80ad5f8b9b77,d9876012-690d-4261-82e6-ce0e18e047a1,6ef5508c-76a6-40bb-8669-0f9acd82f199
685,b24dc9a3-8a70-4d92-92d3-73f1970a6652,2026-07-15T05:12:12.729588+00:00,wrong_edition_version,,B00CX7FOVS,Madden NFL 25 - Xbox One,,v1|187837909577|0,Madden NFL 25 (XBOX Series X / One) New,Brand New,Video Games; Video Games & Consoles,139973; 1249,game.fanatic,Xbox Series X,Madden NFL 25,Region Free; United States,,,"Multiplayer, Online Playability, EA Sports, Electronic Arts, Network Players, Single Player, 1-Player, NFLPA, National Football League, Christian McCaffrey, San Francisco 49ers, John Madden, Optimized for XBOX Series X, Co-op, Online Co-op, 4K Ultra HD",2024,Probable Match,Probable Match,,,unclear/insufficient evidence,no current deterministic rule covers pattern,title_plus_item_specifics_or_category,2197a2c0-5783-47ce-bd37-b021726227c8,46fd7082-ac76-4178-bff3-5392ae1a9728,2554b36e-19bf-4e8a-b491-bd2f7c351a41
686,47f99f6d-ef04-49ac-afb0-139112599ce0,2026-07-15T05:10:24.565767+00:00,sales_velocity_too_low,,B00CZCA6RI,"Assassin's Creed: Brotherhood (Xbox 360, 2010)",,v1|198465683055|0,Assassin's Creed: Brotherhood - X-Box 360 Xbox 360 - Brand New Factory Sealed,Brand New,Video Games; Video Games & Consoles,139973; 1249,tgwgrandville,Xbox 360,Assassin's Creed: Brotherhood,NTSC-U/C (US/Canada); United States,,,,,Probable Match,Probable Match,,,sales_velocity_too_low,operator dismissal may be ambiguous or business/system,title_plus_item_specifics_or_category,c4697eb6-900b-4d57-9855-a7ac102f6317,7d50adca-acef-467b-9449-4f86ac59a361,75059412-81cb-49e6-8e5e-dd42709c841e
687,eb989d0b-de6c-47fb-8055-2b2bcfbfae71,2026-07-15T05:10:24.243821+00:00,sales_velocity_too_low,,B00CZCA6RI,"Assassin's Creed: Brotherhood (Xbox 360, 2010)",,v1|286240176880|0,Assassin's Creed: Brotherhood - Microsoft Xbox 360,Brand New,Video Games; Video Games & Consoles,139973; 1249,themainartery662,Xbox 360,Assassin's Creed: Brotherhood,,,,,,Probable Match,Probable Match,,,sales_velocity_too_low,operator dismissal may be ambiguous or business/system,title_plus_item_specifics_or_category,045c237d-764b-443a-a90d-2041ba72008b,9144bd7b-df93-4388-8263-bb060bfa9e1c,7bb5e618-a25c-4b5d-b0c1-04fa7502e98e
688,d512bac5-5b57-4265-b4d5-8d41da2253ec,2026-07-15T05:10:23.930517+00:00,sales_velocity_too_low,,B00CZCA6RI,"Assassin's Creed: Brotherhood (Xbox 360, 2010)",,v1|317451453717|0,Assassin's Creed: Brotherhood - Xbox 360,Brand New,Video Games; Video Games & Consoles,139973; 1249,vaivol_store,Xbox 360,Assassin's Creed: Brotherhood,,,,Multiplayer,2010,Probable Match,Probable Match,,,sales_velocity_too_low,operator dismissal may be ambiguous or business/system,title_plus_item_specifics_or_category,9c14bfbc-49a2-4f4a-994d-8841200c879e,edd39830-c4e8-4124-869f-ce04813dc1d1,48f93028-c83c-4872-8b8d-4068a52fc86c
689,319d57e7-03a2-4873-9a2d-6b6ce42e1f1a,2026-07-15T05:10:23.411218+00:00,sales_velocity_too_low,,B00CZCA6RI,"Assassin's Creed: Brotherhood (Xbox 360, 2010)",,v1|333695231331|0,"Assassin's Creed: Brotherhood (Microsoft Xbox 360, 2010)",Brand New,Video Games; Video Games & Consoles,139973; 1249,biersoph,Xbox 360,Assassin's Creed: Brotherhood,,,,Explore the bustling areas of Rome in a single-player campaign spanning an estimated 15 hours in length Features a new class-based multiplayer component offering an assortment of game types Includes the following classes: exec,,Probable Match,Probable Match,,,sales_velocity_too_low,operator dismissal may be ambiguous or business/system,title_plus_item_specifics_or_category,5624be0b-87a5-41f7-90ba-d15c3247353a,21f92ef5-d5e3-40d4-90a5-fea75848cd1b,9fd4bfbc-c97e-4849-a579-cdff0ac952f9
690,941ff7cb-9f29-44ef-864b-7790bd498a13,2026-07-15T05:10:23.032887+00:00,sales_velocity_too_low,,B00CZCA6RI,"Assassin's Creed: Brotherhood (Xbox 360, 2010)",,v1|188299022358|0,Assassin`s Creed: Brotherhood Xbox 360 Game,Brand New,Video Games; Video Games & Consoles,139973; 1249,snowflowerviolet,Xbox 360,Assassin's Creed: Brotherhood,NTSC-U/C (US/Canada); United States,,,,2010,Probable Match,Probable Match,,,sales_velocity_too_low,operator dismissal may be ambiguous or business/system,title_plus_item_specifics_or_category,0b7c5e75-4da4-4476-8d2f-b4b6d39a9bb8,f9502a2b-d07c-47df-bc6d-e99268843a90,ce2d9e11-1499-4520-961e-e9084174185b
691,f8d64a8f-df08-4158-bcdf-e7de52458eb5,2026-07-15T05:10:22.698547+00:00,sales_velocity_too_low,,B00CZCA6RI,"Assassin's Creed: Brotherhood (Xbox 360, 2010)",,v1|137073236342|0,"Assassin's Creed: Brotherhood (Microsoft Xbox 360, 2010)",Brand New,Video Games; Video Games & Consoles,139973; 1249,momh8sme,Xbox 360,Assassin's Creed: Brotherhood,NTSC-U/C (US/Canada); United States,,,Explore the bustling areas of Rome in a single-player campaign spanning an estimated 15 hours in length Features a new class-based multiplayer component offering an assortment of game types Includes the following classes: exec,2010,Probable Match,Probable Match,,,sales_velocity_too_low,operator dismissal may be ambiguous or business/system,title_plus_item_specifics_or_category,546a1d29-bbd0-4872-a4d3-727ee9de3f0b,aa22c921-f24d-481c-98ce-c78ddb92706a,f7f3c85b-65c3-4ff5-90ca-a4a77a784ece
692,35af38b6-f744-466a-b83e-decc95e0a11a,2026-07-15T05:10:22.292923+00:00,sales_velocity_too_low,,B00CZCA6RI,"Assassin's Creed: Brotherhood (Xbox 360, 2010)",,v1|257037307765|0,Assassin's Creed Brotherhood Microsoft Xbox 360 Brand New Sealed ,Brand New,Video Games; Video Games & Consoles,139973; 1249,bocanegrageorge11,Xbox 360,Assassin's Creed: Brotherhood,,,,Explore the bustling areas of Rome in a single-player campaign spanning an estimated 15 hours in length Features a new class-based multiplayer component offering an assortment of game types Includes the following classes: exec,,Probable Match,Probable Match,,,sales_velocity_too_low,operator dismissal may be ambiguous or business/system,title_plus_item_specifics_or_category,da4d9212-5775-4925-9a7f-c7cd0bcde68a,56732845-a710-40bc-9857-c89095511952,0d90f310-dd4b-4832-89a4-d6344ad30413
693,76bcf7f3-699d-4d5b-b1d9-f0af0f272396,2026-07-15T05:10:21.878252+00:00,sales_velocity_too_low,,B00CZCA6RI,"Assassin's Creed: Brotherhood (Xbox 360, 2010)",,v1|355848036818|0,"Assassin's Creed: Brotherhood (Microsoft Xbox 360, 2010)",Brand New,Video Games; Video Games & Consoles,139973; 1249,gamepok_36,Xbox 360,Assassin's Creed: Brotherhood,,,,Explore the bustling areas of Rome in a single-player campaign spanning an estimated 15 hours in length Features a new class-based multiplayer component offering an assortment of game types Includes the following classes: exec,2010,Probable Match,Probable Match,,,sales_velocity_too_low,operator dismissal may be ambiguous or business/system,title_plus_item_specifics_or_category,c5305374-9877-47f0-aebe-56a05cde9934,0cf6fade-7086-4d9d-bb04-705c4377c719,b739a9ab-59bc-4fa0-935e-7d4c18669f55
694,11369958-397b-4501-a5f5-7191fd59d8a8,2026-07-15T05:10:21.462566+00:00,sales_velocity_too_low,,B00CZCA6RI,"Assassin's Creed: Brotherhood (Xbox 360, 2010)",,v1|267464792453|0,"Assassin's Creed: Brotherhood (Microsoft Xbox 360, 2010)Brand New Sealed",Brand New,Video Games; Video Games & Consoles,139973; 1249,bigbeaver22,Xbox 360,Assassin's Creed: Brotherhood,,,,Explore the bustling areas of Rome in a single-player campaign spanning an estimated 15 hours in length Features a new class-based multiplayer component offering an assortment of game types Includes the following classes: exec,2010,Probable Match,Probable Match,,,sales_velocity_too_low,operator dismissal may be ambiguous or business/system,title_plus_item_specifics_or_category,50f38892-c871-4753-9d8c-1b1258cab1c6,3d9d1935-2320-4432-a85b-7e4c90d4ed99,90fddec1-7cf8-4f25-984c-2add4556b4dd
695,129b4e10-911b-44f0-8b31-0fa0e7e66042,2026-07-15T05:10:21.059524+00:00,sales_velocity_too_low,,B00CZCA6RI,"Assassin's Creed: Brotherhood (Xbox 360, 2010)",,v1|357878782530|0,Assassin's Creed Brotherhood Xbox 360 Brand New,Brand New,Video Games; Video Games & Consoles,139973; 1249,theretrogamesheaven,Xbox 360,Assassin's Creed: Brotherhood,NTSC-U/C (US/Canada); United States,,,Manual Included,,Probable Match,Blocked,non-US item location,,sales_velocity_too_low,operator dismissal may be ambiguous or business/system,title_plus_item_specifics_or_category,86457016-e77d-49d3-a853-04fe618ea365,d75436bf-6429-4b81-88da-7750e2891f07,a4976301-1ca2-41fa-ae17-b1da19850908
696,a56e1c1e-a2e6-4a5d-9a45-3d6458bfd1dc,2026-07-15T05:10:20.664102+00:00,sales_velocity_too_low,,B00CZCA6RI,"Assassin's Creed: Brotherhood (Xbox 360, 2010)",,v1|327248171392|0,"Assassin's Creed: Brotherhood (Microsoft Xbox 360, 2010) BRAND NEW SEALED",Brand New,Video Games; Video Games & Consoles,139973; 1249,pyrate2001,Xbox 360,Assassin's Creed: Brotherhood,NTSC-U/C (US/Canada),,,Explore the bustling areas of Rome in a single-player campaign spanning an estimated 15 hours in length Features a new class-based multiplayer component offering an assortment of game types Includes the following classes: exec,2010,Probable Match,Probable Match,,,sales_velocity_too_low,operator dismissal may be ambiguous or business/system,title_plus_item_specifics_or_category,93d5e567-b480-49b1-974e-14804ffe222b,64c50e89-fca1-4526-a96e-343e5d456172,80b12148-07cb-4e96-bbd0-8724ff17d389
697,a95ddf8e-4059-4b27-9b74-22bdfb5343ae,2026-07-15T05:10:20.203553+00:00,sales_velocity_too_low,,B00CZCA6RI,"Assassin's Creed: Brotherhood (Xbox 360, 2010)",,v1|267428268886|0,"Assassin's Creed: Brotherhood (Xbox 360, 2010) Sealed Brand New",Brand New,Video Games; Video Games & Consoles,139973; 1249,yoli737,Xbox 360,Assassin's Creed: Brotherhood,,,,Explore the bustling areas of Rome in a single-player campaign spanning an estimated 15 hours in length Features a new class-based multiplayer component offering an assortment of game types Includes the following classes: exec,2010,Probable Match,Probable Match,,,sales_velocity_too_low,operator dismissal may be ambiguous or business/system,title_plus_item_specifics_or_category,e4b0b631-28ed-48c8-8ca2-abbff404e134,076c9c9c-a4fd-440b-82dc-6f12648e1262,10baf1c2-ccec-42bc-a78e-039a1793c662
698,cf223176-8e54-42f3-9685-9cee296bc252,2026-07-15T05:10:19.839342+00:00,sales_velocity_too_low,,B00CZCA6RI,"Assassin's Creed: Brotherhood (Xbox 360, 2010)",,v1|324379202977|0,"Assassin's Creed Brotherhood (Microsoft Xbox 360, 2010) New",Brand New,Video Games; Video Games & Consoles,139973; 1249,fromthesunandback,Xbox 360,Assassin's Creed: Brotherhood,NTSC-U/C (US/Canada),,,Explore the bustling areas of Rome in a single-player campaign spanning an estimated 15 hours in length Features a new class-based multiplayer component offering an assortment of game types Includes the following classes: exec,,Probable Match,Probable Match,,,sales_velocity_too_low,operator dismissal may be ambiguous or business/system,title_plus_item_specifics_or_category,89817665-2635-4d4b-a4df-0bcef223547b,64fe8eee-dd02-4233-ad5d-22e465668f70,c7265047-69f3-47be-8daa-ead686807696
699,ad645fd2-65a6-4264-8ff5-60495260c743,2026-07-15T05:10:19.474158+00:00,sales_velocity_too_low,,B00CZCA6RI,"Assassin's Creed: Brotherhood (Xbox 360, 2010)",,v1|306150121628|0,"Assassin's Creed: Brotherhood (Microsoft Xbox 360, 2010)",Brand New,Video Games; Video Games & Consoles,139973; 1249,ducklo-72,Xbox 360,Assassin's Creed: Brotherhood,,,,Explore the bustling areas of Rome in a single-player campaign spanning an estimated 15 hours in length Features a new class-based multiplayer component offering an assortment of game types Includes the following classes: exec,2010,Probable Match,Probable Match,,,sales_velocity_too_low,operator dismissal may be ambiguous or business/system,title_plus_item_specifics_or_category,c57fe2a8-40ea-463e-9fa5-384202b4f254,b7f0f954-2e74-41ed-900c-51e1c4fc4631,8e13946c-8d9c-4788-ac2b-3f3586d00614
700,ae1b38d1-0bb1-42c1-b709-79fa320af5d2,2026-07-15T05:10:19.065332+00:00,sales_velocity_too_low,,B00CZCA6RI,"Assassin's Creed: Brotherhood (Xbox 360, 2010)",,v1|257584025467|0,Assassin's Creed Brotherhood Xbox 360 Game New Factory Sealed,Brand New,Video Games; Video Games & Consoles,139973; 1249,box49-half,Xbox 360,Assassin's Creed: Brotherhood,NTSC-U/C (US/Canada),,,,2010,Probable Match,Probable Match,,,sales_velocity_too_low,operator dismissal may be ambiguous or business/system,title_plus_item_specifics_or_category,a8617350-1904-46fc-9b59-237d858d12e4,d0958b4a-96d2-4f4e-8a1d-f8d50a7409f2,8c41412c-08f2-4745-8d13-b18205210af3
701,43d019b6-228f-4a97-ab68-cda762fa9cfd,2026-07-15T05:10:18.592859+00:00,sales_velocity_too_low,,B00CZCA6RI,"Assassin's Creed: Brotherhood (Xbox 360, 2010)",,v1|157372808877|0,"Assassin's Creed: Brotherhood (Microsoft Xbox 360, 2010) Brand New",Brand New,Video Games; Video Games & Consoles,139973; 1249,dragongoods7,Xbox 360,Assassin's Creed: Brotherhood,,,,Explore the bustling areas of Rome in a single-player campaign spanning an estimated 15 hours in length Features a new class-based multiplayer component offering an assortment of game types Includes the following classes: exec,,Probable Match,Probable Match,,,sales_velocity_too_low,operator dismissal may be ambiguous or business/system,title_plus_item_specifics_or_category,f09f7d30-aac2-4931-abfc-e6b24609a4c5,d5d4a7ed-6d1a-4247-a695-9e4a7a2fabab,643a7fdf-e962-450e-8635-36a6e2904782
702,50aa94cb-9b01-45af-bd7d-7111fd2e7f92,2026-07-15T05:10:18.243494+00:00,sales_velocity_too_low,,B00CZCA6RI,"Assassin's Creed: Brotherhood (Xbox 360, 2010)",,v1|306587782559|0,"SEALED Assassin's Creed: Brotherhood - PH (Microsoft Xbox 360, 2010) BRAND NEW",Brand New,Video Games; Video Games & Consoles,139973; 1249,709_games,Xbox 360,Assassin's Creed: Brotherhood,NTSC-U/C (US/Canada),,,,,Probable Match,Blocked,non-US item location,,sales_velocity_too_low,operator dismissal may be ambiguous or business/system,title_plus_item_specifics_or_category,e857d327-3c2a-4b94-b66c-c4d212802b4f,c2791f62-5ed3-4396-9a3f-0f3870b46af2,b42d17fb-c4e1-4053-a9e0-29ec0c0f7f57
703,4420b3fd-e6bb-4358-b0e6-330dd3e09f14,2026-07-15T05:10:17.904148+00:00,sales_velocity_too_low,,B00CZCA6RI,"Assassin's Creed: Brotherhood (Xbox 360, 2010)",,v1|127957772759|0,Assassin's Creed: Brotherhood factory sealed Xbox 360 ~,Brand New,Video Games; Video Games & Consoles,139973; 1249,video_games_galore,Xbox 360,Assassin's Creed: Brotherhood,,,,Explore the bustling areas of Rome in a single-player campaign spanning an estimated 15 hours in length Features a new class-based multiplayer component offering an assortment of game types Includes the following classes: exec,,Probable Match,Probable Match,,,sales_velocity_too_low,operator dismissal may be ambiguous or business/system,title_plus_item_specifics_or_category,1dd0ca45-c5c9-4423-8a5d-f3b7073354d5,995d29ad-6252-4a00-bcd6-5e870ea3676a,a44242b0-25a0-47ef-9a20-df4fbf3c9f7e
704,e159dfff-1cc5-43e2-874d-c15ba27e8794,2026-07-15T05:10:17.582578+00:00,sales_velocity_too_low,,B00CZCA6RI,"Assassin's Creed: Brotherhood (Xbox 360, 2010)",,v1|157210996730|0,"Xbox 360 Assassin's Creed: Brotherhood - NEW, SEALED ",Brand New,Video Games; Video Games & Consoles,139973; 1249,itsgottogo2025,Xbox 360,Assassin's Creed: Brotherhood,,,,Explore the bustling areas of Rome in a single-player campaign spanning an estimated 15 hours in length Features a new class-based multiplayer component offering an assortment of game types Includes the following classes: exec,,Probable Match,Probable Match,,,sales_velocity_too_low,operator dismissal may be ambiguous or business/system,title_plus_item_specifics_or_category,4bb8c6ff-7a98-488c-932e-ec687c338c5d,1c3d6198-6ced-4bf6-b98c-4b7b27b5dc9a,422ffd8b-c5c6-45e4-98ad-e5ed65be1f95
705,41e4f1be-ce2a-4146-9b02-8100d95fa343,2026-07-15T05:10:17.18233+00:00,sales_velocity_too_low,,B00CZCA6RI,"Assassin's Creed: Brotherhood (Xbox 360, 2010)",,v1|377187005221|0,Assassin's Creed: Brotherhood Microsoft Xbox 360 - NEW / Sealed,Brand New,Video Games; Video Games & Consoles,139973; 1249,tayh_43,Xbox 360,Assassin's Creed: Brotherhood,,,,,2010,Probable Match,Probable Match,,,sales_velocity_too_low,operator dismissal may be ambiguous or business/system,title_plus_item_specifics_or_category,75a3176d-bec9-4a8b-b5a4-7618db59c06e,cef5b8eb-ab61-404b-900d-9d3a8c54cdc3,7e5f14e6-54d6-4375-8ca8-3288f148ed7d
706,40da637c-b76a-4dc7-86cd-8b391443ab1e,2026-07-15T05:10:16.628812+00:00,sales_velocity_too_low,,B00CZCA6RI,"Assassin's Creed: Brotherhood (Xbox 360, 2010)",,v1|317244162791|0,"Assassin's Creed: Brotherhood (Microsoft Xbox 360, 2010) BRAND NEW SEALED! 2235",Brand New,Video Games; Video Games & Consoles,139973; 1249,thegreypicker,Xbox 360,Assassin's Creed: Brotherhood,NTSC-U/C (US/Canada); United States,,,Explore the bustling areas of Rome in a single-player campaign spanning an estimated 15 hours in length Features a new class-based multiplayer component offering an assortment of game types Includes the following classes: exec,2010,Probable Match,Probable Match,,,sales_velocity_too_low,operator dismissal may be ambiguous or business/system,title_plus_item_specifics_or_category,566df880-478b-4c45-a734-c718ff512e1a,532a3752-cb8a-48ec-84f7-16f6e569a6c5,213c7743-2338-49c8-b25b-fc0fc72cf89f
707,d657e0c9-31ed-4ce4-94e7-c46214e2f727,2026-07-15T05:10:16.267394+00:00,sales_velocity_too_low,,B00CZCA6RI,"Assassin's Creed: Brotherhood (Xbox 360, 2010)",,v1|334478138984|0,"Assassin's Creed: Brotherhood (Microsoft Xbox 360, 2010) Brand New Sealed Read",Brand New,Video Games; Video Games & Consoles,139973; 1249,wm86570,Xbox 360,Assassin's Creed: Brotherhood,NTSC-U/C (US/Canada),,,,2010,Probable Match,Blocked,non-US item location,,sales_velocity_too_low,operator dismissal may be ambiguous or business/system,title_plus_item_specifics_or_category,744a31a5-2395-4773-97e4-ac2c0e7f29cf,5fa782d3-c4fa-4e9b-8802-f75842e2c1fc,c185de7f-8dd3-4a2e-b61a-409a4b87bc5c
708,4bec021b-0821-455f-908b-b12cf629675c,2026-07-15T05:10:15.838703+00:00,sales_velocity_too_low,,B00CZCA6RI,"Assassin's Creed: Brotherhood (Xbox 360, 2010)",,v1|287087499015|0,"Assassin's Creed: Brotherhood(XBOX 360, 2010) Game Factory Sealed",Brand New,Video Games; Video Games & Consoles,139973; 1249,shopwithzpj,Xbox 360,Assassin's Creed: Brotherhood,,,,,2010,Probable Match,Probable Match,,,sales_velocity_too_low,operator dismissal may be ambiguous or business/system,title_plus_item_specifics_or_category,783346bd-2cbd-41c2-8f11-e0b93f47e0dc,6df7ac49-327f-465f-bcd6-6fba314a0971,0795f611-abed-4d2f-bd37-623cedd7438e
709,2010a4f8-cbee-4f88-a74a-6fbd9d2518ce,2026-07-15T05:10:15.488268+00:00,sales_velocity_too_low,,B00CZCA6RI,"Assassin's Creed: Brotherhood (Xbox 360, 2010)",,v1|198022863481|0,"Assassin's Creed: Brotherhood (Microsoft Xbox 360, 2010) New Factory Sealed Game",Brand New,Video Games; Video Games & Consoles,139973; 1249,lml_treasures,Xbox 360,Assassin's Creed: Brotherhood,NTSC-U/C (US/Canada); United States,,,Explore the bustling areas of Rome in a single-player campaign spanning an estimated 15 hours in length Features a new class-based multiplayer component offering an assortment of game types Includes the following classes: exec,,Probable Match,Probable Match,,,sales_velocity_too_low,operator dismissal may be ambiguous or business/system,title_plus_item_specifics_or_category,50e878f4-030b-430a-a2fe-799568f858c9,2ae7cce9-91e2-4ca1-9573-f0ab4ff82235,badcefb7-4608-47f3-845e-ed9c3da80603
710,e0afa112-c4cc-4f1c-8033-9c9c660d339c,2026-07-15T05:10:15.101138+00:00,sales_velocity_too_low,,B00CZCA6RI,"Assassin's Creed: Brotherhood (Xbox 360, 2010)",,v1|178189847822|0,Xbox 360 Assassin's Creed Brotherhood ,Brand New,Video Games; Video Games & Consoles,139973; 1249,gameswapkettering,Xbox 360,Assassin's Creed: Brotherhood,,,,,,Probable Match,Probable Match,,,sales_velocity_too_low,operator dismissal may be ambiguous or business/system,title_plus_item_specifics_or_category,da0fc4a6-fde2-4433-ba24-118a7204c5a5,51a242c9-65a8-48b8-aeeb-6b55f939aadb,c6552b0b-89b5-46b6-9094-8e58ebf0f05a
711,117f3045-87d2-4c6e-b5a5-c474949d6518,2026-07-15T05:10:14.746709+00:00,sales_velocity_too_low,,B00CZCA6RI,"Assassin's Creed: Brotherhood (Xbox 360, 2010)",,v1|298459292011|0,Assassin's Creed: Brotherhood Microsoft Xbox 360 - NEW / Sealed,Brand New,Video Games; Video Games & Consoles,139973; 1249,videogamerescuesquad,Xbox 360,Assassin's Creed: Brotherhood,,,,,2010,Probable Match,Probable Match,,,sales_velocity_too_low,operator dismissal may be ambiguous or business/system,title_plus_item_specifics_or_category,4faafae8-2fa4-4b85-92e4-41fcfe00a1f1,0c2f0561-8cce-4a34-95f9-973b3e3cc0a6,4e9dd73f-1f44-4fd6-a53b-1dd7da6b21b1
712,c57665cf-d011-41de-aff9-40efd8644e06,2026-07-15T05:10:14.336694+00:00,sales_velocity_too_low,,B00CZCA6RI,"Assassin's Creed: Brotherhood (Xbox 360, 2010)",,v1|168386638032|0,Assassin's Creed: Brotherhood - Microsoft Xbox 360,Brand New,Video Games; Video Games & Consoles,139973; 1249,thegamevaultph2,Xbox 360,Assassin's Creed: Brotherhood,,,,,,Probable Match,Probable Match,,,sales_velocity_too_low,operator dismissal may be ambiguous or business/system,title_plus_item_specifics_or_category,f31c37dd-5246-40d7-8402-8d438801f8e7,38b562e1-0748-4ab2-b899-e21473aca320,9b0cb5ec-1cc8-404d-8eae-176ff3517bd2
713,5385b080-b366-483e-a460-d55ac0df0ec6,2026-07-15T05:10:14.000979+00:00,sales_velocity_too_low,,B00CZCA6RI,"Assassin's Creed: Brotherhood (Xbox 360, 2010)",,v1|227228507445|0,Assassin's Creed: Brotherhood Xbox 360 New Sealed Brand New,Brand New,Video Games; Video Games & Consoles,139973; 1249,kadronpi11,Xbox 360,Assassin's Creed: Brotherhood,NTSC-U/C (US/Canada),,,,2010,Probable Match,Probable Match,,,sales_velocity_too_low,operator dismissal may be ambiguous or business/system,title_plus_item_specifics_or_category,0103520a-0bdb-4b91-b8b0-b7414a0b538b,5633782e-d2eb-49a4-a35c-2d32e9c5eecf,2ea6e70c-82ae-4c46-8398-fbbe0cc559ee
714,387c75dd-f4b0-477c-99a9-107c71759a2e,2026-07-15T05:10:13.618363+00:00,sales_velocity_too_low,,B00CZCA6RI,"Assassin's Creed: Brotherhood (Xbox 360, 2010)",,v1|336535796089|0,XBOX 360 ASSASSIN'S CREED BROTHERHOOD Video Game Still Sealed Unused New!,Brand New,Video Games; Video Games & Consoles,139973; 1249,msi911,Xbox 360,Assasins Creed Brotherhood,NTSC-U/C (US/Canada),,,,2010,Probable Match,Probable Match,,,sales_velocity_too_low,operator dismissal may be ambiguous or business/system,title_plus_item_specifics_or_category,62bdb982-fb4b-486a-86f1-f6e8dd30b46a,b31fb94f-5d7f-4ff0-bc51-9d927337d947,940ddbe1-98a1-40b7-990c-b2790925ee6c
715,92cbd004-de51-4ac3-85b0-254e2834f11c,2026-07-15T05:10:13.068904+00:00,sales_velocity_too_low,,B00CZCA6RI,"Assassin's Creed: Brotherhood (Xbox 360, 2010)",,v1|187471456739|0,"Assassin's Creed: Brotherhood (Microsoft Xbox 360, 2010) BRAND NEW SEALED!",Brand New,Video Games; Video Games & Consoles,139973; 1249,us_masta,Xbox 360,Assassin's Creed: Brotherhood,NTSC-U/C (US/Canada); United States,,,Explore the bustling areas of Rome in a single-player campaign spanning an estimated 15 hours in length Features a new class-based multiplayer component offering an assortment of game types Includes the following classes: exec,2010,Probable Match,Probable Match,,,sales_velocity_too_low,operator dismissal may be ambiguous or business/system,title_plus_item_specifics_or_category,859c5c73-8546-43d8-901b-56f405ce1aa7,8387181f-9474-41a7-a317-084754e1f3fb,8312bf18-03af-4975-9949-6d8e948aea5f
716,542e0101-fbbd-4f3b-b4ea-8505c1da2928,2026-07-15T05:08:30.634447+00:00,digital_item,,B00D2ZK2MQ,Dying Light - Xbox One,,v1|236342512510|536911115531,✅Dying Light The Beast In Game Items Money & Weapons (Xbox One & Series X/S)✅,Brand New,Video Games; Video Games & Consoles,139973; 1249,xine03,Xbox Series X,Dying Light,Region Free,,,,2025,Probable Match,Probable Match,,,digital_item,no current deterministic rule covers pattern,title_plus_item_specifics_or_category,75e72cd4-21e9-4c47-8123-0e57080797da,b233e58b-576d-4359-bc5e-860552cae293,17f9d733-a0e8-40fd-9c7f-845f7dafda27
717,bb21fc47-a7bd-4347-8760-d23b3e293392,2026-07-15T05:08:29.974338+00:00,digital_item,,B00D2ZK2MQ,Dying Light - Xbox One,,v1|236338425950|0,🏹 Dying Light The Beast Max Ammo Item (Xbox One & Series X/S) FAST DELIVERY🏹,Brand New,Video Games; Video Games & Consoles,139973; 1249,xine03,Xbox Series X,Dying Light,Region Free,,,,2025,Probable Match,Probable Match,,,digital_item,no current deterministic rule covers pattern,title_plus_item_specifics_or_category,20dd8834-304e-4db5-b509-968584ff887b,01ab87ed-87c5-4a67-ac96-7dd02d9920fe,8d38db65-9902-4e28-8976-adc9c1745f7c
718,63ec4460-9ad1-4c54-b7e4-5898ffaefac9,2026-07-15T05:08:29.543702+00:00,digital_item,,B00D2ZK2MQ,Dying Light - Xbox One,,v1|236337289808|0,🧰Dying Light The Beast 1500+ Medkits (Xbox One & Series X/S) FAST DELIVERY🧰,Brand New,Video Games; Video Games & Consoles,139973; 1249,xine03,Xbox Series X,Dying Light,Region Free,,,,2025,Probable Match,Probable Match,,,digital_item,no current deterministic rule covers pattern,title_plus_item_specifics_or_category,d8931d7b-0bc3-4d9e-89d5-ef067f850565,dee3fe7a-0498-498e-be29-8c574c8267e1,eb039a1e-bc66-4dba-b409-5b1167a48df1
719,4e3c117b-d4e4-4343-840c-088751518e45,2026-07-15T05:08:29.099358+00:00,digital_item,,B00D2ZK2MQ,Dying Light - Xbox One,,v1|236337215568|0,Dying Light The Beast MAX Crafting Items (Xbox One & Series X/S) FAST DELIVERY,Brand New,Video Games; Video Games & Consoles,139973; 1249,xine03,Xbox Series X,Dying Light,Region Free,,,,2025,Probable Match,Probable Match,,,digital_item,no current deterministic rule covers pattern,title_plus_item_specifics_or_category,030aad53-5220-41b3-b46e-6d3cd906784b,ea10cc40-678b-4419-9a31-cc51a913673d,6d0f2b20-703a-4da9-8a6c-157abdb5b302
720,2f2c46db-736f-4cfa-b8b1-cd723688f1c2,2026-07-15T05:08:11.907097+00:00,other,,B00FF5KYME,Angry Birds: Star Wars - PlayStation 4,,v1|326992520927|0,Angry Birds Star Wars For PS4 PlayStation 4 Brand New Sealed,Brand New,Video Games; Video Games & Consoles,139973; 1249,delirious416,PS 4,Angry Birds Star Wars,NTSC-U/C (US/Canada); United States,,,,2013,Probable Match,Blocked,non-US item location,,other,operator dismissal may be ambiguous or business/system,title_plus_item_specifics_or_category,4662a4a7-ffc5-41c3-9b93-7a782f3a2a91,0bdda474-0f97-48b9-bf15-3a333bef659f,2b0e8126-125c-4916-94a5-6a66b534c7f4
721,e2a9c2e0-3aab-4bed-9a28-55a512056ed2,2026-07-15T05:07:58.798748+00:00,sales_velocity_too_low,,B00HYMG7ZY,Cut The Rope: Triple Treat - Nintendo 3DS,,v1|257605749170|0,Cut the Rope Triple Treat Nintendo 3DS Brand New FACTORY SEALED,Brand New,Video Games; Video Games & Consoles,139973; 1249,611poohbear,3DS,Cut the Rope: Triple Treat,,,,,,Probable Match,Probable Match,,,sales_velocity_too_low,operator dismissal may be ambiguous or business/system,title_plus_item_specifics_or_category,489641ec-6745-4cc3-9abd-bf99c7bcc8ef,7463b4e5-1db0-4949-a6b5-9a7fa9e7d713,36373b6a-d57a-4289-8902-9182bd4c9aa5
722,26826696-c3d1-4cce-88b5-b73d35a5de8a,2026-07-15T05:05:49.494097+00:00,wrong_edition_version,,B00I6E6SH6,Minecraft – Xbox One [video game],,v1|306432364216|0,Minecraft Dungeons Hero Edition Xbox One Series X Video Game New Sealed,Brand New,Video Games; Video Games & Consoles,139973; 1249,master_dre,Xbox One,Minecraft Dungeons Hero Edition,NTSC-U/C (US/Canada),,,,2020,Probable Match,Probable Match,,,item-specific Game Name or Edition conflict,no current deterministic rule covers pattern,title_plus_item_specifics_or_category,5b076bd6-ad41-4346-83b4-7a910426104d,9e8d7e6d-42a5-45fb-8395-08d9cbe620a4,5a360eea-c5b2-4dfa-a3f2-877eb0316ed8
723,490491e4-d521-45f0-9ac3-1d0f607cbbbd,2026-07-15T05:05:49.078998+00:00,wrong_edition_version,,B00I6E6SH6,Minecraft – Xbox One [video game],,v1|286757495398|0,Minecraft Dungeons Hero Edition for Xbox One Series x New Sealed,Brand New,Video Games; Video Games & Consoles,139973; 1249,hubalider,Xbox One,Minecraft Dungeons Hero Edition,NTSC-U/C (US/Canada); United States,,,,2020,Probable Match,Probable Match,,,item-specific Game Name or Edition conflict,no current deterministic rule covers pattern,title_plus_item_specifics_or_category,c9c27997-689e-4319-b844-35751c64c37b,00b82810-73d5-4ba2-9bdc-a52f3647b100,33890ed3-a779-4c99-ba25-e217f8d2b069
724,2fba9c6a-3613-43a3-a75f-e4c77995188a,2026-07-15T05:05:48.623337+00:00,wrong_edition_version,,B00I6E6SH6,Minecraft – Xbox One [video game],,v1|405539363970|0,Minecraft Dungeons: Hero Edition - Microsoft Xbox One - Factory Sealed,Brand New,Video Games; Video Games & Consoles,139973; 1249,jonadesa0,Xbox One,Minecraft Dungeons,,,,,,Probable Match,Probable Match,,,item-specific Game Name or Edition conflict,no current deterministic rule covers pattern,title_plus_item_specifics_or_category,cf5fea3c-6d9b-486f-8a42-c55c5776e5d2,9a4b9d0d-3649-4482-b3ea-336185d0bd90,da1fc467-2d16-4550-9beb-e1712bf01ae2
725,794ebc06-8744-4716-8d0f-793cc9187a9f,2026-07-15T05:05:48.261386+00:00,wrong_edition_version,,B00I6E6SH6,Minecraft – Xbox One [video game],,v1|257395432366|0,Minecraft Dungeons - Hero Edition includes Pass Microsoft Xbox One & Series X,Brand New,Video Games; Video Games & Consoles,139973; 1249,babyface3064,Xbox One,Minecraft Dungeons,,,,,,Probable Match,Probable Match,,,item-specific Game Name or Edition conflict,no current deterministic rule covers pattern,title_plus_item_specifics_or_category,0ff3602e-a981-4713-b7c5-8761ac233723,0c74dd34-9474-4552-ac8c-3093d1a9a0fe,ca9d412c-1669-45c3-a203-56cf21ff0cc4
726,364565ff-1a95-4ca6-a7e3-b90b1af570ec,2026-07-15T05:05:47.808955+00:00,wrong_edition_version,,B00I6E6SH6,Minecraft – Xbox One [video game],,v1|168526837118|0,"Minecraft Dungeons Hero Edition (Microsoft Xbox One, Series X) Brand New Sealed",Brand New,Video Games; Video Games & Consoles,139973; 1249,win7425,Xbox One,Minecraft Dungeons,United States,,,,,Probable Match,Probable Match,,,item-specific Game Name or Edition conflict,no current deterministic rule covers pattern,title_plus_item_specifics_or_category,0ba69ece-4e5d-4559-a3d0-3c3c71b5700d,ca9996f1-3cb6-4bfd-b2bd-81652d80535f,c565341b-ccdb-4b7d-9818-9c460979bbf6
727,38f936f5-aae1-4932-a88a-e72164c39bae,2026-07-15T05:05:47.441894+00:00,wrong_edition_version,,B00I6E6SH6,Minecraft – Xbox One [video game],,v1|235926012933|0,Minecraft Dungeons - Microsoft Xbox One,Brand New,Video Games; Video Games & Consoles,139973; 1249,dmcems,Xbox One,Minecraft Dungeons,,,,,,Probable Match,Blocked,non-US item location,,item-specific Game Name or Edition conflict,current rule should already block,title_plus_item_specifics_or_category,0b6a1f6b-8af5-45f5-a1c7-5838aa1b9e1b,86ec5c7c-3709-4fae-b3bb-ff2480a807db,e726cdc9-4fcd-467a-b782-5e954f73da07
728,64a73a96-431d-4d83-a4b4-a347d5c6872c,2026-07-15T05:05:47.031979+00:00,wrong_edition_version,,B00I6E6SH6,Minecraft – Xbox One [video game],,v1|306339252679|0,Sealed Minecraft Dungeons Hero Edition (Xbox Series X/ Xbox One  Microsoft) New,Brand New,Video Games; Video Games & Consoles,139973; 1249,709_games,Xbox Series X,Minecraft Dungeons Hero Edition,NTSC-U/C (US/Canada),,,,,Probable Match,Blocked,non-US item location,,item-specific Game Name or Edition conflict,current rule should already block,title_plus_item_specifics_or_category,52a8ebc1-3f13-48ae-948d-e2796b4be93d,f4d1bb0f-30f4-42e3-a496-aa37fbec40e5,a7e96db6-655b-4612-9f96-718d1801633f
729,1912ff3a-aad8-4843-a84f-f854b5a4b213,2026-07-15T05:05:46.651842+00:00,wrong_edition_version,,B00I6E6SH6,Minecraft – Xbox One [video game],,v1|327105441731|0,Minecraft Dungeons - Microsoft Xbox One New Sealed,Brand New,Video Games; Video Games & Consoles,139973; 1249,kandee13,Xbox One,Minecraft Dungeons,,,,,,Probable Match,Probable Match,,,item-specific Game Name or Edition conflict,no current deterministic rule covers pattern,title_plus_item_specifics_or_category,2a19a3e9-5f9c-4c80-b60e-669b8040a74d,ba0f2021-3c08-4f01-ae7b-ebec6b64642b,113dada5-09a5-4736-911d-3e17f840cc90
730,d3e429fb-6a6f-4b41-be85-105d0fe69a7f,2026-07-15T05:05:46.314563+00:00,wrong_edition_version,,B00I6E6SH6,Minecraft – Xbox One [video game],,v1|287458848926|0,Minecraft Dungeons Hero Edition Xbox One Brand New Sealed,Brand New,Video Games; Video Games & Consoles,139973; 1249,dabberdan97,Xbox One,Minecraft Dungeons,NTSC-U/C (US/Canada); United States,,,,2020,Probable Match,Probable Match,,,item-specific Game Name or Edition conflict,no current deterministic rule covers pattern,title_plus_item_specifics_or_category,a1874cfb-946a-41fe-9190-0c54243b5379,3485edb6-e22d-4329-bda7-11729a30d63f,27f86daf-bc51-4f70-b193-5b8912208627
731,8c477603-261f-411a-ad08-ce9dc4e32415,2026-07-15T05:05:45.787595+00:00,wrong_edition_version,,B00I6E6SH6,Minecraft – Xbox One [video game],,v1|178148750191|0,"Minecraft Dungeons [Hero Edition] (Microsoft Xbox One, 2020) NEW & SEALED",Brand New,Video Games; Video Games & Consoles,139973; 1249,the_collectibles_spot,Xbox One,Minecraft Dungeons,United States,,,"Manual Included, Multiplayer, Online Playability",2020,Probable Match,Probable Match,,,item-specific Game Name or Edition conflict,no current deterministic rule covers pattern,title_plus_item_specifics_or_category,3c5cf420-7494-4279-8192-56e858666b0a,3c27d14b-e05e-4129-9830-9d208f2b3ede,127fe8e2-9771-48b0-86b1-7bfbb60b971c
732,a06b0344-513b-46f1-b32e-d3571a368196,2026-07-15T05:05:45.419014+00:00,wrong_edition_version,,B00I6E6SH6,Minecraft – Xbox One [video game],,v1|377282982172|0,Minecraft Dungeons - Microsoft Xbox One New/Sealed - FAST SHIPPING!,Brand New,Video Games; Video Games & Consoles,139973; 1249,japeve_55,Xbox One,Minecraft Dungeons,,,,,,Probable Match,Probable Match,,,item-specific Game Name or Edition conflict,no current deterministic rule covers pattern,title_plus_item_specifics_or_category,53cd5149-a12e-487c-9a6c-eb944c05b9f9,88608191-433d-42d5-a359-bca32dc76129,dc69036e-b07d-487b-915a-b8740b5bde95
733,a153ad7e-ce8f-44a6-8fcf-02e4a8d18f79,2026-07-15T05:05:44.969809+00:00,wrong_edition_version,,B00I6E6SH6,Minecraft – Xbox One [video game],,v1|318578087828|0,Minecraft Dungeons Hero Edition (Xbox One Series X) 4K BRAND NEW Sealed,Brand New,Video Games; Video Games & Consoles,139973; 1249,crabbypicker,Xbox One,Minecraft Dungeons,United States,,,,,Probable Match,Probable Match,,,item-specific Game Name or Edition conflict,no current deterministic rule covers pattern,title_plus_item_specifics_or_category,387c5055-86ea-486d-841c-b9e67b392700,cdc200ae-b1ec-445a-be6a-f50e8cce83b5,18f51d06-6106-4d0d-9d7c-ee2a22529988
734,0c80eddb-a245-49e1-a345-e5fe0be58c01,2026-07-15T05:04:52.349467+00:00,wrong_product,,B00I6E6SH6,Minecraft – Xbox One [video game],,v1|386918315207|0,"Xbox One/Series X Video Game Vary Listing Minecraft, Fortnite Etc...Sealed NEW!!",Brand New,Video Games; Video Games & Consoles,139973; 1249,m_wroughton,Xbox One,Fortnite,NTSC-U/C (US/Canada); United States,,,"Multiplayer, Online Playability",,Probable Match,Probable Match,,,eBay item-specific Game Name conflict,no current deterministic rule covers pattern,title_plus_item_specifics_or_category,eb796b8b-5dcb-421d-ae24-8aeef48f8af7,9cf577ce-4f7d-40cb-b6de-72cdca3c44b7,a1dcf92d-5c24-4c26-b40b-b132c583e2da
735,5f52b033-6da0-460b-a04d-82c740f68304,2026-07-15T05:04:46.928259+00:00,missing_shrink_wrap,,B00I6E6SH6,Minecraft – Xbox One [video game],,v1|358523365212|0,Brand New - Minecraft for Xbox One (Comes with starter pack),Brand New,Video Games; Video Games & Consoles,139973; 1249,mikes.goldengarage,Xbox One,Minecraft,NTSC-U/C (US/Canada),,,Multiplayer,2018,Probable Match,Probable Match,,,missing_shrink_wrap,evidence exists only in images,image_or_operator_visual_review,247a5745-9518-4618-960d-10e372af3f9f,7fb60b6f-f606-4029-8674-70f3e192a6f6,57a8aade-d8d5-4e65-8aaf-6d3fa88d512a
736,a40a915a-de8a-4e31-abe6-0bed655d0088,2026-07-15T05:04:36.114234+00:00,wrong_edition_version,,B00I6E6SH6,Minecraft – Xbox One [video game],,v1|133609707011|0,Minecraft Dungeons HERO EDITION - Xbox One - Brand New (SHIPS FAST),Brand New,Video Games; Video Games & Consoles,139973; 1249,espnarwhal,Xbox One,Minecraft Dungeons,,,Software,,,Probable Match,Probable Match,,,item-specific Game Name or Edition conflict,no current deterministic rule covers pattern,title_plus_item_specifics_or_category,37c2a502-0efd-4bde-a63d-144cc320f381,02bb14e5-030f-41f7-bf69-2a1768462939,91facd2b-8b2e-4e63-815a-b9f1a6e1bac5
737,96f867f7-91eb-41c4-9baa-43f88207492e,2026-07-15T05:04:30.261122+00:00,suspected_reseal,,B00I6E6SH6,Minecraft – Xbox One [video game],,v1|147315127375|0,Minecraft + 3500 Minecoins - XBox One New Sealed,Brand New,Video Games; Video Games & Consoles,139973; 1249,altus_resalellc,Xbox One,Minecraft,United States,,Video Games,,2018,Probable Match,Probable Match,,,suspected_reseal,evidence exists only in images,image_or_operator_visual_review,11ae4b20-fe57-4e9a-8d66-f42498ab361e,71f5644f-fbc2-45a6-90a5-24b8adb371ba,57ecbdfc-c055-40f2-8ffc-6951d18e1630
738,a5ed12ce-b7d0-4efd-bce6-88daeeda0631,2026-07-15T05:02:36.487062+00:00,wrong_edition_version,,B00I6E6SH6,Minecraft – Xbox One [video game],,v1|117197421778|0,Minecraft Dungeons Hero Edition Xbox One BRAND NEW Sealed Free Shipping!,Brand New,Video Games; Video Games & Consoles,139973; 1249,sgupta1,Xbox One,Minecraft Dungeons,,,,,,Probable Match,Probable Match,,,item-specific Game Name or Edition conflict,no current deterministic rule covers pattern,title_plus_item_specifics_or_category,e7842f13-75c3-44fc-aa11-1524e5292925,d5d915f4-bbca-449d-b4dc-52957dd96a85,8f6e34c4-ed19-4370-8278-d7bd8afcbdc9
739,ed818350-12f0-49e0-a15a-d8ba90015b22,2026-07-15T05:02:36.167902+00:00,wrong_edition_version,,B00I6E6SH6,Minecraft – Xbox One [video game],,v1|287353179266|0,"New Minecraft Dungeons [Hero Edition] (Microsoft Xbox One, 2020)",Brand New,Video Games; Video Games & Consoles,139973; 1249,jakru-1122,Xbox One,Minecraft Dungeons,,,,,2020,Probable Match,Probable Match,,,item-specific Game Name or Edition conflict,no current deterministic rule covers pattern,title_plus_item_specifics_or_category,227ae299-9d8e-44bc-964c-323d626bd3b7,11d1cf32-6086-4567-809f-ee661bd17564,a960a6eb-216e-43b1-a48f-17842596a00b
740,cfaf6606-cc36-4d3d-b7bd-aa78bfc853c7,2026-07-15T05:02:35.661531+00:00,wrong_edition_version,,B00I6E6SH6,Minecraft – Xbox One [video game],,v1|358679724089|0,Minecraft Dungeons Hero Edition Microsoft Xbox One 2020,Brand New,Video Games; Video Games & Consoles,139973; 1249,mere8537,Xbox One,Minecraft Dungeons,NTSC-U/C (US/Canada),,,,2020,Probable Match,Probable Match,,,item-specific Game Name or Edition conflict,no current deterministic rule covers pattern,title_plus_item_specifics_or_category,9a7f7832-88df-4bb3-96d1-3726b4f3dcb0,bbf7fd30-9fd9-468f-87f7-f2266ac34583,7d722065-91ca-4282-8221-24de5a07edbc
741,58b5ea79-ebea-4016-932a-0283075c1880,2026-07-15T05:02:35.331018+00:00,wrong_edition_version,,B00I6E6SH6,Minecraft – Xbox One [video game],,v1|366456600898|0,Minecraft Story Mode Xbox One,Brand New,Video Games; Video Games & Consoles,139973; 1249,bballnftballcards,Xbox One,Minecraft: Story Mode,NTSC-U/C (US/Canada); United States,,,Online Playability,,Probable Match,Probable Match,,,item-specific Game Name or Edition conflict,no current deterministic rule covers pattern,title_plus_item_specifics_or_category,94df6452-ab2c-4b2b-94d7-25a55daf23f1,e458c019-0943-4c57-b687-c5f85a44951a,d531a448-0412-43fe-b1ab-59f5925cf0da
742,3e616450-c229-4677-923a-35d0bb8f6425,2026-07-15T05:02:34.952598+00:00,wrong_edition_version,,B00I6E6SH6,Minecraft – Xbox One [video game],,v1|206345120290|0,Minecraft Dungeons Herd Edition  Xbox One Brand New Sealed ,Brand New,Video Games; Video Games & Consoles,139973; 1249,murf2517,Xbox One,Minecraft Dungeons,,,,,,Probable Match,Probable Match,,,item-specific Game Name or Edition conflict,no current deterministic rule covers pattern,title_plus_item_specifics_or_category,2ad4e9ab-a3e9-4b27-a111-7dbe09a155d4,9b5b1c0f-89cf-417a-a6c2-59e73aada2a6,e8443b60-004e-4325-b6f5-a468f7e744d9
743,bdf65068-f806-4211-b784-1335b0f2e05e,2026-07-15T05:02:34.633996+00:00,wrong_edition_version,,B00I6E6SH6,Minecraft – Xbox One [video game],,v1|405509695052|0,Minecraft Dungeons Hero Edition  XBox One Video Game New Factory Seal,Brand New,Video Games; Video Games & Consoles,139973; 1249,farjfa-9978,Xbox One,Minecraft Dungeons Hero Edition,,,,,,Probable Match,Blocked,non-US item location,,item-specific Game Name or Edition conflict,current rule should already block,title_plus_item_specifics_or_category,de5d3396-70b7-4957-803c-d10e4f9fa7d5,0c01dce0-002a-492a-8e49-173d3140fbba,f661bf9d-f603-4638-8e47-f6435a2c30df
744,6e87fefb-7cb7-43ad-9639-2e7cfc24ad7e,2026-07-15T05:02:34.215699+00:00,wrong_edition_version,,B00I6E6SH6,Minecraft – Xbox One [video game],,v1|327234049223|0,Minecraft Dungeons  HERO EDITION - Microsoft Xbox One Brand New Sealed,Brand New,Video Games; Video Games & Consoles,139973; 1249,horror_cult_wrestling_vhs,Xbox One,Minecraft Dungeons,United States,,,,,Probable Match,Probable Match,,,item-specific Game Name or Edition conflict,no current deterministic rule covers pattern,title_plus_item_specifics_or_category,d0e83971-9122-4001-8bc5-fa6c59e2b56e,5e480827-e4c7-4db9-a823-8279c57d4d9c,c3f1c8bd-3671-4472-b812-486f89838b6c
745,109d0cb1-4a39-4339-a38b-870ee66cb1c0,2026-07-15T05:02:33.900151+00:00,wrong_edition_version,,B00I6E6SH6,Minecraft – Xbox One [video game],,v1|336414156457|0,Minecraft Dungeons Hero Edition - Microsoft Xbox One - NEW SEALED,Brand New,Video Games; Video Games & Consoles,139973; 1249,giusdan-1816,Xbox One,Minecraft Dungeons Hero Edition,NTSC-U/C (US/Canada); United States,,,,2020,Probable Match,Blocked,non-US item location,,item-specific Game Name or Edition conflict,current rule should already block,title_plus_item_specifics_or_category,3270bd15-4285-42c4-a7f5-7c4c92d5cde6,c0f27df9-330f-42c8-9b8d-ada3858197f1,1d2c96b4-26dd-4b3d-82fb-0916bd1e3bd5
746,85fcb439-a550-4813-ae45-6a0ec86f38b9,2026-07-15T05:02:33.529921+00:00,wrong_edition_version,,B00I6E6SH6,Minecraft – Xbox One [video game],,v1|397858534872|0,Minecraft Dungeons Hero Edition Microsoft Xbox One Brand New!!  Sealed!,Brand New,Video Games; Video Games & Consoles,139973; 1249,secondcha-22,Xbox One,Minecraft Dungeons,United States,,,,,Probable Match,Probable Match,,,item-specific Game Name or Edition conflict,no current deterministic rule covers pattern,title_plus_item_specifics_or_category,f6ef1858-dbc2-4898-9469-ebb2e90b52a0,32eee5c7-8b87-4d56-aa01-ea50e88b48df,6ce49413-7c29-4e89-910d-d59710968380
747,5c712a3b-f87e-48c1-a5e5-e735a5fda341,2026-07-15T05:02:33.187101+00:00,wrong_edition_version,,B00I6E6SH6,Minecraft – Xbox One [video game],,v1|177758340523|0,Minecraft Dungeons - Microsoft Xbox One/Xbox Series X,Brand New,Video Games; Video Games & Consoles,139973; 1249,sandrataz01,Xbox One,Minecraft Dungeons,,,,,,Probable Match,Probable Match,,,item-specific Game Name or Edition conflict,no current deterministic rule covers pattern,title_plus_item_specifics_or_category,2390741e-5295-4a3b-9a98-1f1c0525dd25,7f029af9-267a-49d6-bf40-b34df1b5e481,6816348e-0018-4960-a1aa-d70e429eff0f
748,10517409-71d5-4740-aa69-de946d1580ef,2026-07-15T05:02:32.77593+00:00,wrong_edition_version,,B00I6E6SH6,Minecraft – Xbox One [video game],,v1|157979693744|0,Minecraft Dungeons - Microsoft Xbox One,Brand New,Video Games; Video Games & Consoles,139973; 1249,localthrowbacks,Xbox One,Minecraft Dungeons,,,,,,Probable Match,Probable Match,,,item-specific Game Name or Edition conflict,no current deterministic rule covers pattern,title_plus_item_specifics_or_category,57e8fef4-6a49-4a1d-8318-313d1e181374,974fb933-e1e7-45e6-adf5-85f0a738768d,6fc217c9-5958-4a1d-b29d-4ce802bedc6e
749,4ba4ec95-9176-4915-b394-c0241719c59a,2026-07-15T05:02:32.364497+00:00,wrong_edition_version,,B00I6E6SH6,Minecraft – Xbox One [video game],,v1|800320207228|0,Minecraft Dungeons  HERO EDITION - Microsoft Xbox One Brand New Sealed,Brand New,Video Games; Video Games & Consoles,139973; 1249,nitrou_24,Xbox One,Minecraft Dungeons,United States,,,,,Probable Match,Probable Match,,,item-specific Game Name or Edition conflict,no current deterministic rule covers pattern,title_plus_item_specifics_or_category,fb45e727-127e-4f1e-94de-0a16ed7a462d,39a39db2-1c01-45f2-a39d-a39e79c43191,4bdfb21f-fb8f-4ced-b98d-9e114868eda9
750,2d9810d6-b3cf-4f7a-8200-19ba8b67931f,2026-07-15T05:02:31.921446+00:00,wrong_edition_version,,B00I6E6SH6,Minecraft – Xbox One [video game],,v1|236264751071|0,Minecraft Dungeons Hero Edition Microsoft Xbox One Series X Complete CIB READ,Brand New,Video Games; Video Games & Consoles,139973; 1249,jasperandgump,Xbox One,Minecraft Dungeons Hero Edition,NTSC-U/C (US/Canada); United States,,,Complete Edition,2020,Probable Match,Probable Match,,,item-specific Game Name or Edition conflict,no current deterministic rule covers pattern,title_plus_item_specifics_or_category,76370796-7e15-402c-890c-14a32543fff0,6c21c4ac-c25c-4bd3-99b5-4e7682c3bd68,eab3f279-f89c-4699-a1fd-38237f59ce2f
751,3aae8bd1-f15b-4171-bb29-1de5f46d63d6,2026-07-15T05:02:31.435004+00:00,wrong_edition_version,,B00I6E6SH6,Minecraft – Xbox One [video game],,v1|287299408648|0,"Minecraft with 3500 Minecoins - Code in Box - Xbox Series X/S, Xbox One",Brand New,Video Games; Video Games & Consoles,139973; 1249,svtsupplychainus,Xbox Series X,Minecraft,NTSC-U/C (US/Canada),,,Multiplayer,2018,Probable Match,Probable Match,,,bundled content difference,no current deterministic rule covers pattern,title_plus_item_specifics_or_category,32b4d64e-b770-4706-908b-26acc9fbe4cb,3f087fa8-9f3c-4d2c-ac9a-84f60fe9255e,7d549a4c-4562-42a7-8b0b-c37a2a6098ce
752,8e4c7b23-ca11-4fe0-8ea1-4b4857ed6d95,2026-07-15T05:02:30.862466+00:00,wrong_edition_version,,B00I6E6SH6,Minecraft – Xbox One [video game],,v1|277732034502|0,"Minecraft with 3500 Minecoins - Code in Box - Xbox Series X/S, Xbox One",Brand New,Video Games; Video Games & Consoles,139973; 1249,svtsupplychainus,Xbox Series X,Minecraft,NTSC-U/C (US/Canada),,,Multiplayer,2018,Probable Match,Probable Match,,,bundled content difference,no current deterministic rule covers pattern,title_plus_item_specifics_or_category,8b226757-31fa-4998-8b7d-5ad2f3e7845b,8c733a79-5c2d-46a2-b742-e20206ee17d6,03bf95de-d237-45bf-b54f-3e36c3206967
753,62437baa-2b71-48b9-94e8-57a6acfdda71,2026-07-15T05:01:38.447567+00:00,wrong_edition_version,,B00M3D8IYM,Doom - PlayStation 4 [video game],,v1|387866559265|0,Doom 3 VR Edition Sony PlayStation 4 NEW & SEALED,Brand New,Video Games; Video Games & Consoles,139973; 1249,gameshop_downstairs,PS 4,Doom 3: Vr Edition,NTSC-U/C (US/Canada); United States,,,VR Compatible,,Probable Match,Probable Match,,,item-specific Game Name or Edition conflict,no current deterministic rule covers pattern,title_plus_item_specifics_or_category,9ea24473-8eda-47b4-963d-3c0f1c314376,46135d54-0f4d-4421-b4ec-71e08174d8d8,46d9626d-0dec-4f0e-9ea5-45f27cfc8da1
754,490b79b4-d2be-4e30-a250-b7e4b7c47a70,2026-07-15T05:01:21.02852+00:00,roi_too_low,,B00M3D8IYM,Doom - PlayStation 4 [video game],,v1|117300721521|0,"Doom (Sony PlayStation 4, 2016) - Sealed, Brand New PS4",Brand New,Video Games; Video Games & Consoles,139973; 1249,sparqman,PS 4,Doom,United States,,,Manual Included,2016,Probable Match,Probable Match,,,roi_too_low,operator dismissal may be ambiguous or business/system,title_plus_item_specifics_or_category,4b0d9b0d-4a77-4395-bbcc-5e7e65bee5ad,89de856a-2655-4fdf-961b-6de77d195b1f,6baa6a70-9153-42df-8399-a65c7f46419a
755,682a2d7e-9b3a-4b00-afe0-df4e88772837,2026-07-15T05:00:57.759995+00:00,wrong_platform,,B00N5FA6WY,Left 4 Dead 2 [video game],,v1|205559248211|0,Left 4 Dead PC  Brand New,Brand New,Video Games; Video Games & Consoles,139973; 1249,ottochain,PC,Left 4 Dead,NTSC-U/C (US/Canada),,,Multiplayer,2008,Probable Match,Probable Match,,,wrong_platform,no current deterministic rule covers pattern,title_plus_item_specifics_or_category,abe895f5-52c8-45f8-854f-0b69097a4135,a3db3053-d4d0-4da0-bcbb-95377fb97aa6,9db5e6ad-83ac-4bb1-bfc8-d06554755c64
756,a3417d24-59eb-46e2-b78b-4dc80cf90364,2026-07-15T05:00:57.314425+00:00,wrong_platform,,B00N5FA6WY,Left 4 Dead 2 [video game],,v1|206370392875|0,Left 4 Dead 2 PC DVD-ROM,Brand New,Video Games; Video Games & Consoles,139973; 1249,subaru874,PC,Left 4 Dead 2,NTSC-U/C (US/Canada); USA,,,Multiplayer,2009,Probable Match,Probable Match,,,wrong_platform,no current deterministic rule covers pattern,title_plus_item_specifics_or_category,308f5cae-b7cc-4fd1-93b2-be2713fd6440,20e343f2-da36-4247-b315-156d99878305,fa39cfaf-f75e-4e85-bddc-c429d7996a45
757,5499b149-3f0d-4d38-ab39-168f7a0f7f3a,2026-07-15T04:59:58.230461+00:00,missing_shrink_wrap,,B00ZPTMX60,Gears of War 4 - Xbox One [video game],,v1|366531340236|0,Gears of War 4 - Microsoft Xbox One,Brand New,Video Games; Video Games & Consoles,139973; 1249,dropclotheny,Xbox One,Gears of War 4,,,,,,Probable Match,Probable Match,,,missing_shrink_wrap,evidence exists only in images,image_or_operator_visual_review,404929a6-10d1-4ef9-a946-00b5ecef8d38,60e8cac2-6b32-43f3-9015-a220dcb2fedd,1804f980-fe76-41bf-9d35-a19d8f17aae8
758,c03ff9aa-685a-4975-9ef0-7e0c7812694c,2026-07-15T04:59:44.315173+00:00,wrong_edition_version,,B0140Z6SZQ,The Jackbox Party Pack - PlayStation 4,,v1|227382116572|0,"The Jackbox Party Pack 7 PS4 (Sony PlayStation 4, 2021) NEW SEALED",Brand New,Video Games; Video Games & Consoles,139973; 1249,rouxretro,PS 4,The Jackbox Party Pack 7,Region Free,,,,2021,Probable Match,Probable Match,,,volume/episode/part mismatch,no current deterministic rule covers pattern,title_plus_item_specifics_or_category,98b77988-7cd1-4903-b9b2-28fcdd79e1b1,a5079d87-4704-4a98-886c-66c3fbbd404a,022b7b2e-066f-418c-9a29-56249ef4396a
759,75679754-f613-4379-b6a1-8f29dfc76b17,2026-07-15T04:59:43.958467+00:00,wrong_edition_version,,B0140Z6SZQ,The Jackbox Party Pack - PlayStation 4,,v1|304636311632|0,The Jackbox Party Pack 7 - Sony Playstation 4 PS4 (US - Region Free) NEW,Brand New,Video Games; Video Games & Consoles,139973; 1249,hedgeratio-01,PS 4,The Jackbox Party Pack 7,NTSC-U/C (US/Canada); United States,,,"Multiplayer, Online Playability",2021,Probable Match,Probable Match,,,volume/episode/part mismatch,no current deterministic rule covers pattern,title_plus_item_specifics_or_category,fc8ed8ec-625b-4ea9-9a85-0b5ca86c7f6e,07772bf3-c375-4168-992f-5df415ebec55,dd526d9b-4443-4dec-ad82-d85c5fe8dfa8
760,3fdcc2e0-4d2c-4f14-bd10-c65a49ec92c7,2026-07-15T04:59:43.500643+00:00,wrong_edition_version,,B0140Z6SZQ,The Jackbox Party Pack - PlayStation 4,,v1|227281838100|0,"The Jackbox Party Pack 7 (Sony PlayStation 4, 2021) Brand New ",Brand New,Video Games; Video Games & Consoles,139973; 1249,scorpionz5,PS 4,The Jackbox Party Pack 7,Region Free,,,,2021,Probable Match,Probable Match,,,volume/episode/part mismatch,no current deterministic rule covers pattern,title_plus_item_specifics_or_category,cf289550-29da-4bde-bcb6-4b62186011aa,971303ff-502e-41f1-bf93-1952bdbf119d,e2d1d479-3591-4397-b412-b95f3c7cdaee
761,6f6245a3-1106-41ff-9fb1-519d2445aa14,2026-07-15T04:59:43.096784+00:00,wrong_edition_version,,B0140Z6SZQ,The Jackbox Party Pack - PlayStation 4,,v1|167962868528|0,The Jackbox Party Pack 7 - PlayStation 4 - New Sealed,Brand New,Video Games; Video Games & Consoles,139973; 1249,myleftoverstuff,PS 4,The Jackbox Party Pack 7,NTSC-U/C (US/Canada); Unknown,,,See Details,2021,Probable Match,Probable Match,,,volume/episode/part mismatch,no current deterministic rule covers pattern,title_plus_item_specifics_or_category,a791406f-a469-4d12-a68c-dd485e6e3e58,2e0bae56-9bd1-4332-9d77-44e3af9dd0d5,30200c9c-9354-4252-af45-a392bdfc8562
762,10201456-29ba-4a19-9f3d-142e957d2070,2026-07-15T04:59:42.691821+00:00,wrong_edition_version,,B0140Z6SZQ,The Jackbox Party Pack - PlayStation 4,,v1|196313473100|0,NEW The Jackbox Party Pack 7 Sony PlayStation 4 PS4 2021 Video Game,Brand New,Video Games; Video Games & Consoles,139973; 1249,lowe_lisa,PS 4,The Jackbox Party Pack 7,NTSC-U/C (US/Canada); Unknown,,,See Details,2021,Probable Match,Probable Match,,,volume/episode/part mismatch,no current deterministic rule covers pattern,title_plus_item_specifics_or_category,6ec80013-83cb-4756-8914-3c0431df331f,adab0dc6-49e4-468e-822b-0644739e829d,547ac64d-981a-4fde-a3ff-f690b0598c28
763,66d5fbb8-1922-4de4-a262-93a9dd5f3613,2026-07-15T04:59:42.163315+00:00,wrong_edition_version,,B0140Z6SZQ,The Jackbox Party Pack - PlayStation 4,,v1|286104687580|0,NEW The Jackbox Party Pack 7 Sony PlayStation 4 PS4 2021 Video Game,Brand New,Video Games; Video Games & Consoles,139973; 1249,value_video_games,PS 4,The Jackbox Party Pack 7,NTSC-U/C (US/Canada); Unknown,,,See Details,2021,Probable Match,Probable Match,,,volume/episode/part mismatch,no current deterministic rule covers pattern,title_plus_item_specifics_or_category,4b386695-1b47-48b9-906a-cd1876638a0e,acd2c7db-e2dd-45fa-9b1c-648ed5c88332,737ae2dc-e5ba-4a95-abf5-3d59951b4f50
764,5b15ffce-68c1-49fc-bed9-423a8dbf3846,2026-07-15T04:59:41.816553+00:00,wrong_edition_version,,B0140Z6SZQ,The Jackbox Party Pack - PlayStation 4,,v1|286185924654|0,NEW The Jackbox Party Pack 7 Sony PlayStation 4 PS4 2021 - New SEALED,Brand New,Video Games; Video Games & Consoles,139973; 1249,claperpi0,PS 4,The Jackbox Party Pack 7,NTSC-U/C (US/Canada); Unknown,,,See Details,2021,Probable Match,Probable Match,,,volume/episode/part mismatch,no current deterministic rule covers pattern,title_plus_item_specifics_or_category,42858efd-8623-4401-8950-afeadac613e7,f4c39bfc-2c09-4e12-afbe-e0ce5e8c0588,fe5aadc5-743a-4d75-8ff6-de602a719b7c
765,668d8933-20f5-4824-9ce0-bf2ba5df9d81,2026-07-15T04:59:41.470199+00:00,wrong_edition_version,,B0140Z6SZQ,The Jackbox Party Pack - PlayStation 4,,v1|305038617117|0,"The Jackbox 7 Video Game Party Pack - Sony PS4 2021 Teens NEW, SEALED ",Brand New,Video Games; Video Games & Consoles,139973; 1249,richythriftyemporium,PS 4,The Jackbox Party Pack 7,NTSC-U/C (US/Canada); United States,,,Multiplayer,2021,Probable Match,Probable Match,,,console generation/version mismatch,no current deterministic rule covers pattern,title_plus_item_specifics_or_category,01515d1e-c955-4216-9a70-4290bb623a3c,94816c71-dc29-4e8a-9f61-c7ebc22b6910,508ba592-28f8-4e51-8a82-265859760fb5
766,7b755d24-ae05-44f4-afc0-0b2c8241927a,2026-07-15T04:59:41.146116+00:00,wrong_edition_version,,B0140Z6SZQ,The Jackbox Party Pack - PlayStation 4,,v1|226473317785|0,NEW The Jackbox Party Pack 7 Sony PlayStation 4 PS4 2021 - New SEALED,Brand New,Video Games; Video Games & Consoles,139973; 1249,cgdailydealz,PS 4,The Jackbox Party Pack 7,NTSC-U/C (US/Canada); Unknown,,,See Details,2021,Probable Match,Probable Match,,,volume/episode/part mismatch,no current deterministic rule covers pattern,title_plus_item_specifics_or_category,04c00c0b-f9e7-4044-8bc4-2fafce3ea2e2,a463c20d-4e44-4dbf-805c-574ee75423bd,cd22526d-60e5-4365-9c0b-182078441705
767,23d68b8e-358b-4854-bc5d-26bf8dad44e9,2026-07-15T04:59:40.833741+00:00,wrong_edition_version,,B0140Z6SZQ,The Jackbox Party Pack - PlayStation 4,,v1|317455864233|0,The Jackbox Party Pack 7 - PlayStation 4 - New Sealed,Brand New,Video Games; Video Games & Consoles,139973; 1249,asw8224,PS 4,The Jackbox Party Pack 7,NTSC-U/C (US/Canada); Unknown,,,See Details,2021,Probable Match,Probable Match,,,volume/episode/part mismatch,no current deterministic rule covers pattern,title_plus_item_specifics_or_category,d9c24d56-824e-4208-808d-646d148ca8ae,a61899ce-6a4b-43b1-b4ff-d86ef3474e83,3ca2bdb2-4eb4-4c6d-acb1-0fece8004e24
768,58126e4f-5a68-4dc3-9244-492c64b77016,2026-07-15T04:59:40.44049+00:00,wrong_edition_version,,B0140Z6SZQ,The Jackbox Party Pack - PlayStation 4,,v1|206375022883|0,Jackbox Games The Jackbox Party Pack 7 (PS4) T Teen Multiplayer Online NTSC-U/C,Brand New,Video Games; Video Games & Consoles,139973; 1249,tboss25,PS 4,The Jackbox Party Pack 7,NTSC-U/C (US/Canada),,,"Multiplayer, Online Playability",,Probable Match,Probable Match,,,console generation/version mismatch,no current deterministic rule covers pattern,title_plus_item_specifics_or_category,7ce5bd13-1b74-4d20-ad73-67cb5ca2dd4d,45b9c714-bb4a-41db-8cdb-a5a5f8d1c411,dae947dc-e859-46c3-b656-fc2d0dda6c77
769,1d696249-6a29-40cd-ad78-fdba2f4e86fc,2026-07-15T04:59:40.041169+00:00,wrong_edition_version,,B0140Z6SZQ,The Jackbox Party Pack - PlayStation 4,,v1|116204170994|0,The Jackbox Party Pack 7 - PlayStation 4,Brand New,Video Games; Video Games & Consoles,139973; 1249,izzydaman,PS 4,The Jackbox Party Pack 7,NTSC-U/C (US/Canada); Unknown,,,See Details,2021,Probable Match,Probable Match,,,volume/episode/part mismatch,no current deterministic rule covers pattern,title_plus_item_specifics_or_category,f9a7e2ca-0fc8-4eac-ad45-06565e7cf1ff,37b05063-47ab-4665-b278-8eee1a792a65,690f6107-044f-4255-b073-e50e8d01954a
770,3a8f3b2b-2a1b-4f94-baa8-93cd7fcbe620,2026-07-15T04:59:39.71947+00:00,wrong_edition_version,,B0140Z6SZQ,The Jackbox Party Pack - PlayStation 4,,v1|266030066161|0,The Jackbox Party Pack 7 - PS4 - Playstation 4 - New - SEALED - Fast Shipping,Brand New,Video Games; Video Games & Consoles,139973; 1249,keitseam,PS 4,The Jackbox Party Pack 7,NTSC-U/C (US/Canada),,,,,Probable Match,Probable Match,,,volume/episode/part mismatch,no current deterministic rule covers pattern,title_plus_item_specifics_or_category,ddf98ef7-2a04-4423-a838-4ef85674a32d,131124c8-7486-4e53-a9db-4512a1e64d38,e3a7592b-f8d2-4241-8a42-8ba3eefc6ba8
771,00fe4641-7598-408c-9e89-f4e60d366679,2026-07-15T04:59:39.334028+00:00,wrong_edition_version,,B0140Z6SZQ,The Jackbox Party Pack - PlayStation 4,,v1|227378997462|0,The Jackbox 7 Video Game Party Pack - Sony PS4 2021.,Brand New,Video Games; Video Games & Consoles,139973; 1249,raym_goin,PS 4,The Jackbox Party Pack 7,NTSC-U/C (US/Canada); United States,,,Multiplayer,2021,Probable Match,Probable Match,,,console generation/version mismatch,no current deterministic rule covers pattern,title_plus_item_specifics_or_category,493464ad-2521-49b0-bde0-41ad2fcbd810,93effe23-937a-4c57-8a64-e0168b59356f,9143a1e8-50c2-4cdc-a45d-cece6dcfe60e
772,87953973-8edd-4654-8abf-ea4813eeaf2d,2026-07-15T04:59:38.798057+00:00,wrong_edition_version,,B0140Z6SZQ,The Jackbox Party Pack - PlayStation 4,,v1|137269421092|0,The Jackbox Party Pack 7 Playstation 4 PS4 NEW,Brand New,Video Games; Video Games & Consoles,139973; 1249,dawsonbr,PS 4,The Jackbox Party Pack 7,United States,,,,,Probable Match,Probable Match,,,volume/episode/part mismatch,no current deterministic rule covers pattern,title_plus_item_specifics_or_category,603f1cb9-d237-4017-a33b-e7b2b0044e93,20d6bb24-e3ea-48b0-bc90-8f317dd10a45,e02a52c3-3660-4c9e-9b32-aabdd282a457
773,dfafb5ae-ff4a-4011-a4e5-13bf455737c4,2026-07-15T04:59:08.933618+00:00,other,too high sale price,B014R4ZYJG,Deadpool - Xbox One,,v1|407070612259|0,Sealed- Deadpool NIB Xbox One,Brand New,Video Games; Video Games & Consoles,139973; 1249,gabescave,Xbox One,Deadpool,United States,,,,,Probable Match,Probable Match,,,other,operator dismissal may be ambiguous or business/system,title_plus_item_specifics_or_category,6a4f9b58-80bf-46d5-a48a-90d082806e50,a55f1d2f-1e2d-4488-b1e2-5f006052927f,38d559f3-22a5-4677-8b75-ac717810f1a0
774,828095c7-2eda-4b86-b1ea-c9e1dac17ef8,2026-07-15T04:59:08.409282+00:00,other,too high sale price,B014R4ZYJG,Deadpool - Xbox One,,v1|147431270749|0,"Deadpool (Microsoft Xbox One, 2015) CIB Brand New Sealed",Brand New,Video Games; Video Games & Consoles,139973; 1249,kisschaos,Xbox One,Deadpool,NTSC-U/C (US/Canada); United States,,,,2015,Probable Match,Probable Match,,,other,operator dismissal may be ambiguous or business/system,title_plus_item_specifics_or_category,b86e79b1-8c0a-449e-b61a-4f9990fdacb3,4567da63-cb09-4689-b8e2-67a11617321f,6559c282-9607-40ba-8f2d-1dd492e06d96
775,d41572df-c127-4935-8800-9f389b4c9dd4,2026-07-15T04:58:25.695741+00:00,suspected_reseal,,B00Y4S4M30,Barbie and Her Sisters: Puppy Rescue 3DS - Nintendo 3DS,,v1|306867456297|0,Barbie & Her Sisters Puppy Rescue Nintendo 3DS SEALED 2015. Never opened. ,Brand New,Video Games; Video Games & Consoles,139973; 1249,supermomscloset26,3DS,Barbie & Her Sisters Puppy Rescue,NTSC-U/C (US/Canada),,,Playable in 2D and 3D,2015,Probable Match,Probable Match,,,suspected_reseal,evidence exists only in images,image_or_operator_visual_review,2ddd4f0e-4e0f-4475-ba25-9f0acb2c3890,bdcb11fb-89d8-44b6-935e-d6683549811c,3d2c86a0-5644-4cff-b56e-4e5b9cd0ac70
776,77d2b4ac-89c8-447c-bcc6-9a564e6d5487,2026-07-15T04:58:05.932805+00:00,suspected_reseal,,B00Y4S4M30,Barbie and Her Sisters: Puppy Rescue 3DS - Nintendo 3DS,,v1|358769265889|0,SEALED NEW Little Orbit Barbie & Her Sisters: Puppy Rescue E - Nintendo 3DS,Brand New,Video Games; Video Games & Consoles,139973; 1249,mudkup1321_9,3DS,Barbie & Her Sisters Puppy Rescue,,,,,,Probable Match,Probable Match,,,suspected_reseal,evidence exists only in images,image_or_operator_visual_review,d34b64b2-b7b7-477c-98fc-2c9d4f657447,5ed3b443-140a-4d7c-93c3-7e6bdc54987d,2274a396-9de6-4cc2-a6f8-0205e4bb869d
777,c238024f-669a-4225-bd16-205de2e07bfc,2026-07-15T04:51:04.682826+00:00,missing_shrink_wrap,,B00ZP9GVH2,Star Wars Battlefront (Xbox One),,v1|398076660710|0,Star Wars Battlefront Xbox One Game (WMP019320),Brand New,Video Games; Video Games & Consoles,139973; 1249,westminstermp,Xbox One,Star Wars: Battlefront,,,,,,Probable Match,Probable Match,,,missing_shrink_wrap,evidence exists only in images,image_or_operator_visual_review,f66a0e49-48a5-46de-89b7-fa02f6f50857,68d6e8a9-09af-4d36-9f91-e4f431f52d20,90461a9f-4eea-4e00-b968-8107ce02c6c2
778,fbf585f6-49c2-4850-a07c-bdf2101eae9d,2026-07-15T04:47:56.388467+00:00,roi_too_low,,B0716ZTYDR,Hunting Simulator - Xbox One,,v1|316881283825|0,Hunting Simulator (Xbox One) *BRAND NEW SEALED*,Brand New,Jeux vidéo; Jeux vidéo et consoles,139973; 1249,best-3042,Xbox One,Hunting Simulator,NTSC-U/C (US/Canada),,,"Multiplayer, Online Playability",2019,Probable Match,Blocked,non-US item location,,roi_too_low,operator dismissal may be ambiguous or business/system,title_plus_item_specifics_or_category,78391ca9-bc3c-41fc-8a60-12c94abb1810,1b8a2f14-1ea9-4961-91b8-f60d1d73248d,54aa1606-a3cf-4dd7-939b-c0542dfc4893
779,962ecae8-5034-4d01-a9f0-0c045b1f6370,2026-07-15T04:47:55.917844+00:00,roi_too_low,,B0716ZTYDR,Hunting Simulator - Xbox One,,v1|147088784063|0,Hunting Simulator Xbox One ( Factory Sealed),Brand New,Video Games; Video Games & Consoles,139973; 1249,branrobertso0,Xbox One,Hunting Simulator,,,,,,Probable Match,Blocked,non-US item location,,roi_too_low,operator dismissal may be ambiguous or business/system,title_plus_item_specifics_or_category,009c42c6-c370-4f1c-b035-65d2536e1830,154d5138-6278-4d94-a34c-222153608ca7,f96f31e3-6edd-41c8-912e-0cb033f3cb7d
780,5c885a46-920c-4cb6-9f0f-d177569cffa4,2026-07-15T04:47:55.426359+00:00,roi_too_low,,B0716ZTYDR,Hunting Simulator - Xbox One,,v1|315902102579|0,XBox One Hunting Simulator New Sealed,Brand New,Video Games; Video Games & Consoles,139973; 1249,ryjun_80,Xbox One,Hunting Simulator,NTSC-U/C (US/Canada),,,,,Probable Match,Blocked,non-US item location,,roi_too_low,operator dismissal may be ambiguous or business/system,title_plus_item_specifics_or_category,047dccfd-98d4-4f26-bb3d-97a0619809ec,7b52281f-b9b8-4d08-88f0-0b321011fdf1,c914b8c2-a41e-437f-9428-b204b244e048
781,7762dc50-18a5-4a93-a6e5-3144c3fb37f1,2026-07-15T04:46:05.997042+00:00,packaging_damage,,B071NFMKR2,Final Fantasy XIV Online Complete Edition - PlayStation 4,,v1|227331339368|0,Final Fantasy XIV Online Complete Edition PS4 Stormblood+Heavensward+Realm*NEW*,Brand New,Video Games; Video Games & Consoles,139973; 1249,8**0**8,PS 4,Final Fantasy XIV Online Complete Edition,United States,,,,,Probable Match,Probable Match,,,packaging_damage,evidence exists only in images,image_or_operator_visual_review,56e03a86-12d0-4c83-8f9a-aed989eadc55,c5f7b212-7750-4b94-b71b-7a6ce21a0261,50851737-1d71-44fd-99df-73bf4faea4ba
782,9a75f2a5-a291-4038-9060-17ddbd037fd7,2026-07-15T04:45:32.525763+00:00,digital_item,,B072N865DQ,ARK: Survival Evolved (Xbox One) [video game],,v1|313463642548|0,ark survival evolved xbox one pve crystal wyvern WhiteMagenta 16k 541m CLONE.,Brand New,Video Games; Video Games & Consoles,139973; 1249,sava2874,Xbox One,Ark: Survival Evolved,,,,,,Probable Match,Probable Match,,,digital_item,no current deterministic rule covers pattern,title_plus_item_specifics_or_category,6bc87299-a6ae-48da-9433-734d1b146024,de8e8f49-016e-416b-b1b9-16ec5ea35d78,42e1ccdc-f8e8-4210-ac5d-f17e4eea5246
783,61730e17-7cfb-44bd-b85d-a742498c5afd,2026-07-15T04:45:26.309966+00:00,missing_shrink_wrap,,B072N865DQ,ARK: Survival Evolved (Xbox One) [video game],,v1|235946664034|0,ARK: Survival Evolved (Xbox One),Brand New,Video Games; Video Games & Consoles,139973; 1249,nd_collectibles1,Xbox One,Ark: Survival Evolved,,,,,,Probable Match,Probable Match,,,missing_shrink_wrap,evidence exists only in images,image_or_operator_visual_review,960f947a-7a04-4237-9768-b34ee162e9bd,337ec791-f0e7-4d00-9dac-7b626897e7cb,f7821e35-af43-4c05-b8ec-d2f965fbc4ab
784,2907595d-f4e8-4538-b617-fe13bd54dcfc,2026-07-15T04:44:07.284559+00:00,non_north_american_version,,B072N865DQ,ARK: Survival Evolved (Xbox One) [video game],,v1|255998497824|0,ARK: Survival Evolved (Xbox One). New,Brand New,Video Games; Video Games & Consoles,139973; 1249,grabiela8,Xbox One,Ark: Survival Evolved,NTSC-U/C (US/Canada),,,,,Probable Match,Probable Match,,,non_north_american_version,no current deterministic rule covers pattern,title_plus_item_specifics_or_category,f1e4a5d6-7be5-4035-a49b-e58119d46d0a,d40cca4e-f0ea-4879-be3a-24dea873d7c9,0ca9a91f-b2b2-4c9d-a43a-dc6740b9bcda
785,fa64c395-9c95-47e2-856f-35e9b5f097c3,2026-07-15T04:43:35.263102+00:00,suspected_reseal,,B072N865DQ,ARK: Survival Evolved (Xbox One) [video game],,v1|353820929083|0,"Ark: Survival Evolved Xbox One Microsoft Xbox One, Video game, READ DESCRIPTION",Brand New,Video Games; Video Games & Consoles,139973; 1249,prairiedogtreasures,Xbox One,Ark: Survival Evolved,NTSC-U/C (US/Canada),,,,,Probable Match,Probable Match,,,suspected_reseal,evidence exists only in images,image_or_operator_visual_review,028bce7b-831a-4105-bfaa-f7d258b39d4e,d98b7367-467f-4903-9c27-b69a0a0e7d18,436211a8-a4a2-4b6a-9b2e-eb1d6ac1f421
786,6efc22d9-4dbe-4652-bc0b-5404994cb0f7,2026-07-14T00:54:44.09513+00:00,wrong_edition_version,,B01EQKRTM6,Star Fox Zero,,v1|326308585132|0,Star Fox Guard Nintendo Wii U BRAND NEW SEALED ,Brand New,Video Games; Video Games & Consoles,139973; 1249,mywholevideogamecollection,Wii U,,,,,,,Probable Match,Probable Match,,,unclear/insufficient evidence,no current deterministic rule covers pattern,title_plus_item_specifics_or_category,241400a7-60cf-4698-bd6c-bed35ee86aea,6651d45b-41f6-48e1-a1a9-ea3a853f621b,3bb99c6f-0e1d-4052-a2a6-18421cef44ed
787,8b0259e0-fb6f-4903-b692-311849cdd43a,2026-07-14T00:54:43.666032+00:00,wrong_edition_version,,B01EQKRTM6,Star Fox Zero,,v1|126392659397|0,Nintendo Wii U Star Fox Guard *NEW* SEALED,Brand New,Video Games & Consoles; Video Games,139973,legal_fuego,Wii U,STARFOX GUARD,NTSC-U/C (US/Canda),,,FACTORY SEALED,2016,Probable Match,Probable Match,,,item-specific Game Name or Edition conflict,no current deterministic rule covers pattern,title_plus_item_specifics_or_category,a5a85d36-7cb6-48b5-b3e9-64abcc72bd36,b24c660e-3057-47c6-924c-5d01b8bac2d2,bb3194b8-8873-4648-9f28-98b27f46a086
788,8e804f3f-f893-4ac9-9888-7b483718e23f,2026-07-14T00:54:43.322911+00:00,wrong_edition_version,,B01EQKRTM6,Star Fox Zero,,v1|387433918047|0,"Star Fox Guard Wii U (Nintendo Wii U, 2016) Sealed New",Brand New,Video Games & Consoles; Video Games,139973,leapinglegumeretro,Wii U,Star Fox Guard,NTSC-U/C (US/Canada); United States,,,Manual Included,2016,Probable Match,Probable Match,,,item-specific Game Name or Edition conflict,no current deterministic rule covers pattern,title_plus_item_specifics_or_category,4d60e7cf-d532-47c3-991a-5d5eeb112ac9,da809a27-4c97-46a6-a0bf-fac5d0eb7e7b,4f101c77-1c8f-43f4-8b42-60ae5e48d561
789,fb7bc2e5-348e-4641-9d0d-077c1fb108f4,2026-07-14T00:54:42.995562+00:00,wrong_edition_version,,B01EQKRTM6,Star Fox Zero,,v1|204989367106|0,Star Fox Guard Nintendo Wii U Brand New + Factory Sealed,Brand New,Video Games & Consoles; Video Games,139973,ks-games,Wii U,Star Fox Guard,NTSC-U/C (US/Canada),,,,,Probable Match,Probable Match,,,item-specific Game Name or Edition conflict,no current deterministic rule covers pattern,title_plus_item_specifics_or_category,0bee5e3e-e878-476b-b21f-c7c632cb58dc,bc470cb0-d947-44f8-a9ab-30d32946a358,40412a62-53e6-4329-8526-213d42f5f0f8
790,86fd937c-9090-4ed7-baaa-fcfb9cd77266,2026-07-14T00:54:42.674765+00:00,wrong_edition_version,,B01EQKRTM6,Star Fox Zero,,v1|156354426864|0,Star Fox Guard Nintendo Wii U - New Sealed,Brand New,Video Games & Consoles; Video Games,139973,dklassicgame,Wii U,Star Fox Guard,NTSC-U/C (US/Canada); Japan,,,Single Player,2016,Probable Match,Probable Match,,,item-specific Game Name or Edition conflict,no current deterministic rule covers pattern,title_plus_item_specifics_or_category,49c04fd9-d84a-431e-a623-7a9c7b013dbe,03a23afb-e380-4a03-ad49-1969f0a23515,d22122aa-9bca-4fc5-9db2-8957d483d04c
791,b6749a4c-077c-45ee-bac7-8c9c3072ffbd,2026-07-14T00:54:42.347064+00:00,wrong_edition_version,,B01EQKRTM6,Star Fox Zero,,v1|177918019360|0,Star Fox Guard - (Brand New Factory Sealed Y Folds) Nintendo Wii U Game,Brand New,Video Games & Consoles; Video Games,139973,theoldschoolgamevault,Wii U,Star Fox Guard,NTSC-U/C (US/Canada); United States,,,Manual Included,2012,Probable Match,Probable Match,,,item-specific Game Name or Edition conflict,no current deterministic rule covers pattern,title_plus_item_specifics_or_category,a8e54b52-b885-4e07-bb36-2bfdc3bb0a39,b8fbc994-cb2a-427e-81bf-8e7a77a99194,1a331132-b5cf-4f15-998f-c38d9a779da0
792,0f0cf577-809a-4038-bc18-485d8acd1a5e,2026-07-14T00:54:41.947448+00:00,wrong_edition_version,,B01EQKRTM6,Star Fox Zero,,v1|164684356283|0,Star Fox Guard for Nintendo Wii U *BRAND NEW*,Brand New,Video Games & Consoles; Video Games,139973,videogameadvantage,Wii U,Star Fox Guard,NTSC-U/C (US/Canada); Japan,,,,2016,Probable Match,Probable Match,,,item-specific Game Name or Edition conflict,no current deterministic rule covers pattern,title_plus_item_specifics_or_category,2e8c25a7-c730-4fea-9ee9-8adae49fd816,a09e0ebb-73fe-42c4-a1f9-970e9a5fc3e6,227e0bd0-fa32-4049-a6a3-d9d40b25730d
793,14728e17-e29d-40e7-90f1-2009ae214ac1,2026-07-14T00:52:44.169675+00:00,wrong_edition_version,,B06ZXRH9KJ,Monster Hunter Stories - Nintendo 3DS,,v1|366360648789|0,Monster Hunter 4G  Japanese Game Nintendo 3DS - Sealed,Brand New,Video Games; Video Games & Consoles,139973; 1249,lotzretail-1,3DS,,,,,,,Probable Match,Probable Match,,,unclear/insufficient evidence,no current deterministic rule covers pattern,title_plus_item_specifics_or_category,1090e5a0-6a45-4f8c-967f-999a1978fb14,33f87576-4de6-4112-ba8b-5e81fe8f8abf,d45de3fb-bf9e-489a-b70b-6779ee1859f7
794,4907b227-8e7f-4aab-9908-906806e7f4db,2026-07-14T00:51:47.439141+00:00,wrong_edition_version,,B071NFMKR2,Final Fantasy XIV Online Complete Edition - PlayStation 4,,v1|166593314766|0,Stormblood Final Fantasy XIV Online Video Game PlayStation 4 PS4 *Brand New*,Brand New,Video Games & Consoles; Video Games,139973,sadequer1,PS 4,Final Fantasy Xiv: Stormblood Expansion Pack,,,,"Complete Edition, Manual Included",,Probable Match,Probable Match,,,item-specific Game Name or Edition conflict,no current deterministic rule covers pattern,title_plus_item_specifics_or_category,c69683b8-ba75-49f2-aca0-b9ac60a32e7b,b53c512d-2897-45b0-8963-810374032233,fdcd8d33-3cb3-4cba-a884-da7d9b693dea
795,05d08e6c-c1cd-42f5-adbf-012bf9cc1f57,2026-07-14T00:51:47.070441+00:00,wrong_edition_version,,B071NFMKR2,Final Fantasy XIV Online Complete Edition - PlayStation 4,,v1|336481781017|0,Stormblood Final Fantasy XIV Online Sony PS4 2017 Brand New See Description,Brand New,Video Games & Consoles; Video Games,139973,solpop_llc,PS 4,Stormblood: Final Fantasy XIV Online,NTSC-U/C (US/Canada); United States,,,"Expansion Pack, Complete Edition",2017,Probable Match,Probable Match,,,console generation/version mismatch,no current deterministic rule covers pattern,title_plus_item_specifics_or_category,d66ccb28-1ba7-4c05-9428-bb564c7aed57,6b2851a9-86f9-40a9-84c4-211722aff219,83c0c77e-8924-42d6-b192-d74561f5cb01
796,9069bb61-eec1-4b8d-8ce6-898edfe3af3b,2026-07-14T00:51:46.69635+00:00,wrong_edition_version,,B071NFMKR2,Final Fantasy XIV Online Complete Edition - PlayStation 4,,v1|286877600827|0,PlayStation 4 PS4 Stormblood Final Fantasy XIV Online Video Game,Brand New,Video Games & Consoles; Video Games,139973,playraven,PS 4,Final Fantasy Xiv: Stormblood Expansion Pack,,,,"Complete Edition, Manual Included",,Probable Match,Probable Match,,,item-specific Game Name or Edition conflict,no current deterministic rule covers pattern,title_plus_item_specifics_or_category,1a808f7a-0a0c-451e-b3e5-94b5ff1d40de,d311e388-ffaa-4a76-b061-152deb245f12,66e95d2b-f231-4274-9a3f-6601e69bc160
797,03766213-c69e-440a-87f7-ed617d7ef0bd,2026-07-14T00:51:46.376045+00:00,wrong_edition_version,,B071NFMKR2,Final Fantasy XIV Online Complete Edition - PlayStation 4,,v1|267701201904|0,Sony PlayStation 4 PS4 Stormblood Final Fantasy XIV Online Strategy Video Game,Brand New,Video Games & Consoles; Video Games,139973,hlqualitybuys,PS 4,Final Fantasy Xiv: Stormblood Expansion Pack,,,,"Complete Edition, Manual Included",,Probable Match,Probable Match,,,item-specific Game Name or Edition conflict,no current deterministic rule covers pattern,title_plus_item_specifics_or_category,8e3e7ebe-f30d-419e-bbaa-b7dfe678f3c9,e19c6755-2eb2-4ce0-9b36-70d421892889,863d653b-5ad0-4171-95b7-61d02fa92cca
798,50a9ca1e-e15f-48d5-af62-e590008b51f4,2026-07-14T00:51:46.018766+00:00,wrong_edition_version,,B071NFMKR2,Final Fantasy XIV Online Complete Edition - PlayStation 4,,v1|267526788561|0,PlayStation 4 PS4 Stormblood Final Fantasy XIV Online Strategy Video Game,Brand New,Video Games & Consoles; Video Games,139973,hlqualitybuys,PS 4,Final Fantasy Xiv: Stormblood Expansion Pack,,,,"Complete Edition, Manual Included",,Probable Match,Probable Match,,,item-specific Game Name or Edition conflict,no current deterministic rule covers pattern,title_plus_item_specifics_or_category,83200185-32bd-4291-bdda-3d3c21d6acc0,8f568ea7-3e4a-4f44-a56f-bb105b26aa32,87d1e218-ba6f-44b1-9849-77231c44844f
799,e0baf07c-cb11-4e3a-ac3e-6afc97e1a6b8,2026-07-14T00:51:45.660644+00:00,wrong_edition_version,,B071NFMKR2,Final Fantasy XIV Online Complete Edition - PlayStation 4,,v1|327245812234|0,PlayStation 4 PS4 Stormblood Final Fantasy XIV Online Video Game,Brand New,Video Games & Consoles; Video Games,139973,patthedric0,PS 4,Final Fantasy Xiv: Stormblood Expansion Pack,United States,,,"Complete Edition, Manual Included",,Probable Match,Probable Match,,,item-specific Game Name or Edition conflict,no current deterministic rule covers pattern,title_plus_item_specifics_or_category,5a44c5c9-b257-4941-9356-553fed70aaa9,f0c1dbf8-f823-442a-9e7b-1854d0762791,7b75a952-41c3-42dd-85db-20b422fb7dde
800,e614bfbd-30fb-485e-84f3-0d263adaf2f1,2026-07-14T00:51:45.319464+00:00,wrong_edition_version,,B071NFMKR2,Final Fantasy XIV Online Complete Edition - PlayStation 4,,v1|267719834904|0,PlayStation 4 Sony PS4 Stormblood Final Fantasy XIV Online Strategy Video Game,Brand New,Video Games & Consoles; Video Games,139973,hlqualitybuys,PS 4,Final Fantasy Xiv: Stormblood Expansion Pack,,,,"Complete Edition, Manual Included",,Probable Match,Probable Match,,,item-specific Game Name or Edition conflict,no current deterministic rule covers pattern,title_plus_item_specifics_or_category,636d12c9-32c6-419a-b83f-d8764cbaa904,866d4bde-7bb3-418c-ada2-b0d1830d6084,63535d50-9679-489f-be22-4cda1e4ed65d
801,0230499c-35c0-4837-b9c3-ef1946c49b5b,2026-07-14T00:51:44.978964+00:00,wrong_edition_version,,B071NFMKR2,Final Fantasy XIV Online Complete Edition - PlayStation 4,,v1|267703270363|0,Sony PlayStation 4 PS4 Stormblood Final Fantasy XIV Online Strategy Video Game,Brand New,Video Games & Consoles; Video Games,139973,hlqualitybuys,PS 4,Final Fantasy Xiv: Stormblood Expansion Pack,,,,"Complete Edition, Manual Included",,Probable Match,Probable Match,,,item-specific Game Name or Edition conflict,no current deterministic rule covers pattern,title_plus_item_specifics_or_category,2d3786c0-d13a-46ca-bf25-32371f1bffe8,a83372e8-9fbf-4a26-9d54-8b5560b81a25,905d3e3b-3e58-4074-80a9-e37cc46a0c3d
802,56edf9ae-e78a-4f9a-9d1d-fa55a328b7f8,2026-07-14T00:51:44.619512+00:00,wrong_edition_version,,B071NFMKR2,Final Fantasy XIV Online Complete Edition - PlayStation 4,,v1|336481763287|0,"Stormblood Final Fantasy XIV Online Sony PlayStation 4 PS4, 2017 Brand New",Brand New,Video Games & Consoles; Video Games,139973,solpop_llc,PS 4,Stormblood: Final Fantasy XIV Online,NTSC-U/C (US/Canada); United States,,,"Expansion Pack, Complete Edition",2017,Probable Match,Probable Match,,,item-specific Game Name or Edition conflict,no current deterministic rule covers pattern,title_plus_item_specifics_or_category,7d8e3585-9c98-49ff-a8dc-5c22d2533edd,5d14d3b5-a264-48ee-a888-a803451c0054,b0c1fa8c-aa78-4f4f-ac2e-8e530edef1a1
803,66469c7e-c544-4ee6-b3ee-d23f64a2f243,2026-07-14T00:51:44.217667+00:00,wrong_edition_version,,B071NFMKR2,Final Fantasy XIV Online Complete Edition - PlayStation 4,,v1|363519156279|0,FINAL FANTASY XIV ONLINE: STORMBLOOD ~ SONY PLAYSTATION 4 PS4 ~ BRAND NEW SEALED,Brand New,Video Games & Consoles; Video Games,139973,thecomicspot,PS 4,Final Fantasy XIV,NTSC-U/C (US/Canada); United States,,,"New, Brand New, Sealed, Complete, CIB, Complete Edition, Multiplayer, Online Playability",2017,Probable Match,Probable Match,,,base game vs complete/GOTY edition,no current deterministic rule covers pattern,title_plus_item_specifics_or_category,602e7b6f-8215-4802-94ce-d0c472e812ae,228fa1ac-f109-478a-a7de-e55f6eed2ace,f5a3be7d-519f-4de4-9685-a29ecdc87545
804,276f1ae3-153d-4c24-82dc-e747196c22b7,2026-07-13T14:34:57.229316+00:00,sales_velocity_too_low,,B07RP46HNM,Tom Clancy's Ghost Recon Breakpoint Steelbook Gold Edition - PlayStation 4,,v1|147335814984|0,Tom Clancy's Ghost Recon Breakpoint Gold Edition SteelBook PS4 Ubisoft,Brand New,Video Games; Video Games & Consoles,139973; 1249,muffin_man382,PS 4,Tom Clancy's Ghost Recon Breakpoint,NTSC-U/C (US/Canada),,,"SteelBook Edition, Multiplayer, Online Playability, Gold Edition, Year 1 Pass",2019,Probable Match,Probable Match,,,sales_velocity_too_low,operator dismissal may be ambiguous or business/system,title_plus_item_specifics_or_category,9bf34bef-dbdb-4a8e-ab2d-03ad1eea65c2,9a5bfec0-5564-4598-b68e-2812aa5ae0d2,d8cf5581-5c16-4c8b-95d6-7b473c86aacb
805,14509224-a749-4fbf-938a-4eda50abaf50,2026-07-13T14:34:56.869767+00:00,sales_velocity_too_low,,B07RP46HNM,Tom Clancy's Ghost Recon Breakpoint Steelbook Gold Edition - PlayStation 4,,v1|366290731339|0,Tom Clancy's Ghost Recon Breakpoint Steelbook Gold Edition - Sony PlayStation 4,Brand New,Video Games; Video Games & Consoles,139973; 1249,darrylsdandies5,PS 4,Tom Clancy's Ghost Recon: Breakpoint,United States,,,"Gold Edition, SteelBook Edition",,Probable Match,Probable Match,,,sales_velocity_too_low,operator dismissal may be ambiguous or business/system,title_plus_item_specifics_or_category,dd68c6c1-e219-4a0c-af7c-64ca25d490eb,f9b59804-9bab-4e1b-8221-3b8b127da7d9,e4a4d875-389f-44cb-8922-6c4bcfade7f3
806,d0b12478-a939-4e2a-b7e7-17f31dcb5b5a,2026-07-13T14:32:53.279503+00:00,wrong_edition_version,,B0140Z6SZQ,The Jackbox Party Pack - PlayStation 4,,v1|377292918615|0,The Jackbox Party Pack 7 Playstation 4 PS4 new,Brand New,Video Games; Video Games & Consoles,139973; 1249,roseali95,PS 4,The Jackbox Party Pack 7,NTSC-U/C (US/Canada); United States,,,,,Probable Match,Probable Match,,,volume/episode/part mismatch,no current deterministic rule covers pattern,title_plus_item_specifics_or_category,d34e6dbb-31db-452e-a6a1-61343b715bfe,37162928-1801-4650-9dfb-fd898460fc83,dc213761-a983-4e1a-92a0-d129db07a468
807,ac6ab838-f9bf-4bb5-9c4c-4160341917f6,2026-07-13T14:32:52.962937+00:00,wrong_edition_version,,B0140Z6SZQ,The Jackbox Party Pack - PlayStation 4,,v1|176734707115|0,NEW The Jackbox Party Pack 7 Sony PlayStation 4 PS4 2021 Video Game,Brand New,Video Games & Consoles; Video Games,139973,spotgames,PS 4,The Jackbox Party Pack 7,NTSC-U/C (US/Canada); Unknown,,,See Details,2021,Probable Match,Probable Match,,,volume/episode/part mismatch,no current deterministic rule covers pattern,title_plus_item_specifics_or_category,d7b20cbd-e750-41d0-907f-ca38ac1d7ce2,1493d168-6ea2-4131-84d3-eea7d2071a9b,c8a9f96d-f668-43a8-bdca-efa6edb75847
808,56497fb1-6c8f-4935-be39-c374ac16b0c6,2026-07-13T14:32:52.646719+00:00,wrong_edition_version,,B0140Z6SZQ,The Jackbox Party Pack - PlayStation 4,,v1|285255572783|0,The Jackbox Party Pack 7 - PlayStation 4,Brand New,Video Games; Video Games & Consoles,139973; 1249,mikikor,PS 4,The Jackbox Party Pack 7,NTSC-U/C (US/Canada),,,,2021,Probable Match,Probable Match,,,volume/episode/part mismatch,no current deterministic rule covers pattern,title_plus_item_specifics_or_category,3662144c-c775-40ef-a41e-7a7d2acd0dd5,bc9c686f-2c76-419b-b414-9a0bfae97bc4,d6f3e578-b5e7-4662-9cb3-c405b0b030c4
809,009abfee-48ce-41a2-910f-63b0b9ca57db,2026-07-13T14:32:52.306193+00:00,wrong_edition_version,,B0140Z6SZQ,The Jackbox Party Pack - PlayStation 4,,v1|334560870332|0,The Jackbox Party Pack 7  (Sony Playstation 4) PS4 Brand New Sealed,Brand New,Video Games; Video Games & Consoles,139973; 1249,trey4558,PS 4,The Jackbox Party Pack 7,NTSC-U/C (US/Canada); United States,,,"Complete Edition, Multiplayer, Online Playability",2021,Probable Match,Probable Match,,,base game vs complete/GOTY edition,no current deterministic rule covers pattern,title_plus_item_specifics_or_category,099aa312-6885-44a8-b5d9-375ade778bb4,97dd1767-ae13-4f61-8a61-49f1f4e9c29f,107d41c7-1b4c-4633-bd2d-9168bcdffc52
810,f264ca7f-d0e4-4c0e-8760-a96df12132c2,2026-07-13T14:32:51.927236+00:00,wrong_edition_version,,B0140Z6SZQ,The Jackbox Party Pack - PlayStation 4,,v1|185980807894|0,The Jackbox Party Pack 7 Playstation 4,Brand New,Video Games; Video Games & Consoles,139973; 1249,rcraig.cd.images,PS 4,The Jackbox Party Pack 7,NTSC-U/C (US/Canada); United States,,,Multiplayer,2021,Probable Match,Probable Match,,,volume/episode/part mismatch,no current deterministic rule covers pattern,title_plus_item_specifics_or_category,0c54a78b-238f-473d-ab8d-66175df36f48,f42c0cb4-f028-4fc1-8bf9-46b510f48e01,6e318a09-94ab-49fd-b467-34d4a8be1f6c
811,84d7c058-0b0d-47a8-97aa-e2b7b365b431,2026-07-13T14:32:51.545226+00:00,wrong_edition_version,,B0140Z6SZQ,The Jackbox Party Pack - PlayStation 4,,v1|257429389271|0,NEW The Jackbox Party Pack 7 Sony PlayStation PS4 Video Game Rated Teen,Brand New,Video Games; Video Games & Consoles,139973; 1249,suziesclozet,PS 4,The Jackbox Party Pack 7,Region Free; United States,,,See Photos,,Probable Match,Probable Match,,,console generation/version mismatch,no current deterministic rule covers pattern,title_plus_item_specifics_or_category,10ba9142-16fe-473b-be8e-4621c05f1187,ab983e0e-cde4-45fa-bc1b-78c2ca3685ed,ac6989ae-3c40-4c04-a00c-35ef2d91d76b
812,f5981c6c-4756-4898-aee5-af294fefde69,2026-07-13T14:32:51.201358+00:00,wrong_edition_version,,B0140Z6SZQ,The Jackbox Party Pack - PlayStation 4,,v1|225788148641|0,The Jackbox Party Pack 7 PlayStation 4 PS4 NEW SEALED,Brand New,Video Games; Video Games & Consoles,139973; 1249,crab925,PS 4,The Jackbox Party Pack 7,Region Free; United States,,,Complete Edition,2021,Probable Match,Probable Match,,,base game vs complete/GOTY edition,no current deterministic rule covers pattern,title_plus_item_specifics_or_category,212b4865-cb94-4596-a498-f93a6614f9bc,6c3c9391-752e-408a-b269-f49a308613a4,cb7e07fa-0de2-4354-905a-6bf8088acee6
813,7cf9d944-1417-45a3-ac27-fd8bfe59f2c8,2026-07-13T14:32:50.8726+00:00,wrong_edition_version,,B0140Z6SZQ,The Jackbox Party Pack - PlayStation 4,,v1|127855780672|0,NEW - PS4 - The Jackbox Party Pack 7 - Sony Playstation - Factory Sealed,Brand New,Video Games; Video Games & Consoles,139973; 1249,fortedesoto,PS 4,The Jackbox Party Pack 7,NTSC-U/C (US/Canada); United States,,,Multiplayer,2021,Probable Match,Probable Match,,,console generation/version mismatch,no current deterministic rule covers pattern,title_plus_item_specifics_or_category,2a362c7e-b7a9-4e6a-97a7-2672103d1c23,1f1d23d3-efb5-4ac2-9854-c24c952f3675,476be364-9f94-4210-a739-141b6f8ef292
814,58efad73-cd41-432f-92f8-527d5ccad785,2026-07-13T14:32:50.506452+00:00,wrong_edition_version,,B0140Z6SZQ,The Jackbox Party Pack - PlayStation 4,,v1|256381707863|0,NEW The Jackbox Party Pack 7 Sony PlayStation 4 PS4 2021 Video Game,Brand New,Video Games; Video Games & Consoles,139973; 1249,matrix713,PS 4,The Jackbox Party Pack 7,Region Free; Unknown,,,"Online Playability, Multiplayer",2021,Probable Match,Probable Match,,,volume/episode/part mismatch,no current deterministic rule covers pattern,title_plus_item_specifics_or_category,e67cf7d7-e3e2-4093-bdb7-361ec75f67e4,0f069a1e-d836-4a38-b775-5e61ade0f700,9ad223a7-a159-4677-bb1e-a5057470e6db
815,182260ba-a53b-4ef4-b141-b3cea19781e3,2026-07-13T00:06:53.573901+00:00,wrong_edition_version,,B071X7QQKZ,Fire Emblem Warriors - Nintendo Switch [Nintendo Switch],,v1|257613232723|0,Fire Emblem Warriors: Three Hopes - Nintendo Switch - BRAND NEW FACTORY SEALED,Brand New,Video Games; Video Games & Consoles,139973; 1249,retronica-market,Switch,,,,,,,Probable Match,Probable Match,,,unclear/insufficient evidence,no current deterministic rule covers pattern,title_plus_item_specifics_or_category,18f265ee-67ae-45a2-84c0-3301462147de,d98970ce-4dde-47fe-8991-106b0dae4774,31f9cc6c-2818-4422-b431-208784a277ec
816,0207348a-61f1-4304-988f-b109bc5997ae,2026-07-12T19:37:00.395125+00:00,non_north_american_version,,B00KL4PNWA,Alien: Isolation - Nostromo Edition (Xbox One) [Xbox One],,v1|293839536316|0,Alien Isolation Xbox One Brand New Factory Sealed,Brand New,Video Games; Video Games & Consoles,139973; 1249,digitalvillellc,Xbox One,,,,,,,Probable Match,Probable Match,,,non_north_american_version,no current deterministic rule covers pattern,title_plus_item_specifics_or_category,b51c3cc8-c999-46b2-88c7-97f9642eb864,d7e2b3a0-0631-4196-aad4-54a7e1240c7f,7c1840b7-c178-4eb5-8253-f49d03ba0fcf
817,5936cb79-b2fd-4100-8abd-d8ed50fc185e,2026-07-12T19:36:44.955329+00:00,incomplete_product,,B00AXI9XIE,DISNEY INFINITY Starter Pack PS3 [PlayStation 3],,v1|265123129462|0,"🌍Disney Infinity,Twilight,Starter Pack (Playstation 3)No Box ‼️",Brand New,Video Games; Video Games & Consoles,139973; 1249,smuser12,PS 3,,,,,,,Probable Match,Probable Match,,,incomplete_product,no current deterministic rule covers pattern,title_plus_item_specifics_or_category,54ac90d5-19f0-420d-b822-b8ac81537a94,994eef09-c6a5-4d4b-b97b-cc27808d2b2e,e69e7731-4f71-40f7-9c3f-9f5124db7115
818,dac0c6ce-82ff-459d-9594-c9790562fd5f,2026-07-12T19:35:42.542186+00:00,wrong_edition_version,,B003VJKJG2,Plants Vs. Zombies [Xbox 360],,v1|287351168212|0,"Plants vs. Zombies: Garden Warfare  (Xbox 360, 2014) BRAND NEW SEALED",Brand New,Video Games; Video Games & Consoles,139973; 1249,tcl217,Xbox 360,Plants Vs Zombies Garden Warfare,NTSC-U/C (US/Canada); United States,,,,2014,Probable Match,Probable Match,,,item-specific Game Name or Edition conflict,evidence unavailable before detail but available afterward,title_plus_item_specifics_or_category,c62b9816-4523-4b81-95a9-71b09b05fa01,82e0eccd-900f-4a53-ac29-f91abfa53ece,215df0e2-e7a7-4c7b-801a-4ce009bf3e08
819,82d743c2-2147-42cb-b8f2-e40595767e6a,2026-07-12T19:35:42.144226+00:00,wrong_edition_version,,B003VJKJG2,Plants Vs. Zombies [Xbox 360],,v1|318413330947|0,"Plants vs. Zombies: Garden Warfare  (Xbox 360, 2014) BRAND NEW SEALED",Brand New,Video Games; Video Games & Consoles,139973; 1249,tthodgepodge,Xbox 360,,,,,,,Probable Match,Probable Match,,,unclear/insufficient evidence,no current deterministic rule covers pattern,title_plus_item_specifics_or_category,db0a3737-f859-4143-9b7f-3e57030b408f,3bbedac0-50d6-4992-b889-850ef7438575,82eefb1e-ff78-4b73-a3c0-67670fd1ab76
820,031199cb-96e5-4f74-aeb1-d1ca733a6a36,2026-07-12T19:35:41.763794+00:00,wrong_edition_version,,B003VJKJG2,Plants Vs. Zombies [Xbox 360],,v1|277470760983|0,"Plants vs. Zombies: Garden Warfare, Xbox 360 Factory Sealed Game Y24",Brand New,Video Games; Video Games & Consoles,139973; 1249,asmodeus762,Xbox 360,,,,,,,Probable Match,Probable Match,,,unclear/insufficient evidence,no current deterministic rule covers pattern,title_plus_item_specifics_or_category,1ce64836-2527-4397-bf89-c45ba2ab88fe,4eed503c-2bd8-472c-a283-73f23e66281a,e51746fc-8753-41fe-a580-7bad7d1066d1
821,4ecc7e65-c9d9-4ae5-b6f1-09057625b8ab,2026-07-12T19:35:41.423895+00:00,wrong_edition_version,,B003VJKJG2,Plants Vs. Zombies [Xbox 360],,v1|266996669228|0,Plants Vs Zombies Garden Warfare - Microsoft Xbox 360,Brand New,Video Games; Video Games & Consoles,139973; 1249,thelivingstone,Xbox 360,Plants Vs Zombies Garden Warfare,,,,,,Probable Match,Probable Match,,,item-specific Game Name or Edition conflict,evidence unavailable before detail but available afterward,title_plus_item_specifics_or_category,4e25731b-6b8f-4351-806c-93804815fcc9,80a52f23-2cc5-42b9-82d3-258414e16912,d47a9d93-c5c3-4791-86f0-7bb11d29cf76
822,f2876b69-ea07-4e52-bf1d-48caede1fbf7,2026-07-12T19:35:41.057177+00:00,wrong_edition_version,,B003VJKJG2,Plants Vs. Zombies [Xbox 360],,v1|396706750514|0,"PLANTS VS ZOMBIES GARDEN WARFARE (Microsoft Xbox 360, 2014) Brand NEW & Sealed! ",Brand New,Video Games; Video Games & Consoles,139973; 1249,kemic3808,Xbox 360,Plants Vs Zombies Garden Warfare,,,,Manual Included,,Probable Match,Probable Match,,,item-specific Game Name or Edition conflict,evidence unavailable before detail but available afterward,title_plus_item_specifics_or_category,e7953ed6-b7a9-40c7-936a-515b4453d8b6,464b9354-457b-4787-8034-a4d0abc96d9f,962d7ba0-78f2-452f-ade6-680440bfaa1d
823,fb982ec8-d6cd-4790-9c00-41e105c6e5e9,2026-07-12T18:59:57.132233+00:00,wrong_edition_version,,B002BUUM00,Marvel Super Hero Squad - Nintendo Wii [video game],,v1|256973141336|0,"Marvel Super Hero Squad: Comic Combat (Nintendo Wii, 2011) New Sealed ",Brand New,Video Games; Video Games & Consoles,139973; 1249,renesrarefinds,Wii,,,,,,,Probable Match,Blocked,non-US item location,,unclear/insufficient evidence,current rule should already block,title_plus_item_specifics_or_category,0e0c235a-c47a-451c-9033-c01437c26ff9,b3a789b3-b70d-4095-8cc3-4d69320a6135,442e4af5-6824-43ec-afa4-e543d3a480a3
824,1af7d9bb-49be-4bde-aa2d-65ac8a4d0e0b,2026-07-12T18:59:56.819139+00:00,wrong_edition_version,,B002BUUM00,Marvel Super Hero Squad - Nintendo Wii [video game],,v1|156179019955|0,"Marvel Super Hero Squad: Comic Combat (Nintendo Wii, 2011)",Brand New,Video Games; Video Games & Consoles,139973; 1249,peterxl123,Wii,,,,,,,Probable Match,Probable Match,,,unclear/insufficient evidence,no current deterministic rule covers pattern,title_plus_item_specifics_or_category,bd7cbfbc-d22d-4458-b159-cd30cb41b159,f905b3b7-6773-4a1a-a317-bc43fd87b8c7,9ff7aba5-e421-48c0-8ca4-461984603a28
825,631c0a83-ca2d-4d1e-8fc2-2051126ec445,2026-07-12T18:59:56.515427+00:00,wrong_edition_version,,B002BUUM00,Marvel Super Hero Squad - Nintendo Wii [video game],,v1|377307681575|0,Marvel Super Hero Squad: Comic Combat  Nintendo Wii new,Brand New,Video Games; Video Games & Consoles,139973; 1249,roseali95,Wii,,,,,,,Probable Match,Probable Match,,,unclear/insufficient evidence,no current deterministic rule covers pattern,title_plus_item_specifics_or_category,4a0ea930-1af8-4345-b541-940ccf1cbd21,3dd0c99f-a4b0-432a-9ef4-d81edb1237c3,fea55441-314f-46af-b91e-4503f4888040
826,e33162d5-61bc-4649-b397-579e4df12ca6,2026-07-12T18:59:56.128663+00:00,wrong_edition_version,,B002BUUM00,Marvel Super Hero Squad - Nintendo Wii [video game],,v1|389478404572|0,"Marvel Super Hero Squad: Comic Combat (Nintendo Wii, 2011) Brand New, Sealed",Brand New,Video Games; Video Games & Consoles,139973; 1249,beyondgaming,Wii,,,,,,,Probable Match,Probable Match,,,unclear/insufficient evidence,no current deterministic rule covers pattern,title_plus_item_specifics_or_category,22c1aeb4-5aeb-4efd-892a-2266ae23193a,bc49b4c4-2af9-4a3b-98cc-84e92692beb6,699df16d-7613-4b8f-a1c3-aff74bbc5ed7
827,fc1d9437-32de-4f9d-a529-c7b7b6afee1a,2026-07-12T18:59:11.786865+00:00,wrong_edition_version,,B01CVS3424,Ghostbusters - PlayStation 4 [video game],,v1|135649186176|0,Nighthawk Interactive Ghostbusters: Spirits Unleashed (PlayStation 4),Brand New,Video Games; Video Games & Consoles,139973; 1249,vipoutlet,PS 4,,,,,,,Probable Match,Probable Match,,,unclear/insufficient evidence,no current deterministic rule covers pattern,title_plus_item_specifics_or_category,e7399df2-fb58-4e66-910c-0a10557f9d57,9143232d-fcc3-4fd9-9671-9e4068f8c864,6267c004-35d1-4457-9e43-8bb587b04e5e
828,21a71157-165a-40fb-b61b-15c84ad86f0f,2026-07-12T18:59:11.440041+00:00,wrong_edition_version,,B01CVS3424,Ghostbusters - PlayStation 4 [video game],,v1|327240530661|0,Ghostbusters Spirits Unleashed Sony Playstation 4 (PS4) Game NEW SEALED,Brand New,Video Games; Video Games & Consoles,139973; 1249,dixonswaybackwares,PS 4,,,,,,,Probable Match,Probable Match,,,unclear/insufficient evidence,no current deterministic rule covers pattern,title_plus_item_specifics_or_category,597eabfc-6b1d-4308-bad3-f15ad1c04003,8e20f8da-2985-4ef7-8014-b5ecfa22614b,152fde9d-6a7c-4e30-9d68-80e4dd3f99bc
829,43d01807-d138-4cde-8b00-8dcea19cc69b,2026-07-12T18:59:11.042728+00:00,wrong_edition_version,,B01CVS3424,Ghostbusters - PlayStation 4 [video game],,v1|204537123113|0,Ghostbusters Spirits Unleashed (PlayStation 4 PS4) NEW Sealed Free Shipping,Brand New,Video Games; Video Games & Consoles,139973; 1249,nolaexclusives,PS 4,,,,,,,Probable Match,Probable Match,,,unclear/insufficient evidence,no current deterministic rule covers pattern,title_plus_item_specifics_or_category,bebf0627-6caa-43c4-b6fa-d722424eb18b,d92dc4b3-77de-4dd5-a17b-265832eda644,63fd9ba7-8e05-436d-bf32-1d586b843d4e
830,e8443879-ba47-4158-b8f0-6285d7ffd5f7,2026-07-12T18:58:57.620766+00:00,suspected_reseal,,B0062VM8LU,Final Fantasy XIII-2 Collector's Edition - Playstation 3 [video game],,v1|194926657319|0,Final Fantasy XIII-2: Collector's Edition (Sony PlayStation 3) - New Open Box,Brand New,Video Games; Video Games & Consoles,139973; 1249,acgamesonline,PS 3,,,,,,,Probable Match,Blocked,non-US item location,,suspected_reseal,current rule should already block,title_only,58afb8b4-3109-4e87-89d7-dd543315b9a7,1d85a497-9ff5-4299-85f6-f0eb16cb0208,c1caea9c-1995-4e36-a775-515ecd975ac7
831,2b8b9db9-2af0-4139-be63-c609d97f7186,2026-07-12T18:58:37.48073+00:00,missing_shrink_wrap,,B00PB9LZQI,The Legend of Zelda: Majora's Mask 3D [video game],,v1|198485865921|0,The Legend of Zelda: Majora's Mask 3D - Nintendo Selects Edition - Nintendo 3DS,Brand New,Video Games; Video Games & Consoles,139973; 1249,camcollectstcgs,3DS,,,,,,,Probable Match,Probable Match,,,missing_shrink_wrap,evidence exists only in images,image_or_operator_visual_review,54e68659-e43e-4c1f-b904-a840333809ff,c832a41d-0925-4e26-af5f-cc475562a694,0f3b7889-1f5f-4d01-bc44-9962ee3f2903
832,8cc18c87-35f6-46d2-9e50-b2d904991b1b,2026-07-12T18:05:08.050439+00:00,incomplete_product,,B0BV9NKGJ4,The Legend of Zelda: Tears of the Kingdom Collector’s Edition [video game],,v1|274715359206|0,🔥[ART BOOK ONLY] Zelda Tears of the Kingdom Collector's Edition Nintendo Switch,Brand New,Video Games; Video Games & Consoles,139973; 1249,dealbuddy,Switch,,,,,,,Probable Match,Probable Match,,,incomplete_product,no current deterministic rule covers pattern,title_plus_item_specifics_or_category,ac0ddbcc-eeb7-4bbe-a87e-40f8dfbe4374,64766b50-9be3-4332-9f05-983bec2761b4,abe77698-67ae-47a5-9da5-e6a441ac8d61
833,0b10207a-a561-45a3-b7ef-aa2ad8071f2d,2026-07-12T18:05:02.950628+00:00,wrong_edition_version,,B0BV9NKGJ4,The Legend of Zelda: Tears of the Kingdom Collector’s Edition [video game],,v1|800272811354|0,The Legend of Zelda - Tears of the Kingdom Nintendo Switch Game Brand ( Sealed ),Brand New,Video Games; Video Games & Consoles,139973; 1249,doghousecomicz,Switch,The Legend of Zelda: Tears of the Kingdom,NTSC-U/C (US/Canada),,,Collector's Edition,2023,Probable Match,Probable Match,,,base game vs collector's edition,no current deterministic rule covers pattern,title_plus_item_specifics_or_category,98878810-d14c-4d7c-ba79-5fc86aacea74,06cf7e07-96f0-413e-9206-f5d654e9cbf3,53e276d4-8fd3-4158-81ba-8f57504f554f
834,6e80e513-d7f4-4448-83a1-9b99392749d8,2026-07-12T17:59:21.089543+00:00,incomplete_product,,B07DPZ1WQ9,Super Mario Party - [Nintendo Switch] [video game],,v1|117164911982|417164572370,Switch Case Replacement Nintendo Switch Super Mario Party,Brand New,Original Game Cases & Boxes; Video Games & Consoles,182175; 1249,tabletmarketusa,Switch,,,,,,,Probable Match,Probable Match,,,incomplete_product,no current deterministic rule covers pattern,title_plus_item_specifics_or_category,4ab79a48-b2c6-4186-9cc7-ca93b792a958,705156bd-6743-4f12-8689-fe4ce3bdd62d,44bcbf1c-1f97-44b1-ad34-13e94de0d4ee
835,b84439b9-4e88-47ea-9015-a1e063fa7f75,2026-07-12T17:59:09.769016+00:00,wrong_product,,B097RB8JJB,Farming Simulator 22 - PC [video game],,v1|277303183672|0,"World of Simulators: Farm, Drive & Rescue PC UIG 22 Complete Games E",Brand New,Video Games; Video Games & Consoles,139973; 1249,areafiftyfun,PC,,,,,,,Probable Match,Probable Match,,,unclear/insufficient evidence,no current deterministic rule covers pattern,title_plus_item_specifics_or_category,3699dfe9-5633-44a8-9efe-80890d8e3e1a,1b83a54c-eb16-473e-8f87-42f8681bd4da,f973928e-e582-4f0c-9f97-98993c9ff26e
836,095bb477-c102-44e1-9300-c877022650f0,2026-07-12T17:58:28.241718+00:00,sales_velocity_too_low,,B09GTQ8J7F,The Smurfs: Mission Vileaf (PS5) - PlayStation 5 [video game],,v1|306523143725|0,The Smurfs: Mission Vileaf - PlayStation 5 -New- Digital Edition,Brand New,Video Games; Video Games & Consoles,139973; 1249,yoursavings,PS 5,The Smurfs,,,,,2021,Probable Match,Probable Match,,,sales_velocity_too_low,operator dismissal may be ambiguous or business/system,title_plus_item_specifics_or_category,68692c9f-7aa3-4412-9b38-1a67a516fd7d,73ee05c9-69c1-40ce-8b18-f7acbeed2d3c,6944dc70-0275-4282-8f87-ff9837d07a29
837,5d0a8182-518e-4d53-9c82-71e59284a820,2026-07-12T17:57:38.446778+00:00,digital_item,,B08GZ3M2ZV,Monster Hunter Rise - Nintendo Switch [video game],,v1|405679602886|675965750199,Nin Switch Monster Hunter Rise SunBreak Edit Mod ✨MAX OUT✨,Brand New,Video Games; Video Games & Consoles,139973; 1249,barjac4961,Switch,,,,,,,Probable Match,Probable Match,,,digital_item,no current deterministic rule covers pattern,title_plus_item_specifics_or_category,62a46bfd-4042-4d87-a242-02237a4cf6a1,11149ba4-e2b2-4155-9d9a-2e2bbee6736b,906af780-7406-4fac-9b76-8a0c965a50cd
838,ed1dada9-73de-416f-ad2d-ecf86a0326af,2026-07-12T17:55:23.847974+00:00,wrong_platform,,B000R3BN42,Thrillville: Off the Rails [video game],,v1|113252360298|0,THRILLVILLE  OFF THE RAILS BUILD AND PLAY THE BEST THEME PARK EVER...YOURS! NEW.,Brand New,Video Games; Video Games & Consoles,139973; 1249,softwarebargains!,,,,,,,,Probable Match,Probable Match,,,wrong_platform,no current deterministic rule covers pattern,title_plus_item_specifics_or_category,9bd6e341-4171-4596-b546-cfb6f441dbbd,82e0e7cf-d8ed-46e6-ab5f-65297c2e8468,37442011-9718-4400-accc-7ad7f9ae2c14
839,079e322b-06e8-4fff-80fb-582d5d56abdc,2026-07-12T17:55:23.497747+00:00,wrong_platform,,B000R3BN42,Thrillville: Off the Rails [video game],,v1|297932285645|0,Thrillville Off the Rails,Brand New,Video Games; Video Games & Consoles,139973; 1249,phife100,,,,,,,,Probable Match,Probable Match,,,wrong_platform,no current deterministic rule covers pattern,title_plus_item_specifics_or_category,525da1e0-63f4-413c-90ce-efca3e822ef3,e8d35d0c-f64e-4593-b653-7923a5b3b02b,c452d964-ff27-4cbb-92f8-936cfed65c3a
840,f96ae147-b753-4623-bffc-4b899f4eddc6,2026-07-12T17:54:21.340552+00:00,non_north_american_version,,B072MK1CL1,Code Vein - PlayStation 4 [video game],,v1|296503782609|0,Code Vein PS4 Brand New Factory Sealed PlayStation 4,Brand New,Video Games; Video Games & Consoles,139973; 1249,digitalvillellc,PS 4,,,,,,,Probable Match,Probable Match,,,non_north_american_version,no current deterministic rule covers pattern,title_plus_item_specifics_or_category,205c7c20-0ea3-4e8d-8600-0d1d8bdaabad,0333c20c-2db6-406d-944b-d136a4d0f406,0d04cab3-6866-4603-beb8-a75c89a79c78
841,260e2abb-8b96-4648-ae6f-75b43daad9bd,2026-07-12T17:54:12.426107+00:00,missing_shrink_wrap,,B002I0H79C,Gears of War 3 [video game],,v1|398062767894|0,Gears of War 3 Microsoft Xbox 360 Game Disc Case Heavily Scratched Read,Brand New,Video Games; Video Games & Consoles,139973; 1249,3legacies,Xbox 360,,,,,,,Probable Match,Probable Match,,,missing_shrink_wrap,evidence exists only in images,image_or_operator_visual_review,7c49ce7a-50ba-4996-9872-86111cbcdd17,59e8c15f-6346-471b-bfff-956a64ad2669,316bfeef-9434-4d86-be1f-4dba15d0df79
842,8869b26b-e9ef-4928-a24b-455505668cd4,2026-07-12T17:52:33.620082+00:00,wrong_platform,,B01GWGX74Q,Just Dance 2017 - Wii [video game],,v1|406203645631|0,Just Dance 2017 - Nintendo Wii-U,Brand New,Video Games; Video Games & Consoles,139973; 1249,dealtavern,Wii,,,,,,,Probable Match,Probable Match,,,wrong_platform,no current deterministic rule covers pattern,title_plus_item_specifics_or_category,b22f1d98-891c-4abd-a611-6fc14607d24a,e6524c09-b220-4a7a-8437-bb41d4fbce32,94c064e0-b42b-4c8b-8364-50e96a752e52
843,6f4bf4ad-b142-4098-ad50-0b0add7a1a40,2026-07-12T17:51:51.945356+00:00,packaging_damage,,B072JZB85B,FIFA 18 (PS4) [video game],,v1|307057364892|0,"FIFA 18 (Sony PlayStation 4, 2018) Factory Sealed",Brand New,Video Games; Video Games & Consoles,139973; 1249,vibes-llc,PS 4,,,,,,,Probable Match,Probable Match,,,packaging_damage,evidence exists only in images,image_or_operator_visual_review,1f7f7fd3-c2e8-4f71-85e8-934a559d688a,13ac17f3-fe4d-4855-9e40-765926ec7d59,76a2e786-cc47-4bdb-b808-8c1b96461d29
844,0f26daf8-8455-4fef-b346-1662ee78d14a,2026-07-12T00:49:20.786722+00:00,non_north_american_version,,B00I19TXNC,Alien: Isolation - Xbox One [Xbox One],,v1|293839536316|0,Alien Isolation Xbox One Brand New Factory Sealed,Brand New,Video Games; Video Games & Consoles,139973; 1249,digitalvillellc,Xbox One,,,,,,,Probable Match,Probable Match,,,non_north_american_version,no current deterministic rule covers pattern,title_plus_item_specifics_or_category,32e6fa8b-7b52-419c-acbf-7262df9144f4,d7e2b3a0-0631-4196-aad4-54a7e1240c7f,402db47a-996c-4f5f-bcc6-16e8ae3d1b4c
845,44751235-5c17-48f8-9bd9-8d0c30158a9b,2026-07-11T22:25:49.692922+00:00,roi_too_low,,B0886TTGTK,Skater XL - PlayStation 4 [video game],,v1|327205286872|0,"Skater XL (PS4, 2020) PlayStation 4 Brand New Sealed",Brand New,Video Games; Video Games & Consoles,139973; 1249,gamerzworld1438,PS 4,,,,,,,Probable Match,Probable Match,,,roi_too_low,operator dismissal may be ambiguous or business/system,title_plus_item_specifics_or_category,4932e4c7-7302-413b-8488-6d15dc8548d8,a328323a-f4b3-452b-a696-8f6daf95cd00,aba86f3f-686d-4f68-acbe-ae9c6689728a
846,15df9739-a2ec-4259-a462-83d63565b04d,2026-07-11T22:25:49.233947+00:00,roi_too_low,,B0886TTGTK,Skater XL - PlayStation 4 [video game],,v1|318208781145|0,"Skater XL (PS4, 2020)",Brand New,Video Games & Consoles; Video Games,139973,richwayneusa,PS 4,Skater XL,Region Free; United States,,,"Multiplayer, Online Playability, Super Game Boy",2020,Probable Match,Probable Match,,,roi_too_low,operator dismissal may be ambiguous or business/system,title_plus_item_specifics_or_category,08b4ba18-e0d2-46b4-8ac2-dc1921a38657,58e8530c-e8c9-486a-a256-3c0910f52c58,a8391e48-3ef6-4d2e-8464-ef1f0ac666ce
847,22016d1d-ab54-4622-92b0-8332bcfb22a3,2026-07-11T22:25:12.838107+00:00,missing_shrink_wrap,,B01HDJFJLK,Farming Simulator 17 - PlayStation 4 [video game],,v1|358175367808|0,Farming Simulator 17 for Sony PlayStation 4,Brand New,Video Games; Video Games & Consoles,139973; 1249,uptownfunkcardsandcollectibles,PS 4,,,,,,,Probable Match,Probable Match,,,missing_shrink_wrap,evidence exists only in images,image_or_operator_visual_review,7e9f8cc2-e91f-4407-85e5-33c02a0cea2b,4b8a5a57-eb60-49fe-8b54-57c1bb357b1d,b8bd0fda-8f90-414f-b5ac-e7b31c9356e4
848,9faab1a7-12e5-4853-aa14-c1859d1bab33,2026-07-11T22:23:06.991695+00:00,wrong_edition_version,,B014N4RTS4,YO-KAI WATCH - 3DS [video game],,v1|267507135535|0,Yo-Kai Watch Nintendo 3DS Game by Nintendo - *NEW*,Brand New,Video Games; Video Games & Consoles,139973; 1249,smilefefer,3DS,,,,,,,Probable Match,Probable Match,,,unclear/insufficient evidence,no current deterministic rule covers pattern,title_plus_item_specifics_or_category,fa5e2662-3b50-41ef-89f6-a53712cebc7c,9f6f3b84-a7fb-461d-8571-a41c1959b067,c2c83b40-5865-40cf-8f02-5622468dc7f3
849,d952a411-bc15-400e-80ff-41792b2bbc92,2026-07-11T22:22:51.95526+00:00,missing_shrink_wrap,,B00B98HF1O,"Lego: Marvel Super Heroes, XBOX 360 [video game]",,v1|298353652627|0,Warner Bros. LEGO Marvel Super Heroes (Xbox 360) E10+ Video Game,Brand New,Video Games; Video Games & Consoles,139973; 1249,gib-3937,Xbox 360,,,,,,,Probable Match,Probable Match,,,missing_shrink_wrap,evidence exists only in images,image_or_operator_visual_review,7211e73f-d389-4a5d-b327-aa5287d9fd52,87cf94d0-85d8-463b-bd31-8bba397c769d,92ba0b24-cb29-4e35-9bae-38a950119554
850,2411953a-ebf0-431a-8d28-49e7de6bd5d6,2026-07-11T22:21:45.495232+00:00,incomplete_product,,B08BXGHG48,NBA 2K21 - Nintendo Switch [video game],,v1|227413426503|0,Nintendo Switch NBA 2K21 Video Game,Brand New,Video Games; Video Games & Consoles,139973; 1249,sygwhitehorse,Switch,,,,,,,Probable Match,Probable Match,,,incomplete_product,no current deterministic rule covers pattern,title_plus_item_specifics_or_category,70ad4408-39f0-4b2e-a533-122fafc81dec,12e2c0ac-056f-40a5-abb7-5e065d88e8e1,99fd0647-6037-417f-9b63-4b2e827e1b4f
851,9bdf9fdf-2511-446f-9e62-2ab25cd2c104,2026-07-11T22:20:58.857331+00:00,wrong_platform,,B0042YM9GI,Michael Jackson: The Experience [video game],,v1|178158109529|0,"Michael Jackson: The Experience 3D (Nintendo 3DS, 2011) Brand New Factory Sealed",Brand New,Video Games; Video Games & Consoles,139973; 1249,vault123,3DS,,,,,,,Probable Match,Probable Match,,,wrong_platform,no current deterministic rule covers pattern,title_plus_item_specifics_or_category,0d661c7e-f750-423d-a13b-ff871cf11643,5dde5866-d1ea-41aa-b9b4-2aca3d9e77ec,ccdff40b-c95d-4f2f-83c7-cda49d3b3fc1
852,71c86504-0366-4bfe-98b6-2f9be3bea9cb,2026-07-11T22:20:53.168441+00:00,wrong_platform,,B0042YM9GI,Michael Jackson: The Experience [video game],,v1|223133623519|0,"Michael Jackson: The Experience [Walmart Exclusive]  (Sony Playstation 3, 2011)",Brand New,Video Games; Video Games & Consoles,139973; 1249,gamego10,PS 3,,,,,,,Probable Match,Probable Match,,,wrong_platform,no current deterministic rule covers pattern,title_plus_item_specifics_or_category,dada36d2-525b-4ef5-896c-4d0dd121e724,b29c6aa5-994e-4c49-a383-3c04cbb2e1b5,d7f23f1c-9e7f-484a-941a-22120076045a
853,c0bc9bce-37a3-498f-a612-8a13f8851d0e,2026-07-11T22:20:52.823144+00:00,wrong_platform,,B0042YM9GI,Michael Jackson: The Experience [video game],,v1|143369143921|0,"Michael Jackson: The Experience (Sony PlayStation 3, 2011)",Brand New,Video Games; Video Games & Consoles,139973; 1249,ronniep850,PS 3,Michael Jackson: The Experience,,,,,,Probable Match,Probable Match,,,wrong_platform,no current deterministic rule covers pattern,title_plus_item_specifics_or_category,03a69206-459e-4930-bd0f-a40b33988401,beb14fbf-c99c-4f7f-82e0-f9a8dc3ad68b,e2c161ad-94cf-472b-8007-521dc33097e4
854,44c95621-541a-443c-aa4f-5d5417d0a96f,2026-07-11T22:19:12.571543+00:00,missing_shrink_wrap,,B07KX13568,Hello Neighbor Nintendo Switch [video game],,v1|298307056669|0,Hello Neighbor - Nintendo Switch ,Brand New,Video Games; Video Games & Consoles,139973; 1249,mic-882588,Switch,,,,,,,Probable Match,Probable Match,,,missing_shrink_wrap,evidence exists only in images,image_or_operator_visual_review,254a76ca-68c5-4c23-93cb-fd942877cdc7,66c48583-1611-4f11-9ced-6a2087c2cd64,8c5336a6-0186-469a-b848-a2891d13623d
855,924526ab-6145-4200-99c9-cf336b3a0fe7,2026-07-11T22:16:15.473572+00:00,packaging_damage,,B00D8S4GRY,Just Dance 2014 - PlayStation 4 [video game],,v1|117204189697|0,"Ubisoft Just Dance 2014 Sony PlayStation 4 Multiplayer Dance Music, E10+, 2013",Brand New,Video Games; Video Games & Consoles,139973; 1249,janet.bel,PS 4,,,,,,,Probable Match,Probable Match,,,packaging_damage,evidence exists only in images,image_or_operator_visual_review,aaafb2eb-acad-47ba-a1d0-66f33f63bc84,62e96884-2f75-4abe-9bfc-350145b05e86,f6bdb340-68f9-4df6-bdd3-c4b49dfacb75
856,3f965f7f-3932-4c43-b310-881ef709b02b,2026-07-11T22:15:34.14357+00:00,missing_shrink_wrap,,B08H9KGMWK,Mario Kart Live: Home Circuit -Mario Set - Nintendo Switch,,v1|127937083763|0,Mario Kart Live: Home Circuit -Mario Set - Nintendo Switch,Brand New,Video Games; Video Games & Consoles,139973; 1249,gwiyomiroll-chan2026,Switch,,,,,,,Probable Match,Probable Match,,,missing_shrink_wrap,evidence exists only in images,image_or_operator_visual_review,3df4ff2b-8e1c-4cb7-890a-3123331e7516,e5bead7f-393f-4209-a084-1805ebac8717,4eefc643-4585-4f6d-88e2-9c176d30d170
857,a64f4190-e436-423a-93fc-796cdd032577,2026-07-11T22:15:19.763235+00:00,missing_shrink_wrap,,B00KL4PNWA,Alien: Isolation - Nostromo Edition (Xbox One) [video game],,v1|398074268052|0,Alien Isolation Nostromo Edition - XBOX ONE Complete CIB hurry before it’s gone!,Brand New,Video Games; Video Games & Consoles,139973; 1249,glitchcollectiblesx,Xbox One,Alien Isolation,United States,,,,,Probable Match,Probable Match,,,missing_shrink_wrap,evidence exists only in images,image_or_operator_visual_review,5f01148c-04aa-4359-936b-710abb516acb,14405bd7-ee77-4f7d-b2a6-962962499e2e,4f979a46-e580-4324-8e1d-b28c35900c31
858,369a4ebd-ae22-45fc-b233-5f68f1967fbd,2026-07-11T22:15:09.173624+00:00,wrong_platform,,B000R3BN42,Thrillville: Off the Rails [video game],,v1|257594547408|0,"Brand NEW Sealed Thrillville: Off the Rails Games for Windows (PC CD, 2007)",Brand New,Video Games; Video Games & Consoles,139973; 1249,cupoftees,PC,,,,,,,Probable Match,Probable Match,,,wrong_platform,no current deterministic rule covers pattern,title_plus_item_specifics_or_category,8da0fe27-4c21-4236-84f8-24587411174f,bf234775-232c-4c74-9fa2-41c54c1ed702,0bf82b61-1718-497d-b1aa-f5c42ca2c622
859,4d3739f8-4aa6-4ee6-983f-18fb91541bc5,2026-07-11T22:15:08.829491+00:00,wrong_platform,,B000R3BN42,Thrillville: Off the Rails [video game],,v1|286634093835|0,"Thrillville Off the Rails PC DVD New, Sealed English/French",Brand New,Video Games; Video Games & Consoles,139973; 1249,arianne2.0,PC,,,,,,,Probable Match,Blocked,non-US item location,,wrong_platform,current rule should already block,title_plus_item_specifics_or_category,218242d9-a3a2-4e2e-969e-655ed0c1ab38,76eb1f7e-5a87-45ae-a1e1-aea4ab1234a7,0f007fb5-e8a4-4927-9541-3dfb323711cb
860,b1312943-3b55-4e9f-9de8-aced071e8f83,2026-07-11T22:15:08.418594+00:00,wrong_platform,,B000R3BN42,Thrillville: Off the Rails [video game],,v1|167929779450|0,Video Game PC Thrillville Off the Rails Lucasarts NEW SEALED Jewel,Brand New,Video Games; Video Games & Consoles,139973; 1249,regalsurplus,PC,,,,,,,Probable Match,Probable Match,,,wrong_platform,no current deterministic rule covers pattern,title_plus_item_specifics_or_category,8fd2fd8b-4182-47fa-a60a-341a04b46437,37ce9e6b-3cb3-4bd2-8bf3-2d33fa043bb3,1c07189e-65f8-4247-8499-2c54a613fd70
861,0fc1eded-0ee5-4c28-b39a-7eb78da21364,2026-07-11T22:14:49.919686+00:00,wrong_edition_version,,B07DF43L23,Starlink Battle for Atlas - Nintendo Switch Starter Edition [video game],,v1|206043701039|0,BRAND NEW! Starlink Battle for Atlas - Starter Edition  Nintendo Switch.,Brand New,Video Games; Video Games & Consoles,139973; 1249,gamer_girl_games,Switch,Starlink: Battle for Atlas,Region Free,,,Multiplayer,2018,Probable Match,Probable Match,,,unclear/insufficient evidence,no current deterministic rule covers pattern,title_plus_item_specifics_or_category,b11f6ebf-e912-4981-93a2-80b94036f150,4ece038f-b75d-4180-ba5f-e69999a53563,6b241d07-3602-45a4-a5f8-391d8d4804fa
862,f7945a62-0779-4fba-a93d-795aef11c59c,2026-07-11T22:14:45.281412+00:00,non_north_american_version,,B09ZZ9L123,Gotham Knights Deluxe Edition – PlayStation 5 [video game],,v1|298426417413|0,Gotham Knights Deluxe Edition (Sony Playstation 5) New Factory Sealed,Brand New,Video Games; Video Games & Consoles,139973; 1249,goldenworldshop,PS 5,,,,,,,Probable Match,Probable Match,,,non_north_american_version,no current deterministic rule covers pattern,title_plus_item_specifics_or_category,86fde9a2-f3c3-47a7-9bbe-3027d2987f69,437c4879-fb83-4897-9507-588befb86569,cf605f49-3877-4bd4-89b7-ad1b19da2279
863,ccc3fb03-2e74-4f84-b54f-33ddfe5b0246,2026-07-11T22:14:34.520057+00:00,wrong_platform,,B09MZQ84SR,GRID Legends (PS5),,v1|398129605801|0,New Grid Legends - PlayStation 5 Standard Edition New Factory Sealed,Brand New,Video Games; Video Games & Consoles,139973; 1249,welcometobetterbuywholesalellc,PS 5,Grid Legends,,,,,2022,Probable Match,Probable Match,,,wrong_platform,no current deterministic rule covers pattern,title_plus_item_specifics_or_category,9f38c953-9c9d-467e-a399-16bde4f6dbdb,c2457c95-cc6a-40ec-ba6b-0a30da68fb77,5b60bedf-eb22-4621-af62-4b09e56402f1
864,5232c0aa-884b-42cd-b823-5bd185dc87ee,2026-07-11T22:13:15.324116+00:00,packaging_damage,,B075QWP3N3,Zoo Tycoon: Ultimate Animal Collection - Xbox One [video game],,v1|377230709240|0,Zoo Tycoon Ultimate Animal Collection Xbox One (BRAND NEW + SEALED),Brand New,Video Games; Video Games & Consoles,139973; 1249,zen_quests,Xbox One,,,,,,,Probable Match,Probable Match,,,packaging_damage,evidence exists only in images,image_or_operator_visual_review,ffd5ca82-c4ab-4ff2-81ee-d88e7ea2489c,7e5a9950-3798-4062-acf7-5d6792e46415,fc27a8e2-350a-4168-bba6-08ca04d93053
865,cbc912b9-b065-4291-a9b1-d033c0534533,2026-07-11T22:10:21.28702+00:00,missing_shrink_wrap,,B097F4G6WB,Super Monkey Ball Banana Mania: Anniversary Launch Edition - Nintendo Switch [video game],,v1|800033952573|0,Super Monkey Ball Banana Mania ANNIVERSARY LAUNCH EDITION - Nintendo Switch,Brand New,Video Games; Video Games & Consoles,139973; 1249,franktarantino-24,Switch,Super Monkey Ball Banana Mania Anniversary Launch Edition,Japan,,,Multiplayer,2021,Probable Match,Probable Match,,,missing_shrink_wrap,evidence exists only in images,image_or_operator_visual_review,2b198716-8b20-48dc-86de-49f96a0e28b6,0b2b5b00-a760-4f71-a9ce-b07d5385da0e,66a462bd-5f36-46eb-b6b7-6749b742eec3
866,6beda5c7-98bf-4218-aff6-4a65104f8d3e,2026-07-11T22:07:04.52865+00:00,wrong_edition_version,,B00VMB5RDQ,LEGO Dimensions Starter Pack - Xbox One [video game],,v1|137429651776|0,LEGO Dimensions Software Only Xbox One Brand New - Sealed Game Only READ,Brand New,Video Games; Video Games & Consoles,139973; 1249,pressstartgames15,Xbox One,,,,,,,Probable Match,Probable Match,,,bundled content difference,no current deterministic rule covers pattern,title_plus_item_specifics_or_category,69eda2ce-cf8c-4eda-b50a-4411c917d55e,42d531da-1c9c-4824-a642-02a96f26b5c1,4dfd6842-b47f-450d-8cf3-e82d3301a92b
867,f9811315-6598-4bac-810b-549ff080dd7f,2026-07-11T22:07:04.05711+00:00,wrong_edition_version,,B00VMB5RDQ,LEGO Dimensions Starter Pack - Xbox One [video game],,v1|365002404398|0,LEGO Dimensions (Microsoft Xbox One),Brand New,Video Games; Video Games & Consoles,139973; 1249,awesome_deals4less,Xbox One,,,,,,,Probable Match,Probable Match,,,bundled content difference,no current deterministic rule covers pattern,title_plus_item_specifics_or_category,0d636e7d-30c1-4c38-9145-ccbb2c3e4873,1c094faf-1cc1-4c48-8265-52c689f8ba31,ea7205ca-34c1-4f33-8b73-142b7ba80350
868,3e9e4e1c-e933-4d80-91de-90fd3ef14e11,2026-07-11T22:06:44.663655+00:00,non_north_american_version,,B09FCXXGT5,Big Brain Academy: Brain vs. Brain - Nintendo Switch [video game],,v1|334974508764|0,Big Brain Academy Brain vs Brain Nintendo Switch - ***NEW FACTORY SEALED***,Brand New,Video Games; Video Games & Consoles,139973; 1249,sureshotgames,Switch,,,,,,,Probable Match,Probable Match,,,non_north_american_version,no current deterministic rule covers pattern,title_plus_item_specifics_or_category,2864ad64-d136-4a31-8096-9a4ce6c6120f,b70cd36b-6d32-47f1-b7d0-5a36dfd7c101,ba33d173-0c79-4f72-ac56-e3053a2bcf68
869,05022f5e-3a53-465b-a0ec-d0ccae8a5f36,2026-07-11T22:06:29.123053+00:00,missing_shrink_wrap,,B00CMQTTZ2,Quantum Break – Xbox One [video game],,v1|389686196581|0,Quantum Break Xbox One Complete CIB,Brand New,Video Games; Video Games & Consoles,139973; 1249,ranger_turtle_den,Xbox One,,,,,,,Probable Match,Blocked,non-US item location,,missing_shrink_wrap,current rule should already block,image_or_operator_visual_review,8d8b79c9-00c6-433c-9ae6-1a696560357e,864697cb-d42e-4d31-939b-1d0218c1f611,190d2ecd-131f-4405-8a53-4fa99c4c891e
870,a2fac283-19ce-4c90-9934-385b8c0d5937,2026-07-11T14:38:06.194502+00:00,wrong_platform,,B00D3RBZHY,Need for Speed: Rivals [video game],,v1|392231593664|0,Need for Speed: Rivals XBOX ONE NEW FACTORY SEALED RACING GAME,Brand New,Video Games; Video Games & Consoles,139973; 1249,italia11283,Xbox One,,,,,,,Blocked,Blocked,"platform mismatch: Amazon PS 4, eBay Xbox One",,wrong_platform,current rule should already block,title_plus_item_specifics_or_category,553e0cf8-85c2-4352-aabe-443661554093,55a17bc9-c0e0-4583-a2b4-7b8abddbd113,aa6cd8ea-5652-4248-a33d-5cd213c06de5
871,9cc52207-adbe-4810-807e-d991198dd4a9,2026-07-11T14:38:05.880277+00:00,wrong_platform,,B00D3RBZHY,Need for Speed: Rivals [video game],,v1|389944472650|0,"Need for Speed: Rivals (Sony PlayStation 3, 2013) BRAND NEW SEALED!",Brand New,Video Games; Video Games & Consoles,139973; 1249,kerbs_gaming,PS 3,,,,,,,Blocked,Blocked,"platform mismatch: Amazon PS 4, eBay PS 3; non-US item location",,wrong_platform,current rule should already block,title_plus_item_specifics_or_category,c59f308f-572b-4bd1-8180-13ff0dcb603f,9baa02db-20c5-4c2b-9115-b60238fdd03f,8985b884-eb97-456b-bb53-7c5ea5459365
872,a7aaddbe-1d82-400c-8f30-9870c06aba50,2026-07-11T14:38:05.573684+00:00,wrong_platform,,B00D3RBZHY,Need for Speed: Rivals [video game],,v1|376031731822|0,Need for Speed Rivals - Sony PlayStation 3 (NEW/Sealed) Ships Fast! (See Below!),Brand New,Video Games; Video Games & Consoles,139973; 1249,countryjace,PS 3,,,,,,,Blocked,Blocked,"platform mismatch: Amazon PS 4, eBay PS 3",,wrong_platform,current rule should already block,title_plus_item_specifics_or_category,122f7361-bd57-41b3-8214-6fe7f89e9a8d,d63364f7-18e0-4859-91a0-e0975b1df6e4,bc1d3bd2-2a28-4479-b7c9-e95381ee1911
873,f2f86c56-1c0c-4106-88d6-1f5f3025fb61,2026-07-11T14:38:05.22902+00:00,wrong_platform,,B00D3RBZHY,Need for Speed: Rivals [video game],,v1|203013453446|0,Need for Speed Rivals (PC DVD),Brand New,Video Games; Video Games & Consoles,139973; 1249,ottochain,PC,,,,,,,Blocked,Blocked,"platform mismatch: Amazon PS 4, eBay PC",,wrong_platform,current rule should already block,title_plus_item_specifics_or_category,46d13742-71c8-4862-967d-a2edf178b7d6,06b316d4-c484-4e80-8c94-08bdcf5c08e2,5741e1d1-b8e3-4480-ae0f-20df81d938a5
874,ec201cc4-88e2-4a06-84af-f012cb8522bb,2026-07-11T14:38:04.860568+00:00,wrong_platform,,B00D3RBZHY,Need for Speed: Rivals [video game],,v1|196679664918|0,Need for Speed Rivals - Xbox One X-Box 1 - New Sealed,Brand New,Video Games; Video Games & Consoles,139973; 1249,tgwgrandville,Xbox One,,,,,,,Blocked,Blocked,"platform mismatch: Amazon PS 4, eBay Xbox One",,wrong_platform,current rule should already block,title_plus_item_specifics_or_category,2f62c276-694a-45a2-8949-8d1f1287252a,76e4fea0-428e-4f2d-817e-3d08e47768f4,746e9145-a64d-4a3d-9f29-320910c89619
875,c987acdb-6ac5-4deb-b586-121b8ec3224b,2026-07-11T14:38:04.47616+00:00,wrong_platform,,B00D3RBZHY,Need for Speed: Rivals [video game],,v1|386052227031|0,Xbox One - Need for Speed Rivals - Brand New - FREE SHIPPING - ,Brand New,Video Games & Consoles; Video Games,139973,overflo6,Xbox One,Need for Speed Rivals,NTSC-U/C (US/Canada),,,"Complete Edition, Multiplayer, Online Playability",2020,Blocked,Blocked,"platform mismatch: Amazon PS 4, eBay Xbox One",,wrong_platform,current rule should already block,title_plus_item_specifics_or_category,ab31f979-54c5-4e0f-a4a2-d3b710440b5a,dc040e53-af5f-453c-afe3-e68d77f2555e,20e71cf6-3336-4597-a024-ff871b0605cb
876,473b7c20-1c77-48fc-a588-d45474d22dc8,2026-07-11T14:37:48.497692+00:00,digital_item,,B086BTBPQM,Borderlands Legendary Collection [video game],,v1|136566282355|0,✨✨Borderlands 4 | Modded Plasmacoil SMG 251 Million DPS |PC|Xbox|PS|✨✨,Brand New,Video Games; Video Games & Consoles,139973; 1249,digitaldealsandbeyond,"Xbox, PC",,,,,,,Blocked,Blocked,digital/download listing: modded,,digital_item,current rule should already block,title_only,ac1a3db0-c4d3-4522-a4a8-b88c771564c2,6dfcbd7f-73a7-4845-8f4d-d71275eb2277,3dcf1e0c-92ca-4e88-9f71-924f24235844
877,29502cb1-8f91-440d-b356-a7396ccb649d,2026-07-11T14:37:48.202816+00:00,digital_item,,B086BTBPQM,Borderlands Legendary Collection [video game],,v1|297621524714|0,Borderlands 4 All 100% Max Backpack SDU Inventory Upgrades XBOX PS5 PC SWITCH,Brand New,Video Games; Video Games & Consoles,139973; 1249,thexboxplug,"Switch, Xbox, PS 5, PC",,,,,,,Blocked,Blocked,accessory/not game: backpack,,digital_item,current rule should already block,title_only,ef4ab3a4-b2e2-4caf-a9c8-9248ac2a79c3,3bccfb43-c90d-40a8-9e3f-062a640fa91b,7a1c5ee7-6db5-43c7-8e69-e4b8a8ff0b74
878,899030de-ec73-4912-91af-cca262e49f61,2026-07-11T14:37:47.879585+00:00,digital_item,,B086BTBPQM,Borderlands Legendary Collection [video game],,v1|297622266868|0,Borderlands 4 Max Cash 2 Billion Eridium + Money Drop XBOX X/S PS5 PC SWITCH,Brand New,Video Games; Video Games & Consoles,139973; 1249,thexboxplug,"Switch, Xbox, PS 5, PC",,,,,,,Blocked,Blocked,"digital/download listing: eridium, max cash",,digital_item,current rule should already block,title_only,b03b99a6-04fc-404d-907e-079fc8cc33e4,7195f92f-e446-4eaf-a445-47f48d7382dc,3b64cb1c-bbe7-4953-85c8-bc5f2afcc406
879,14493946-fa99-44f8-bbd1-2b3ca9877111,2026-07-11T14:37:47.583771+00:00,digital_item,,B086BTBPQM,Borderlands Legendary Collection [video game],,v1|297627895099|594996726626,Borderlands 4 Custom Request Level 60 Max SDU Eridium Cash XBOX PS5 PC SWITCH,Brand New,Video Games; Video Games & Consoles,139973; 1249,thexboxplug,"Switch, Xbox, PS 5, PC",,,,,,,Blocked,Blocked,digital/download listing: eridium,,digital_item,current rule should already block,title_only,b0af6d59-9b43-4b06-a5a0-e612fcc2549b,62887692-365b-4def-b42b-0180225b1b5b,dbfc2012-9f98-4805-a9d6-a4706eb9e739
880,38ada291-e5d7-4424-b52f-914654afa1a5,2026-07-11T14:37:47.251145+00:00,digital_item,,B086BTBPQM,Borderlands Legendary Collection [video game],,v1|357643592337|0,Borderlands 4 🎉 Full SDU+ max Levels +Money + Eridium + vault card + max spec,Brand New,Video Games; Video Games & Consoles,139973; 1249,bensavesalot,,,,,,,,Blocked,Blocked,"digital/download listing: eridium, vault card",,digital_item,current rule should already block,title_only,4b7f72e4-05ae-48e2-ab8c-07b0abd7875f,17fe0039-3b1f-48c0-8f90-ed4e932c2a6c,890cc9a5-3782-4ade-9655-01f35e12a684
881,03b6128f-b09c-4160-a958-e829025e4ac0,2026-07-11T14:37:46.932532+00:00,digital_item,,B086BTBPQM,Borderlands Legendary Collection [video game],,v1|365905196267|0,🔥Borderlands 4 Burt's Bees | LVL 60 | FLAME | Torgue Sticky | ENDGAME DESTROYER,Brand New,Video Games; Video Games & Consoles,139973; 1249,dopedropz,,,,,,,,Probable Match,Probable Match,,,digital_item,no current deterministic rule covers pattern,title_plus_item_specifics_or_category,07ff43ec-6ece-4c6d-a2a2-a7e95ff2c741,06bd2738-cfc0-40bf-a3cc-993799e39eaf,d244ead1-f5ab-43b6-8645-4995f0d8d762
882,bdac5bb6-3fe6-4022-b021-42376a131569,2026-07-11T14:37:46.547756+00:00,digital_item,,B086BTBPQM,Borderlands Legendary Collection [video game],,v1|136525304961|435263011560,✨Borderlands 4 Max Level Full SDU Max Money/Eridium Legendary Gear Pick-Up✨,Brand New,Video Games; Video Games & Consoles,139973; 1249,digitaldealsandbeyond,,,,,,,,Blocked,Blocked,digital/download listing: eridium; numeric sequel/year mismatch,,digital_item,current rule should already block,title_only,3fd7101e-6e8d-4300-b858-bfd7e325a021,8a9cd621-b84a-4ce3-9087-ad7d93a97ac6,c470cd5d-bcfb-46a1-9702-4bb46b002108
883,b46ae05a-1533-4f14-b300-dc974672f68a,2026-07-11T14:37:46.233602+00:00,digital_item,,B086BTBPQM,Borderlands Legendary Collection [video game],,v1|227069551071|0,Borderlands 4 | Modded Vending Machine Full of Legendary Weapons | for 5 minutes,Brand New,Video Games; Video Games & Consoles,139973; 1249,borderlandsm,,,,,,,,Blocked,Blocked,digital/download listing: modded; numeric sequel/year mismatch,,digital_item,current rule should already block,title_only,71259ffa-9fd7-44eb-b373-cb2e703a830d,ad09cf19-ff23-4ed1-9036-26e378f42775,c64424fc-7f30-45a6-8b67-b2f3fabc04d6
884,e62caaa0-c69f-4f2c-8c0e-b37d89881784,2026-07-11T14:37:45.883878+00:00,digital_item,,B086BTBPQM,Borderlands Legendary Collection [video game],,v1|255323610524|0,Switch • Borderlands Legendary Collection • GOTY Item Drop • 20 Mod Pack,Brand New,Video Games; Video Games & Consoles,139973; 1249,creatorshangout,Switch,,,,,,,Blocked,Blocked,digital/download listing: item drop; numeric sequel/year mismatch,,digital_item,current rule should already block,title_only,00d6c970-a1a4-451d-b19d-5d6d1fdcae0d,8f9d42f0-ef75-4ff6-8abd-2503e1105c32,3a04106b-8efc-4951-afac-1cb3a4151281
885,4f1e76d1-6d67-4e71-b66d-52ec81568c82,2026-07-11T14:37:29.56282+00:00,packaging_damage,,B003RS8I92,Rock Band 3 [video game],,v1|358618375983|0,Rock Band - Sony PlayStation 3,Brand New,Video Games; Video Games & Consoles,139973; 1249,tamsol_87,PS 3,Rock Band,,,,,,Probable Match,Probable Match,,,packaging_damage,evidence exists only in images,image_or_operator_visual_review,959b2a95-5569-4bf6-aea0-902067d62e6a,385cb277-e09d-4947-aa7f-fefd559240a5,5cc173a9-dd8e-43c7-9d78-ff8a8cb5607a
886,67d2094f-c8ef-4d14-aa18-8e9193c95c47,2026-07-11T14:37:06.736782+00:00,wrong_product,,B003RS8I92,Rock Band 3 [video game],,v1|336462459007|0,New Set (2)  Rock Band Drum Sticks Wii PlayStation XBOX PS3 PS4 Rockband Drums ,New,Controllers & Attachments; Video Games & Consoles; Video Game Accessories,117042; 1249; 54968,grannysellsthebeststuff,"Xbox, Wii, PS 4, PS 3",,,,,,,Blocked,Blocked,eBay category is not Video Games software; numeric sequel/year mismatch,,wrong numbered installment,current rule should already block,title_only,425d4c59-b741-4acb-8488-cb4f90d55735,b944142c-280c-4f20-a52d-5bead35cb32b,f1d22276-6a3d-44e3-9087-18e64bcc27be
887,f382f6dd-9d4c-4be4-9ea8-70cfb1998f94,2026-07-11T14:37:06.439569+00:00,wrong_product,,B003RS8I92,Rock Band 3 [video game],,v1|401346500919|0,NEW Rock Band 4 3 2 1 DOUBLE DRUM PEDAL CABLE splitter XBox 1/360 PS4 PS3 Wii-U,New,Controllers & Attachments; Video Games & Consoles; Video Game Accessories,117042; 1249; 54968,loothive,"Xbox 360, Wii, PS 4, PS 3",,,,,,,Blocked,Blocked,"accessory/not game: cable, pedal; eBay category is not Video Games software",,controller/peripheral,current rule should already block,title_only,de7fead8-376d-4550-a72f-0bbd8a8dbb9b,12930714-fc85-4b19-bf41-3e4e29a08043,d66ddd95-ed02-49a6-8478-0a17a6245455
888,a9329274-3e8d-4fdc-af93-a7f304d4f333,2026-07-11T14:37:06.148063+00:00,wrong_product,,B003RS8I92,Rock Band 3 [video game],,v1|389523628336|0,Rock Band Battery Cover RockBand 2 3 4 Fender Stratocaster Guitar Wireless Drums,New,Controllers & Attachments; Video Games & Consoles; Video Game Accessories,117042; 1249; 54968,gamestars1,,,,,,,,Blocked,Blocked,accessory/not game: battery cover; eBay category is not Video Games software,,controller/peripheral,current rule should already block,title_only,653739d3-5630-4056-910d-012e91ff60a7,03be0465-40df-4c1b-838f-48fdbd89bb43,d51177a9-3046-4e46-8764-9f6e58436a67
889,92ad504c-b8dc-4fff-8499-c38fc47e616b,2026-07-11T14:37:05.856054+00:00,wrong_product,,B003RS8I92,Rock Band 3 [video game],,v1|331842039259|0,Rock Band Replacement Drum Sticks Set For Wii PS2 PS3 PS4 Xbox 360 9825,New,Controllers & Attachments; Video Games & Consoles; Video Game Accessories,117042; 1249; 54968,brokenbargains,"Xbox 360, Wii, PS 4, PS 3, PS 2",,,,,,,Blocked,Blocked,eBay category is not Video Games software,,controller/peripheral,current rule should already block,title_plus_item_specifics_or_category,32ac8786-8fbf-448a-9735-a29e85b139d8,25bf38d3-de4c-44cc-bc4e-fa781dd24b5c,0723a85a-c6d9-4d00-8104-3a757249a48c
890,8000be08-6691-4027-b470-b2530d9c5ab3,2026-07-11T14:37:05.565008+00:00,wrong_product,,B003RS8I92,Rock Band 3 [video game],,v1|284491204451|0, Guitar Hero Rock Band Shoulder Strap Belt Xbox 360 One PS2 PS3 PS4 PS5 Rockband,New,Controllers & Attachments; Video Games & Consoles; Video Game Accessories,117042; 1249; 54968,obscureparts_outlet,"Xbox 360, PS 5, PS 4, PS 3, PS 2",,,,,,,Blocked,Blocked,eBay category is not Video Games software,,title ambiguity from a short/generic game name,current rule should already block,title_plus_item_specifics_or_category,9af19e60-cb94-4fed-99bb-654ba157f5ae,84ddc689-d220-455e-a1f6-1a8d984f39ec,f3ff063b-a2b2-4233-ad16-1a90cf2be85b
891,af57ab80-a10a-4cbc-a44d-fdf81b527689,2026-07-11T14:37:05.265388+00:00,wrong_product,,B001ABP9B8,Guitar Hero World Tour [video game],,v1|177200655196|0,NEW Guitar Hero World Tour Drum PEDAL Cable Wire Cord WII/PS3/PS2/XBOX 360,New,Controllers & Attachments; Video Games & Consoles; Video Game Accessories,117042; 1249; 54968,insassy,"Xbox 360, Wii, PS 3, PS 2",,,,,,,Blocked,Blocked,"accessory/not game: cable, pedal; eBay category is not Video Games software",,controller/peripheral,current rule should already block,title_only,1c1affe7-456f-4823-9aa1-315a7cc4da53,bfb9607f-a8f6-49da-9109-a098081805ba,2c547d1a-fe2c-4f22-ad6b-4a5f5d3b4b49
892,a5769093-315c-4951-a58a-59007592fded,2026-07-11T14:37:04.951438+00:00,wrong_product,,B001ABP9B8,Guitar Hero World Tour [video game],,v1|331687568838|0,NEW Band/Guitar Hero 5/World Tour FACEPLATE for Nintendo Wii BATTLED Wood skin,New,"Faceplates, Decals & Stickers; Video Games & Consoles; Video Game Accessories",171668; 1249; 54968,loothive,Wii,,,,,,,Blocked,Blocked,digital/download listing: skin; accessory/not game: faceplate; eBay category is not Video Games software; numeric sequel/year mismatch,,digital code/DLC/account/service,current rule should already block,title_only,64bbbd87-9e5f-4a7e-a979-9cf913781c2c,81582a24-f966-4908-886b-1eae7a7ef9bb,dc5a8999-21bd-48f8-ad7b-1f0c75f93fc3
893,5ee2375a-9cf7-4c7d-874f-dc8b100faf95,2026-07-11T14:37:04.646736+00:00,wrong_product,,B001ABP9B8,Guitar Hero World Tour [video game],,v1|331689300486|0,NEW Band/Guitar Hero 5/World Tour FACEPLATE Nintendo Wii PINK GIRL Replacement,New,"Faceplates, Decals & Stickers; Video Games & Consoles; Video Game Accessories",171668; 1249; 54968,loothive,Wii,,,,,,,Blocked,Blocked,accessory/not game: faceplate; eBay category is not Video Games software; numeric sequel/year mismatch,,accessory,current rule should already block,title_only,ce28be72-32e8-46d8-8773-add01433b4ba,c56100c0-b804-4b53-88af-81508059fc43,d8f7386d-2fc6-49ae-919a-3be5ff70b078
894,f46f16d5-bd73-4c12-8f03-187cbfa4f20a,2026-07-11T14:37:04.309278+00:00,wrong_product,,B001ABP9B8,Guitar Hero World Tour [video game],,v1|361839215779|0,NEW Band/Guitar Hero 5/World Tour FACEPLATE for Nintendo Wii MILITIA replacement,New,"Faceplates, Decals & Stickers; Video Games & Consoles; Video Game Accessories",171668; 1249; 54968,loothive,Wii,,,,,,,Blocked,Blocked,accessory/not game: faceplate; eBay category is not Video Games software; numeric sequel/year mismatch,,accessory,current rule should already block,title_only,8e56d9e3-8a05-4812-8b43-5ee5cebf42f7,e9609f61-05ff-48f7-bc6f-e44316b82cb1,34ca8e28-10e3-4a3d-9e12-744934ff9de2
895,8c79f906-6fd8-4bb8-b854-f2a4bb6e084f,2026-07-11T14:37:03.970994+00:00,wrong_product,,B001ABP9B8,Guitar Hero World Tour [video game],,v1|298026269566|0,Strum Strummer Switch Repair Part Guitar Hero World Tour XBOX 360 PS3 Wii GHWT,New,Controllers & Attachments; Video Games & Consoles; Video Game Accessories,117042; 1249; 54968,jocal1173,"Xbox 360, Switch, Wii, PS 3",,,,,,,Blocked,Blocked,eBay category is not Video Games software,,unclear/insufficient evidence,current rule should already block,title_plus_item_specifics_or_category,7d7daffe-36ed-4379-a4b9-847f5d42978b,23589155-2020-4b94-ba28-286d099768a8,cc468faf-ba57-4c0c-8b15-9da157d6480a
896,53404170-4257-407a-a975-1d63322888e9,2026-07-11T14:36:46.350127+00:00,wrong_edition_version,,B0C5RZRG44,Mortal Kombat 1 Premium Edition - Xbox Series X [video game],,v1|406984285823|0,"Mortal Kombat 1 (Xbox Series X, 2023)",Brand New,Video Games; Video Games & Consoles,139973; 1249,secondlifestas,Xbox Series X,,,,,,,Blocked,Blocked,edition/version mismatch signal,,unclear/insufficient evidence,current rule should already block,title_only,b5b0c19d-3f9d-48bb-b564-0a5809958317,c2b4306e-7bbf-4847-a124-25f31154a9f4,a6fbd603-b0b1-4466-81df-8d8c738959d7
897,fa1f61fd-4c6e-4fd8-b4e6-adf5651c08ac,2026-07-11T14:36:46.041148+00:00,wrong_edition_version,,B0C5RZRG44,Mortal Kombat 1 Premium Edition - Xbox Series X [video game],,v1|336639117272|0,Mortal Kombat 1 Microsoft Xbox Series X Brand New Sealed With Pre-Order Content,Brand New,Video Games; Video Games & Consoles,139973; 1249,danben5550,Xbox Series X,,,,,,,Blocked,Blocked,edition/version mismatch signal,,unclear/insufficient evidence,current rule should already block,title_only,c68c2916-ed8d-49ad-817c-5d070d537bee,2bcd292f-0eea-4350-a1db-1ff2fc435a8b,60f78874-b57c-4719-a5d2-ca2c233197fe
898,fd6f264c-c90e-4b3e-8769-12d8c9645f48,2026-07-11T14:36:45.738137+00:00,wrong_edition_version,,B0C5RZRG44,Mortal Kombat 1 Premium Edition - Xbox Series X [video game],,v1|298435773832|0,Mortal Kombat 1 Xbox Series X Brand New & Sealed,Brand New,Video Games; Video Games & Consoles,139973; 1249,nnntech,Xbox Series X,,,,,,,Blocked,Blocked,edition/version mismatch signal,,unclear/insufficient evidence,current rule should already block,title_only,c5ef00d2-45b9-41a5-a9c3-baeb59af88c0,db3cbc5b-ad70-4079-9cd9-46ad3c678c94,265b3548-8a63-4329-8408-00ba0f6878cf
899,db08cc96-3819-4b4b-b0f6-c983e460f323,2026-07-11T14:36:45.376159+00:00,wrong_edition_version,,B0C5RZRG44,Mortal Kombat 1 Premium Edition - Xbox Series X [video game],,v1|137443562234|0,"Mortal Kombat 1 (Xbox Series X, 2023)",Brand New,Video Games; Video Games & Consoles,139973; 1249,johnsmoviesandmore,Xbox Series X,Mortal Kombat,Region Free,,,"Multiplayer, Collector's Edition, SteelBook Edition, Premium Edition, Online Playability",2023,Blocked,Blocked,edition/version mismatch signal,,base game vs collector's edition,current rule should already block,title_only,74c0d111-6ee2-4886-8ba2-1a3a6de9601c,d857541d-3671-43cc-a685-d8f21203310f,7b20d09b-b64c-426e-89b1-c3b289fe4405
900,86d6fb81-7dda-4b87-8389-f55827fdb81a,2026-07-11T14:36:45.053258+00:00,wrong_edition_version,,B0C5RZRG44,Mortal Kombat 1 Premium Edition - Xbox Series X [video game],,v1|168451557223|0,Mortal Kombat 1 Xbox Series X 2023 Brand New Factory Sealed,Brand New,Video Games; Video Games & Consoles,139973; 1249,mr-quick,Xbox Series X,,,,,,,Blocked,Blocked,edition/version mismatch signal,,unclear/insufficient evidence,current rule should already block,title_only,b5755645-568e-4df7-b593-fc0539d5a1fe,c450c5af-d5c6-446b-808e-21727643bc00,f5ff3dc1-7a3f-493a-b57a-b3250290c466
901,ec541081-eac2-42b8-9e2a-7140d1726dc2,2026-07-11T14:36:44.729706+00:00,wrong_edition_version,,B0C5RZRG44,Mortal Kombat 1 Premium Edition - Xbox Series X [video game],,v1|206335299301|0,Mortal Kombat 1 Xbox Series X 2023 Brand New Factory Sealed,Brand New,Video Games; Video Games & Consoles,139973; 1249,bargainbrothersdeals,Xbox Series X,,,,,,,Blocked,Blocked,edition/version mismatch signal,,unclear/insufficient evidence,current rule should already block,title_only,e263fb3b-2070-4f93-9e20-f01a7e21a2c1,464d7023-d167-4151-8032-22def6b805ad,aff921d6-bf9c-48b9-92a6-09cb79b8acce
902,27ad1fe8-83ea-4719-95f1-328e6f81b100,2026-07-11T14:36:44.402137+00:00,wrong_edition_version,,B0C5RZRG44,Mortal Kombat 1 Premium Edition - Xbox Series X [video game],,v1|187941536349|0,Brand NEW Mortal Kombat 1 for Microsoft Xbox Series X,Brand New,Video Games; Video Games & Consoles,139973; 1249,ilektronike2012,Xbox Series X,,,,,,,Blocked,Blocked,edition/version mismatch signal,,unclear/insufficient evidence,current rule should already block,title_only,6bf77a45-d932-49ce-84d2-18b5b3e1ed5c,3b65bb0a-3dad-4aa6-b318-b5c1477b2c06,422eb09c-dfb5-4b3f-a60b-9954a1dc6471
903,4422d306-32be-4eda-bb40-0fbc9a97c1d2,2026-07-11T14:36:44.092806+00:00,wrong_edition_version,,B0C5RZRG44,Mortal Kombat 1 Premium Edition - Xbox Series X [video game],,v1|127943567498|0,MORTAL KOMBAT 1 MICROSOFT XBOX SERIES X BRAND NEW SEALED WITH PRE-ORDER CONTENT,Brand New,Video Games; Video Games & Consoles,139973; 1249,shinyorrusty,Xbox Series X,,,,,,,Blocked,Blocked,edition/version mismatch signal,,unclear/insufficient evidence,current rule should already block,title_only,187f4f04-765c-4dc7-991a-08c16c2b2990,c8af6b6a-7492-45b0-b690-2666dd3baf12,183e2b8d-7cfe-4793-87ba-5b5b42870e41
904,f281a9e1-03c4-4374-9e02-b681f4f4ff91,2026-07-11T14:36:43.674814+00:00,wrong_edition_version,,B0C5RZRG44,Mortal Kombat 1 Premium Edition - Xbox Series X [video game],,v1|298404473812|0,"Mortal Kombat 1 (Xbox Series X, 2023) BRAND NEW & FACTORY SEALED",Brand New,Video Games; Video Games & Consoles,139973; 1249,productgenius7,Xbox Series X,,,,,,,Blocked,Blocked,edition/version mismatch signal,,unclear/insufficient evidence,current rule should already block,title_only,861ab80a-3ed8-48e8-9d0d-3c994d228c7b,660b01c0-540c-45f6-b7f6-96e9bbc6132c,09497339-52cb-4155-8565-3f8c18eda104
905,0648d2b5-205c-4f71-885a-210a9c63cd4a,2026-07-11T14:36:43.229058+00:00,wrong_edition_version,,B0C5RZRG44,Mortal Kombat 1 Premium Edition - Xbox Series X [video game],,v1|800114414758|0,Mortal Kombat 1 Microsoft Xbox Series X Brand New Sealed With Pre-Order Content,Brand New,Video Games; Video Games & Consoles,139973; 1249,garmore47,Xbox Series X,,,,,,,Blocked,Blocked,edition/version mismatch signal,,unclear/insufficient evidence,current rule should already block,title_only,feddd5b4-66df-4b25-a2c5-7d885285cef8,e99e7e1b-e621-4fbb-b56e-eb104d3234c0,92d00beb-8294-4366-8030-6b0128109531
906,0c2c3fad-6d50-4d6b-8406-27f646ba3295,2026-07-11T14:35:48.214074+00:00,wrong_platform,,B00ZGPJ30M,Plants vs. Zombies Garden Warfare 2 - PlayStation 4 [video game],,v1|276973207512|0,PS4 Playstation 4 Plants vs Zombies Garden Warfare BRAND NEW FACTORY SEALED,Brand New,Video Games; Video Games & Consoles,139973; 1249,thegameinn,PS 4,,,,,,,Probable Match,Probable Match,,,wrong_platform,no current deterministic rule covers pattern,title_plus_item_specifics_or_category,75279d0e-24fe-48f3-b0ba-611e5a1dddc3,0a801a6a-1c24-476c-96a8-2eb1faf1fc96,285df8ca-af62-4918-b5f8-78aa5379a437
907,0d55f15b-1d71-45ad-a1e5-c645e9aa46e4,2026-07-11T14:35:31.744463+00:00,wrong_edition_version,,B00005BZC7,Shrek 2 - PlayStation 2 [video game],,v1|387013940522|0,"Shrek's Carnival Craze Party Games Sony PlayStation 2, 2008 NEW & SEALED.",Brand New,Video Games; Video Games & Consoles,139973; 1249,gameshop_downstairs,PS 2,,,,,,,Blocked,Blocked,numeric sequel/year mismatch,,volume/episode/part mismatch,current rule should already block,title_only,56d8888d-a0b9-4158-a214-edd0e73743fc,0718f5a2-50ff-46fb-9557-b882cad3db18,665e0ef9-f769-4a00-9afa-7026d0f362d0
908,6b2e7e93-35c2-4e66-950f-fee87e2318d7,2026-07-11T14:35:31.337239+00:00,wrong_edition_version,,B00005BZC7,Shrek 2 - PlayStation 2 [video game],,v1|185589908820|0,Shrek's Carnival Craze Party Games NEW factory sealed Sony PlayStation 2 PS2,Brand New,Video Games; Video Games & Consoles,139973; 1249,collectorscardsandgames,PS 2,,,,,,,Probable Match,Probable Match,,,volume/episode/part mismatch,no current deterministic rule covers pattern,title_plus_item_specifics_or_category,7b5cdbd8-1a60-4930-aae2-f74773881e50,0419a6dd-2a1f-40e8-bd51-7bd8fe017404,835bc32f-d5d9-4851-918b-4b770a89322f
909,eeff72eb-2387-4279-89ae-f132ce92eceb,2026-07-11T14:35:19.432648+00:00,wrong_product,,B002I0K3Z2,Dance Central 3 [video game],,v1|363775694750|0,Everybody Dance 2 Playstation 3 PS3 PlayStation Move required Game New Sealed,Brand New,Video Games; Video Games & Consoles,139973; 1249,vib672,PS 3,,,,,,,Blocked,Blocked,numeric sequel/year mismatch,,title ambiguity from a short/generic game name,current rule should already block,title_only,30af0a9e-0e7d-49a9-8ae5-195da09d2a68,ec3fb0d3-1745-4c04-b7e4-e835446b7209,1cab9ff7-9554-45a4-bad3-3c3942cbbd52
910,34164a9c-2296-47bc-8bee-1638d07e034e,2026-07-11T14:35:19.106453+00:00,wrong_product,,B002I0K3Z2,Dance Central 3 [video game],,v1|167179625092|0,"$30 New ""Everybody Dance 2"" PS3 NEW SEALED -PERFECT BIRTHDAY GIFT LET'S DANCE !",Brand New,Video Games; Video Games & Consoles,139973; 1249,bargain-house,PS 3,,,,,,,Blocked,Blocked,numeric sequel/year mismatch,,wrong numbered installment,current rule should already block,title_only,f83f35b7-354f-447d-8301-8092daba0789,07c8c615-953b-42a9-b465-8be5eeb1a05c,e839a9a8-5d97-493f-86fc-b900662e9251
911,809ec7d4-754d-4245-8d3e-e477f8d54722,2026-07-11T14:35:18.776324+00:00,wrong_product,,B002I0K3Z2,Dance Central 3 [video game],,v1|225546474791|0,Everybody Dance 2 (Playstation 3 PS3) NEW SEALED -,Brand New,Video Games; Video Games & Consoles,139973; 1249,badgeman676,PS 3,Everybody Dance 2,NTSC-U/C (US/Canada),,,PlayStation Move Compatible,2012,Blocked,Blocked,numeric sequel/year mismatch,,eBay item-specific Game Name conflict,current rule should already block,title_only,cd98ebda-443a-4852-9a92-939c3d1cea84,15eef7f9-20dd-4de3-b578-07351c13f698,12b78277-1dbe-4ad7-afbe-1349d489db48
912,f8bb943f-6ef1-42c3-a03f-5ee3af05a7fa,2026-07-11T14:35:18.398147+00:00,wrong_product,,B002I0K3Z2,Dance Central 3 [video game],,v1|384764032667|0,PLAYSTATION 3 Video Game EVERYBODY DANCE 2/ SONY/ Playstation Move Required,Brand New,Video Games; Video Games & Consoles,139973; 1249,julo0276-qek4jxid,PS 3,,,,,,,Blocked,Blocked,numeric sequel/year mismatch,,title ambiguity from a short/generic game name,current rule should already block,title_only,6ac1daec-3299-4435-94c7-8a3476d471d3,9118ca13-be98-4b2f-8aed-c865907d59af,f00328ba-1b1e-48c7-8998-a566160f4621
913,3fff66bf-7fc9-4bfb-8c55-da8408dedbe0,2026-07-11T14:35:18.083303+00:00,wrong_product,,B002I0K3Z2,Dance Central 3 [video game],,v1|374061819590|0,Everybody Dance 2 Playstation 3 PS3 PlayStation Move required Game New Sealed,Brand New,Video Games; Video Games & Consoles,139973; 1249,ijumpman,PS 3,,,,,,,Blocked,Blocked,numeric sequel/year mismatch,,title ambiguity from a short/generic game name,current rule should already block,title_only,2665829b-0c96-4879-bd94-4ecd6f8ce845,7837ca7b-84cf-41a6-bb98-710f49f79d4e,37fa9468-e2e5-46bd-9a2b-d95ff7e1a1c0
914,370ed96d-581a-49fa-8696-237c89364b3e,2026-07-11T14:35:17.767794+00:00,wrong_product,,B002I0K3Z2,Dance Central 3 [video game],,v1|365622561255|0,Everybody Dance 2 Playstation 3 PS3 Brand New Sealed,Brand New,Video Games; Video Games & Consoles,139973; 1249,just_your_average_joe,PS 3,,,,,,,Blocked,Blocked,numeric sequel/year mismatch,,title ambiguity from a short/generic game name,current rule should already block,title_only,3a063022-0342-4a0e-8762-737ac7fc5802,a6e1dff3-7d2b-4d2c-9cdc-5a991e31613b,a45b1057-ec06-470c-89a4-10aeb5225f8e
915,37376347-e387-4a73-8fce-47205c1d9b80,2026-07-11T14:35:17.373919+00:00,wrong_product,,B002I0K3Z2,Dance Central 3 [video game],,v1|334827314382|0,"Everybody Dance 2 (Playstation 3, 2012) Sealed",Brand New,Video Games; Video Games & Consoles,139973; 1249,bslresale,PS 3,,,,,,,Blocked,Blocked,numeric sequel/year mismatch,,title ambiguity from a short/generic game name,current rule should already block,title_only,130b9558-c72d-4ea6-973f-bdf14ba199c6,b969ca65-d926-46fe-8a88-ea8677d2e14f,5ae5ed5a-9814-4c57-b81d-0bd37a8d90cd
916,5aeaa070-39fb-4741-bccd-918b6d233d47,2026-07-11T14:34:51.835089+00:00,wrong_product,,B01GW3LRD2,Forza Horizon 3 – Xbox One [video game],,v1|313956246443|0,Forza Horizon 3 Lamborgini Centenario Burago Diecast Car 1:43 Scale Xbox One XB1,New,"Contemporary Manufacture; Toys & Hobbies; Diecast & Toy Vehicles; Cars, Trucks & Vans",180506; 220; 222; 180273,hwillls,Xbox One,,China,,,Unopened Box,,Blocked,Blocked,accessory/not game: diecast,,title ambiguity from a short/generic game name,current rule should already block,title_only,927d1f48-e49d-4e05-b6ff-1138680c5873,5d2e2c5d-b829-41a4-b5b8-48285cd44f3e,6b71aa68-9cb2-40f5-bc56-816073b1358b
917,44e86a6b-adaa-42da-b4a9-92f1546e714a,2026-07-11T14:34:51.495018+00:00,wrong_product,,B01GW3LRD2,Forza Horizon 3 – Xbox One [video game],,v1|318410254735|0,Forza Horizon 3 Controller Stand 2.0 & Carbon Controller Skin Xbox One NEW READ,New,Other Video Game Accessories; Video Games & Consoles; Video Game Accessories,49230; 1249; 54968,goodstockonly,Xbox One,,,,,,,Blocked,Blocked,digital/download listing: skin; accessory/not game: controller; eBay category is not Video Games software,,digital code/DLC/account/service,current rule should already block,title_only,5aec7ab9-4fba-4dee-90cd-336766554b29,fcacefbb-c08a-4c94-ab19-bc59d4551d38,488311fe-f5c8-4459-85cd-174833e1aa3e
918,f599cf6e-466d-48ac-9ee3-c690840283e3,2026-07-11T14:34:51.087926+00:00,wrong_product,,B01GW3LRD2,Forza Horizon 3 – Xbox One [video game],,v1|147343442122|0,Forza Horizon 3 Lamborgini Centenario Burago Diecast Car 1:43 Scale Xbox One XB1,New,"Contemporary Manufacture; Toys & Hobbies; Diecast & Toy Vehicles; Cars, Trucks & Vans",180506; 220; 222; 180273,meta_2bav78,Xbox One,,,,,,,Blocked,Blocked,accessory/not game: diecast,,title ambiguity from a short/generic game name,current rule should already block,title_only,24143574-fddd-4f66-ba1f-b445f1746b00,ebe72465-4a76-437a-9c1b-66bfea60b065,82cbd333-01d3-4220-a334-982ee6251c28
919,78be0302-cab9-4b8b-9d2d-c6d338dacf2e,2026-07-11T14:22:04.49355+00:00,sales_velocity_too_low,,B000SMKONI,Petz Horsez 2 - PlayStation 2 [video game],,v1|186339867540|0,Playstation 2 Petz Horsez 2 - Authentic,Brand New,Video Games; Video Games & Consoles,139973; 1249,jamesgamesnmore,PS 2,Petz Horsez 2 - Authentic,NTSC-U/C (US/Canada),,,,2007,Probable Match,Blocked,non-US item location,,sales_velocity_too_low,operator dismissal may be ambiguous or business/system,title_plus_item_specifics_or_category,8ca2639d-0fa8-42d6-825b-951152c56a70,2d741df0-f7b2-4932-82b4-ab4a4a36e9cd,e44075e2-7ff0-4e3a-a64b-5a16113c92a4
920,acb1d8e1-52e7-47ab-a5b8-e4e12b00d97b,2026-07-11T14:22:04.129278+00:00,sales_velocity_too_low,,B000SMKONI,Petz Horsez 2 - PlayStation 2 [video game],,v1|127041667768|0,"Petz: Horsez 2 (Sony PlayStation 2, 2007) (PS2-180) NEW, SEALED VIDEO GAME",Brand New,Video Games; Video Games & Consoles,139973; 1249,dealz_infinity_co,PS 2,,,,,,,Blocked,Probable Match,,,sales_velocity_too_low,operator dismissal may be ambiguous or business/system,title_plus_item_specifics_or_category,2745f25b-41af-44c6-a9c6-879b4890f4a6,cc65ed6d-8a18-4de7-8eda-4d9ae3465ede,203b49c2-0d0d-46fb-927e-d16ac8d5aa32
921,fea54841-175c-4f90-9aed-80cab24f30a8,2026-07-11T14:22:03.683325+00:00,sales_velocity_too_low,,B000SMKONI,Petz Horsez 2 - PlayStation 2 [video game],,v1|377295204201|0,Petz: Horsez 2 Sony PlayStation 2 new ps2,Brand New,Video Games; Video Games & Consoles,139973; 1249,roseali95,PS 2,Petz Horsez 2,NTSC-U/C (US/Canada),,,,,Probable Match,Probable Match,,,sales_velocity_too_low,operator dismissal may be ambiguous or business/system,title_plus_item_specifics_or_category,b12b6e08-75e3-4399-9ffa-916b9754c202,ab2254ec-da4c-4823-9e94-86dd1dfbaa92,0272725f-31c2-4b48-896e-13323dfa8983
922,ba5a085b-f7ad-4c05-bb88-7ed9d3a00fb7,2026-07-11T14:22:03.099734+00:00,sales_velocity_too_low,,B000SMKONI,Petz Horsez 2 - PlayStation 2 [video game],,v1|193818968061|0,"Petz Horsez 2 (Sony PlayStation 2, 2007)",Brand New,Video Games; Video Games & Consoles,139973; 1249,ethorpe,PS 2,Petz Horsez 2,,,,,,Blocked,Blocked,non-US item location,,sales_velocity_too_low,operator dismissal may be ambiguous or business/system,title_plus_item_specifics_or_category,601ac0e9-c4d0-4e6b-98a3-67aee9622905,d4610948-763a-4482-a59e-f6e5ca225e99,e520ec36-8288-41cd-be5b-3f4d8c9e7fe0
923,352db1f7-b4d3-4d91-8876-635c6f1dfd34,2026-07-11T14:19:03.998691+00:00,missing_shrink_wrap,,B0002IQOOQ,Dance Dance Revolution Extreme [video game],,v1|366360738241|0,"Dance Dance Revolution Extreme 2 (Sony PlayStation 2, 2005)",Brand New,Video Games; Video Games & Consoles,139973; 1249,lotzretail-1,PS 2,,,,,,,Blocked,Blocked,numeric sequel/year mismatch,,missing_shrink_wrap,current rule should already block,image_or_operator_visual_review,3082e2c9-3040-45c1-af1b-55e238e0d1d1,d349344b-4e4b-480f-9f2c-db9325eeb4b6,74298e03-737d-44e3-98b7-c8c514ccecc0
924,91eea050-24be-4082-890f-fe8f4bb6a6a8,2026-07-11T14:18:47.403438+00:00,missing_shrink_wrap,,B0002IQOOQ,Dance Dance Revolution Extreme [video game],,v1|127873745765|0,DDR Dance Dance Revolution Extreme Ps2 NEW CIB,Brand New,Video Games; Video Games & Consoles,139973; 1249,shellysgoods,PS 2,,,,,,,Probable Match,Probable Match,,,missing_shrink_wrap,evidence exists only in images,image_or_operator_visual_review,47f9049c-0339-4c05-902c-73c2e7d406da,67bc5501-7cf5-405e-ae1d-7d074240419a,9fee2c27-24c6-4fc2-91f1-30c16d83afff
925,f9789efa-ba9d-410f-8bd8-95b381123598,2026-07-11T14:18:28.723216+00:00,incomplete_product,,B002I0JFCO,EA Sports Active 2 - Xbox 360 [video game],,v1|324433158073|0,ACTIVE 2 Personal Trainer KINECT Xbox 360 NEW Factory Sealed Video Game Only,Brand New,Video Games; Video Games & Consoles,139973; 1249,g33kking,Xbox 360,,,,,,,Probable Non-Match,Probable Non-Match,,weak meaningful title overlap,incomplete_product,current rule produces review/probable non-match,title_plus_item_specifics_or_category,676e499d-b594-410c-8882-d950514d0ddc,468d3aab-c898-440c-9bd5-30db31cfb9c2,5e9996f4-3b4b-4723-9289-17ef8cb25bcf
926,254f7200-030f-4e03-81b4-e2c2121c6508,2026-07-11T14:18:28.395891+00:00,incomplete_product,,B002I0JFCO,EA Sports Active 2 - Xbox 360 [video game],,v1|298107628665|0,EA Sports Active 2 Xbox 360 Brand New & Sealed!,Brand New,Video Games; Video Games & Consoles,139973; 1249,cavegamers,Xbox 360,,,,,,,Probable Match,Probable Match,,,incomplete_product,no current deterministic rule covers pattern,title_plus_item_specifics_or_category,ce60dad5-1bab-4793-b45c-494e4ecbbd28,8f59946a-9c79-4e90-aa42-2c72807478f9,32b2454f-0205-4c44-805e-e48bcd2dd770
927,68a68679-292f-41e3-9296-46ac5881a564,2026-07-11T14:18:28.085133+00:00,incomplete_product,,B002I0JFCO,EA Sports Active 2 - Xbox 360 [video game],,v1|267694589633|0,"EA Sports Active 2 Personal Trainer Kinect (Microsoft Xbox 360, 2010) Brand New",Brand New,Video Games; Video Games & Consoles,139973; 1249,wedogames,Xbox 360,,,,,,,Blocked,Probable Match,,,incomplete_product,no current deterministic rule covers pattern,title_plus_item_specifics_or_category,7b906feb-b8e6-4da8-b257-15d0fcf89d8b,b92212b6-6cd9-40a2-bf18-e2f1a4b845c7,f7124b14-62ed-40db-a9c9-870ecf07462f
928,bb4c7528-c9fd-4346-a1ee-1c4eef432aff,2026-07-11T14:18:27.776201+00:00,incomplete_product,,B002I0JFCO,EA Sports Active 2 - Xbox 360 [video game],,v1|197002715180|0,"EA Sports Active 2 (Microsoft Xbox 360, 2010) New -SEALED",Brand New,Video Games; Video Games & Consoles,139973; 1249,backlit_games,Xbox 360,,,,,,,Blocked,Probable Match,,,incomplete_product,no current deterministic rule covers pattern,title_plus_item_specifics_or_category,074af4bb-8791-43eb-9a06-fd3e2441e4c6,744c6025-8cbd-49dc-8464-a7b778a49dac,28e7cf47-e125-460c-bc3b-5056991c2881
929,f30a2494-a126-42fb-868c-efcb8b18b71f,2026-07-11T14:18:27.464157+00:00,incomplete_product,,B002I0JFCO,EA Sports Active 2 - Xbox 360 [video game],,v1|146198247947|0,EA Sports Active 2 Microsoft Xbox 360 **BRAND NEW** FREE SHIPPING,Brand New,Video Games; Video Games & Consoles,139973; 1249,wibetterbargains,Xbox 360,,,,,,,Probable Match,Probable Match,,,incomplete_product,no current deterministic rule covers pattern,title_plus_item_specifics_or_category,588ff25e-cf39-439c-8848-734616d0ad46,a54f1274-bfc6-4e80-86b1-9e8d5f1f7698,844bdd7c-5672-423f-a71c-bb989f4e5c84
930,2ec13828-e05c-494c-bc1e-53437c9b8d3b,2026-07-11T14:18:27.096482+00:00,incomplete_product,,B002I0JFCO,EA Sports Active 2 - Xbox 360 [video game],,v1|226481486684|0,"EA Sports Active 2 (Microsoft Xbox 360, 2010) New -SEALED",Brand New,Video Games; Video Games & Consoles,139973; 1249,jackofalltradesllc2015,Xbox 360,"EA Sports Active 2, EA Sports Active 2: Personal Trainer",NTSC-U/C (US/Canada),,,,2010,Blocked,Probable Match,,,incomplete_product,no current deterministic rule covers pattern,title_plus_item_specifics_or_category,164f2692-93b0-4a01-8569-7a0d43393de7,abd1e913-d456-4442-bcae-423338c35881,d3605dcd-fc92-42ba-af18-7905c1cdd0f5
931,0f55eea5-edee-4383-8cd1-d4c0aa51a94c,2026-07-11T14:18:26.747293+00:00,incomplete_product,,B002I0JFCO,EA Sports Active 2 - Xbox 360 [video game],,v1|143310970859|0,"EA Sports Active 2 (Microsoft Xbox 360, 2010)",Brand New,Video Games; Video Games & Consoles,139973; 1249,johnmer0224_9,Xbox 360,"EA Sports Active 2, EA Sports Active 2: Personal Trainer",,,,,,Blocked,Probable Match,,,incomplete_product,no current deterministic rule covers pattern,title_plus_item_specifics_or_category,bc5680f7-3c4c-4052-a4b6-2bbed8666838,cbb055f7-dc02-4824-a744-00b780f61ccb,d0854243-7f9e-4770-aec1-17023cee8979
932,606a1864-6dcb-416d-88d0-950fdbb3f0f1,2026-07-11T14:18:26.318052+00:00,incomplete_product,,B002I0JFCO,EA Sports Active 2 - Xbox 360 [video game],,v1|177725517990|0,"EA Sports Active 2 (Microsoft Xbox 360, 2010) New Factory Sealed",Brand New,Video Games; Video Games & Consoles,139973; 1249,push_button_crazy,Xbox 360,,,,,,,Blocked,Blocked,non-US item location,,incomplete_product,current rule should already block,title_plus_item_specifics_or_category,012cee6b-a28d-4ae4-88ad-7ce309d66c72,1061e3ce-8050-432e-a8ec-c49a3714f4c9,153ce4fc-cfec-4631-8bb6-4a808a782368
933,25978258-617e-491a-a521-25c8a73e3686,2026-07-11T14:18:10.075512+00:00,suspected_reseal,,B002I0JFCO,EA Sports Active 2 - Xbox 360 [video game],,v1|327228704623|0,Ea Sports Active 2 Personal Trainer - Microsoft Xbox 360 New Open Box,Brand New,Video Games; Video Games & Consoles,139973; 1249,rated_ricky_cardz,Xbox 360,,,,,,,Probable Match,Probable Match,,,suspected_reseal,evidence exists only in images,title_only,d4578d6c-21a9-441a-8772-9a432494b2c1,e7f523cd-2760-4660-8a73-2ea94334592d,41529cfc-03cc-4729-aac3-ba96f63dd207
934,5ece27c9-2c8b-48f4-b0fd-525b072e4a5e,2026-07-11T14:17:45.527734+00:00,missing_shrink_wrap,,B08F3CXZJQ,Minecraft Dungeons Hero Edition - Nintendo Switch [video game],,v1|127940440277|0,Minecraft Dungeons Hero Edition - Nintendo Switch Cartridge Only,Brand New,Video Games; Video Games & Consoles,139973; 1249,msrjniko,Switch,,,,,,,Blocked,Blocked,incomplete listing: cartridge only,,missing_shrink_wrap,current rule should already block,image_or_operator_visual_review,549b27c7-f424-49fc-97b7-09fc577abc03,354b0717-9597-4c93-9a2f-3ed966f6c6ed,e99081e0-da8f-4986-b8d6-dfaf54d3174a
935,1c4e2e30-e1ea-446d-9820-7c3b41378516,2026-07-03T23:36:40.205792+00:00,packaging_damage,,B0727Y69TY,NBA 2K18 – Xbox 360,,v1|277988540478|0,xbox 360 sealed NBA 2k18,Brand New,Video Games; Video Games & Consoles,139973; 1249,aaatoys2,Xbox 360,,,,,,,Probable Match,Probable Match,,,packaging_damage,evidence unavailable before detail but available afterward,image_or_operator_visual_review,e7cd2d4f-4723-4afb-8b5c-db5f81f02c4c,fb966ae5-d15f-4a86-9dac-aae4d13e2863,e30a0b33-8adb-4003-9143-d39db1ef6823
936,8729542d-8305-4b2c-af2b-3cfb03de2d0a,2026-07-03T23:34:39.259452+00:00,packaging_damage,,B00182QCXS,DEAL OR NO DEAL WII,,v1|354821158527|0,"Deal or No Deal (Nintendo Wii, 2009) Brand New Sealed",Brand New,Video Games; Video Games & Consoles,139973; 1249,cakedupbreaks,Wii,,,,,,,Probable Match,Probable Match,,,packaging_damage,evidence exists only in images,image_or_operator_visual_review,99261a8a-e3e0-4a73-97d6-cd677c4638fd,4b233d49-132c-470f-8257-0886121e378f,ff138f75-9fa8-44fa-994b-8c1c28485f96
937,4b339218-a904-412f-8cac-6a7f1f4579ed,2026-07-03T23:32:22.012387+00:00,wrong_product,,B002I08ESA,Madden NFL 11 - Nintendo Wii,,v1|255541913870|0,Madden NFL 11 Prima Official Game Guide for PC Xbox 360 PS3 Wii NEW SEALED,Brand New,Strategy Guides & Cheats; Video Games & Consoles,156595; 1249,brownbrunoo,"Xbox 360, Wii, PS 3, PC",,,,,,,Probable Non-Match,Blocked,eBay category is not Video Games software,candidate lists multiple platforms including Wii,unclear/insufficient evidence,current rule should already block,title_plus_item_specifics_or_category,a3f92cbd-c4c0-4f63-98ba-a5cffaa79a6e,11348a89-7505-4b8d-9cf5-b007810c5572,74e72cd8-f3c8-4ca5-8cc6-cc38fad7cab1
938,3e0b4645-34f6-4d4c-98a8-cd2ce2a1811d,2026-07-03T23:30:39.175495+00:00,missing_shrink_wrap,,B08JDTJ9V5,Fitness Boxing 2: Rhythm & Exercise - Nintendo Switch [Nintendo Switch],,v1|389472133292|0,Fitness Boxing 2: Rhythm & Exercise - Nintendo Switch,Brand New,Video Games; Video Games & Consoles,139973; 1249,physicalgems,Switch,,,,,,,Probable Match,Probable Match,,,missing_shrink_wrap,evidence unavailable before detail but available afterward,image_or_operator_visual_review,6a44a8b3-a952-4e9b-8dd2-30c1c4fe8d37,fdf4ebe4-68ac-4c7f-a030-a174c66a4742,c1d71654-a17c-4703-9fa6-73bddea1f26c
939,8e24e7d1-b85d-4fa2-a361-7f03a360b4a3,2026-07-03T23:30:15.81881+00:00,missing_shrink_wrap,,B00498RQEW,You Don't Know Jack,,v1|235653053403|0,"You Don't Know Jack (Nintendo Wii, 2011)",Brand New,Video Games; Video Games & Consoles,139973; 1249,hweddle98,Wii,You Don't Know Jack,,,,,2011,Probable Match,Probable Match,,,missing_shrink_wrap,evidence unavailable before detail but available afterward,image_or_operator_visual_review,37787e04-a6e4-41f6-9f4d-27eb65e1489b,3ea1457a-f077-43fe-b827-18da9bcf37ad,e5d21cca-5127-4f91-8e3d-528f770a33db
940,a3acee5e-20a1-457d-ad47-10d37e38e239,2026-07-03T23:29:51.766179+00:00,wrong_product,,B00KWFCV32,Splatoon,,v1|265384012285|0,"NEW w/ Tags Nintendo Green Squid 8"" Plush Splatoon Switch Wii U 2 Game Character",New,Action Figures; Toys & Hobbies; Action Figures & Accessories,261068; 220; 246,kaikai_cresha89,"Switch, Wii U",,,,,,,Probable Match,Blocked,accessory/not game: plush; eBay category is not Video Games software,candidate lists multiple platforms including Wii U,collectible/merchandise,current rule should already block,title_only,e554b463-b0ad-4087-85cd-37a8a8df3a6d,a442fd55-962a-4151-a851-ce439c243b3c,9b823242-5aa1-4e1d-89a3-c6b8a6e8d634
941,98f384c4-650f-458c-9080-501572455192,2026-07-03T22:37:45.788614+00:00,wrong_product,,B00DB9JV5W,Halo 5: Guardians - Xbox One [Xbox One],,v1|366440547570|636192352530,Protector For Halo 5 Guardians Limited Edition Case Xbox One,New,Box Protectors; Toys & Hobbies; Action Figures & Accessories; Action Figures Supplies & Storage,261944; 220; 246; 261943,katanatoyz,Xbox One,,,,,,,Probable Non-Match,Blocked,accessory/not game: protector; eBay category is not Video Games software; edition/version mismatch signal,,title ambiguity from a short/generic game name,current rule should already block,title_only,ece11f17-d8a6-4cad-91dc-945eb19c0868,cbc2f8b6-6945-499e-85ff-8eee7112e144,41d5b78d-ce7b-47ba-966b-7f8c6aa43bd7
942,c686666a-7429-451d-99ed-e30cdfa1d786,2026-07-03T22:37:32.213666+00:00,missing_shrink_wrap,,B07D9QWSG1,Overwatch Legendary Edition - PlayStation 4 [PlayStation 4],,v1|146383761401|0,SONY OVERWATCH ORIGINS EDITION - PS4 (EPJ028524),Brand New,Video Games; Video Games & Consoles,139973; 1249,eliteshoppping,PS 4,Overwatch,,,,,,Probable Match,Probable Match,,,missing_shrink_wrap,evidence unavailable before detail but available afterward,image_or_operator_visual_review,feababc2-1dd8-4eb5-9c27-2ac7bb67c6dc,3ad8017d-1b75-42d3-b468-dd665f83f3ff,18a6f720-1b3f-44e9-97e8-386566048416
943,17838fa8-054c-4c73-98be-0cd30f986418,2026-07-03T22:37:16.799072+00:00,other,no shipping,B00168ESPI,Deca Sports,,v1|187485673418|0,Deca Sports / Sports Island - Nintendo Wii,Brand New,Video Games & Consoles; Video Games,139973,ecthe_0,Wii,Deca Sports,,,,,,Probable Match,Blocked,pickup-only listing,,other,operator dismissal may be ambiguous or business/system,title_plus_item_specifics_or_category,66b2716c-c67d-4f74-ac16-389845565a29,13519e85-d2c2-4e8e-81c6-b96ce7b9cd02,a46f8be3-ffd1-44a6-bb3b-771b61a9a875
944,3a8f7b0a-c988-486e-90d0-7fbf087b0c07,2026-07-03T22:35:23.709076+00:00,wrong_edition_version,,B00168ESPI,Deca Sports,,v1|286289807398|0,"Deca Sports 2 (Nintendo Wii, 2009) Hudson CLEAN, SEALED free shpg",Brand New,Video Games; Video Games & Consoles,139973; 1249,jayzeech,Wii,Deca Sports 2,,,,,2009,Probable Match,Blocked,numeric sequel/year mismatch,,unclear/insufficient evidence,current rule should already block,title_only,d75d834b-4ddb-4517-ac71-97c757ac86af,15e4bcd1-ae53-493b-92f1-3f145a35fa3a,c0cb3115-880d-4f1e-91bc-cef8aa9facc0
945,4f9ed741-3c51-43d6-8124-db4dd8075005,2026-07-03T22:35:23.249159+00:00,wrong_edition_version,,B00168ESPI,Deca Sports,,v1|366329265656|0,"NEW SEALED Deca Sports 2 (Nintendo Wii, 2009)",Brand New,Video Games & Consoles; Video Games,139973,lazercraze69,Wii,Deca Sports 2,USA,,,,2009,Probable Match,Blocked,numeric sequel/year mismatch,,unclear/insufficient evidence,current rule should already block,title_only,afeee92a-aec0-4121-825b-6decd1ff51b7,f64e194c-7f7d-436a-af29-38ab49aa0a8d,af9ddcfe-2574-4e0a-ad50-1109faa6aa96
946,cdba251d-37db-44d2-8388-74928096e769,2026-07-03T22:33:39.948792+00:00,missing_shrink_wrap,,B096WZFCHR,Marvel's Guardians of the Galaxy - PlayStation 5 [PlayStation 5],,v1|168467749343|0,Marvel's Guardians of the Galaxy - Sony PlayStation 5,Brand New,Video Games; Video Games & Consoles,139973; 1249,stefor-qk3jqz,PS 5,,,,,,,Probable Match,Probable Match,,,missing_shrink_wrap,evidence exists only in images,image_or_operator_visual_review,b311375b-d739-40bc-b6bd-6d954ff7bf2a,0dba119e-c666-40c4-a759-6ba45418bde3,32250aa5-ac76-405c-9dc1-8ec7ef1c113c
947,e754be43-feb2-4ebe-bea1-a533270cc45a,2026-07-03T22:33:15.174379+00:00,wrong_edition_version,,B00EFRN2IQ,The Sims 4 - PC/Mac,,v1|267640084468|0,The Sims 4 Eco Lifestyle Expansion Pack Win/Mac New Sealed,Brand New,Video Games; Video Games & Consoles,139973; 1249,firepyke,PC,The Sims 4 Eco Lifestyle Expansion,United States,,,Expansion Pack,,Probable Match,Probable Match,,,item-specific Game Name or Edition conflict,evidence unavailable before detail but available afterward,title_plus_item_specifics_or_category,dfaaa83c-28fb-45e5-8abd-7403cdf21c89,7d58ae6e-58da-4470-a490-112a54f79a5f,376c5fe2-947c-42c2-ad1a-679dca2a6753
948,bf97060c-1e8e-4b3f-bb1e-51940aeed531,2026-07-03T22:33:07.311573+00:00,wrong_edition_version,,B00EFRN2IQ,The Sims 4 - PC/Mac,,v1|178234712128|0,The Sims 4 Bundle Game Pack Spa Day Stuff Pack Perfect Picnic PC Mac,Brand New,Video Games; Video Games & Consoles,139973; 1249,ayyo22,PC,,,,,,,Probable Match,Probable Match,,,bundled content difference,evidence unavailable before detail but available afterward,title_plus_item_specifics_or_category,8ee1af74-dcdf-4108-a6fb-42fd21a4fe6a,84809d6a-3c59-40fb-bd64-5b58f72d8dc1,b4c5b6f1-ef55-4481-b367-eac9385a7efe
949,a6bfb3dc-41cb-4f12-b267-743fb05c408c,2026-07-03T22:32:40.502712+00:00,packaging_damage,,B002AO7DHW,Rock Band: Country Track Pack - Nintendo Wii,,v1|287034799860|0,"Rock Band: Country Track Pack (Nintendo Wii, 2009) BRAND NEW SEALED",Brand New,Video Games & Consoles; Video Games,139973,timsellsstuff,Wii,Rock Band: Country Track Pack,NTSC-U/C (US/CA),,,,2009,Probable Match,Probable Match,,,packaging_damage,evidence exists only in images,image_or_operator_visual_review,437d9642-3bee-49e6-805a-b4c5918ba065,d51dc94d-d343-458e-8c92-e3618e2e42c3,9d1b8dee-7e4f-41dd-a561-58c8716c27f8
950,a54f4fdc-fe6a-412f-a0c3-2ac78ded0d6f,2026-07-03T22:31:55.427212+00:00,wrong_product,,B0013E9HP6,Wii Play,,v1|389276791006|0,"Tiger Woods PGA Tour 09: All-Play (Nintendo Wii, 2008) CIB COMPLETE",Brand New,Video Games & Consoles; Video Games,139973,jembrosfinds,Wii,Tiger Woods PGA Tour 09: All-Play,,,,,2008,Probable Match,Probable Match,,,eBay item-specific Game Name conflict,evidence unavailable before detail but available afterward,title_plus_item_specifics_or_category,fdae09b8-8630-456d-ac60-6f21b5edc3c0,a8376cb4-5ed7-4f61-8a3a-1f7f954299e9,1b516ca6-f5d5-4d9c-9a92-0ddaad154f92
951,6ab2bfd4-d97f-413d-b91d-180d4130b751,2026-06-22T14:19:28.926072+00:00,other,pickup only,B00168ESPI,Deca Sports,,v1|187485673418|0,Deca Sports / Sports Island - Nintendo Wii,Brand New,Video Games & Consoles; Video Games,139973,ecthe_0,Wii,Deca Sports,,,,,,Blocked,Blocked,pickup-only listing,,other,operator dismissal may be ambiguous or business/system,title_plus_item_specifics_or_category,e63d21d1-8140-4c5f-935e-b83757c21188,13519e85-d2c2-4e8e-81c6-b96ce7b9cd02,5b9d3b7f-63b3-40c3-a500-0b119e2502e6
952,2843665f-511c-4ae5-a08a-d0ee98563cf4,2026-06-22T13:49:22.4578+00:00,other,game has an EA employee purchase sticker on it making it non-resellable.,B006D3JWR0,Tiger Woods PGA TOUR 13 - Xbox 360,,v1|298336688750|0,Tiger Woods PGA Tour 13 XBOX 360 - Brand New Sealed,Brand New,Video Games; Video Games & Consoles,139973; 1249,micha-genn,Xbox 360,,,,,,,Strong Match,Probable Match,,,other,operator dismissal may be ambiguous or business/system,title_plus_item_specifics_or_category,623a7d83-2e8d-43ce-9493-716c5dd10594,3a8ef2f9-ae03-451e-9bc3-8c7b0deae8f5,fa95cf02-fe43-403d-b166-6db1f59ebe6c
953,58f9b3f8-07ba-4caa-bd06-2ed2433700b3,2026-06-22T13:48:31.901994+00:00,wrong_edition_version,ebay game is not the deluxe edition,B01GKGVI9Y,Titanfall 2 Deluxe Edition - Xbox One,,v1|387721633192|0, XBOX ONE TITANFALL 2 RESPAWN EA ,Brand New,Video Games; Video Games & Consoles,139973; 1249,cheeseslacksgaming,Xbox One,Titanfall 2 Deluxe Edition,,,,,,Probable Non-Match,Blocked,edition/version mismatch signal,,base game vs deluxe edition,current rule should already block,title_only,4cc4d884-7196-462b-86d2-80ccce7f2a20,026714e5-3974-43f2-8838-56f16491137d,e66a5d9d-6cc5-401a-89af-28a3f7a020ff
954,19e327ab-f711-4fb5-992a-b9e77ff02960,2026-06-20T23:47:26.085496+00:00,wrong_platform,,B01MTJ0TA9,Mass Effect Andromeda Deluxe - PlayStation 4,,v1|227165917258|0,Mass Effect: Andromeda -Deluxe Edition Xbox one And Ps4 Steelbook Andromeda,Brand New,Video Games; Video Games & Consoles,139973; 1249,bogeygolf54,Xbox One,"Mass Effect: Andromeda -- Deluxe Edition, Mass Effect: Andromeda",,,,SteelBook Edition,,Blocked,Blocked,"platform mismatch: Amazon PS 4, eBay Xbox One; edition/version mismatch signal",,wrong_platform,current rule should already block,title_only,2d36bfc3-d33e-40a7-8b05-18c7c194e0c6,51d868a1-02bf-4634-8834-3c7f47c743ef,c4b26c8a-ea20-431a-840d-81215c84c731
955,c783206f-d3b4-43c8-b4ba-553038bd154f,2026-06-20T23:47:25.816157+00:00,wrong_platform,,B00MU1YEZY,Call of Duty: Advanced Warfare - PlayStation 4,,v1|227120896734|0,"Advanced Warfare – Xbox 360, One, Series X/S Recovery Service",Brand New,Video Games; Video Games & Consoles,139973; 1249,gotta-go-fast-gaming,"Xbox Series X, Xbox 360",,,,,,,Blocked,Blocked,"platform mismatch: Amazon PS 4, eBay Xbox Series X, Xbox 360; digital/download listing: recovery service",,wrong_platform,current rule should already block,title_only,be397031-4885-4cb6-bb11-3392170fa1da,6c0127da-518a-4690-be82-9e541d6758be,1789b242-9a46-419b-8095-4b8399008c88
956,41e85f1d-c8a9-4eb6-af35-1cbeb1a4e7e4,2026-06-20T23:47:25.508532+00:00,wrong_platform,,B00MU1YEZY,Call of Duty: Advanced Warfare - PlayStation 4,,v1|185780289142|0,"Call of Duty: Advanced Warfare (Sony PlayStation 3, 2014)",Brand New,Video Games; Video Games & Consoles,139973; 1249,bryrinc0,PS 3,,,,,,,Blocked,Blocked,"platform mismatch: Amazon PS 4, eBay PS 3",,wrong_platform,current rule should already block,title_plus_item_specifics_or_category,a036051b-1888-4ca0-8b0b-4038cf312cce,e73221c3-31e4-4d0a-b2d3-c3686603700b,d537a693-74d1-4743-8932-ce3b3ff8f694
957,a84bde22-1b3a-49c1-8778-00dc578ffdd7,2026-06-20T23:46:52.699641+00:00,wrong_product,different games,B006D3JWR0,Tiger Woods PGA TOUR 13 - Xbox 360,,v1|306966561242|0,Tiger Woods PGA Tour 12 Masters (Microsoft Xbox 360) BRAND NEW SEALED,Brand New,Video Games; Video Games & Consoles,139973; 1249,bcivic89,Xbox 360,,,,,,,Probable Match,Blocked,numeric sequel/year mismatch,,unclear/insufficient evidence,current rule should already block,title_only,d4ad3f0d-83a6-4e2e-8364-3be86881cb85,56579410-80dc-42ce-90ff-bc4903f9442e,5ce1b752-b0f1-4b0a-b38d-5d970e2979f8
958,e5327bf4-5b1e-4fb2-a612-5fdc2679cc01,2026-06-20T15:36:44.117705+00:00,wrong_platform,ebay item is ds vs wii,B00182QCXS,DEAL OR NO DEAL WII,,v1|336397368603|0,Nintendo DS Special Edition Deal or No Deal BRAND NEW FACTORY SEALED,Brand New,Video Games; Video Games & Consoles,139973; 1249,grande_deals,DS,,,,,,,Blocked,Blocked,unsupported sourcing platform: DS; edition/version mismatch signal,,wrong_platform,current rule should already block,title_only,f347bf57-c9d9-4d0c-82b7-c8da47354b3b,c59c35af-19ce-4386-993b-fb5a2497bb43,50598c4e-1f23-46ae-848c-3a2ded740cbf
959,9763a555-0778-491f-b1e8-1ea5e0050651,2026-06-20T15:35:17.109752+00:00,wrong_edition_version,ebay is version 2,B004J30X4W,Country Dance Wii,,v1|157621281936|0,Country Dance 2 Nintendo Wii Game - CIB Brand New Sealed With Manual,Brand New,Video Games; Video Games & Consoles,139973; 1249,bobaloo2382,Wii,,,,,,,Probable Match,Blocked,numeric sequel/year mismatch,,unclear/insufficient evidence,current rule should already block,title_only,1e73ef7c-2a89-46ef-bda1-520d71d1fd39,4153f177-8ab0-493d-81d4-b63516643a9f,2471784b-4450-4e34-89e0-b6fc41342991
960,e74fa7a7-a75e-48e3-9664-52a34fa4a875,2026-06-20T15:34:59.745008+00:00,digital_item,digital,B01GKGVI9Y,Titanfall 2 Deluxe Edition - Xbox One,,v1|184374846888|0,"Titanfall 2 Deluxe Edition Game Add-On Content (Microsoft Xbox One, 2016)",Brand New,Video Games & Consoles; Video Games,139973,joemama7777,Xbox One,Titanfall 2 Deluxe Edition,,,,Expansion Pack,2016,Blocked,Blocked,"excluded keyword: download; digital/download listing: add-on content, download, download code; pickup-only listing",,digital_item,current rule should already block,title_only,b6c95690-ca27-434e-aa23-ce528009e08d,c00a29df-266f-4461-9fa8-e44a4742c383,71444658-f984-42d8-a229-2b8f867e2108
961,23ca895c-c276-467b-a235-9070b2404c6a,2026-06-20T15:34:38.250613+00:00,wrong_edition_version,ebay item is not the deluxe edition,B01GKGVI9Y,Titanfall 2 Deluxe Edition - Xbox One,,v1|387721633192|0, XBOX ONE TITANFALL 2 RESPAWN EA ,Brand New,Video Games; Video Games & Consoles,139973; 1249,cheeseslacksgaming,Xbox One,Titanfall 2 Deluxe Edition,,,,,,Blocked,Blocked,edition/version mismatch signal,,base game vs deluxe edition,current rule should already block,title_only,ae6420c5-8802-4ed0-8c8f-4def7f4a995d,026714e5-3974-43f2-8838-56f16491137d,6dd24bbb-1fb1-404e-aff0-48ec7ff7e95a
962,18911f65-a38f-46a1-bb34-fddba83c4e62,2026-06-20T15:33:49.657349+00:00,missing_shrink_wrap,,B0018RWMRS,Game Party 2 - Nintendo Wii,,v1|317987738891|0,Game Party 2 - Nintendo Wii Complete in Box With Manual,Brand New,Video Games & Consoles; Video Games,139973,buyyourgadget,Wii,Game Party 2,,,Video Game,,,Probable Match,Probable Match,,,missing_shrink_wrap,evidence unavailable before detail but available afterward,image_or_operator_visual_review,8a7e93a7-c35c-4142-953a-09c9d066baaa,8bfdaa0d-a0b7-4a7f-8eeb-79d707ef8b6c,7ddaff15-1f9c-40d0-a939-e48336426112
963,f9837b74-37d9-47f5-9e36-4da78d820710,2026-06-20T14:20:02.692197+00:00,wrong_platform,,B00D8S4GLK,Just Dance 2014,,v1|167522152509|0,"New Just Dance 2014 (Xbox 360, 2013) Factory Sealed Kinect Required",Brand New,Video Games; Video Games & Consoles,139973; 1249,lord-cronos,Xbox 360,Just Dance 2014,NTSC-U/C (US/Canada),,,,2013,Probable Match,Probable Match,,,wrong_platform,evidence unavailable before detail but available afterward,title_plus_item_specifics_or_category,e1ef05ec-6142-4e1f-b6a9-26285ef788f7,dbec1f56-d3ea-4a4c-b974-f81411c014fe,e8a5a861-5364-4544-aa9c-d9624aa1f05f
964,57403f80-9134-47b4-9482-bf46265628d0,2026-06-20T14:20:02.374797+00:00,wrong_platform,,B00D8S4GLK,Just Dance 2014,,v1|225769143899|0,Just Dance 2014 for PlayStation 3 PLAYSTATION 3 (PS3) GAME  NEW,Brand New,Video Games & Consoles; Video Games,139973,igadgetselectronics,PS 3,Just Dance 2014,,,,,,Probable Match,Probable Match,,,wrong_platform,evidence unavailable before detail but available afterward,title_plus_item_specifics_or_category,6eb0eff3-e021-48fd-8872-9107025c81f1,1a782d4e-218a-4c37-bf91-962a079eda67,adaceb02-c6ea-4ef1-aa62-cc7e7e33fd10
965,32cbe97d-c81b-49a3-8f31-424a024f2eb6,2026-06-20T14:20:01.886905+00:00,wrong_platform,,B00D8S4GLK,Just Dance 2014,,v1|188004152060|0,JUST DANCE 2014 PS3 PLAYSTATION 3 SONY MUSIC KETY PERRY'S LADY GAGA + US EDITION,Brand New,Video Games; Video Games & Consoles,139973; 1249,joslave-25,PS 3,,,,,,,Probable Match,Probable Match,,,wrong_platform,evidence unavailable before detail but available afterward,title_plus_item_specifics_or_category,f8cd2e1b-f7d4-49f2-bf46-d991935eb306,f11bfbd7-c240-4e56-9d7e-a6e365581ae0,0ad29f47-d8a1-4f77-a44f-44ee95747e46
966,e2cd0ee9-39de-4ff0-9585-e4afb6db469d,2026-06-20T14:19:33.814423+00:00,wrong_product,dj hero vs. game party,B0018RWMRS,Game Party 2 - Nintendo Wii,,v1|350943084723|0,Wii DJ HERO 2 -BRING THE PARTY HOME! Great Family Game! Ship 1st. Class Mail!,Brand New,Video Games & Consoles; Video Games,139973,bestdiscountsforu,Wii,DJ Hero 2,,,,,,Probable Match,Blocked,item-specific Game Name identifies a different game,,eBay item-specific Game Name conflict,current rule should already block,title_plus_item_specifics_or_category,52ec0401-9bc4-4bc1-97d5-7a6e127fad7f,012b5ee5-f268-4ce7-8c8c-31c1f50df15b,a24e4e62-76cb-4197-8fa9-6a12de598d1f
967,f1645ea2-5f16-457a-b023-fa2c7fbc4f2a,2026-06-20T14:19:13.374898+00:00,missing_shrink_wrap,,B0018RWMRS,Game Party 2 - Nintendo Wii,,v1|317987738891|0,Game Party 2 - Nintendo Wii Complete in Box With Manual,Brand New,Video Games & Consoles; Video Games,139973,buyyourgadget,Wii,Game Party 2,,,Video Game,,,Probable Match,Probable Match,,,missing_shrink_wrap,evidence exists only in images,image_or_operator_visual_review,aba04909-aaa2-4ecd-91f0-ef59f6335f88,8bfdaa0d-a0b7-4a7f-8eeb-79d707ef8b6c,885a4cd1-98b4-4b5c-87c6-862d2febda95
968,1b1b3e62-adff-4594-bac1-c425a6ed391c,2026-06-20T14:13:28.329775+00:00,wrong_platform,xbox one vs. ps4,B07DQMMPML,NBA 2K19 - PlayStation 4,,v1|363821125105|633042399086,NBA 2K19 (Xbox One) You Can CHOOSE BRAND NEW WITH OR WITHOUT A CASE,Brand New,Video Games; Video Games & Consoles,139973; 1249,auctionbarn.media,Xbox One,,,,,,,Blocked,Blocked,"platform mismatch: Amazon PS 4, eBay Xbox One",,wrong_platform,current rule should already block,title_plus_item_specifics_or_category,d19ec29d-0323-4211-b4e0-29118a933cab,f45ce4a9-6861-4d0a-9dee-cc6ee7801006,71253f34-aa3c-4727-bb0a-e1a9093a4eb7
969,3911621b-2720-43c4-94df-9443a09367cb,2026-06-19T04:52:30.765086+00:00,wrong_platform,,B00D8S4GLK,Just Dance 2014,,v1|167522152509|0,"New Just Dance 2014 (Xbox 360, 2013) Factory Sealed Kinect Required",Brand New,Video Games; Video Games & Consoles,139973; 1249,lord-cronos,Xbox 360,Just Dance 2014,NTSC-U/C (US/Canada),,,,2013,Blocked,Probable Match,,,wrong_platform,evidence unavailable before detail but available afterward,title_plus_item_specifics_or_category,9df67ce3-e835-4ea4-899a-7bf8095bbd76,dbec1f56-d3ea-4a4c-b974-f81411c014fe,ec3e039a-598b-4923-b1d0-e3cdb9630a42
970,9ed0c68d-5d6f-41c4-a59e-426f27e6d00b,2026-06-19T04:52:30.463308+00:00,wrong_platform,,B00D8S4GLK,Just Dance 2014,,v1|225769143899|0,Just Dance 2014 for PlayStation 3 PLAYSTATION 3 (PS3) GAME  NEW,Brand New,Video Games & Consoles; Video Games,139973,igadgetselectronics,PS 3,Just Dance 2014,,,,,,Probable Match,Probable Match,,,wrong_platform,no current deterministic rule covers pattern,title_plus_item_specifics_or_category,586a61d3-f25f-4f67-a680-c59c97d580c8,1a782d4e-218a-4c37-bf91-962a079eda67,27485a50-e35c-4c43-87a6-8d5be0d19a3f
971,e151b42f-e7a8-4188-8502-906ef7af7f94,2026-06-19T04:52:30.07215+00:00,wrong_platform,,B00D8S4GLK,Just Dance 2014,,v1|188004152060|0,JUST DANCE 2014 PS3 PLAYSTATION 3 SONY MUSIC KETY PERRY'S LADY GAGA + US EDITION,Brand New,Video Games; Video Games & Consoles,139973; 1249,joslave-25,PS 3,,,,,,,Blocked,Probable Match,,,wrong_platform,evidence unavailable before detail but available afterward,title_plus_item_specifics_or_category,09f7f363-9ac2-4645-9be6-76b5557319b2,f11bfbd7-c240-4e56-9d7e-a6e365581ae0,05fabc16-eaac-4443-bbf4-c9aafc658d85
972,cd0f1c2b-e8c2-4f40-923f-356b1ee27127,2026-06-19T04:43:51.913074+00:00,wrong_platform,,B07DQMMPML,NBA 2K19 - PlayStation 4,,v1|363821125105|633042399086,NBA 2K19 (Xbox One) You Can CHOOSE BRAND NEW WITH OR WITHOUT A CASE,Brand New,Video Games; Video Games & Consoles,139973; 1249,auctionbarn.media,Xbox One,,,,,,,Blocked,Blocked,"platform mismatch: Amazon PS 4, eBay Xbox One",,wrong_platform,current rule should already block,title_plus_item_specifics_or_category,ed678a94-5c48-4fb0-bf90-f66e46b1c550,f45ce4a9-6861-4d0a-9dee-cc6ee7801006,ea3ddf76-091f-449f-9017-28740fadd0fe
973,f25cd808-42b1-42be-a4bd-2735d21b8e15,2026-06-19T04:42:22.057558+00:00,wrong_edition_version,,B0086V5UF0,Just Dance 4 - Nintendo Wii,,v1|366336052119|0,"NEW Sealed Just Dance Disney Party Nintendo Wii, 2012 Game",Brand New,Video Games; Video Games & Consoles,139973; 1249,caribbeanjc,Wii,Just Dance: Disney Party,NTSC-U/C (US/Canada); United States,,,"Multiplayer, Fast Shipping, Tested",2012,Probable Match,Blocked,numeric sequel/year mismatch,,release-year mismatch,current rule should already block,title_only,3d659bb7-2422-4e76-8f02-6a38ef641c9b,6f412395-dda7-4a47-b83e-4feb8448b063,4494fc93-435c-4cb9-a932-0e4d3c53377b
974,4e08a44f-0284-499e-a438-471c3f73e036,2026-06-19T04:42:21.633594+00:00,wrong_edition_version,,B0086V5UF0,Just Dance 4 - Nintendo Wii,,v1|357316236123|0,New JUST DANCE 2 game - Nintendo Wii system,Brand New,Video Games; Video Games & Consoles,139973; 1249,mikenamy1984,Wii,,,,,,,Probable Match,Blocked,numeric sequel/year mismatch,,release-year mismatch,current rule should already block,title_only,59b67339-628f-4807-841c-11542ec987d2,8e989ca4-3423-4aac-a279-119c4339cfa1,7f03637c-152e-4863-ac15-5179da3c428a
975,f3495538-2336-4ceb-a3e0-6775ae0665f2,2026-06-19T04:41:56.057763+00:00,missing_shrink_wrap,,B001YI0Z2U,Bayonetta - Xbox 360,,v1|157708033375|0,XBOX 360- BAYONETTA- COMPLETE W/ MANUAL,New,Video Games & Consoles; Video Game Consoles,139971,bradre1977,Xbox 360,,NTSC-U/C (US/Canada),,,,,Probable Match,Probable Match,,,missing_shrink_wrap,evidence unavailable before detail but available afterward,image_or_operator_visual_review,ef7cb216-40fe-4f8a-a42c-b5a7c7a60d38,421db5fb-4d49-4d1d-a7cd-7f0d2857cb5d,5b7800aa-3aa2-4ffc-8025-2838731f6b0c
976,f85fc66a-896f-4b30-a705-827de67cefc6,2026-06-19T04:41:30.513707+00:00,wrong_product,,B00498RQEW,You Don't Know Jack,,v1|204294612068|0,You Don't Know Jack Game on CD - NEW and SEALED,Brand New,Video Games & Consoles; Video Games,139973,ljantzen,PC,You Don't Know Jack,,,,,,Probable Match,Probable Match,,,unclear/insufficient evidence,evidence unavailable before detail but available afterward,title_plus_item_specifics_or_category,babe1945-dbc2-4429-bba3-354ca015837f,7582066d-82de-4936-ad2e-deaa557b61ff,f31c7a38-78ba-42a3-bd74-4a3b14a6a3b8
977,66c7ae44-c7ef-46b5-be61-60eff1c41195,2026-06-19T04:41:30.15403+00:00,wrong_product,,B00498RQEW,You Don't Know Jack,,v1|284100578829|0,"SEALED You Don't Know Jack (PC, 1998) Windows 95 3.1 Mac OS 7.1+ RARE ORIGINAL",Brand New,Video Games & Consoles; Video Games,139973,prometheus2019,PC,You Don't Know Jack,NTSC-U/C (US/CA),,,,1998,Probable Match,Blocked,numeric sequel/year mismatch,,unclear/insufficient evidence,current rule should already block,title_only,f4c339e9-b86f-48ac-9edf-04d48cd00fe8,fcb7ea37-6ec4-460b-8ba9-abdca322a956,989acf8a-76c1-46ad-b5ad-7d252f07167e
978,9ad91647-6ed0-4e09-8030-a1651921cc77,2026-06-19T04:41:29.812566+00:00,wrong_product,,B00498RQEW,You Don't Know Jack,,v1|267215687320|0,YOU DON'T KNOW JACK - Volume 2 - PC CD-ROM NEW/SEALED,Brand New,Video Games & Consoles; Video Games,139973,gingerandjay,PC,YOU DON'T KNOW JACK - Volume 2,,,,,,Blocked,Blocked,excluded keyword: promo; numeric sequel/year mismatch,,eBay item-specific Game Name conflict,current rule should already block,title_only,e910ee90-b086-48a1-98d6-3ce75ded87ea,7dd647c4-02c7-40b8-b735-743c8f8aed4d,2a999416-41ba-48c7-9c11-8b1ccde58f68
979,6a2c2e68-a714-4bc7-80e8-36952d4628df,2026-06-19T04:41:29.304104+00:00,wrong_product,,B00498RQEW,You Don't Know Jack,,v1|362319480294|0,"SEALED You Don't Know Jack (PC, 1998) Windows 95 3.1 Mac OS 7.1+ RARE ORIGINAL",Brand New,Video Games & Consoles; Video Games,139973,broadwayresale,PC,You Don't Know Jack,NTSC-U/C (US/CA),,,,1998,Probable Match,Blocked,numeric sequel/year mismatch,,unclear/insufficient evidence,current rule should already block,title_only,6b19b6b3-f052-4ad7-b4c6-98fb8b9c0aa7,3d11d0fd-48ac-4ba1-b83f-974108227c8a,5e69bb40-e974-48b6-891d-7e57fa533066
980,c8ba53da-0b8b-4786-b12d-767e86647f6d,2026-06-19T04:40:34.450008+00:00,wrong_edition_version,not professional version,B007T86T4C,Hitman: Absolution (Professional Edition) -Xbox 360,,v1|166546662762|0,"Hitman Absolution (Microsoft Xbox 360, 2012) - New/Sealed ",Brand New,Video Games & Consoles; Video Games,139973,rdb211,Xbox 360,Hitman: Absolution,NTSC-U/C (US/Canada),,,,2012,Probable Match,Probable Match,,,unclear/insufficient evidence,evidence unavailable before detail but available afterward,title_plus_item_specifics_or_category,562e05f0-f7d0-4d07-844a-3b5e8085c1d2,7be5d474-081b-462d-ad58-783497725489,daef6200-557e-4879-9da6-a0ac393b9cd0
981,12a3acbf-7ff0-467c-a33f-f4898bc637f2,2026-06-19T04:40:34.172691+00:00,wrong_edition_version,not professional version,B007T86T4C,Hitman: Absolution (Professional Edition) -Xbox 360,,v1|154455758581|0,"Hitman: Absolution (Microsoft Xbox 360, 2012) *New,Sealed*",Brand New,Video Games & Consoles; Video Games,139973,media_men,Xbox 360,Hitman: Absolution,,,,,,Probable Match,Probable Match,,,unclear/insufficient evidence,no current deterministic rule covers pattern,title_plus_item_specifics_or_category,82f3bdbf-3b94-4155-903d-96dfbe054a33,162c6522-fe72-407f-9f18-f994a1187d24,44373aa7-e3cd-42d2-9e6d-ff26315775ad
982,05ab8a7b-b653-448a-a5aa-20638ee34453,2026-06-19T04:40:33.842368+00:00,wrong_edition_version,not professional version,B007T86T4C,Hitman: Absolution (Professional Edition) -Xbox 360,,v1|264769010268|0,New Hitman: Absolution Microsoft Xbox 360 Game *Factory Sealed!,Brand New,Video Games & Consoles; Video Games,139973,bigbrownsmom,Xbox 360,Hitman: Absolution,NTSC-U/C (US/Canada); United States,,,,,Probable Match,Probable Match,,,unclear/insufficient evidence,evidence unavailable before detail but available afterward,title_plus_item_specifics_or_category,45dc3cc6-9907-4ce5-b852-6845257d88e5,840f7ade-888a-43c9-994b-b7258dd715af,a122fa66-50f7-4d92-a9c5-4b232609924b
983,7b377347-ed27-4a75-b7f7-792f356b1545,2026-06-19T04:40:33.540421+00:00,wrong_edition_version,not professional version,B007T86T4C,Hitman: Absolution (Professional Edition) -Xbox 360,,v1|304133566227|0,"Hitman: Absolution (Microsoft Xbox 360, 2012) BRAND NEW SEALED!!!!!!",Brand New,Video Games & Consoles; Video Games,139973,starby.007,Xbox 360,Hitman: Absolution,NTSC-U/C (US/Canada); United States,,,"Exclusive code included, Complete Edition",,Probable Match,Probable Match,,,base game vs complete/GOTY edition,evidence unavailable before detail but available afterward,title_plus_item_specifics_or_category,d657e677-d3c4-401f-be5c-843f66a0ff1d,59e1bd6a-28b8-483b-b40b-b62dc9287b9d,ed22173a-8019-4dbb-ac71-eeedc826aefa
984,1adf36a8-7d50-447c-bbd7-051b8d28c93a,2026-06-19T04:40:33.081023+00:00,wrong_edition_version,not professional version,B007T86T4C,Hitman: Absolution (Professional Edition) -Xbox 360,,v1|326264949046|0,Hitman: Absolution Microsoft Xbox 360 BRAND NEW SEALED ,Brand New,Video Games & Consoles; Video Games,139973,mywholevideogamecollection,Xbox 360,Hitman: Absolution,,,,,2012,Probable Match,Probable Match,,,unclear/insufficient evidence,evidence unavailable before detail but available afterward,title_plus_item_specifics_or_category,4c755123-3896-4712-b8ca-da34dc4f419d,416a788b-1e7a-49ff-92f6-34f55daa22d6,2af097db-bd04-4640-a566-8540c7d6feb3
985,54db8ae1-8780-4bae-96f7-dace8a8801a3,2026-06-19T04:40:03.001418+00:00,wrong_product,game guide,B000N4MSAS,Brothers In Arms: Hell's Highway - Playstation 3,,v1|165809750655|0,NEW Brothers In Arms Hell’s Highway Prima Official Game Guide XBOX 360 PS3 PC,Brand New,Strategy Guides & Cheats; Video Games & Consoles,156595; 1249,eleanor050862,"Xbox 360, PS 3, PC",,,,,,,Probable Non-Match,Blocked,eBay category is not Video Games software,candidate lists multiple platforms including PS 3,unclear/insufficient evidence,current rule should already block,title_plus_item_specifics_or_category,bfcb8edc-860e-4878-a541-0eb981eae654,f45debe5-6d64-458d-866a-9a8c8ac5b36e,6bacda92-b6c1-4190-9623-6d1f72b9135f
986,32362e22-54bc-4989-abb3-2fef456c9cd8,2026-06-15T03:03:46.03155+00:00,missing_shrink_wrap,,B07DQMMPML,NBA 2K19 - PlayStation 4,,v1|363318918781|0,NBA 2K19 Standard Edition for Xbox One,Brand New,Video Games; Video Games & Consoles,139973; 1249,ms7_games,Xbox One,NBA 2K19,,,,,,Blocked,Blocked,"platform mismatch: Amazon PS 4, eBay Xbox One",,missing_shrink_wrap,current rule should already block,image_or_operator_visual_review,30e84241-5ee2-4034-a01b-487c5b8d7c5e,414b926e-9b5e-4d16-9396-fdab207b05c8,469d04e5-4277-460c-8d00-1ab972851adf
987,e634bfe9-67a2-4300-b5ea-e88322d5cf6a,2026-06-15T03:03:45.571297+00:00,missing_shrink_wrap,,B07DQMMPML,NBA 2K19 - PlayStation 4,,v1|206340123367|0,"NBA 2K19 (Microsoft Xbox One, 2018) Complete TESTED WORKING",Brand New,Video Games; Video Games & Consoles,139973; 1249,bestbuysells,Xbox One,,,,,,,Blocked,Blocked,"platform mismatch: Amazon PS 4, eBay Xbox One",,missing_shrink_wrap,current rule should already block,image_or_operator_visual_review,3b7b175f-9ec4-4022-859f-1aaaf51067b0,9a76d859-395d-4462-a6c4-32f3e5591daf,09a21686-21af-44ac-9fe0-9fe4a77b76a5
988,b4641106-f853-4601-906b-18f9ecc8c56b,2026-06-15T03:01:13.330035+00:00,packaging_damage,,B0013E9HP6,Wii Play,,v1|358650662907|0,"Wii Play (Wii, 2007) **NEW SEALED**",Brand New,Video Games; Video Games & Consoles,139973; 1249,theretrocore,Wii,Wii Play,United States,,,"Earn gold, silver, and bronze medals by obtaining high scores in each challenge Create your own ""Miis"" and use them in your game Play alone or challenge friends to activities including table tennis, billiards, fishing, and rac",2007,Probable Match,Blocked,edition/version mismatch signal,,packaging_damage,current rule should already block,image_or_operator_visual_review,30b0bfd6-df0e-4aac-9b0d-7e33105b92c9,d50eb429-924b-4392-b504-e30b673b5a92,35d3e138-611f-42cd-b39a-0c3ab5edecbc
989,5b831b30-f213-4fac-9679-e450e7912bc5,2026-06-15T02:56:15.638457+00:00,missing_shrink_wrap,,B001YI0Z2U,Bayonetta - Xbox 360,,v1|157708033375|0,XBOX 360- BAYONETTA- COMPLETE W/ MANUAL,New,Video Games & Consoles; Video Game Consoles,139971,bradre1977,Xbox 360,,NTSC-U/C (US/Canada),,,,,Probable Match,Probable Match,,,missing_shrink_wrap,evidence exists only in images,image_or_operator_visual_review,196765a5-0df6-4428-8f97-5fb226701c14,421db5fb-4d49-4d1d-a7cd-7f0d2857cb5d,913e2cac-a028-4a0e-b248-fda5ae12ca13
990,d7c11c7f-450b-49af-9137-54357401112c,2026-06-15T02:55:47.312749+00:00,wrong_platform,windows pc version and not the wii,B00498RQEW,You Don't Know Jack,,v1|204294612068|0,You Don't Know Jack Game on CD - NEW and SEALED,Brand New,Video Games & Consoles; Video Games,139973,ljantzen,PC,You Don't Know Jack,,,,,,Probable Match,Probable Match,,,wrong_platform,no current deterministic rule covers pattern,title_plus_item_specifics_or_category,f5dd5fe7-ee59-4717-8651-fcb4350eda74,7582066d-82de-4936-ad2e-deaa557b61ff,c452c3ee-1069-44e7-af83-c80581909c98
991,102867d1-4d74-438d-8d97-ff0414e05e62,2026-06-15T02:55:46.898878+00:00,wrong_platform,windows pc version and not the wii,B00498RQEW,You Don't Know Jack,,v1|284100578829|0,"SEALED You Don't Know Jack (PC, 1998) Windows 95 3.1 Mac OS 7.1+ RARE ORIGINAL",Brand New,Video Games & Consoles; Video Games,139973,prometheus2019,PC,You Don't Know Jack,NTSC-U/C (US/CA),,,,1998,Probable Match,Blocked,numeric sequel/year mismatch,,wrong_platform,current rule should already block,title_only,ca85cfd2-1cb4-480c-a285-6ccc67f4a0a5,fcb7ea37-6ec4-460b-8ba9-abdca322a956,203d3b6a-b127-40f4-96e6-0f9e8da589f2
992,ed91dd6a-16ec-462f-8c47-8e8caa54085f,2026-06-15T02:55:46.514462+00:00,wrong_platform,windows pc version and not the wii,B00498RQEW,You Don't Know Jack,,v1|267215687320|0,YOU DON'T KNOW JACK - Volume 2 - PC CD-ROM NEW/SEALED,Brand New,Video Games & Consoles; Video Games,139973,gingerandjay,PC,YOU DON'T KNOW JACK - Volume 2,,,,,,Blocked,Blocked,excluded keyword: promo; numeric sequel/year mismatch,,wrong_platform,current rule should already block,title_only,3d1e47d5-6ed1-4ac2-bbeb-95112cc5f96d,7dd647c4-02c7-40b8-b735-743c8f8aed4d,6a6ce28c-f221-47d9-b4fb-43ede53a559c
993,65835673-bfdf-4852-a782-c327a6a406f9,2026-06-15T02:55:46.024001+00:00,wrong_platform,windows pc version and not the wii,B00498RQEW,You Don't Know Jack,,v1|362319480294|0,"SEALED You Don't Know Jack (PC, 1998) Windows 95 3.1 Mac OS 7.1+ RARE ORIGINAL",Brand New,Video Games & Consoles; Video Games,139973,broadwayresale,PC,You Don't Know Jack,NTSC-U/C (US/CA),,,,1998,Probable Match,Blocked,numeric sequel/year mismatch,,wrong_platform,current rule should already block,title_only,d7d4a7b9-a7f9-4f19-8a1f-0b57a04a7a9e,3d11d0fd-48ac-4ba1-b83f-974108227c8a,2b386d51-9e86-43a9-a691-a33ef3abeff0
994,23b97e4c-a106-45c6-876b-c95219baea20,2026-06-15T02:54:54.607936+00:00,wrong_product,shopping bag and not a game,B003ZHMMEM,Donkey Kong Country Returns,,v1|187154923455|0,Donkey Kong Country Returns 3D Shopping Tote,New,Video Games & Consoles; Video Game Merchandise,38583,gojirarox,,,,,Tote Bag,,,Blocked,Blocked,"excluded keyword: promo, promotional; accessory/not game: type: Tote Bag",,collectible/merchandise,current rule should already block,title_only,e41861b7-7362-4799-9999-e8f0d52ed1ba,e6c73415-1985-43ee-bb56-41080ec21d71,b54c609b-4adf-4230-a897-7326ef1ac9a0
995,6ef2b9a3-9361-48fd-ac14-c27607fd7227,2026-06-15T02:51:40.00332+00:00,wrong_edition_version,not the professional edition,B007T86T4C,Hitman: Absolution (Professional Edition) -Xbox 360,,v1|264769010268|0,New Hitman: Absolution Microsoft Xbox 360 Game *Factory Sealed!,Brand New,Video Games & Consoles; Video Games,139973,bigbrownsmom,Xbox 360,Hitman: Absolution,NTSC-U/C (US/Canada); United States,,,,,Probable Match,Probable Match,,,unclear/insufficient evidence,no current deterministic rule covers pattern,title_plus_item_specifics_or_category,0a607ca9-c5f5-4ccd-bec9-6e34a49e7df6,840f7ade-888a-43c9-994b-b7258dd715af,bbe4e050-a038-43fc-8bee-6f2e44209946
996,2d71cf90-3b3e-422a-b3a8-2a433ce8cd65,2026-06-15T02:51:39.655605+00:00,wrong_edition_version,not the professional edition,B007T86T4C,Hitman: Absolution (Professional Edition) -Xbox 360,,v1|154455758581|0,"Hitman: Absolution (Microsoft Xbox 360, 2012) *New,Sealed*",Brand New,Video Games & Consoles; Video Games,139973,media_men,Xbox 360,Hitman: Absolution,,,,,,Probable Match,Probable Match,,,unclear/insufficient evidence,no current deterministic rule covers pattern,title_plus_item_specifics_or_category,23d0b129-5b58-4575-8b72-baf1bdf5d8dd,162c6522-fe72-407f-9f18-f994a1187d24,3f24476a-f496-475e-9a48-2d1fb69051bd
997,2c38eaf2-a886-44e6-a31f-41ea10ae7f37,2026-06-15T02:51:39.206967+00:00,wrong_edition_version,not the professional edition,B007T86T4C,Hitman: Absolution (Professional Edition) -Xbox 360,,v1|304133566227|0,"Hitman: Absolution (Microsoft Xbox 360, 2012) BRAND NEW SEALED!!!!!!",Brand New,Video Games & Consoles; Video Games,139973,starby.007,Xbox 360,Hitman: Absolution,NTSC-U/C (US/Canada); United States,,,"Exclusive code included, Complete Edition",,Probable Match,Probable Match,,,base game vs complete/GOTY edition,no current deterministic rule covers pattern,title_plus_item_specifics_or_category,1d173dc3-1c44-420d-8210-63034c864a86,59e1bd6a-28b8-483b-b40b-b62dc9287b9d,01f68a29-94ed-4cd8-941a-5aa6a0ec9ba2
998,da98242a-761f-48ef-8e80-f70bb8d81795,2026-06-15T02:51:38.821451+00:00,wrong_edition_version,not the professional edition,B007T86T4C,Hitman: Absolution (Professional Edition) -Xbox 360,,v1|326264949046|0,Hitman: Absolution Microsoft Xbox 360 BRAND NEW SEALED ,Brand New,Video Games & Consoles; Video Games,139973,mywholevideogamecollection,Xbox 360,Hitman: Absolution,,,,,2012,Probable Match,Probable Match,,,unclear/insufficient evidence,no current deterministic rule covers pattern,title_plus_item_specifics_or_category,0a79b0d7-d9d4-405e-bf6c-0dc79ab06eea,416a788b-1e7a-49ff-92f6-34f55daa22d6,7602334d-eeaa-4594-a69a-efd45552df36
999,59832cb8-923b-4cac-9672-ec0fb4eba2e8,2026-06-15T02:51:38.253947+00:00,wrong_edition_version,not the professional edition,B007T86T4C,Hitman: Absolution (Professional Edition) -Xbox 360,,v1|166546662762|0,"Hitman Absolution (Microsoft Xbox 360, 2012) - New/Sealed ",Brand New,Video Games & Consoles; Video Games,139973,rdb211,Xbox 360,Hitman: Absolution,NTSC-U/C (US/Canada),,,,2012,Probable Match,Probable Match,,,unclear/insufficient evidence,no current deterministic rule covers pattern,title_plus_item_specifics_or_category,c545de78-6afc-4f36-8e1b-27cf5064a3d1,7be5d474-081b-462d-ad58-783497725489,6d54ae61-f003-4241-a2de-3a339e90b56f
1000,bdc5b910-b76f-4450-b308-d6d4ea128304,2026-06-15T02:50:54.610133+00:00,wrong_product,disney party and not dance 4.,B0086V5UF0,Just Dance 4 - Nintendo Wii,,v1|366336052119|0,"NEW Sealed Just Dance Disney Party Nintendo Wii, 2012 Game",Brand New,Video Games; Video Games & Consoles,139973; 1249,caribbeanjc,Wii,Just Dance: Disney Party,NTSC-U/C (US/Canada); United States,,,"Multiplayer, Fast Shipping, Tested",2012,Blocked,Blocked,numeric sequel/year mismatch,,eBay item-specific Game Name conflict,current rule should already block,title_only,08bd1118-6452-4c80-b933-21efac39538c,6f412395-dda7-4a47-b83e-4feb8448b063,1f6940d0-ff1c-4e79-b0e1-ef148b95e137
