order_id,sku,transaction_id,posted_date,transaction_status,transaction_type,description,fee_type,signed_amount_usd
112-8916418-5646604,1051249032,7z02BXS2R2DeTmgxwbOqoTmlUJKH1C4Q6ffZj8-lgAY,2026-08-23T23:27:42Z,RELEASED,Refund,Refund,Commission,5.25
112-8916418-5646604,1051249032,7z02BXS2R2DeTmgxwbOqoTmlUJKH1C4Q6ffZj8-lgAY,2026-08-23T23:27:42Z,RELEASED,Refund,Refund,RefundCommission,-1.05
112-8916418-5646604,1051249032,uqCR_-8WaNrOfMosjFoCW8dLKYMDhnTXYPJq8hmtRAc,2026-08-22T14:49:20Z,RELEASED,Shipment,Order Payment,FBAPerUnitFulfillmentFee,-6.9
112-8916418-5646604,1051249032,uqCR_-8WaNrOfMosjFoCW8dLKYMDhnTXYPJq8hmtRAc,2026-08-22T14:49:20Z,RELEASED,Shipment,Order Payment,Commission,-5.25
111-1373847-8589055,1058392679,TRSWtWRJRr3ULtCVjAmZIdYC-BMLgtIU-R-zK6cAKzk,2026-07-31T18:46:49Z,RELEASED,Shipment,Order Payment,FBAPerUnitFulfillmentFee,-4.76
111-1373847-8589055,1058392679,TRSWtWRJRr3ULtCVjAmZIdYC-BMLgtIU-R-zK6cAKzk,2026-07-31T18:46:49Z,RELEASED,Shipment,Order Payment,Commission,-3.75
111-1373847-8589055,1058392679,p1GKVk5IYGVpdwPUZuLhI35BRiHRzIva_Xo_trS4ESI,2026-08-24T21:27:27Z,RELEASED,Refund,Refund,Commission,3.75
111-1373847-8589055,1058392679,p1GKVk5IYGVpdwPUZuLhI35BRiHRzIva_Xo_trS4ESI,2026-08-24T21:27:27Z,RELEASED,Refund,Refund,RefundCommission,-0.75
111-4933767-5091420,1071881588,I8Pw5jNZHnh3NGaEsWIwtpfldTz87vWIpy8ILdl44l0,2026-08-17T08:39:00Z,RELEASED,Refund,Refund,Commission,5.57
111-4933767-5091420,1071881588,I8Pw5jNZHnh3NGaEsWIwtpfldTz87vWIpy8ILdl44l0,2026-08-17T08:39:00Z,RELEASED,Refund,Refund,RefundCommission,-1.11
111-4933767-5091420,1071881588,I8Pw5jNZHnh3NGaEsWIwtpfldTz87vWIpy8ILdl44l0,2026-08-17T08:39:00Z,RELEASED,Refund,Refund,VariableClosingFee,1.8
111-4933767-5091420,1071881588,wycGnfEXECQSq80ibGTHng-1wy7zZCGeHg7tbnBBYZM,2026-08-17T09:05:20Z,RELEASED,Shipment,Order Payment,FBAPerUnitFulfillmentFee,-3.54
111-4933767-5091420,1071881588,wycGnfEXECQSq80ibGTHng-1wy7zZCGeHg7tbnBBYZM,2026-08-17T09:05:20Z,RELEASED,Shipment,Order Payment,Commission,-5.57
111-4933767-5091420,1071881588,wycGnfEXECQSq80ibGTHng-1wy7zZCGeHg7tbnBBYZM,2026-08-17T09:05:20Z,RELEASED,Shipment,Order Payment,VariableClosingFee,-1.8
111-9874566-1673838,1058392679,DsrC1Rha_CIjkpWQZ6-ZVuS1Wz8sWlDi94a2KFfXX2w,2026-08-31T10:03:06Z,RELEASED,Shipment,Order Payment,FBAPerUnitFulfillmentFee,-4.76
111-9874566-1673838,1058392679,DsrC1Rha_CIjkpWQZ6-ZVuS1Wz8sWlDi94a2KFfXX2w,2026-08-31T10:03:06Z,RELEASED,Shipment,Order Payment,Commission,-3.74
111-9874566-1673838,1058392679,g9PcGyPRJqV-FHXx5JWjGKmMQ1iygESwNkaPqNQRF44,2026-08-30T22:01:53Z,RELEASED,Refund,Refund,Commission,3.74
111-9874566-1673838,1058392679,g9PcGyPRJqV-FHXx5JWjGKmMQ1iygESwNkaPqNQRF44,2026-08-30T22:01:53Z,RELEASED,Refund,Refund,RefundCommission,-0.75
111-3987729-1478644,1051249032,A69VzM3d7mf7LZdjssCqGYPFDC0l8zxHV2S6ECjcUBQ,2026-08-31T11:06:49Z,RELEASED,Shipment,Order Payment,FBAPerUnitFulfillmentFee,-6.9
111-3987729-1478644,1051249032,A69VzM3d7mf7LZdjssCqGYPFDC0l8zxHV2S6ECjcUBQ,2026-08-31T11:06:49Z,RELEASED,Shipment,Order Payment,Commission,-5.25
111-3987729-1478644,1051249032,Y5g4Kw5pEwggTRi1fRAfqvJI7ewBA0rZSUcT23mIdRg,2026-08-31T06:54:35Z,RELEASED,Refund,Refund,Commission,5.25
111-3987729-1478644,1051249032,Y5g4Kw5pEwggTRi1fRAfqvJI7ewBA0rZSUcT23mIdRg,2026-08-31T06:54:35Z,RELEASED,Refund,Refund,RefundCommission,-1.05
112-7064235-1422657,1063162590,5AfRmnGirlUWGFEIqrmhK_A8Zngq1--elSjL2A7kCMQ,2026-07-27T13:20:27Z,RELEASED,Shipment,Order Payment,FBAPerUnitFulfillmentFee,-7.98
112-7064235-1422657,1063162590,5AfRmnGirlUWGFEIqrmhK_A8Zngq1--elSjL2A7kCMQ,2026-07-27T13:20:27Z,RELEASED,Shipment,Order Payment,Commission,-21.59
112-7064235-1422657,1063162590,vugwzOiCfLy254J2jxA3wtOpP6XKT1UgiHe0PzQOkyg,2026-08-26T05:34:02Z,RELEASED,ServiceFee,FBACustomerReturn,FBACustomerReturnPerUnitFee,-4.19
112-7064235-1422657,1063162590,yO0c1BhhPCpmrSzJ-d33pyoSxF7J-dacuhPRuzWVgqk,2026-08-07T04:37:34Z,RELEASED,Refund,Refund,Commission,21.59
112-7064235-1422657,1063162590,yO0c1BhhPCpmrSzJ-d33pyoSxF7J-dacuhPRuzWVgqk,2026-08-07T04:37:34Z,RELEASED,Refund,Refund,RefundCommission,-4.32
111-5032509-7193856,0P-5ID2-BBYB,RJdbA70QA0BbOiOTtOQiZP7KAIcGswlaCc6dWPgDgME,2026-08-05T03:44:48Z,RELEASED,Shipment,Order Payment,FBAPerUnitFulfillmentFee,-3.54
111-5032509-7193856,0P-5ID2-BBYB,RJdbA70QA0BbOiOTtOQiZP7KAIcGswlaCc6dWPgDgME,2026-08-05T03:44:48Z,RELEASED,Shipment,Order Payment,Commission,-2.9
111-5032509-7193856,0P-5ID2-BBYB,RJdbA70QA0BbOiOTtOQiZP7KAIcGswlaCc6dWPgDgME,2026-08-05T03:44:48Z,RELEASED,Shipment,Order Payment,VariableClosingFee,-1.8
111-5032509-7193856,0P-5ID2-BBYB,XktVeIEHFVRZs264zfJKxrVFI0TQ4Hc7cFJ3-Ml0Fiw,2026-08-19T21:46:39Z,RELEASED,Refund,Refund,Commission,2.9
111-5032509-7193856,0P-5ID2-BBYB,XktVeIEHFVRZs264zfJKxrVFI0TQ4Hc7cFJ3-Ml0Fiw,2026-08-19T21:46:39Z,RELEASED,Refund,Refund,RefundCommission,-0.58
111-5032509-7193856,0P-5ID2-BBYB,XktVeIEHFVRZs264zfJKxrVFI0TQ4Hc7cFJ3-Ml0Fiw,2026-08-19T21:46:39Z,RELEASED,Refund,Refund,VariableClosingFee,1.8
113-4354002-8211419,1058392679,D_G_QOrLJ-yD2765aGXX16Gp1qcs0ca7-WHGZPXY-Cs,2026-08-04T14:53:54Z,RELEASED,Refund,Refund,Commission,3.75
113-4354002-8211419,1058392679,D_G_QOrLJ-yD2765aGXX16Gp1qcs0ca7-WHGZPXY-Cs,2026-08-04T14:53:54Z,RELEASED,Refund,Refund,RefundCommission,-0.75
113-4354002-8211419,1058392679,7Ewop6wdOfu4v8THb5KXOGX1qZyOy6JblQieBbOWWhE,2026-07-24T05:29:21Z,RELEASED,Shipment,Order Payment,FBAPerUnitFulfillmentFee,-4.76
113-4354002-8211419,1058392679,7Ewop6wdOfu4v8THb5KXOGX1qZyOy6JblQieBbOWWhE,2026-07-24T05:29:21Z,RELEASED,Shipment,Order Payment,Commission,-3.75
114-2323654-4155469,1067108762,7nLaW5MzoyC5jQ4VcsbeKmLmlZUUo-AWzizvC5_wbEE,2026-07-25T00:18:57Z,RELEASED,Shipment,Order Payment,FBAPerUnitFulfillmentFee,-3.81
114-2323654-4155469,1067108762,7nLaW5MzoyC5jQ4VcsbeKmLmlZUUo-AWzizvC5_wbEE,2026-07-25T00:18:57Z,RELEASED,Shipment,Order Payment,Commission,-7.64
114-2323654-4155469,1067108762,7nLaW5MzoyC5jQ4VcsbeKmLmlZUUo-AWzizvC5_wbEE,2026-07-25T00:18:57Z,RELEASED,Shipment,Order Payment,VariableClosingFee,-1.8
114-2323654-4155469,1067108762,_jY6QuVKrr-1_4gO6R13_j34kSMJGH2w_W0ApqGg9hw,2026-08-04T01:36:36Z,RELEASED,Refund,Refund,Commission,7.64
114-2323654-4155469,1067108762,_jY6QuVKrr-1_4gO6R13_j34kSMJGH2w_W0ApqGg9hw,2026-08-04T01:36:36Z,RELEASED,Refund,Refund,RefundCommission,-1.53
114-2323654-4155469,1067108762,_jY6QuVKrr-1_4gO6R13_j34kSMJGH2w_W0ApqGg9hw,2026-08-04T01:36:36Z,RELEASED,Refund,Refund,VariableClosingFee,1.8
111-4120513-7743422,1039345443,q7TKEs_Gjx55uRmFE8TBbT74s7-bDNq3FU_8nWlkZgA,2026-08-06T19:56:32Z,RELEASED,Shipment,Order Payment,FBAPerUnitFulfillmentFee,-3.54
111-4120513-7743422,1039345443,q7TKEs_Gjx55uRmFE8TBbT74s7-bDNq3FU_8nWlkZgA,2026-08-06T19:56:32Z,RELEASED,Shipment,Order Payment,Commission,-4.7
111-4120513-7743422,1039345443,q7TKEs_Gjx55uRmFE8TBbT74s7-bDNq3FU_8nWlkZgA,2026-08-06T19:56:32Z,RELEASED,Shipment,Order Payment,VariableClosingFee,-1.8
111-4120513-7743422,1039345443,3AD6OzjQmQUCzMS7apd7M8JHd9-g0bLSFIAFruPLWk4,2026-08-15T21:53:26Z,RELEASED,Refund,Refund,Commission,4.7
111-4120513-7743422,1039345443,3AD6OzjQmQUCzMS7apd7M8JHd9-g0bLSFIAFruPLWk4,2026-08-15T21:53:26Z,RELEASED,Refund,Refund,RefundCommission,-0.94
111-4120513-7743422,1039345443,3AD6OzjQmQUCzMS7apd7M8JHd9-g0bLSFIAFruPLWk4,2026-08-15T21:53:26Z,RELEASED,Refund,Refund,VariableClosingFee,1.8
114-2013151-8423447,1071881587,ArBsHk3kTtM4wDl1KoPKpoUA5m-wrrDLoAfByY1yzoY,2026-08-06T06:45:47Z,RELEASED,Refund,Refund,Commission,7.95
114-2013151-8423447,1071881587,ArBsHk3kTtM4wDl1KoPKpoUA5m-wrrDLoAfByY1yzoY,2026-08-06T06:45:47Z,RELEASED,Refund,Refund,RefundCommission,-1.59
114-2013151-8423447,1071881587,ArBsHk3kTtM4wDl1KoPKpoUA5m-wrrDLoAfByY1yzoY,2026-08-06T06:45:47Z,RELEASED,Refund,Refund,VariableClosingFee,1.8
114-2013151-8423447,1071881587,xAUgQhvMuYIv412VN1USaKfrwhqhNjl39w-0hQpM0KY,2026-08-06T07:52:17Z,RELEASED,Shipment,Order Payment,FBAPerUnitFulfillmentFee,-6.29
114-2013151-8423447,1071881587,xAUgQhvMuYIv412VN1USaKfrwhqhNjl39w-0hQpM0KY,2026-08-06T07:52:17Z,RELEASED,Shipment,Order Payment,Commission,-7.95
114-2013151-8423447,1071881587,xAUgQhvMuYIv412VN1USaKfrwhqhNjl39w-0hQpM0KY,2026-08-06T07:52:17Z,RELEASED,Shipment,Order Payment,VariableClosingFee,-1.8
112-7037018-5429836,1052907525,'-RedrQOEExrdFKr-A6Mu8feTVhg8Wd3S8QM-zbQfqIE,2026-08-10T01:00:16Z,RELEASED,Shipment,Order Payment,FBAPerUnitFulfillmentFee,-6.02
112-7037018-5429836,1052907525,'-RedrQOEExrdFKr-A6Mu8feTVhg8Wd3S8QM-zbQfqIE,2026-08-10T01:00:16Z,RELEASED,Shipment,Order Payment,Commission,-5.25
112-7037018-5429836,1052907525,iJ2yk8gnPBsj5i9QYG6991WYvhMVlsK-XIm1_f1dJI8,2026-08-10T02:10:15Z,RELEASED,Refund,Refund,Commission,5.25
112-7037018-5429836,1052907525,iJ2yk8gnPBsj5i9QYG6991WYvhMVlsK-XIm1_f1dJI8,2026-08-10T02:10:15Z,RELEASED,Refund,Refund,RefundCommission,-1.05
114-6114668-1948266,1071517338,CtUJdCSuB4HPYiFKCU74-hQne07DnSE3iaKZn9w3NbY,2026-07-28T07:32:05Z,RELEASED,Shipment,Order Payment,FBAPerUnitFulfillmentFee,-3.54
114-6114668-1948266,1071517338,CtUJdCSuB4HPYiFKCU74-hQne07DnSE3iaKZn9w3NbY,2026-07-28T07:32:05Z,RELEASED,Shipment,Order Payment,Commission,-6.8
114-6114668-1948266,1071517338,CtUJdCSuB4HPYiFKCU74-hQne07DnSE3iaKZn9w3NbY,2026-07-28T07:32:05Z,RELEASED,Shipment,Order Payment,VariableClosingFee,-1.8
114-6114668-1948266,1071517338,Rp6YcbxS6qI-6tpuCFE4gjTC-gPI9HDsxRALSeCY-UA,2026-07-29T23:29:08Z,RELEASED,Refund,Refund,Commission,6.8
114-6114668-1948266,1071517338,Rp6YcbxS6qI-6tpuCFE4gjTC-gPI9HDsxRALSeCY-UA,2026-07-29T23:29:08Z,RELEASED,Refund,Refund,RefundCommission,-1.36
114-6114668-1948266,1071517338,Rp6YcbxS6qI-6tpuCFE4gjTC-gPI9HDsxRALSeCY-UA,2026-07-29T23:29:08Z,RELEASED,Refund,Refund,VariableClosingFee,1.8
111-7970030-7056201,1052907525,pYrLShdshUy4APqSvEOVrXX6VYqZbiKmVmXe3Xjf8ms,2026-08-09T12:39:47Z,RELEASED,Refund,Refund,Commission,5.25
111-7970030-7056201,1052907525,pYrLShdshUy4APqSvEOVrXX6VYqZbiKmVmXe3Xjf8ms,2026-08-09T12:39:47Z,RELEASED,Refund,Refund,RefundCommission,-1.05
111-7970030-7056201,1052907525,zpXLCQ1b0bOmhFE0dfGtomo2dS9MwT_IKUsxYnjifJI,2026-08-09T01:24:58Z,RELEASED,Shipment,Order Payment,FBAPerUnitFulfillmentFee,-6.02
111-7970030-7056201,1052907525,zpXLCQ1b0bOmhFE0dfGtomo2dS9MwT_IKUsxYnjifJI,2026-08-09T01:24:58Z,RELEASED,Shipment,Order Payment,Commission,-5.25
113-9758583-1627429,1071517344,MOGIlMQCJuC-EH_FoCq5fEUnsP9kHoxUR5iXOBNGhKg,2026-08-04T07:10:39Z,RELEASED,Refund,Refund,Commission,7.49
113-9758583-1627429,1071517344,MOGIlMQCJuC-EH_FoCq5fEUnsP9kHoxUR5iXOBNGhKg,2026-08-04T07:10:39Z,RELEASED,Refund,Refund,RefundCommission,-1.5
113-9758583-1627429,1071517344,MOGIlMQCJuC-EH_FoCq5fEUnsP9kHoxUR5iXOBNGhKg,2026-08-04T07:10:39Z,RELEASED,Refund,Refund,VariableClosingFee,1.8
113-9758583-1627429,1071517344,yIvmAPtgmLUICq4OyKmRS4348MPh3cWg5xFp4Ah6DVg,2026-08-04T05:49:29Z,RELEASED,Shipment,Order Payment,FBAPerUnitFulfillmentFee,-3.54
113-9758583-1627429,1071517344,yIvmAPtgmLUICq4OyKmRS4348MPh3cWg5xFp4Ah6DVg,2026-08-04T05:49:29Z,RELEASED,Shipment,Order Payment,Commission,-7.49
113-9758583-1627429,1071517344,yIvmAPtgmLUICq4OyKmRS4348MPh3cWg5xFp4Ah6DVg,2026-08-04T05:49:29Z,RELEASED,Shipment,Order Payment,VariableClosingFee,-1.8
113-0692084-7479433,1051249032,Yv6NZNYz1Unf_U1Wgl8mAJhF9l373Wjy9MtTUYWIq7o,2026-07-21T05:55:58Z,RELEASED,Shipment,Order Payment,FBAPerUnitFulfillmentFee,-6.9
113-0692084-7479433,1051249032,Yv6NZNYz1Unf_U1Wgl8mAJhF9l373Wjy9MtTUYWIq7o,2026-07-21T05:55:58Z,RELEASED,Shipment,Order Payment,Commission,-5.25
113-0692084-7479433,1051249032,xUi60KgJhehDg7mTJR_9OfV-uHTpfGkfO7uHU16wzfg,2026-08-10T06:20:38Z,RELEASED,Refund,Refund,Commission,5.25
113-0692084-7479433,1051249032,xUi60KgJhehDg7mTJR_9OfV-uHTpfGkfO7uHU16wzfg,2026-08-10T06:20:38Z,RELEASED,Refund,Refund,RefundCommission,-1.05
112-3802342-8785830,1058619763,NqREh7nFdpc_kidgemRnVtfGoQDhwUgnZGPaLrwELZI,2026-07-10T17:59:59Z,RELEASED,Shipment,Order Payment,FBAPerUnitFulfillmentFee,-4.35
112-3802342-8785830,1058619763,NqREh7nFdpc_kidgemRnVtfGoQDhwUgnZGPaLrwELZI,2026-07-10T17:59:59Z,RELEASED,Shipment,Order Payment,Commission,-4.2
112-3802342-8785830,1058619763,'--Vb1i1Gf3p0Mw5wrLF65gSGRLj9cORFlNFOdmh5NYM,2026-07-31T22:44:12Z,RELEASED,Refund,Refund,Commission,4.2
112-3802342-8785830,1058619763,'--Vb1i1Gf3p0Mw5wrLF65gSGRLj9cORFlNFOdmh5NYM,2026-07-31T22:44:12Z,RELEASED,Refund,Refund,RefundCommission,-0.84
111-5346337-2463406,1045151360,dDdbsZH8Qur8MHS39JBU0epNwbUgwEXDe38bl4LApp8,2026-07-20T10:46:06Z,RELEASED,Shipment,Order Payment,FBAPerUnitFulfillmentFee,-3.54
111-5346337-2463406,1045151360,dDdbsZH8Qur8MHS39JBU0epNwbUgwEXDe38bl4LApp8,2026-07-20T10:46:06Z,RELEASED,Shipment,Order Payment,Commission,-6.3
111-5346337-2463406,1045151360,dDdbsZH8Qur8MHS39JBU0epNwbUgwEXDe38bl4LApp8,2026-07-20T10:46:06Z,RELEASED,Shipment,Order Payment,VariableClosingFee,-1.8
111-5346337-2463406,1045151360,ETIOiYe4Fp7dyNWr2e2AjsBHloo4QVM1r-IQ2t1mctM,2026-07-24T04:29:42Z,RELEASED,Refund,Refund,Commission,6.3
111-5346337-2463406,1045151360,ETIOiYe4Fp7dyNWr2e2AjsBHloo4QVM1r-IQ2t1mctM,2026-07-24T04:29:42Z,RELEASED,Refund,Refund,RefundCommission,-1.26
111-5346337-2463406,1045151360,ETIOiYe4Fp7dyNWr2e2AjsBHloo4QVM1r-IQ2t1mctM,2026-07-24T04:29:42Z,RELEASED,Refund,Refund,VariableClosingFee,1.8
113-6973476-5369034,1068811430,C-bCsWxI49il_Sd9AUdFBhUe4HWRXLvRdaPWIC7vK1Q,2026-07-17T12:16:28Z,RELEASED,Shipment,Order Payment,FBAPerUnitFulfillmentFee,-3.54
113-6973476-5369034,1068811430,C-bCsWxI49il_Sd9AUdFBhUe4HWRXLvRdaPWIC7vK1Q,2026-07-17T12:16:28Z,RELEASED,Shipment,Order Payment,Commission,-6.81
113-6973476-5369034,1068811430,C-bCsWxI49il_Sd9AUdFBhUe4HWRXLvRdaPWIC7vK1Q,2026-07-17T12:16:28Z,RELEASED,Shipment,Order Payment,VariableClosingFee,-1.8
113-6973476-5369034,1068811430,HSbvfFY0Yx-vTNmRdm9LyGwGTAS0l7tOeayGZuxfo2M,2026-07-17T05:40:28Z,RELEASED,Refund,Refund,Commission,6.81
113-6973476-5369034,1068811430,HSbvfFY0Yx-vTNmRdm9LyGwGTAS0l7tOeayGZuxfo2M,2026-07-17T05:40:28Z,RELEASED,Refund,Refund,RefundCommission,-1.36
113-6973476-5369034,1068811430,HSbvfFY0Yx-vTNmRdm9LyGwGTAS0l7tOeayGZuxfo2M,2026-07-17T05:40:28Z,RELEASED,Refund,Refund,VariableClosingFee,1.8
111-1653421-6113041,1052907525,eKK_ElEG3oFFRgnAKccQxqgoMkM8ZjRME9l36KJZN4w,2026-07-09T15:38:47Z,RELEASED,Shipment,Order Payment,FBAPerUnitFulfillmentFee,-6.02
111-1653421-6113041,1052907525,eKK_ElEG3oFFRgnAKccQxqgoMkM8ZjRME9l36KJZN4w,2026-07-09T15:38:47Z,RELEASED,Shipment,Order Payment,Commission,-5.25
111-1653421-6113041,1052907525,qPYeQE497zWmqYdSYLnhdpA0VAllqLbDZ12TATPZmUQ,2026-07-20T01:48:32Z,RELEASED,Refund,Refund,Commission,5.25
111-1653421-6113041,1052907525,qPYeQE497zWmqYdSYLnhdpA0VAllqLbDZ12TATPZmUQ,2026-07-20T01:48:32Z,RELEASED,Refund,Refund,RefundCommission,-1.05
111-7319510-0997022,PT-ANK4-X0M5,i0ukKR3p0Ru0mX7Xg3RGQfkUJqONy7czJ7bNuQOcb34,2026-07-22T10:13:42Z,RELEASED,Shipment,Order Payment,FBAPerUnitFulfillmentFee,-3.91
111-7319510-0997022,PT-ANK4-X0M5,i0ukKR3p0Ru0mX7Xg3RGQfkUJqONy7czJ7bNuQOcb34,2026-07-22T10:13:42Z,RELEASED,Shipment,Order Payment,Commission,-1.35
111-7319510-0997022,PT-ANK4-X0M5,WXOMxW-F8vjCO7DgzCq18TAMrEJLz83h8tG5kKjQmkM,2026-07-22T08:47:10Z,RELEASED,Shipment,Order Payment,FBAPerUnitFulfillmentFee,-3.91
111-7319510-0997022,PT-ANK4-X0M5,WXOMxW-F8vjCO7DgzCq18TAMrEJLz83h8tG5kKjQmkM,2026-07-22T08:47:10Z,RELEASED,Shipment,Order Payment,Commission,-1.35
111-6302874-8153001,1036663472,KaOLfheoADGgx-m7qpJqQRPH7lW8vPnUj2pfAn96pAQ,2026-07-02T02:02:26Z,RELEASED,Shipment,Order Payment,FBAPerUnitFulfillmentFee,-3.57
111-6302874-8153001,1036663472,KaOLfheoADGgx-m7qpJqQRPH7lW8vPnUj2pfAn96pAQ,2026-07-02T02:02:26Z,RELEASED,Shipment,Order Payment,Commission,-5.24
111-6302874-8153001,1036663472,KaOLfheoADGgx-m7qpJqQRPH7lW8vPnUj2pfAn96pAQ,2026-07-02T02:02:26Z,RELEASED,Shipment,Order Payment,VariableClosingFee,-1.8
111-6302874-8153001,1036663472,BVU-7zv5rx1PVVWnqhrHTu4X461mMlC3Hsvqzf3ef0w,2026-07-30T15:15:00Z,RELEASED,Refund,Refund,Commission,5.24
111-6302874-8153001,1036663472,BVU-7zv5rx1PVVWnqhrHTu4X461mMlC3Hsvqzf3ef0w,2026-07-30T15:15:00Z,RELEASED,Refund,Refund,RefundCommission,-1.05
111-6302874-8153001,1036663472,BVU-7zv5rx1PVVWnqhrHTu4X461mMlC3Hsvqzf3ef0w,2026-07-30T15:15:00Z,RELEASED,Refund,Refund,VariableClosingFee,1.8
111-5351762-7966619,1058392679,rbWtt0_4UP1eNU0aC-Ix1cDMpsjexoNMf1fSKgkrpAY,2026-07-07T21:41:43Z,RELEASED,Shipment,Order Payment,FBAPerUnitFulfillmentFee,-4.76
111-5351762-7966619,1058392679,rbWtt0_4UP1eNU0aC-Ix1cDMpsjexoNMf1fSKgkrpAY,2026-07-07T21:41:43Z,RELEASED,Shipment,Order Payment,Commission,-3.75
111-5351762-7966619,1058392679,cj_sEopwQZzQhb3kXS83hG8QiIvQe9D0U9tDlO8DRmA,2026-07-18T20:15:17Z,RELEASED,Refund,Refund,Commission,3.75
111-5351762-7966619,1058392679,cj_sEopwQZzQhb3kXS83hG8QiIvQe9D0U9tDlO8DRmA,2026-07-18T20:15:17Z,RELEASED,Refund,Refund,RefundCommission,-0.75
113-1790684-2457045,1058392679,mMlutaNSn8F0ZGiIkSBxCuWQxvwXTeetui_mfowvRFQ,2026-07-19T13:17:50Z,RELEASED,Shipment,Order Payment,FBAPerUnitFulfillmentFee,-4.76
113-1790684-2457045,1058392679,mMlutaNSn8F0ZGiIkSBxCuWQxvwXTeetui_mfowvRFQ,2026-07-19T13:17:50Z,RELEASED,Shipment,Order Payment,Commission,-3.75
111-5440992-9142666,1059898575,_KVof2IgxKoMnZZD0N8Xpd2RAcbLxrl2av4pAY-_j0Y,2026-07-20T22:25:20Z,RELEASED,ServiceFee,FBACustomerReturn,FBACustomerReturnPerUnitFee,-3.99
111-5440992-9142666,1059898575,leTmUYbsgj_frmbltufBVkB_Z0KzifwAkan6jZxO2ds,2026-07-18T19:02:51Z,RELEASED,Shipment,Order Payment,FBAPerUnitFulfillmentFee,-7.38
111-5440992-9142666,1059898575,leTmUYbsgj_frmbltufBVkB_Z0KzifwAkan6jZxO2ds,2026-07-18T19:02:51Z,RELEASED,Shipment,Order Payment,Commission,-6.6
111-5440992-9142666,1059898575,Q4aCIvnQ_hEEr288HGON9D97vRNwXUCj_skK-IXibfU,2026-07-18T08:47:00Z,RELEASED,Refund,Refund,Commission,6.6
111-5440992-9142666,1059898575,Q4aCIvnQ_hEEr288HGON9D97vRNwXUCj_skK-IXibfU,2026-07-18T08:47:00Z,RELEASED,Refund,Refund,RefundCommission,-1.32
113-9553916-9450657,1059898566,Zt-t58qB6ePaqQP-BTsNTuQSr2afnkQFy-I27ZiEzdM,2026-07-18T11:30:09Z,RELEASED,ServiceFee,FBACustomerReturn,FBACustomerReturnPerUnitFee,-3.99
113-9553916-9450657,1059898566,6pGkjjlRKt1ze5RFhhMWhorGTHndXqs2vvYksLFJc5c,2026-07-16T19:28:22Z,RELEASED,Refund,Refund,Commission,5.25
113-9553916-9450657,1059898566,6pGkjjlRKt1ze5RFhhMWhorGTHndXqs2vvYksLFJc5c,2026-07-16T19:28:22Z,RELEASED,Refund,Refund,RefundCommission,-1.05
113-9553916-9450657,1059898566,TBCtUbw-ztEsJY_wnjALSoqfgqrSJytPrmZOFL1vO6A,2026-07-16T11:52:22Z,RELEASED,Shipment,Order Payment,FBAPerUnitFulfillmentFee,-7.38
113-9553916-9450657,1059898566,TBCtUbw-ztEsJY_wnjALSoqfgqrSJytPrmZOFL1vO6A,2026-07-16T11:52:22Z,RELEASED,Shipment,Order Payment,Commission,-5.25
113-6526628-6414662,1051249032,dNZvrLqfXYQiWs4pRIrHl24sAsqBSH4oPwDieqXz37k,2026-06-29T08:41:21Z,RELEASED,Shipment,Order Payment,FBAPerUnitFulfillmentFee,-6.9
113-6526628-6414662,1051249032,dNZvrLqfXYQiWs4pRIrHl24sAsqBSH4oPwDieqXz37k,2026-06-29T08:41:21Z,RELEASED,Shipment,Order Payment,Commission,-5.25
113-6526628-6414662,1051249032,1pUiZixFYpiYqIZ_8kmyGkHJvL2MmcH6yDgdBOhCYbo,2026-06-29T01:54:31Z,RELEASED,Refund,Refund,Commission,5.25
113-6526628-6414662,1051249032,1pUiZixFYpiYqIZ_8kmyGkHJvL2MmcH6yDgdBOhCYbo,2026-06-29T01:54:31Z,RELEASED,Refund,Refund,RefundCommission,-1.05
113-5890042-5414636,1071744026,0ogRzUqljhhWTxRcGIsdBOSrUzaVcKOTy_R7QfosggU,2026-07-11T21:39:53Z,RELEASED,Shipment,Order Payment,FBAPerUnitFulfillmentFee,-3.84
113-5890042-5414636,1071744026,0ogRzUqljhhWTxRcGIsdBOSrUzaVcKOTy_R7QfosggU,2026-07-11T21:39:53Z,RELEASED,Shipment,Order Payment,Commission,-8.41
113-5890042-5414636,1071744026,0ogRzUqljhhWTxRcGIsdBOSrUzaVcKOTy_R7QfosggU,2026-07-11T21:39:53Z,RELEASED,Shipment,Order Payment,VariableClosingFee,-1.8
113-5890042-5414636,1071744026,p4r8m5VlyPFxEvaxKdPQOBhKOE_I1Ary61uQiIQCQM4,2026-07-11T04:56:07Z,RELEASED,Refund,Refund,Commission,8.41
113-5890042-5414636,1071744026,p4r8m5VlyPFxEvaxKdPQOBhKOE_I1Ary61uQiIQCQM4,2026-07-11T04:56:07Z,RELEASED,Refund,Refund,RefundCommission,-1.68
113-5890042-5414636,1071744026,p4r8m5VlyPFxEvaxKdPQOBhKOE_I1Ary61uQiIQCQM4,2026-07-11T04:56:07Z,RELEASED,Refund,Refund,VariableClosingFee,1.8
111-5948016-5187415,1066393117,vPi7ONEg0bGCgqxAmXpLGDUcJc3cvawm4WO4BJdYkJs,2026-07-09T11:38:25Z,RELEASED,Refund,Refund,Commission,2.7
111-5948016-5187415,1066393117,vPi7ONEg0bGCgqxAmXpLGDUcJc3cvawm4WO4BJdYkJs,2026-07-09T11:38:25Z,RELEASED,Refund,Refund,RefundCommission,-0.54
111-5948016-5187415,1066393117,gwzqBxGmb7qdhylqN1GMMmE2KTMFUtUuxen-D4p2cCU,2026-07-09T11:21:27Z,RELEASED,Shipment,Order Payment,FBAPerUnitFulfillmentFee,-4.09
111-5948016-5187415,1066393117,gwzqBxGmb7qdhylqN1GMMmE2KTMFUtUuxen-D4p2cCU,2026-07-09T11:21:27Z,RELEASED,Shipment,Order Payment,Commission,-2.7
112-9316150-6663404,1070280039,mZzw2pXwkZ1NVL5DU6oXAOqmF0IzN_1ffrf6ex7w5LI,2026-06-29T03:21:47Z,RELEASED,Refund,Refund,Commission,5.74
112-9316150-6663404,1070280039,mZzw2pXwkZ1NVL5DU6oXAOqmF0IzN_1ffrf6ex7w5LI,2026-06-29T03:21:47Z,RELEASED,Refund,Refund,RefundCommission,-1.15
112-9316150-6663404,1070280039,mZzw2pXwkZ1NVL5DU6oXAOqmF0IzN_1ffrf6ex7w5LI,2026-06-29T03:21:47Z,RELEASED,Refund,Refund,VariableClosingFee,1.8
112-9316150-6663404,1070280039,QB3S4DTsCQAlIgKcLaSSy7SZgqmjYkMN-V9GfnFlee4,2026-06-29T19:23:36Z,RELEASED,Shipment,Order Payment,FBAPerUnitFulfillmentFee,-3.44
112-9316150-6663404,1070280039,QB3S4DTsCQAlIgKcLaSSy7SZgqmjYkMN-V9GfnFlee4,2026-06-29T19:23:36Z,RELEASED,Shipment,Order Payment,Commission,-5.74
112-9316150-6663404,1070280039,QB3S4DTsCQAlIgKcLaSSy7SZgqmjYkMN-V9GfnFlee4,2026-06-29T19:23:36Z,RELEASED,Shipment,Order Payment,VariableClosingFee,-1.8
111-4170341-9921866,1058392679,bSNPndAUHp3tJ55hVcdZDtnVbq1-YSNMNDdku8fzF0s,2026-07-04T23:16:39Z,RELEASED,Refund,Refund,Commission,3.75
111-4170341-9921866,1058392679,bSNPndAUHp3tJ55hVcdZDtnVbq1-YSNMNDdku8fzF0s,2026-07-04T23:16:39Z,RELEASED,Refund,Refund,RefundCommission,-0.75
111-4170341-9921866,1058392679,RPhMWO42E5Al6tH3fBofXwJl1L_K-CxlkNi4O14DSXU,2026-07-04T16:54:58Z,RELEASED,Shipment,Order Payment,FBAPerUnitFulfillmentFee,-4.76
111-4170341-9921866,1058392679,RPhMWO42E5Al6tH3fBofXwJl1L_K-CxlkNi4O14DSXU,2026-07-04T16:54:58Z,RELEASED,Shipment,Order Payment,Commission,-3.75
112-8760793-7989830,1058392679,fWJTysgVLSvxCbxuDNPUt6sOFHzZFQO0X4FeqoPM9is,2026-07-13T14:59:46Z,RELEASED,Refund,Refund,Commission,3.75
112-8760793-7989830,1058392679,fWJTysgVLSvxCbxuDNPUt6sOFHzZFQO0X4FeqoPM9is,2026-07-13T14:59:46Z,RELEASED,Refund,Refund,RefundCommission,-0.75
112-8760793-7989830,1058392679,y_GbkkLcBkhouWLPHD-kjFk6G7Yp4huiAPrS3oP6LQk,2026-07-12T22:07:32Z,RELEASED,Shipment,Order Payment,FBAPerUnitFulfillmentFee,-4.76
112-8760793-7989830,1058392679,y_GbkkLcBkhouWLPHD-kjFk6G7Yp4huiAPrS3oP6LQk,2026-07-12T22:07:32Z,RELEASED,Shipment,Order Payment,Commission,-3.75
113-1914372-5060213,1070625053,6pbXbAuxiAwNonqUwcKGWqTLxjpLEHuR6_hyE5oaxsw,2026-06-13T21:01:31Z,RELEASED,Shipment,Order Payment,FBAPerUnitFulfillmentFee,-3.54
113-1914372-5060213,1070625053,6pbXbAuxiAwNonqUwcKGWqTLxjpLEHuR6_hyE5oaxsw,2026-06-13T21:01:31Z,RELEASED,Shipment,Order Payment,Commission,-7.09
113-1914372-5060213,1070625053,6pbXbAuxiAwNonqUwcKGWqTLxjpLEHuR6_hyE5oaxsw,2026-06-13T21:01:31Z,RELEASED,Shipment,Order Payment,VariableClosingFee,-1.8
113-1914372-5060213,1070625053,xd6CcXrGKKmnXCw-b2C3XJY3RfhesoEJghC9yf1-Tx8,2026-06-26T21:23:34Z,RELEASED,Refund,Refund,Commission,7.09
113-1914372-5060213,1070625053,xd6CcXrGKKmnXCw-b2C3XJY3RfhesoEJghC9yf1-Tx8,2026-06-26T21:23:34Z,RELEASED,Refund,Refund,RefundCommission,-1.42
113-1914372-5060213,1070625053,xd6CcXrGKKmnXCw-b2C3XJY3RfhesoEJghC9yf1-Tx8,2026-06-26T21:23:34Z,RELEASED,Refund,Refund,VariableClosingFee,1.8
114-1018905-9907450,1065304546,nWtUAialuysEBX2a57uAYYJXn4jM25jJ5xP-JVgTeFc,2026-05-16T21:10:47Z,RELEASED,Shipment,Order Payment,FBAPerUnitFulfillmentFee,-3.81
114-1018905-9907450,1065304546,nWtUAialuysEBX2a57uAYYJXn4jM25jJ5xP-JVgTeFc,2026-05-16T21:10:47Z,RELEASED,Shipment,Order Payment,Commission,-7.61
114-1018905-9907450,1065304546,nWtUAialuysEBX2a57uAYYJXn4jM25jJ5xP-JVgTeFc,2026-05-16T21:10:47Z,RELEASED,Shipment,Order Payment,VariableClosingFee,-1.8
114-1018905-9907450,1065304546,SkIzsjoFFnIOih9TrbqeNXfancj8ZR1wR7GTjIVda44,2026-06-08T18:28:32Z,RELEASED,Refund,Refund,Commission,7.61
114-1018905-9907450,1065304546,SkIzsjoFFnIOih9TrbqeNXfancj8ZR1wR7GTjIVda44,2026-06-08T18:28:32Z,RELEASED,Refund,Refund,RefundCommission,-1.52
114-1018905-9907450,1065304546,SkIzsjoFFnIOih9TrbqeNXfancj8ZR1wR7GTjIVda44,2026-06-08T18:28:32Z,RELEASED,Refund,Refund,VariableClosingFee,1.8
111-4459477-2833828,1059898566,0RnOj77t0jZIVF_4A3XihTqmzKc0eJC-hM8xTXnVMg4,2026-06-03T03:16:06Z,RELEASED,Refund,Refund,Commission,5.25
111-4459477-2833828,1059898566,0RnOj77t0jZIVF_4A3XihTqmzKc0eJC-hM8xTXnVMg4,2026-06-03T03:16:06Z,RELEASED,Refund,Refund,RefundCommission,-1.05
111-4459477-2833828,1059898566,AXp0fWhjYUzcdITBuhuTTE3pQmrOc7puk188e3_rcUo,2026-05-31T05:39:06Z,RELEASED,Shipment,Order Payment,FBAPerUnitFulfillmentFee,-7.38
111-4459477-2833828,1059898566,AXp0fWhjYUzcdITBuhuTTE3pQmrOc7puk188e3_rcUo,2026-05-31T05:39:06Z,RELEASED,Shipment,Order Payment,Commission,-5.25
114-0674014-7966655,1058392679,Kopu7CN3LzrafnlZIud7VXQ2H-Y_nxd0ZicmyulDKwA,2026-06-07T10:42:42Z,RELEASED,Refund,Refund,Commission,3.74
114-0674014-7966655,1058392679,Kopu7CN3LzrafnlZIud7VXQ2H-Y_nxd0ZicmyulDKwA,2026-06-07T10:42:42Z,RELEASED,Refund,Refund,RefundCommission,-0.75
114-0674014-7966655,1058392679,LlTaTAaQz9E12YTEuD9Ltjikj2QRMZXkLeu3Z1Tox-c,2026-06-07T01:25:08Z,RELEASED,Shipment,Order Payment,FBAPerUnitFulfillmentFee,-4.76
114-0674014-7966655,1058392679,LlTaTAaQz9E12YTEuD9Ltjikj2QRMZXkLeu3Z1Tox-c,2026-06-07T01:25:08Z,RELEASED,Shipment,Order Payment,Commission,-7.48
114-0674014-7966655,1058392679,LlTaTAaQz9E12YTEuD9Ltjikj2QRMZXkLeu3Z1Tox-c,2026-06-07T01:25:08Z,RELEASED,Shipment,Order Payment,FBAPerUnitFulfillmentFee,-4.76
114-0674014-7966655,1058392679,Y99SXw0p8XZnRKwBLtmKAvWcEbio_ZO5jGCnB5dkIQM,2026-06-07T18:40:00Z,RELEASED,Refund,Refund,Commission,3.74
114-0674014-7966655,1058392679,Y99SXw0p8XZnRKwBLtmKAvWcEbio_ZO5jGCnB5dkIQM,2026-06-07T18:40:00Z,RELEASED,Refund,Refund,RefundCommission,-0.75
114-6793334-1737029,1058392679,HaemsAQU_IB-k--41kuHp5IHee-3qJ6nRGjt273zvHo,2026-05-26T00:53:42Z,RELEASED,Shipment,Order Payment,FBAPerUnitFulfillmentFee,-4.76
114-6793334-1737029,1058392679,HaemsAQU_IB-k--41kuHp5IHee-3qJ6nRGjt273zvHo,2026-05-26T00:53:42Z,RELEASED,Shipment,Order Payment,Commission,-3.74
114-6793334-1737029,1058392679,jKIbuDGQMqowyu1V_ZN74EQO-UlqcENnwXapidFsnWE,2026-05-27T19:45:51Z,RELEASED,Refund,Refund,Commission,3.74
114-6793334-1737029,1058392679,jKIbuDGQMqowyu1V_ZN74EQO-UlqcENnwXapidFsnWE,2026-05-27T19:45:51Z,RELEASED,Refund,Refund,RefundCommission,-0.75
112-3799789-0439450,1052907525,obCWYpDBnDMu70ZZBBJPPZCd4b8ggBAPi9fYTBSFaK4,2026-05-29T04:46:32Z,RELEASED,Refund,Refund,Commission,5.25
112-3799789-0439450,1052907525,obCWYpDBnDMu70ZZBBJPPZCd4b8ggBAPi9fYTBSFaK4,2026-05-29T04:46:32Z,RELEASED,Refund,Refund,RefundCommission,-1.05
112-3799789-0439450,1052907525,Vx4LzskL60ulextoDCebQzFV94Ogno6txh4aOoMsgh8,2026-05-29T11:41:17Z,RELEASED,Shipment,Order Payment,FBAPerUnitFulfillmentFee,-6.02
112-3799789-0439450,1052907525,Vx4LzskL60ulextoDCebQzFV94Ogno6txh4aOoMsgh8,2026-05-29T11:41:17Z,RELEASED,Shipment,Order Payment,Commission,-5.25
112-2375392-5937809,1071517342,_aqAiwZ9bRyta1jyWsUX__PNn9eaez8DfnUofo82vRc,2026-05-25T09:47:08Z,RELEASED,Refund,Refund,Commission,15.0
112-2375392-5937809,1071517342,_aqAiwZ9bRyta1jyWsUX__PNn9eaez8DfnUofo82vRc,2026-05-25T09:47:08Z,RELEASED,Refund,Refund,RefundCommission,-3.0
112-2375392-5937809,1071517342,_aqAiwZ9bRyta1jyWsUX__PNn9eaez8DfnUofo82vRc,2026-05-25T09:47:08Z,RELEASED,Refund,Refund,VariableClosingFee,1.8
112-2375392-5937809,1071517342,U4LHxPtmuXBOBLCiDs4b09t6iXKkYDrkW1_lJxsCzJI,2026-05-25T06:56:50Z,RELEASED,Shipment,Order Payment,FBAPerUnitFulfillmentFee,-3.81
112-2375392-5937809,1071517342,U4LHxPtmuXBOBLCiDs4b09t6iXKkYDrkW1_lJxsCzJI,2026-05-25T06:56:50Z,RELEASED,Shipment,Order Payment,Commission,-15.0
112-2375392-5937809,1071517342,U4LHxPtmuXBOBLCiDs4b09t6iXKkYDrkW1_lJxsCzJI,2026-05-25T06:56:50Z,RELEASED,Shipment,Order Payment,VariableClosingFee,-1.8
111-9935393-8618614,1064901190,1XfnUZFnb32jN8iowaAfWCnSmcJ1ANHbhkjk6wd1BOo,2026-04-19T04:11:52Z,RELEASED,Shipment,Order Payment,FBAPerUnitFulfillmentFee,-3.81
111-9935393-8618614,1064901190,1XfnUZFnb32jN8iowaAfWCnSmcJ1ANHbhkjk6wd1BOo,2026-04-19T04:11:52Z,RELEASED,Shipment,Order Payment,Commission,-10.39
111-9935393-8618614,1064901190,1XfnUZFnb32jN8iowaAfWCnSmcJ1ANHbhkjk6wd1BOo,2026-04-19T04:11:52Z,RELEASED,Shipment,Order Payment,VariableClosingFee,-1.8
111-9935393-8618614,1064901190,tpNip4hJr5lmGeaAZ81Izao_8D5JlMCz6FVvocbi1n0,2026-06-03T09:17:49Z,RELEASED,Refund,Refund,Commission,10.39
111-9935393-8618614,1064901190,tpNip4hJr5lmGeaAZ81Izao_8D5JlMCz6FVvocbi1n0,2026-06-03T09:17:49Z,RELEASED,Refund,Refund,RefundCommission,-2.08
111-9935393-8618614,1064901190,tpNip4hJr5lmGeaAZ81Izao_8D5JlMCz6FVvocbi1n0,2026-06-03T09:17:49Z,RELEASED,Refund,Refund,VariableClosingFee,1.8
111-8603577-2784221,1068811424,gn2D1CQa8vwrcBTJ2g5wS66n9bMuXMfAY1OSkbTIrzE,2026-06-01T09:23:29Z,RELEASED,Shipment,Order Payment,FBAPerUnitFulfillmentFee,-3.57
111-8603577-2784221,1068811424,gn2D1CQa8vwrcBTJ2g5wS66n9bMuXMfAY1OSkbTIrzE,2026-06-01T09:23:29Z,RELEASED,Shipment,Order Payment,Commission,-4.37
111-8603577-2784221,1068811424,gn2D1CQa8vwrcBTJ2g5wS66n9bMuXMfAY1OSkbTIrzE,2026-06-01T09:23:29Z,RELEASED,Shipment,Order Payment,VariableClosingFee,-1.8
111-8603577-2784221,1068811424,mpl4-ZgtK6uJPYb3qEHMkcOk_Jz1iUAQ9z6W2jk1w0I,2026-06-03T20:38:07Z,RELEASED,Refund,Refund,Commission,4.37
111-8603577-2784221,1068811424,mpl4-ZgtK6uJPYb3qEHMkcOk_Jz1iUAQ9z6W2jk1w0I,2026-06-03T20:38:07Z,RELEASED,Refund,Refund,RefundCommission,-0.87
111-8603577-2784221,1068811424,mpl4-ZgtK6uJPYb3qEHMkcOk_Jz1iUAQ9z6W2jk1w0I,2026-06-03T20:38:07Z,RELEASED,Refund,Refund,VariableClosingFee,1.8
112-3835256-5309069,1052907525,GAcWYf7koWltmDH62siIKkou5lYIeEswkNEIMU7ytyM,2026-05-28T04:31:34Z,RELEASED,Refund,Refund,Commission,5.25
112-3835256-5309069,1052907525,GAcWYf7koWltmDH62siIKkou5lYIeEswkNEIMU7ytyM,2026-05-28T04:31:34Z,RELEASED,Refund,Refund,RefundCommission,-1.05
112-3835256-5309069,1052907525,Yt6H6mOaElMFDchVgAG4MrOngG1zfzRM4sVGtfl63NE,2026-05-28T15:15:28Z,RELEASED,Shipment,Order Payment,FBAPerUnitFulfillmentFee,-6.02
112-3835256-5309069,1052907525,Yt6H6mOaElMFDchVgAG4MrOngG1zfzRM4sVGtfl63NE,2026-05-28T15:15:28Z,RELEASED,Shipment,Order Payment,Commission,-5.25
111-2753893-3905836,1069286305,hebSOqjaGJvweKN8_EwGrnIr0o19fO36DewWvHIrcjg,2026-05-30T11:53:13Z,RELEASED,Shipment,Order Payment,FBAPerUnitFulfillmentFee,-3.71
111-2753893-3905836,1069286305,hebSOqjaGJvweKN8_EwGrnIr0o19fO36DewWvHIrcjg,2026-05-30T11:53:13Z,RELEASED,Shipment,Order Payment,Commission,-22.56
111-2753893-3905836,1069286305,hebSOqjaGJvweKN8_EwGrnIr0o19fO36DewWvHIrcjg,2026-05-30T11:53:13Z,RELEASED,Shipment,Order Payment,VariableClosingFee,-3.6
111-2753893-3905836,1069286305,hebSOqjaGJvweKN8_EwGrnIr0o19fO36DewWvHIrcjg,2026-05-30T11:53:13Z,RELEASED,Shipment,Order Payment,FBAPerUnitFulfillmentFee,-3.71
111-2753893-3905836,1069286305,SSka6jTA8Dnu0GgunC__DsKldbH1rGe0MnQslrK_5t0,2026-05-30T11:50:20Z,RELEASED,Refund,Refund,Commission,11.28
111-2753893-3905836,1069286305,SSka6jTA8Dnu0GgunC__DsKldbH1rGe0MnQslrK_5t0,2026-05-30T11:50:20Z,RELEASED,Refund,Refund,RefundCommission,-2.26
111-2753893-3905836,1069286305,SSka6jTA8Dnu0GgunC__DsKldbH1rGe0MnQslrK_5t0,2026-05-30T11:50:20Z,RELEASED,Refund,Refund,VariableClosingFee,1.8
112-1063421-0936218,1033468979,53WT74EtPd9qmtHrgD2jBK08w9kWPzAFAKugM_M-STA,2026-05-16T22:46:34Z,RELEASED,Refund,Refund,Commission,7.79
112-1063421-0936218,1033468979,53WT74EtPd9qmtHrgD2jBK08w9kWPzAFAKugM_M-STA,2026-05-16T22:46:34Z,RELEASED,Refund,Refund,RefundCommission,-1.56
112-1063421-0936218,1033468979,53WT74EtPd9qmtHrgD2jBK08w9kWPzAFAKugM_M-STA,2026-05-16T22:46:34Z,RELEASED,Refund,Refund,VariableClosingFee,1.8
112-1063421-0936218,1033468979,6uvxKq0WLkb1ea1JTZ3LtbZqH6jp0l_njFflgbAx538,2026-05-17T18:24:35Z,RELEASED,Shipment,Order Payment,FBAPerUnitFulfillmentFee,-3.81
112-1063421-0936218,1033468979,6uvxKq0WLkb1ea1JTZ3LtbZqH6jp0l_njFflgbAx538,2026-05-17T18:24:35Z,RELEASED,Shipment,Order Payment,Commission,-7.79
112-1063421-0936218,1033468979,6uvxKq0WLkb1ea1JTZ3LtbZqH6jp0l_njFflgbAx538,2026-05-17T18:24:35Z,RELEASED,Shipment,Order Payment,VariableClosingFee,-1.8
114-0372301-0567428,1031051552,9-Z7t-ozKkqfEEpFZ56sEv28lDiBuf4QVFua3Q_XdMc,2026-05-15T15:23:08Z,RELEASED,Shipment,Order Payment,FBAPerUnitFulfillmentFee,-6.13
114-0372301-0567428,1031051552,9-Z7t-ozKkqfEEpFZ56sEv28lDiBuf4QVFua3Q_XdMc,2026-05-15T15:23:08Z,RELEASED,Shipment,Order Payment,Commission,-3.9
114-0372301-0567428,1031051552,jo6jBRBaY1ndJTQXPKnhsubKV_bqDhVro1yBmoJP8Uc,2026-05-17T22:24:03Z,RELEASED,Refund,Refund,Commission,3.9
114-0372301-0567428,1031051552,jo6jBRBaY1ndJTQXPKnhsubKV_bqDhVro1yBmoJP8Uc,2026-05-17T22:24:03Z,RELEASED,Refund,Refund,RefundCommission,-0.78
114-0381168-5960244,1028908801,cpbVug21MaGXE8c6PHPm1D5NxJSzrDqDwS2zzLws6co,2026-05-17T23:29:36Z,RELEASED,Shipment,Order Payment,FBAPerUnitFulfillmentFee,-3.54
114-0381168-5960244,1028908801,cpbVug21MaGXE8c6PHPm1D5NxJSzrDqDwS2zzLws6co,2026-05-17T23:29:36Z,RELEASED,Shipment,Order Payment,Commission,-5.97
114-0381168-5960244,1028908801,cpbVug21MaGXE8c6PHPm1D5NxJSzrDqDwS2zzLws6co,2026-05-17T23:29:36Z,RELEASED,Shipment,Order Payment,VariableClosingFee,-1.8
114-0381168-5960244,1028908801,qdUl9i2RLp8YIh4KFH0IOrSsV4mp1a0KW9rdtslYhSY,2026-05-18T14:06:36Z,RELEASED,Refund,Refund,Commission,5.97
114-0381168-5960244,1028908801,qdUl9i2RLp8YIh4KFH0IOrSsV4mp1a0KW9rdtslYhSY,2026-05-18T14:06:36Z,RELEASED,Refund,Refund,RefundCommission,-1.19
114-0381168-5960244,1028908801,qdUl9i2RLp8YIh4KFH0IOrSsV4mp1a0KW9rdtslYhSY,2026-05-18T14:06:36Z,RELEASED,Refund,Refund,VariableClosingFee,1.8
112-8135553-1621830,1058392679,3ciuqyVNcn8wfQHrscWdFMeGTPTT1oePFg9XwYIHwCI,2026-05-26T16:11:39Z,RELEASED,Refund,Refund,Commission,3.74
112-8135553-1621830,1058392679,3ciuqyVNcn8wfQHrscWdFMeGTPTT1oePFg9XwYIHwCI,2026-05-26T16:11:39Z,RELEASED,Refund,Refund,RefundCommission,-0.75
112-8135553-1621830,1058392679,el-UAIMBS0hP09V6z8wekjAVwUzMtlhu1YqjO1zSO8A,2026-05-26T23:07:37Z,RELEASED,Shipment,Order Payment,FBAPerUnitFulfillmentFee,-4.76
112-8135553-1621830,1058392679,el-UAIMBS0hP09V6z8wekjAVwUzMtlhu1YqjO1zSO8A,2026-05-26T23:07:37Z,RELEASED,Shipment,Order Payment,Commission,-3.74
111-0084190-8118637,1051249032,uKTwPR0QaY4nNQcfLpt804uroKmUVlc359teO-F_VQU,2026-05-24T06:13:56Z,RELEASED,Refund,Refund,Commission,5.25
111-0084190-8118637,1051249032,uKTwPR0QaY4nNQcfLpt804uroKmUVlc359teO-F_VQU,2026-05-24T06:13:56Z,RELEASED,Refund,Refund,RefundCommission,-1.05
111-0084190-8118637,1051249032,z2PZFc4zjvLo4WMeD6mDIVoWT2hOxCDmq24GCFZoQZQ,2026-05-20T05:47:45Z,RELEASED,Shipment,Order Payment,FBAPerUnitFulfillmentFee,-6.9
111-0084190-8118637,1051249032,z2PZFc4zjvLo4WMeD6mDIVoWT2hOxCDmq24GCFZoQZQ,2026-05-20T05:47:45Z,RELEASED,Shipment,Order Payment,Commission,-5.25
112-6899953-8032217,1068329410,IsajjRk0TZj2rSVCJkyIbWj6wElbpGtrSSRqWEQWMIA,2026-05-08T20:57:15Z,RELEASED,Shipment,Order Payment,FBAPerUnitFulfillmentFee,-3.81
112-6899953-8032217,1068329410,IsajjRk0TZj2rSVCJkyIbWj6wElbpGtrSSRqWEQWMIA,2026-05-08T20:57:15Z,RELEASED,Shipment,Order Payment,Commission,-8.25
112-6899953-8032217,1068329410,IsajjRk0TZj2rSVCJkyIbWj6wElbpGtrSSRqWEQWMIA,2026-05-08T20:57:15Z,RELEASED,Shipment,Order Payment,VariableClosingFee,-1.8
112-6899953-8032217,1068329410,zalauqaldC0_MV3cLATniTI7p8Py4Ux616zrZv1UPR8,2026-05-15T21:47:30Z,RELEASED,Refund,Refund,Commission,8.25
112-6899953-8032217,1068329410,zalauqaldC0_MV3cLATniTI7p8Py4Ux616zrZv1UPR8,2026-05-15T21:47:30Z,RELEASED,Refund,Refund,RefundCommission,-1.65
112-6899953-8032217,1068329410,zalauqaldC0_MV3cLATniTI7p8Py4Ux616zrZv1UPR8,2026-05-15T21:47:30Z,RELEASED,Refund,Refund,VariableClosingFee,1.8
113-9957559-9165815,1033469061,enIZGde1tilfYcPULWp_x8mf5yCcJvRUiom6cqFM7LQ,2026-05-21T02:59:34Z,RELEASED,Refund,Refund,Commission,5.21
113-9957559-9165815,1033469061,enIZGde1tilfYcPULWp_x8mf5yCcJvRUiom6cqFM7LQ,2026-05-21T02:59:34Z,RELEASED,Refund,Refund,RefundCommission,-1.04
113-9957559-9165815,1033469061,enIZGde1tilfYcPULWp_x8mf5yCcJvRUiom6cqFM7LQ,2026-05-21T02:59:34Z,RELEASED,Refund,Refund,VariableClosingFee,1.8
113-9957559-9165815,1033469061,qxu4KDABAriWT1Gx3msATrsfH7g8qYLqseUKg1Wy_Ls,2026-04-17T07:45:48Z,RELEASED,Shipment,Order Payment,FBAPerUnitFulfillmentFee,-3.54
113-9957559-9165815,1033469061,qxu4KDABAriWT1Gx3msATrsfH7g8qYLqseUKg1Wy_Ls,2026-04-17T07:45:48Z,RELEASED,Shipment,Order Payment,Commission,-5.21
113-9957559-9165815,1033469061,qxu4KDABAriWT1Gx3msATrsfH7g8qYLqseUKg1Wy_Ls,2026-04-17T07:45:48Z,RELEASED,Shipment,Order Payment,VariableClosingFee,-1.8
112-3676715-8150634,1048894668,IMTZReq8NaihoQzk6ZVcKgHugu2WYoi7PEO4YUGNkOo,2026-04-15T16:31:17Z,RELEASED,Refund,Refund,Commission,7.49
112-3676715-8150634,1048894668,IMTZReq8NaihoQzk6ZVcKgHugu2WYoi7PEO4YUGNkOo,2026-04-15T16:31:17Z,RELEASED,Refund,Refund,RefundCommission,-1.5
112-3676715-8150634,1048894668,IMTZReq8NaihoQzk6ZVcKgHugu2WYoi7PEO4YUGNkOo,2026-04-15T16:31:17Z,RELEASED,Refund,Refund,VariableClosingFee,1.8
112-3676715-8150634,1048894668,_gBKN7ar4u--aoYMY84Slafyseht4M8aGsKIVVFBYzA,2026-03-20T09:10:54Z,RELEASED,Shipment,Order Payment,FBAPerUnitFulfillmentFee,-3.42
112-3676715-8150634,1048894668,_gBKN7ar4u--aoYMY84Slafyseht4M8aGsKIVVFBYzA,2026-03-20T09:10:54Z,RELEASED,Shipment,Order Payment,Commission,-7.49
112-3676715-8150634,1048894668,_gBKN7ar4u--aoYMY84Slafyseht4M8aGsKIVVFBYzA,2026-03-20T09:10:54Z,RELEASED,Shipment,Order Payment,VariableClosingFee,-1.8
111-0331002-9081035,1071133179,fZwNDJdjJ62dBXckOkgIAxWOjySMIz4_ZUItRo-v69U,2026-05-17T03:05:38Z,RELEASED,Refund,Refund,Commission,6.74
111-0331002-9081035,1071133179,fZwNDJdjJ62dBXckOkgIAxWOjySMIz4_ZUItRo-v69U,2026-05-17T03:05:38Z,RELEASED,Refund,Refund,RefundCommission,-1.35
111-0331002-9081035,1071133179,fZwNDJdjJ62dBXckOkgIAxWOjySMIz4_ZUItRo-v69U,2026-05-17T03:05:38Z,RELEASED,Refund,Refund,VariableClosingFee,1.8
111-0331002-9081035,1071133179,gCmsmg6CdiNiVhj7DJliRWwwrLq1KUemuj779N0U9qc,2026-05-17T12:26:28Z,RELEASED,Shipment,Order Payment,FBAPerUnitFulfillmentFee,-3.54
111-0331002-9081035,1071133179,gCmsmg6CdiNiVhj7DJliRWwwrLq1KUemuj779N0U9qc,2026-05-17T12:26:28Z,RELEASED,Shipment,Order Payment,Commission,-6.74
111-0331002-9081035,1071133179,gCmsmg6CdiNiVhj7DJliRWwwrLq1KUemuj779N0U9qc,2026-05-17T12:26:28Z,RELEASED,Shipment,Order Payment,VariableClosingFee,-1.8
111-7140018-4311441,1052907525,0yu3NJhwtdLWRcMfGaEAw4xhRsQARtbo-ex1eD_F0F4,2026-05-09T16:46:30Z,RELEASED,Refund,Refund,Commission,5.25
111-7140018-4311441,1052907525,0yu3NJhwtdLWRcMfGaEAw4xhRsQARtbo-ex1eD_F0F4,2026-05-09T16:46:30Z,RELEASED,Refund,Refund,RefundCommission,-1.05
111-7140018-4311441,1052907525,Z008hcE0K2zwzgRCk9Z36uxy3IYW5QyfBx6ozc4ftuw,2026-05-02T07:52:15Z,RELEASED,Shipment,Order Payment,FBAPerUnitFulfillmentFee,-6.02
111-7140018-4311441,1052907525,Z008hcE0K2zwzgRCk9Z36uxy3IYW5QyfBx6ozc4ftuw,2026-05-02T07:52:15Z,RELEASED,Shipment,Order Payment,Commission,-5.25
114-7622178-5811461,1045507690,'-KAc949EW_nBXbUus6wsOriS-Xyc4WRWnAoeLM593-I,2026-05-11T19:57:35Z,RELEASED,Shipment,Order Payment,FBAPerUnitFulfillmentFee,-3.54
114-7622178-5811461,1045507690,'-KAc949EW_nBXbUus6wsOriS-Xyc4WRWnAoeLM593-I,2026-05-11T19:57:35Z,RELEASED,Shipment,Order Payment,Commission,-5.57
114-7622178-5811461,1045507690,'-KAc949EW_nBXbUus6wsOriS-Xyc4WRWnAoeLM593-I,2026-05-11T19:57:35Z,RELEASED,Shipment,Order Payment,VariableClosingFee,-1.8
114-7622178-5811461,1045507690,KWZmS8z9QOeI1qZT_C1uuby74LT9sXuUwZ8dV_w881M,2026-05-15T06:47:35Z,RELEASED,Refund,Refund,Commission,5.57
114-7622178-5811461,1045507690,KWZmS8z9QOeI1qZT_C1uuby74LT9sXuUwZ8dV_w881M,2026-05-15T06:47:35Z,RELEASED,Refund,Refund,RefundCommission,-1.11
114-7622178-5811461,1045507690,KWZmS8z9QOeI1qZT_C1uuby74LT9sXuUwZ8dV_w881M,2026-05-15T06:47:35Z,RELEASED,Refund,Refund,VariableClosingFee,1.8
113-1117110-7828247,1064185632,pFys4u17jwXM2QRxr7ddYed-HyxzJHYqt8pSGyZxuUo,2026-05-06T22:16:36Z,RELEASED,Refund,Refund,Commission,6.27
113-1117110-7828247,1064185632,pFys4u17jwXM2QRxr7ddYed-HyxzJHYqt8pSGyZxuUo,2026-05-06T22:16:36Z,RELEASED,Refund,Refund,RefundCommission,-1.25
113-1117110-7828247,1064185632,pFys4u17jwXM2QRxr7ddYed-HyxzJHYqt8pSGyZxuUo,2026-05-06T22:16:36Z,RELEASED,Refund,Refund,VariableClosingFee,1.8
113-1117110-7828247,1064185632,y0WRUNiClPFvVrcZeaN_Nm5-R2IKUqT0PBTiwpnn3zY,2026-04-07T12:51:19Z,RELEASED,Shipment,Order Payment,FBAPerUnitFulfillmentFee,-3.42
113-1117110-7828247,1064185632,y0WRUNiClPFvVrcZeaN_Nm5-R2IKUqT0PBTiwpnn3zY,2026-04-07T12:51:19Z,RELEASED,Shipment,Order Payment,Commission,-6.27
113-1117110-7828247,1064185632,y0WRUNiClPFvVrcZeaN_Nm5-R2IKUqT0PBTiwpnn3zY,2026-04-07T12:51:19Z,RELEASED,Shipment,Order Payment,VariableClosingFee,-1.8
113-9347250-2231463,1028571825,flLOtj8_t_RD-W6M9UV05AzkiSMIppYQAbZbYkr4sAE,2026-05-15T18:53:10Z,RELEASED,Shipment,Order Payment,FBAPerUnitFulfillmentFee,-3.57
113-9347250-2231463,1028571825,flLOtj8_t_RD-W6M9UV05AzkiSMIppYQAbZbYkr4sAE,2026-05-15T18:53:10Z,RELEASED,Shipment,Order Payment,Commission,-6.44
113-9347250-2231463,1028571825,flLOtj8_t_RD-W6M9UV05AzkiSMIppYQAbZbYkr4sAE,2026-05-15T18:53:10Z,RELEASED,Shipment,Order Payment,VariableClosingFee,-1.8
113-9347250-2231463,1028571825,OvRcqTrAlk6G6MP9r3rCKHAYrKlRLBZLS_MH2jppnfY,2026-05-15T05:33:43Z,RELEASED,Refund,Refund,Commission,6.44
113-9347250-2231463,1028571825,OvRcqTrAlk6G6MP9r3rCKHAYrKlRLBZLS_MH2jppnfY,2026-05-15T05:33:43Z,RELEASED,Refund,Refund,RefundCommission,-1.29
113-9347250-2231463,1028571825,OvRcqTrAlk6G6MP9r3rCKHAYrKlRLBZLS_MH2jppnfY,2026-05-15T05:33:43Z,RELEASED,Refund,Refund,VariableClosingFee,1.8
114-0758267-0675429,1029788236,fQiHnEqPRTAb64n_GHqaC_eHYwqgbRSySmsogv7tc7A,2026-05-07T14:13:58Z,RELEASED,Refund,Refund,Commission,8.22
114-0758267-0675429,1029788236,fQiHnEqPRTAb64n_GHqaC_eHYwqgbRSySmsogv7tc7A,2026-05-07T14:13:58Z,RELEASED,Refund,Refund,RefundCommission,-1.64
114-0758267-0675429,1029788236,fQiHnEqPRTAb64n_GHqaC_eHYwqgbRSySmsogv7tc7A,2026-05-07T14:13:58Z,RELEASED,Refund,Refund,VariableClosingFee,1.8
114-0758267-0675429,1029788236,Xak3AfPIFg_Te207eLqd4I_H1wHYqNIr2uKAI-cSHiY,2026-05-07T12:02:46Z,RELEASED,Shipment,Order Payment,FBAPerUnitFulfillmentFee,-3.81
114-0758267-0675429,1029788236,Xak3AfPIFg_Te207eLqd4I_H1wHYqNIr2uKAI-cSHiY,2026-05-07T12:02:46Z,RELEASED,Shipment,Order Payment,Commission,-8.22
114-0758267-0675429,1029788236,Xak3AfPIFg_Te207eLqd4I_H1wHYqNIr2uKAI-cSHiY,2026-05-07T12:02:46Z,RELEASED,Shipment,Order Payment,VariableClosingFee,-1.8
114-0758267-0675429,1037517086,2C8vBXGkSAvvRVz8HbtRetNz5bHPCx25k3zldvuPxNk,2026-05-06T01:03:45Z,RELEASED,Refund,Refund,Commission,5.53
114-0758267-0675429,1037517086,2C8vBXGkSAvvRVz8HbtRetNz5bHPCx25k3zldvuPxNk,2026-05-06T01:03:45Z,RELEASED,Refund,Refund,RefundCommission,-1.11
114-0758267-0675429,1037517086,2C8vBXGkSAvvRVz8HbtRetNz5bHPCx25k3zldvuPxNk,2026-05-06T01:03:45Z,RELEASED,Refund,Refund,VariableClosingFee,1.8
114-0758267-0675429,1037517086,xK3PO7bsK-5b9nvqyU25HY3VMQnpjMglMCY7lfAsYks,2026-05-06T11:27:30Z,RELEASED,Shipment,Order Payment,FBAPerUnitFulfillmentFee,-3.54
114-0758267-0675429,1037517086,xK3PO7bsK-5b9nvqyU25HY3VMQnpjMglMCY7lfAsYks,2026-05-06T11:27:30Z,RELEASED,Shipment,Order Payment,Commission,-5.53
114-0758267-0675429,1037517086,xK3PO7bsK-5b9nvqyU25HY3VMQnpjMglMCY7lfAsYks,2026-05-06T11:27:30Z,RELEASED,Shipment,Order Payment,VariableClosingFee,-1.8
111-4350586-4838659,1045507690,B3VCqb-mRcxcE4_pHR0wM-6bMPQmYUAvhPRlazn5vEE,2026-04-08T16:16:48Z,RELEASED,Shipment,Order Payment,FBAPerUnitFulfillmentFee,-3.42
111-4350586-4838659,1045507690,B3VCqb-mRcxcE4_pHR0wM-6bMPQmYUAvhPRlazn5vEE,2026-04-08T16:16:48Z,RELEASED,Shipment,Order Payment,Commission,-5.81
111-4350586-4838659,1045507690,B3VCqb-mRcxcE4_pHR0wM-6bMPQmYUAvhPRlazn5vEE,2026-04-08T16:16:48Z,RELEASED,Shipment,Order Payment,VariableClosingFee,-1.8
111-4350586-4838659,1045507690,CNRy2aLPnN6M1sxac1U_s_0OhWt_U9M835-9ad9GeNE,2026-04-14T01:13:37Z,RELEASED,Refund,Refund,Commission,5.81
111-4350586-4838659,1045507690,CNRy2aLPnN6M1sxac1U_s_0OhWt_U9M835-9ad9GeNE,2026-04-14T01:13:37Z,RELEASED,Refund,Refund,RefundCommission,-1.16
111-4350586-4838659,1045507690,CNRy2aLPnN6M1sxac1U_s_0OhWt_U9M835-9ad9GeNE,2026-04-14T01:13:37Z,RELEASED,Refund,Refund,VariableClosingFee,1.8
114-5772898-9275458,1070280039,gq8t7fKJkMjlcSRAkzfdYnkSZl8hhv4iStrvyYMVKMg,2026-05-13T12:04:26Z,RELEASED,Shipment,Order Payment,FBAPerUnitFulfillmentFee,-3.44
114-5772898-9275458,1070280039,gq8t7fKJkMjlcSRAkzfdYnkSZl8hhv4iStrvyYMVKMg,2026-05-13T12:04:26Z,RELEASED,Shipment,Order Payment,Commission,-6.44
114-5772898-9275458,1070280039,gq8t7fKJkMjlcSRAkzfdYnkSZl8hhv4iStrvyYMVKMg,2026-05-13T12:04:26Z,RELEASED,Shipment,Order Payment,ShippingChargeback,-6.99
114-5772898-9275458,1070280039,gq8t7fKJkMjlcSRAkzfdYnkSZl8hhv4iStrvyYMVKMg,2026-05-13T12:04:26Z,RELEASED,Shipment,Order Payment,VariableClosingFee,-1.8
114-5772898-9275458,1070280039,o8HaXRS-0iQVYLmi2dvnh0Of0ahSoujV9FOHWIiFEuI,2026-05-13T13:22:53Z,RELEASED,Refund,Refund,Commission,6.44
114-5772898-9275458,1070280039,o8HaXRS-0iQVYLmi2dvnh0Of0ahSoujV9FOHWIiFEuI,2026-05-13T13:22:53Z,RELEASED,Refund,Refund,RefundCommission,-1.29
114-5772898-9275458,1070280039,o8HaXRS-0iQVYLmi2dvnh0Of0ahSoujV9FOHWIiFEuI,2026-05-13T13:22:53Z,RELEASED,Refund,Refund,ShippingChargeback,6.99
114-5772898-9275458,1070280039,o8HaXRS-0iQVYLmi2dvnh0Of0ahSoujV9FOHWIiFEuI,2026-05-13T13:22:53Z,RELEASED,Refund,Refund,VariableClosingFee,1.8
114-5746212-1025813,1069890475,CiFbQOX8Ws4QWIkv2wp4yW0xwJipQVpEcXp36UrKMFU,2026-05-03T06:56:36Z,RELEASED,Refund,Refund,Commission,8.55
114-5746212-1025813,1069890475,CiFbQOX8Ws4QWIkv2wp4yW0xwJipQVpEcXp36UrKMFU,2026-05-03T06:56:36Z,RELEASED,Refund,Refund,RefundCommission,-1.71
114-5746212-1025813,1069890475,CiFbQOX8Ws4QWIkv2wp4yW0xwJipQVpEcXp36UrKMFU,2026-05-03T06:56:36Z,RELEASED,Refund,Refund,VariableClosingFee,1.8
114-5746212-1025813,1069890475,dMmYAVqnH8Gw8FWjac5JNtWzFG80BTJ7NmHZE4TpNys,2026-05-03T09:28:34Z,RELEASED,Shipment,Order Payment,FBAPerUnitFulfillmentFee,-3.81
114-5746212-1025813,1069890475,dMmYAVqnH8Gw8FWjac5JNtWzFG80BTJ7NmHZE4TpNys,2026-05-03T09:28:34Z,RELEASED,Shipment,Order Payment,Commission,-8.55
114-5746212-1025813,1069890475,dMmYAVqnH8Gw8FWjac5JNtWzFG80BTJ7NmHZE4TpNys,2026-05-03T09:28:34Z,RELEASED,Shipment,Order Payment,VariableClosingFee,-1.8
112-0059692-9345811,1056263472,D7nQEoBTwt3YN3jD3GdtSJjkBXDn5oui-SoN0OyzOzU,2026-05-14T13:58:43Z,RELEASED,Refund,Refund,Commission,4.77
112-0059692-9345811,1056263472,D7nQEoBTwt3YN3jD3GdtSJjkBXDn5oui-SoN0OyzOzU,2026-05-14T13:58:43Z,RELEASED,Refund,Refund,RefundCommission,-0.95
112-0059692-9345811,1056263472,D7nQEoBTwt3YN3jD3GdtSJjkBXDn5oui-SoN0OyzOzU,2026-05-14T13:58:43Z,RELEASED,Refund,Refund,VariableClosingFee,1.8
112-0059692-9345811,1056263472,neY3XQxDLHGTR56OjzkyNOyTXJElOceniuWIB8HJ03Y,2026-05-15T00:18:02Z,RELEASED,Shipment,Order Payment,FBAPerUnitFulfillmentFee,-3.54
112-0059692-9345811,1056263472,neY3XQxDLHGTR56OjzkyNOyTXJElOceniuWIB8HJ03Y,2026-05-15T00:18:02Z,RELEASED,Shipment,Order Payment,Commission,-4.77
112-0059692-9345811,1056263472,neY3XQxDLHGTR56OjzkyNOyTXJElOceniuWIB8HJ03Y,2026-05-15T00:18:02Z,RELEASED,Shipment,Order Payment,VariableClosingFee,-1.8
114-1224923-6510669,1066393107,JCg-D6gcpEzANV-rlsfk9JTxvUNVYWbMXFKVpOlwQr4,2026-05-03T09:39:23Z,RELEASED,Refund,Refund,Commission,6.77
114-1224923-6510669,1066393107,JCg-D6gcpEzANV-rlsfk9JTxvUNVYWbMXFKVpOlwQr4,2026-05-03T09:39:23Z,RELEASED,Refund,Refund,RefundCommission,-1.35
114-1224923-6510669,1066393107,oILLDDhpkXNzhz5pff5XFpMChYZ1O3lcFsC1KWkIYT0,2026-05-03T02:44:36Z,RELEASED,Shipment,Order Payment,FBAPerUnitFulfillmentFee,-7.01
114-1224923-6510669,1066393107,oILLDDhpkXNzhz5pff5XFpMChYZ1O3lcFsC1KWkIYT0,2026-05-03T02:44:36Z,RELEASED,Shipment,Order Payment,Commission,-6.77
112-2345381-4979407,1052907525,1ol1bWHc7wBTyvKmDDiJ4Nxh-tmZQiXhiQdtJSXpX0E,2026-05-04T14:51:53Z,RELEASED,Refund,Refund,Commission,5.25
112-2345381-4979407,1052907525,1ol1bWHc7wBTyvKmDDiJ4Nxh-tmZQiXhiQdtJSXpX0E,2026-05-04T14:51:53Z,RELEASED,Refund,Refund,RefundCommission,-1.05
112-2345381-4979407,1052907525,9tsW0UbwX-vB4uKZvtb8zI3s5vsgCJ053MipxkAqu_I,2026-05-04T15:34:32Z,RELEASED,Shipment,Order Payment,FBAPerUnitFulfillmentFee,-6.02
112-2345381-4979407,1052907525,9tsW0UbwX-vB4uKZvtb8zI3s5vsgCJ053MipxkAqu_I,2026-05-04T15:34:32Z,RELEASED,Shipment,Order Payment,Commission,-5.25
114-4385622-3526649,1048220574,EcsIpzAoUnCIOwR6hiJA3AMDATo_5tOKTBjWJvAdMAQ,2026-04-13T08:59:29Z,RELEASED,Shipment,Order Payment,FBAPerUnitFulfillmentFee,-3.42
114-4385622-3526649,1048220574,EcsIpzAoUnCIOwR6hiJA3AMDATo_5tOKTBjWJvAdMAQ,2026-04-13T08:59:29Z,RELEASED,Shipment,Order Payment,Commission,-4.28
114-4385622-3526649,1048220574,EcsIpzAoUnCIOwR6hiJA3AMDATo_5tOKTBjWJvAdMAQ,2026-04-13T08:59:29Z,RELEASED,Shipment,Order Payment,VariableClosingFee,-1.8
114-4385622-3526649,1048220574,Eu-z2Dl22-YvZV7kmeZoCN5hj9CkgEUkoG0wGXLbAw0,2026-04-30T00:13:08Z,RELEASED,Refund,Refund,Commission,4.28
114-4385622-3526649,1048220574,Eu-z2Dl22-YvZV7kmeZoCN5hj9CkgEUkoG0wGXLbAw0,2026-04-30T00:13:08Z,RELEASED,Refund,Refund,RefundCommission,-0.86
114-4385622-3526649,1048220574,Eu-z2Dl22-YvZV7kmeZoCN5hj9CkgEUkoG0wGXLbAw0,2026-04-30T00:13:08Z,RELEASED,Refund,Refund,VariableClosingFee,1.8
114-1925219-9628203,1070280033,zO-cQRixFl8Wbks7HYWbZzCsGPzRnsjwL_WG3thlVQw,2026-05-04T15:01:55Z,RELEASED,Shipment,Order Payment,FBAPerUnitFulfillmentFee,-3.54
114-1925219-9628203,1070280033,zO-cQRixFl8Wbks7HYWbZzCsGPzRnsjwL_WG3thlVQw,2026-05-04T15:01:55Z,RELEASED,Shipment,Order Payment,Commission,-6.16
114-1925219-9628203,1070280033,zO-cQRixFl8Wbks7HYWbZzCsGPzRnsjwL_WG3thlVQw,2026-05-04T15:01:55Z,RELEASED,Shipment,Order Payment,VariableClosingFee,-1.8
112-8315973-3133853,1063375686,6nhe_m8CVxfhEMArCb94h12v5zMhFPBvUqT3I1lnx1k,2026-04-28T19:29:44Z,RELEASED,Refund,Refund,Commission,3.56
112-8315973-3133853,1063375686,6nhe_m8CVxfhEMArCb94h12v5zMhFPBvUqT3I1lnx1k,2026-04-28T19:29:44Z,RELEASED,Refund,Refund,RefundCommission,-0.71
112-8315973-3133853,1063375686,6nhe_m8CVxfhEMArCb94h12v5zMhFPBvUqT3I1lnx1k,2026-04-28T19:29:44Z,RELEASED,Refund,Refund,VariableClosingFee,1.8
112-8315973-3133853,1063375686,O8S1ABk6Fe5ruJn2X03XgAgR_C-yfwT-AilYUjvTecU,2026-04-15T13:48:09Z,RELEASED,Shipment,Order Payment,FBAPerUnitFulfillmentFee,-3.45
112-8315973-3133853,1063375686,O8S1ABk6Fe5ruJn2X03XgAgR_C-yfwT-AilYUjvTecU,2026-04-15T13:48:09Z,RELEASED,Shipment,Order Payment,Commission,-3.56
112-8315973-3133853,1063375686,O8S1ABk6Fe5ruJn2X03XgAgR_C-yfwT-AilYUjvTecU,2026-04-15T13:48:09Z,RELEASED,Shipment,Order Payment,VariableClosingFee,-1.8
114-0588929-4497863,1051249032,c4IymvBtA8NZkQnovTrHQTjhdh4A1gSGVUSHIJtwmpk,2026-04-26T01:17:33Z,RELEASED,Refund,Refund,Commission,5.25
114-0588929-4497863,1051249032,c4IymvBtA8NZkQnovTrHQTjhdh4A1gSGVUSHIJtwmpk,2026-04-26T01:17:33Z,RELEASED,Refund,Refund,RefundCommission,-1.05
114-0588929-4497863,1051249032,sExeQTBk4bDiVttOFkSBOR-vYovVY7MMc7zXTvXatjE,2026-03-19T20:05:53Z,RELEASED,Shipment,Order Payment,FBAPerUnitFulfillmentFee,-6.67
114-0588929-4497863,1051249032,sExeQTBk4bDiVttOFkSBOR-vYovVY7MMc7zXTvXatjE,2026-03-19T20:05:53Z,RELEASED,Shipment,Order Payment,Commission,-5.25
111-4385622-4634625,1031051552,4KksQmCOB5HGteftiqouxEMh718Wv1UfZqnNPQit2Cc,2026-04-16T10:16:12Z,RELEASED,Shipment,Order Payment,FBAPerUnitFulfillmentFee,-5.92
111-4385622-4634625,1031051552,4KksQmCOB5HGteftiqouxEMh718Wv1UfZqnNPQit2Cc,2026-04-16T10:16:12Z,RELEASED,Shipment,Order Payment,Commission,-3.9
111-4385622-4634625,1031051552,WZTQj6FN1QYSqPYMgVu5-dqF4pOsmgVzINlTYX2uwdg,2026-04-28T23:13:17Z,RELEASED,Refund,Refund,Commission,3.9
111-4385622-4634625,1031051552,WZTQj6FN1QYSqPYMgVu5-dqF4pOsmgVzINlTYX2uwdg,2026-04-28T23:13:17Z,RELEASED,Refund,Refund,RefundCommission,-0.78
112-2952927-5745023,1048894668,5rEQY3if53NgoVi5Ii4-xZ297_Z5siBCU1T-a0cMmgk,2026-04-21T18:30:06Z,RELEASED,Refund,Refund,Commission,6.46
112-2952927-5745023,1048894668,5rEQY3if53NgoVi5Ii4-xZ297_Z5siBCU1T-a0cMmgk,2026-04-21T18:30:06Z,RELEASED,Refund,Refund,RefundCommission,-1.29
112-2952927-5745023,1048894668,5rEQY3if53NgoVi5Ii4-xZ297_Z5siBCU1T-a0cMmgk,2026-04-21T18:30:06Z,RELEASED,Refund,Refund,VariableClosingFee,1.8
112-2952927-5745023,1048894668,z4wbgzOQqtrso735xemHP7mKjq7ilKaDbLwVeeFYD_Y,2026-04-12T22:17:52Z,RELEASED,Shipment,Order Payment,FBAPerUnitFulfillmentFee,-3.42
112-2952927-5745023,1048894668,z4wbgzOQqtrso735xemHP7mKjq7ilKaDbLwVeeFYD_Y,2026-04-12T22:17:52Z,RELEASED,Shipment,Order Payment,Commission,-6.46
112-2952927-5745023,1048894668,z4wbgzOQqtrso735xemHP7mKjq7ilKaDbLwVeeFYD_Y,2026-04-12T22:17:52Z,RELEASED,Shipment,Order Payment,VariableClosingFee,-1.8
112-1041726-2904265,1052907525,OnWZhuQwv3yIGpPIKo_BhMUuaAEKo5v9JOdpn1Uz-1k,2026-04-18T16:20:21Z,RELEASED,Shipment,Order Payment,FBAPerUnitFulfillmentFee,-6.02
112-1041726-2904265,1052907525,OnWZhuQwv3yIGpPIKo_BhMUuaAEKo5v9JOdpn1Uz-1k,2026-04-18T16:20:21Z,RELEASED,Shipment,Order Payment,Commission,-5.25
112-1041726-2904265,1052907525,yLSTzmiwWLZz0nE1iLRq3tOT9zUPt1j67i2Np1bLsm8,2026-04-20T16:07:50Z,RELEASED,Refund,Refund,Commission,5.25
112-1041726-2904265,1052907525,yLSTzmiwWLZz0nE1iLRq3tOT9zUPt1j67i2Np1bLsm8,2026-04-20T16:07:50Z,RELEASED,Refund,Refund,RefundCommission,-1.05
113-1627378-9262634,1071283716,A_dQdR2oyQkqk9-nFNX077yGtgrb_GNBXti_dcNvgtc,2026-04-18T07:24:55Z,RELEASED,Refund,Refund,Commission,5.96
113-1627378-9262634,1071283716,A_dQdR2oyQkqk9-nFNX077yGtgrb_GNBXti_dcNvgtc,2026-04-18T07:24:55Z,RELEASED,Refund,Refund,RefundCommission,-1.19
113-1627378-9262634,1071283716,A_dQdR2oyQkqk9-nFNX077yGtgrb_GNBXti_dcNvgtc,2026-04-18T07:24:55Z,RELEASED,Refund,Refund,VariableClosingFee,1.8
113-1627378-9262634,1071283716,jdMrXvzXWueKoUTTyLKCXFOxch1ePoQiyX0cPYHAgS0,2026-04-05T11:25:59Z,RELEASED,Shipment,Order Payment,FBAPerUnitFulfillmentFee,-3.42
113-1627378-9262634,1071283716,jdMrXvzXWueKoUTTyLKCXFOxch1ePoQiyX0cPYHAgS0,2026-04-05T11:25:59Z,RELEASED,Shipment,Order Payment,Commission,-5.96
113-1627378-9262634,1071283716,jdMrXvzXWueKoUTTyLKCXFOxch1ePoQiyX0cPYHAgS0,2026-04-05T11:25:59Z,RELEASED,Shipment,Order Payment,VariableClosingFee,-1.8
114-6088507-2187406,1071283749,svjIenTNCVhi8zR9TPAxprwijKkm9le1O4kBaRlqSDo,2026-04-06T22:31:21Z,RELEASED,Shipment,Order Payment,FBAPerUnitFulfillmentFee,-3.68
114-6088507-2187406,1071283749,svjIenTNCVhi8zR9TPAxprwijKkm9le1O4kBaRlqSDo,2026-04-06T22:31:21Z,RELEASED,Shipment,Order Payment,Commission,-8.4
114-6088507-2187406,1071283749,svjIenTNCVhi8zR9TPAxprwijKkm9le1O4kBaRlqSDo,2026-04-06T22:31:21Z,RELEASED,Shipment,Order Payment,VariableClosingFee,-1.8
114-6088507-2187406,1071283749,X3jHDUI62PIhXRI8adeCmGjE3xLDj7YxIsbF7wcL2u0,2026-04-13T04:33:46Z,RELEASED,Refund,Refund,Commission,8.4
114-6088507-2187406,1071283749,X3jHDUI62PIhXRI8adeCmGjE3xLDj7YxIsbF7wcL2u0,2026-04-13T04:33:46Z,RELEASED,Refund,Refund,RefundCommission,-1.68
114-6088507-2187406,1071283749,X3jHDUI62PIhXRI8adeCmGjE3xLDj7YxIsbF7wcL2u0,2026-04-13T04:33:46Z,RELEASED,Refund,Refund,VariableClosingFee,1.8
114-4759765-6969815,1058392679,KtPSgD3lG4wGjmkHwzwhq4TD96Iv35B6W9gHpo89iwk,2026-04-01T19:53:13Z,RELEASED,Shipment,Order Payment,FBAPerUnitFulfillmentFee,-4.6
114-4759765-6969815,1058392679,KtPSgD3lG4wGjmkHwzwhq4TD96Iv35B6W9gHpo89iwk,2026-04-01T19:53:13Z,RELEASED,Shipment,Order Payment,Commission,-3.75
112-9727055-0467456,1045507690,5eaHm9sC-mH0I17qU64XXVN8Y2W0C9R5Po28Xei_nkE,2026-04-13T18:52:04Z,RELEASED,Shipment,Order Payment,FBAPerUnitFulfillmentFee,-3.42
112-9727055-0467456,1045507690,5eaHm9sC-mH0I17qU64XXVN8Y2W0C9R5Po28Xei_nkE,2026-04-13T18:52:04Z,RELEASED,Shipment,Order Payment,Commission,-6.43
112-9727055-0467456,1045507690,5eaHm9sC-mH0I17qU64XXVN8Y2W0C9R5Po28Xei_nkE,2026-04-13T18:52:04Z,RELEASED,Shipment,Order Payment,VariableClosingFee,-1.8
112-9727055-0467456,1045507690,O6EsgJjY0mNte_QcjRBD_DOzkj552vh7E90Qy-9vTpo,2026-04-17T02:31:45Z,RELEASED,Refund,Refund,Commission,6.43
112-9727055-0467456,1045507690,O6EsgJjY0mNte_QcjRBD_DOzkj552vh7E90Qy-9vTpo,2026-04-17T02:31:45Z,RELEASED,Refund,Refund,RefundCommission,-1.29
112-9727055-0467456,1045507690,O6EsgJjY0mNte_QcjRBD_DOzkj552vh7E90Qy-9vTpo,2026-04-17T02:31:45Z,RELEASED,Refund,Refund,VariableClosingFee,1.8
112-1981942-0638611,1045509207,lIepawdT_pAeqb_DrmsKZqajhv9PIxhfK9BFArGod7c,2026-04-04T05:24:24Z,RELEASED,Shipment,Order Payment,FBAPerUnitFulfillmentFee,-3.42
112-1981942-0638611,1045509207,lIepawdT_pAeqb_DrmsKZqajhv9PIxhfK9BFArGod7c,2026-04-04T05:24:24Z,RELEASED,Shipment,Order Payment,Commission,-4.72
112-1981942-0638611,1045509207,lIepawdT_pAeqb_DrmsKZqajhv9PIxhfK9BFArGod7c,2026-04-04T05:24:24Z,RELEASED,Shipment,Order Payment,ShippingChargeback,-10.09
112-1981942-0638611,1045509207,lIepawdT_pAeqb_DrmsKZqajhv9PIxhfK9BFArGod7c,2026-04-04T05:24:24Z,RELEASED,Shipment,Order Payment,VariableClosingFee,-1.8
112-1981942-0638611,1045509207,sYCUbKiS4LMH_0lv8EB8VbrmYnSTT7Bgqp8PLoKe-5c,2026-04-12T05:48:16Z,RELEASED,Refund,Refund,Commission,4.72
112-1981942-0638611,1045509207,sYCUbKiS4LMH_0lv8EB8VbrmYnSTT7Bgqp8PLoKe-5c,2026-04-12T05:48:16Z,RELEASED,Refund,Refund,RefundCommission,-0.94
112-1981942-0638611,1045509207,sYCUbKiS4LMH_0lv8EB8VbrmYnSTT7Bgqp8PLoKe-5c,2026-04-12T05:48:16Z,RELEASED,Refund,Refund,ShippingChargeback,10.09
112-1981942-0638611,1045509207,sYCUbKiS4LMH_0lv8EB8VbrmYnSTT7Bgqp8PLoKe-5c,2026-04-12T05:48:16Z,RELEASED,Refund,Refund,VariableClosingFee,1.8
114-2124490-4876255,1051249032,_84uUrH4PqKyFuBUO2YgsKLP4e9uY5kcTE-y2Ug3cOg,2026-04-06T15:16:41Z,RELEASED,Shipment,Order Payment,FBAPerUnitFulfillmentFee,-6.67
114-2124490-4876255,1051249032,_84uUrH4PqKyFuBUO2YgsKLP4e9uY5kcTE-y2Ug3cOg,2026-04-06T15:16:41Z,RELEASED,Shipment,Order Payment,Commission,-5.24
111-3787566-9617028,1028908801,Kn5-KbxxGoddusdpoK8DMjNK4zPzGPKwZZpKh8op8vc,2026-03-25T17:16:11Z,RELEASED,Refund,Refund,Commission,6.0
111-3787566-9617028,1028908801,Kn5-KbxxGoddusdpoK8DMjNK4zPzGPKwZZpKh8op8vc,2026-03-25T17:16:11Z,RELEASED,Refund,Refund,RefundCommission,-1.2
111-3787566-9617028,1028908801,Kn5-KbxxGoddusdpoK8DMjNK4zPzGPKwZZpKh8op8vc,2026-03-25T17:16:11Z,RELEASED,Refund,Refund,VariableClosingFee,1.8
111-3787566-9617028,1028908801,3WPp7Xp4jYfO0G2-Gldlqx-ybdXhcMZNveJchcuY2BY,2026-03-22T15:16:06Z,RELEASED,Shipment,Order Payment,FBAPerUnitFulfillmentFee,-3.42
111-3787566-9617028,1028908801,3WPp7Xp4jYfO0G2-Gldlqx-ybdXhcMZNveJchcuY2BY,2026-03-22T15:16:06Z,RELEASED,Shipment,Order Payment,Commission,-6.0
111-3787566-9617028,1028908801,3WPp7Xp4jYfO0G2-Gldlqx-ybdXhcMZNveJchcuY2BY,2026-03-22T15:16:06Z,RELEASED,Shipment,Order Payment,VariableClosingFee,-1.8
114-5852173-2681018,1059898575,kL6uu8ArZ80W5X-AfS0wbZNU-eq27Oe455MGHKTbQWw,2026-04-08T10:10:28Z,RELEASED,Refund,Refund,Commission,2.82
114-5852173-2681018,1059898575,kL6uu8ArZ80W5X-AfS0wbZNU-eq27Oe455MGHKTbQWw,2026-04-08T10:10:28Z,RELEASED,Refund,Refund,RefundCommission,-0.56
114-5852173-2681018,1059898575,O-Dh1b1ESwCCEKMPnTdnbQ0mJ6NWRqasmg2k14OsiZQ,2026-04-01T18:15:54Z,RELEASED,Shipment,Order Payment,FBAPerUnitFulfillmentFee,-7.13
114-5852173-2681018,1059898575,O-Dh1b1ESwCCEKMPnTdnbQ0mJ6NWRqasmg2k14OsiZQ,2026-04-01T18:15:54Z,RELEASED,Shipment,Order Payment,Commission,-2.82
113-7664742-7108227,1069286305,_l3FJCFySqbV6cpAgu_SjerugEqRHazkooifJme9tAs,2026-04-01T02:27:32Z,RELEASED,Refund,Refund,Commission,13.22
113-7664742-7108227,1069286305,_l3FJCFySqbV6cpAgu_SjerugEqRHazkooifJme9tAs,2026-04-01T02:27:32Z,RELEASED,Refund,Refund,RefundCommission,-2.64
113-7664742-7108227,1069286305,_l3FJCFySqbV6cpAgu_SjerugEqRHazkooifJme9tAs,2026-04-01T02:27:32Z,RELEASED,Refund,Refund,VariableClosingFee,1.8
113-7664742-7108227,1069286305,PTBFHh030MS2CbKuESwqwdDH4T6qMRMjsn6XAKjt8CI,2026-03-25T14:22:14Z,RELEASED,Shipment,Order Payment,FBAPerUnitFulfillmentFee,-3.58
113-7664742-7108227,1069286305,PTBFHh030MS2CbKuESwqwdDH4T6qMRMjsn6XAKjt8CI,2026-03-25T14:22:14Z,RELEASED,Shipment,Order Payment,Commission,-13.22
113-7664742-7108227,1069286305,PTBFHh030MS2CbKuESwqwdDH4T6qMRMjsn6XAKjt8CI,2026-03-25T14:22:14Z,RELEASED,Shipment,Order Payment,VariableClosingFee,-1.8
114-7402167-2991406,1058392679,YXTGQPXiqqpKdnSWTgMYQmstBFE8SNXZvcIzNue_KoI,2026-04-07T19:37:10Z,RELEASED,Refund,Refund,Commission,3.75
114-7402167-2991406,1058392679,YXTGQPXiqqpKdnSWTgMYQmstBFE8SNXZvcIzNue_KoI,2026-04-07T19:37:10Z,RELEASED,Refund,Refund,RefundCommission,-0.75
114-7402167-2991406,1058392679,h7zd3glPU5-ekcbLWuuAON8d1F_BElvXkbb1P1OT53k,2026-03-27T11:04:43Z,RELEASED,Shipment,Order Payment,FBAPerUnitFulfillmentFee,-4.6
114-7402167-2991406,1058392679,h7zd3glPU5-ekcbLWuuAON8d1F_BElvXkbb1P1OT53k,2026-03-27T11:04:43Z,RELEASED,Shipment,Order Payment,Commission,-3.75
112-1617152-1793033,1058392679,OSyMO2uHPZoohDOsf488EbQbl3hjMnwRxxg1vAoEAhM,2026-03-30T17:27:46Z,RELEASED,Refund,Refund,Commission,3.06
112-1617152-1793033,1058392679,OSyMO2uHPZoohDOsf488EbQbl3hjMnwRxxg1vAoEAhM,2026-03-30T17:27:46Z,RELEASED,Refund,Refund,RefundCommission,-0.61
112-1617152-1793033,1058392679,L4eAvmhaa3U3eDtmbCCvnJgYcooqfAmklEbJukcf-xs,2026-03-21T02:16:46Z,RELEASED,Shipment,Order Payment,FBAPerUnitFulfillmentFee,-4.6
112-1617152-1793033,1058392679,L4eAvmhaa3U3eDtmbCCvnJgYcooqfAmklEbJukcf-xs,2026-03-21T02:16:46Z,RELEASED,Shipment,Order Payment,Commission,-3.06
113-4707224-5109032,1070891178,MsYfUktvW7TEu-KBFm7cdsqmYeNDqfGVAWODVjD6GJo,2026-04-14T06:04:01Z,RELEASED,Refund,Refund,Commission,6.12
113-4707224-5109032,1070891178,MsYfUktvW7TEu-KBFm7cdsqmYeNDqfGVAWODVjD6GJo,2026-04-14T06:04:01Z,RELEASED,Refund,Refund,RefundCommission,-1.22
113-4707224-5109032,1070891178,MsYfUktvW7TEu-KBFm7cdsqmYeNDqfGVAWODVjD6GJo,2026-04-14T06:04:01Z,RELEASED,Refund,Refund,VariableClosingFee,1.8
113-4707224-5109032,1070891178,BWx7qcBpQTcjdwlBPPl5B_3k2WIqwEbLyIY_lx0J_bU,2026-03-25T17:22:39Z,RELEASED,Shipment,Order Payment,FBAPerUnitFulfillmentFee,-3.42
113-4707224-5109032,1070891178,BWx7qcBpQTcjdwlBPPl5B_3k2WIqwEbLyIY_lx0J_bU,2026-03-25T17:22:39Z,RELEASED,Shipment,Order Payment,Commission,-6.12
113-4707224-5109032,1070891178,BWx7qcBpQTcjdwlBPPl5B_3k2WIqwEbLyIY_lx0J_bU,2026-03-25T17:22:39Z,RELEASED,Shipment,Order Payment,VariableClosingFee,-1.8
111-5434538-2816217,1041419281,Y4PS1ejAZBAEEB9DE20Nz1UMVprlu2_ATJzpobcCBXg,2026-04-01T15:04:57Z,RELEASED,Refund,Refund,Commission,5.85
111-5434538-2816217,1041419281,Y4PS1ejAZBAEEB9DE20Nz1UMVprlu2_ATJzpobcCBXg,2026-04-01T15:04:57Z,RELEASED,Refund,Refund,RefundCommission,-1.17
111-5434538-2816217,1041419281,Y4PS1ejAZBAEEB9DE20Nz1UMVprlu2_ATJzpobcCBXg,2026-04-01T15:04:57Z,RELEASED,Refund,Refund,VariableClosingFee,1.8
111-5434538-2816217,1041419281,s1C23486mHVwLTvZbbMshFSRADL7MUtwRQ9jhfatXAE,2026-03-12T22:48:07Z,RELEASED,Shipment,Order Payment,FBAPerUnitFulfillmentFee,-3.42
111-5434538-2816217,1041419281,s1C23486mHVwLTvZbbMshFSRADL7MUtwRQ9jhfatXAE,2026-03-12T22:48:07Z,RELEASED,Shipment,Order Payment,Commission,-5.85
111-5434538-2816217,1041419281,s1C23486mHVwLTvZbbMshFSRADL7MUtwRQ9jhfatXAE,2026-03-12T22:48:07Z,RELEASED,Shipment,Order Payment,VariableClosingFee,-1.8
114-6437155-3385856,1052907525,5MOQpk48ovZ_KZpmwR33EsiILQCQ6nLW_h1nf7vGfLU,2026-03-30T00:08:19Z,RELEASED,Refund,Refund,Commission,5.25
114-6437155-3385856,1052907525,5MOQpk48ovZ_KZpmwR33EsiILQCQ6nLW_h1nf7vGfLU,2026-03-30T00:08:19Z,RELEASED,Refund,Refund,RefundCommission,-1.05
114-6437155-3385856,1052907525,vWGUTDcicS9apkjkFmAdSK2K-UBSMV51VTzTIHAovRs,2026-03-24T14:44:37Z,RELEASED,Shipment,Order Payment,FBAPerUnitFulfillmentFee,-5.82
114-6437155-3385856,1052907525,vWGUTDcicS9apkjkFmAdSK2K-UBSMV51VTzTIHAovRs,2026-03-24T14:44:37Z,RELEASED,Shipment,Order Payment,Commission,-5.25
111-1090107-9016235,1028908801,m8FZEfplMB50t6W_ldxMQ0mVDa0YVQnn1SQvbsSwxOs,2026-03-24T02:08:37Z,RELEASED,Refund,Refund,Commission,6.0
111-1090107-9016235,1028908801,m8FZEfplMB50t6W_ldxMQ0mVDa0YVQnn1SQvbsSwxOs,2026-03-24T02:08:37Z,RELEASED,Refund,Refund,RefundCommission,-1.2
111-1090107-9016235,1028908801,m8FZEfplMB50t6W_ldxMQ0mVDa0YVQnn1SQvbsSwxOs,2026-03-24T02:08:37Z,RELEASED,Refund,Refund,VariableClosingFee,1.8
111-1090107-9016235,1028908801,hRDzMm7d41vWXOM6YAHOKuvuy-XYCTjvyjCtkbe2ZRA,2026-03-18T05:48:11Z,RELEASED,Shipment,Order Payment,FBAPerUnitFulfillmentFee,-3.42
111-1090107-9016235,1028908801,hRDzMm7d41vWXOM6YAHOKuvuy-XYCTjvyjCtkbe2ZRA,2026-03-18T05:48:11Z,RELEASED,Shipment,Order Payment,Commission,-6.0
111-1090107-9016235,1028908801,hRDzMm7d41vWXOM6YAHOKuvuy-XYCTjvyjCtkbe2ZRA,2026-03-18T05:48:11Z,RELEASED,Shipment,Order Payment,VariableClosingFee,-1.8
112-6344274-1402669,1045692341,TppIugxWe2S3mb1eVYVS1__dMHKbYLt5bUhX3LkoDhM,2026-03-31T01:17:47Z,RELEASED,Refund,Refund,Commission,9.07
112-6344274-1402669,1045692341,TppIugxWe2S3mb1eVYVS1__dMHKbYLt5bUhX3LkoDhM,2026-03-31T01:17:47Z,RELEASED,Refund,Refund,RefundCommission,-1.81
112-6344274-1402669,1045692341,TppIugxWe2S3mb1eVYVS1__dMHKbYLt5bUhX3LkoDhM,2026-03-31T01:17:47Z,RELEASED,Refund,Refund,VariableClosingFee,1.8
112-6344274-1402669,1045692341,bKVuzGJV4w926aE5I99Xqtt_L95LH6V6nVvkr2e8DeI,2026-03-24T17:41:49Z,RELEASED,Shipment,Order Payment,FBAPerUnitFulfillmentFee,-3.68
112-6344274-1402669,1045692341,bKVuzGJV4w926aE5I99Xqtt_L95LH6V6nVvkr2e8DeI,2026-03-24T17:41:49Z,RELEASED,Shipment,Order Payment,Commission,-9.07
112-6344274-1402669,1045692341,bKVuzGJV4w926aE5I99Xqtt_L95LH6V6nVvkr2e8DeI,2026-03-24T17:41:49Z,RELEASED,Shipment,Order Payment,VariableClosingFee,-1.8
114-5030390-5171414,1066393107,uzduo6A4IvB3eXa8cIglAZa61_RJchlXLiywxPzTeG0,2026-03-26T21:04:12Z,RELEASED,Refund,Refund,Commission,8.49
114-5030390-5171414,1066393107,uzduo6A4IvB3eXa8cIglAZa61_RJchlXLiywxPzTeG0,2026-03-26T21:04:12Z,RELEASED,Refund,Refund,RefundCommission,-1.7
114-5030390-5171414,1066393107,dpD3qFeMCRX9jgDES_pJBMTm4gjhks-yct7ABrCR94U,2026-03-13T22:58:39Z,RELEASED,Shipment,Order Payment,FBAPerUnitFulfillmentFee,-6.77
114-5030390-5171414,1066393107,dpD3qFeMCRX9jgDES_pJBMTm4gjhks-yct7ABrCR94U,2026-03-13T22:58:39Z,RELEASED,Shipment,Order Payment,Commission,-8.49
111-5002626-1181848,1058392679,E8LNf3_sUheGFhbJ3-syznjZRiEPW2rw8SZZpDw56go,2026-03-13T19:38:35Z,RELEASED,Refund,Refund,Commission,3.06
111-5002626-1181848,1058392679,E8LNf3_sUheGFhbJ3-syznjZRiEPW2rw8SZZpDw56go,2026-03-13T19:38:35Z,RELEASED,Refund,Refund,RefundCommission,-0.61
111-5002626-1181848,1058392679,snFHqvKK29zvQ6PyjeUY0HB6lisAys9HIYw4WWp2Qgo,2026-03-09T05:59:19Z,RELEASED,Shipment,Order Payment,FBAPerUnitFulfillmentFee,-4.6
111-5002626-1181848,1058392679,snFHqvKK29zvQ6PyjeUY0HB6lisAys9HIYw4WWp2Qgo,2026-03-09T05:59:19Z,RELEASED,Shipment,Order Payment,Commission,-3.06
112-2936515-0203457,1070474320,BQKOj_rOrwH3JGf_nuE-TLZZ_Zl2jBzjWi2C0SmiGuM,2026-03-19T23:03:22Z,RELEASED,Refund,Refund,Commission,7.9
112-2936515-0203457,1070474320,BQKOj_rOrwH3JGf_nuE-TLZZ_Zl2jBzjWi2C0SmiGuM,2026-03-19T23:03:22Z,RELEASED,Refund,Refund,RefundCommission,-1.58
112-2936515-0203457,1070474320,BQKOj_rOrwH3JGf_nuE-TLZZ_Zl2jBzjWi2C0SmiGuM,2026-03-19T23:03:22Z,RELEASED,Refund,Refund,VariableClosingFee,1.8
112-2936515-0203457,1070474320,MbqpkifyccVP8GEbxijgk5rftwggRo1OSxy445R0LdE,2026-03-12T23:17:10Z,RELEASED,Shipment,Order Payment,FBAPerUnitFulfillmentFee,-3.68
112-2936515-0203457,1070474320,MbqpkifyccVP8GEbxijgk5rftwggRo1OSxy445R0LdE,2026-03-12T23:17:10Z,RELEASED,Shipment,Order Payment,Commission,-7.9
112-2936515-0203457,1070474320,MbqpkifyccVP8GEbxijgk5rftwggRo1OSxy445R0LdE,2026-03-12T23:17:10Z,RELEASED,Shipment,Order Payment,VariableClosingFee,-1.8
111-8240945-5411410,1059898575,tk7z_O-YGazjORw0B6mnQYPnTj5znUWQ3f0F6Gx5lp4,2026-03-13T01:18:51Z,RELEASED,Refund,Refund,Commission,2.84
111-8240945-5411410,1059898575,tk7z_O-YGazjORw0B6mnQYPnTj5znUWQ3f0F6Gx5lp4,2026-03-13T01:18:51Z,RELEASED,Refund,Refund,RefundCommission,-0.57
111-8240945-5411410,1059898575,nmS9JzdkysLDN0VPcQ3eDR8wwZrb-wOMccPjsDpmHLc,2026-02-13T11:51:07Z,RELEASED,Shipment,Order Payment,FBAPerUnitFulfillmentFee,-7.13
111-8240945-5411410,1059898575,nmS9JzdkysLDN0VPcQ3eDR8wwZrb-wOMccPjsDpmHLc,2026-02-13T11:51:07Z,RELEASED,Shipment,Order Payment,Commission,-2.84
113-5618105-9304226,1058392679,cr1nkztoiV01-4QVp-2jSLAm_9XsxCI0YDozcS4MYlc,2026-02-03T17:26:43Z,RELEASED,Shipment,Order Payment,FBAPerUnitFulfillmentFee,-4.6
113-5618105-9304226,1058392679,cr1nkztoiV01-4QVp-2jSLAm_9XsxCI0YDozcS4MYlc,2026-02-03T17:26:43Z,RELEASED,Shipment,Order Payment,Commission,-3.06
113-5768966-6186616,1031051552,Flu9D9WmE06z0uKGuwYAUU5gSba_6WGvzDXtcs8lQyA,2026-03-03T02:15:27Z,RELEASED,Refund,Refund,Commission,3.9
113-5768966-6186616,1031051552,Flu9D9WmE06z0uKGuwYAUU5gSba_6WGvzDXtcs8lQyA,2026-03-03T02:15:27Z,RELEASED,Refund,Refund,RefundCommission,-0.78
113-5768966-6186616,1031051552,OTICez46WyQ8c0MZzDKa3WwFdtOK8XKvOrePCCaHOQk,2026-02-17T00:13:06Z,RELEASED,Shipment,Order Payment,FBAPerUnitFulfillmentFee,-5.92
113-5768966-6186616,1031051552,OTICez46WyQ8c0MZzDKa3WwFdtOK8XKvOrePCCaHOQk,2026-02-17T00:13:06Z,RELEASED,Shipment,Order Payment,Commission,-3.9
112-9889271-3983462,1052907525,CL5aXE58PHXCFifYibQtN3tel3kjGNGGe7fdMMvkFLI,2026-02-09T16:12:32Z,RELEASED,Shipment,Order Payment,FBAPerUnitFulfillmentFee,-5.82
112-9889271-3983462,1052907525,CL5aXE58PHXCFifYibQtN3tel3kjGNGGe7fdMMvkFLI,2026-02-09T16:12:32Z,RELEASED,Shipment,Order Payment,Commission,-7.49
114-7322686-8579468,1058392679,UIIh50Z7pW_YVIBx3WXAcT0Ll16IpY27iFiyi4rryfk,2026-01-31T07:45:50Z,RELEASED,Shipment,Order Payment,FBAPerUnitFulfillmentFee,-4.6
114-7322686-8579468,1058392679,UIIh50Z7pW_YVIBx3WXAcT0Ll16IpY27iFiyi4rryfk,2026-01-31T07:45:50Z,RELEASED,Shipment,Order Payment,Commission,-3.06
114-7322686-8579468,1058392679,JjF92jMt_qAGMuk-Q2_QKcycxNE6gtirmqYQJPAfEG0,2026-02-12T20:36:31Z,RELEASED,Refund,Refund,Commission,3.06
114-7322686-8579468,1058392679,JjF92jMt_qAGMuk-Q2_QKcycxNE6gtirmqYQJPAfEG0,2026-02-12T20:36:31Z,RELEASED,Refund,Refund,RefundCommission,-0.61
113-1901656-7429829,1058392679,23up4ACivc2CzCSAZrTWQdWpHoQnpl_d3bVcAROvUsI,2026-02-14T16:19:17Z,RELEASED,Refund,Refund,Commission,3.06
113-1901656-7429829,1058392679,23up4ACivc2CzCSAZrTWQdWpHoQnpl_d3bVcAROvUsI,2026-02-14T16:19:17Z,RELEASED,Refund,Refund,RefundCommission,-0.61
113-1901656-7429829,1058392679,z33cGcstd7iF1eRiZRH0GkH4TN95hVDD3GvOLOnvYbE,2026-02-06T18:28:49Z,RELEASED,Shipment,Order Payment,FBAPerUnitFulfillmentFee,-4.6
113-1901656-7429829,1058392679,z33cGcstd7iF1eRiZRH0GkH4TN95hVDD3GvOLOnvYbE,2026-02-06T18:28:49Z,RELEASED,Shipment,Order Payment,Commission,-3.06
111-3305880-4809068,1052907525,dyMZayUtFp3jxGtJ6mDbKW9ICKXx_HzJ8InApbpY6O0,2026-01-30T03:48:10Z,RELEASED,Shipment,Order Payment,FBAPerUnitFulfillmentFee,-5.82
111-3305880-4809068,1052907525,dyMZayUtFp3jxGtJ6mDbKW9ICKXx_HzJ8InApbpY6O0,2026-01-30T03:48:10Z,RELEASED,Shipment,Order Payment,Commission,-4.9
111-3305880-4809068,1052907525,dJ2XpbqzEvsHcaAb76CWzLgZlP-Spl-r_Q703scfnK4,2026-02-20T03:40:30Z,RELEASED,Refund,Refund,Commission,4.9
111-3305880-4809068,1052907525,dJ2XpbqzEvsHcaAb76CWzLgZlP-Spl-r_Q703scfnK4,2026-02-20T03:40:30Z,RELEASED,Refund,Refund,RefundCommission,-0.98
113-6138971-2924247,1058392679,7qToSOk9KNOVLmrfJWrK4aNPK_9vBfgfR0w7BlD_-iE,2026-02-05T02:45:57Z,RELEASED,Refund,Refund,Commission,3.06
113-6138971-2924247,1058392679,7qToSOk9KNOVLmrfJWrK4aNPK_9vBfgfR0w7BlD_-iE,2026-02-05T02:45:57Z,RELEASED,Refund,Refund,RefundCommission,-0.61
113-6138971-2924247,1058392679,20ck7LAEbRnj0pTtzrT0_WfjoTcpXeQp7I0gB81m61U,2026-02-02T06:22:28Z,RELEASED,Shipment,Order Payment,FBAPerUnitFulfillmentFee,-4.6
113-6138971-2924247,1058392679,20ck7LAEbRnj0pTtzrT0_WfjoTcpXeQp7I0gB81m61U,2026-02-02T06:22:28Z,RELEASED,Shipment,Order Payment,Commission,-3.06
112-6031769-0429014,1069890477,gxp6eQxL8bEYG4CRz04B9x5bThlPnNbENff638uorRU,2025-11-18T01:48:39Z,RELEASED,Shipment,Order Payment,FBAPerUnitFulfillmentFee,-3.34
112-6031769-0429014,1069890477,gxp6eQxL8bEYG4CRz04B9x5bThlPnNbENff638uorRU,2025-11-18T01:48:39Z,RELEASED,Shipment,Order Payment,Commission,-7.23
112-6031769-0429014,1069890477,gxp6eQxL8bEYG4CRz04B9x5bThlPnNbENff638uorRU,2025-11-18T01:48:39Z,RELEASED,Shipment,Order Payment,VariableClosingFee,-1.8
112-6031769-0429014,1069890477,wZRX6PERRL63K0BHl_iRPE-nhGo3jr4W31jPa1X1rWQ,2026-01-25T02:16:43Z,RELEASED,Refund,Refund,Commission,7.23
112-6031769-0429014,1069890477,wZRX6PERRL63K0BHl_iRPE-nhGo3jr4W31jPa1X1rWQ,2026-01-25T02:16:43Z,RELEASED,Refund,Refund,RefundCommission,-1.45
112-6031769-0429014,1069890477,wZRX6PERRL63K0BHl_iRPE-nhGo3jr4W31jPa1X1rWQ,2026-01-25T02:16:43Z,RELEASED,Refund,Refund,VariableClosingFee,1.8
114-1908669-9576252,1063375936,ezsVy7C3beKF94p_p7ULGiVJYmP5q-Q7EhgVix1Zkgo,2025-12-11T23:33:33Z,RELEASED,Shipment,Order Payment,FBAPerUnitFulfillmentFee,-3.34
114-1908669-9576252,1063375936,ezsVy7C3beKF94p_p7ULGiVJYmP5q-Q7EhgVix1Zkgo,2025-12-11T23:33:33Z,RELEASED,Shipment,Order Payment,Commission,-4.66
114-1908669-9576252,1063375936,ezsVy7C3beKF94p_p7ULGiVJYmP5q-Q7EhgVix1Zkgo,2025-12-11T23:33:33Z,RELEASED,Shipment,Order Payment,VariableClosingFee,-1.8
114-1908669-9576252,1063375936,uDtZQ0vC8u3AqwQ9KDZV9UK0w2GDDXBEbEgMzAnAhOk,2026-02-05T00:03:56Z,RELEASED,Refund,Refund,Commission,4.66
114-1908669-9576252,1063375936,uDtZQ0vC8u3AqwQ9KDZV9UK0w2GDDXBEbEgMzAnAhOk,2026-02-05T00:03:56Z,RELEASED,Refund,Refund,RefundCommission,-0.93
114-1908669-9576252,1063375936,uDtZQ0vC8u3AqwQ9KDZV9UK0w2GDDXBEbEgMzAnAhOk,2026-02-05T00:03:56Z,RELEASED,Refund,Refund,VariableClosingFee,1.8
114-1167993-5477810,1062959210,YcVFx5exyUEFAStr9EQlzr2qapnPwDaXMWemV8WrbRs,2026-01-06T02:18:28Z,RELEASED,Shipment,Order Payment,FBAPerUnitFulfillmentFee,-8.66
114-1167993-5477810,1062959210,YcVFx5exyUEFAStr9EQlzr2qapnPwDaXMWemV8WrbRs,2026-01-06T02:18:28Z,RELEASED,Shipment,Order Payment,Commission,-12.0
114-1167993-5477810,1062959210,UNPgmXbex83i5jFHsTsNcJLvDqTeV1v9KOKtVbX29eY,2026-02-05T03:37:48Z,RELEASED,Refund,Refund,Commission,12.0
114-1167993-5477810,1062959210,UNPgmXbex83i5jFHsTsNcJLvDqTeV1v9KOKtVbX29eY,2026-02-05T03:37:48Z,RELEASED,Refund,Refund,RefundCommission,-2.4
113-4455659-5979448,1058619763,tCeaqAdp-dFMCTh-l7uYmp279Wc5-VFpKOn5rtO7TqI,2026-01-21T07:46:17Z,RELEASED,Shipment,Order Payment,FBAPerUnitFulfillmentFee,-4.2
113-4455659-5979448,1058619763,tCeaqAdp-dFMCTh-l7uYmp279Wc5-VFpKOn5rtO7TqI,2026-01-21T07:46:17Z,RELEASED,Shipment,Order Payment,Commission,-4.2
113-4455659-5979448,1058619763,QCoG2NgYMmtDUCQumJOIMYEb7YBVJuNZaCm_2BALC2c,2026-02-06T19:19:26Z,RELEASED,Refund,Refund,Commission,4.2
113-4455659-5979448,1058619763,QCoG2NgYMmtDUCQumJOIMYEb7YBVJuNZaCm_2BALC2c,2026-02-06T19:19:26Z,RELEASED,Refund,Refund,RefundCommission,-0.84
112-6917340-7501838,1052907525,fWrG0Q0cvrPVw3cZZnDRr5q6fWZZlGoH3MzyOVP-qfs,2025-12-10T21:17:20Z,RELEASED,Shipment,Order Payment,FBAPerUnitFulfillmentFee,-6.1
112-6917340-7501838,1052907525,fWrG0Q0cvrPVw3cZZnDRr5q6fWZZlGoH3MzyOVP-qfs,2025-12-10T21:17:20Z,RELEASED,Shipment,Order Payment,Commission,-7.49
112-6917340-7501838,1052907525,LnZyOzaiwgRpQjYv6YB6zv_UlvUNmQQ9VOI787CmUB0,2026-02-12T07:54:37Z,RELEASED,Refund,Refund,Commission,7.49
112-6917340-7501838,1052907525,LnZyOzaiwgRpQjYv6YB6zv_UlvUNmQQ9VOI787CmUB0,2026-02-12T07:54:37Z,RELEASED,Refund,Refund,RefundCommission,-1.5
111-6338490-7632263,1048220574,eo5vlBrZ-Cl5ESRR8oxvDHRNeAviC5sURsn0t-wXF3Y,2026-01-28T00:30:04Z,RELEASED,Shipment,Order Payment,FBAPerUnitFulfillmentFee,-3.42
111-6338490-7632263,1048220574,eo5vlBrZ-Cl5ESRR8oxvDHRNeAviC5sURsn0t-wXF3Y,2026-01-28T00:30:04Z,RELEASED,Shipment,Order Payment,Commission,-4.47
111-6338490-7632263,1048220574,eo5vlBrZ-Cl5ESRR8oxvDHRNeAviC5sURsn0t-wXF3Y,2026-01-28T00:30:04Z,RELEASED,Shipment,Order Payment,VariableClosingFee,-1.8
111-6338490-7632263,1048220574,PkyM1QkpqGkBldmyrxbWLRo-GH9tQyOo-43ehfebPiE,2026-02-10T16:54:12Z,RELEASED,Refund,Refund,Commission,4.47
111-6338490-7632263,1048220574,PkyM1QkpqGkBldmyrxbWLRo-GH9tQyOo-43ehfebPiE,2026-02-10T16:54:12Z,RELEASED,Refund,Refund,RefundCommission,-0.89
111-6338490-7632263,1048220574,PkyM1QkpqGkBldmyrxbWLRo-GH9tQyOo-43ehfebPiE,2026-02-10T16:54:12Z,RELEASED,Refund,Refund,VariableClosingFee,1.8
111-3922304-9776246,1030912249,eOfsFqEXZdMFIOpyImkQKbO8sc52Bw9JHtbZF7dTLeE,2026-01-28T02:30:53Z,RELEASED,Refund,Refund,Commission,3.47
111-3922304-9776246,1030912249,eOfsFqEXZdMFIOpyImkQKbO8sc52Bw9JHtbZF7dTLeE,2026-01-28T02:30:53Z,RELEASED,Refund,Refund,RefundCommission,-0.69
111-3922304-9776246,1030912249,4CZa30OLilvoYp4-5kIjEM6vYC9KkybMEjs1OjwjPHw,2026-01-23T05:45:07Z,RELEASED,Shipment,Order Payment,FBAPerUnitFulfillmentFee,-5.92
111-3922304-9776246,1030912249,4CZa30OLilvoYp4-5kIjEM6vYC9KkybMEjs1OjwjPHw,2026-01-23T05:45:07Z,RELEASED,Shipment,Order Payment,Commission,-3.47
113-6130520-3312241,1052907525,ilB1lLmFAeWflP9tzULJoEue6F9bffEgnPSGoF3zCCc,2026-01-31T21:19:11Z,RELEASED,Shipment,Order Payment,FBAPerUnitFulfillmentFee,-5.82
113-6130520-3312241,1052907525,ilB1lLmFAeWflP9tzULJoEue6F9bffEgnPSGoF3zCCc,2026-01-31T21:19:11Z,RELEASED,Shipment,Order Payment,Commission,-4.86
113-6130520-3312241,1052907525,LX0JAkf-6xPJ2fqftKPJfEPGFx0R15SX1-tYyYovwHo,2026-02-02T20:08:40Z,RELEASED,Refund,Refund,Commission,4.86
113-6130520-3312241,1052907525,LX0JAkf-6xPJ2fqftKPJfEPGFx0R15SX1-tYyYovwHo,2026-02-02T20:08:40Z,RELEASED,Refund,Refund,RefundCommission,-0.97
113-1592867-8461863,1031051552,W9frvsSVpuMjfbWZlqgG9MC6oTcMzfI1Kj3CyilxVWY,2026-01-14T09:00:06Z,RELEASED,Shipment,Order Payment,FBAPerUnitFulfillmentFee,-6.24
113-1592867-8461863,1031051552,W9frvsSVpuMjfbWZlqgG9MC6oTcMzfI1Kj3CyilxVWY,2026-01-14T09:00:06Z,RELEASED,Shipment,Order Payment,Commission,-3.9
112-7222588-5965843,1070280031,d1vIVn10MXev_xFcjqw0bCaq5_s5jBenaDFL1jFKUfI,2026-02-04T00:18:28Z,RELEASED,Refund,Refund,Commission,5.25
112-7222588-5965843,1070280031,d1vIVn10MXev_xFcjqw0bCaq5_s5jBenaDFL1jFKUfI,2026-02-04T00:18:28Z,RELEASED,Refund,Refund,RefundCommission,-1.05
112-7222588-5965843,1070280031,d1vIVn10MXev_xFcjqw0bCaq5_s5jBenaDFL1jFKUfI,2026-02-04T00:18:28Z,RELEASED,Refund,Refund,VariableClosingFee,1.8
112-7222588-5965843,1070280031,MexoqfI9T2vGw2bEVwuZt7xBrEIK5zQbtzsPMLkHPmU,2025-11-30T19:50:51Z,RELEASED,Shipment,Order Payment,FBAPerUnitFulfillmentFee,-3.34
112-7222588-5965843,1070280031,MexoqfI9T2vGw2bEVwuZt7xBrEIK5zQbtzsPMLkHPmU,2025-11-30T19:50:51Z,RELEASED,Shipment,Order Payment,Commission,-5.25
112-7222588-5965843,1070280031,MexoqfI9T2vGw2bEVwuZt7xBrEIK5zQbtzsPMLkHPmU,2025-11-30T19:50:51Z,RELEASED,Shipment,Order Payment,VariableClosingFee,-1.8
113-2871787-3918615,1048220574,_EL37TG28kSPgXg7cNy-3LSa0aXSsCzoASi0T1m_vzc,2025-12-02T00:27:02Z,RELEASED,Shipment,Order Payment,FBAPerUnitFulfillmentFee,-3.34
113-2871787-3918615,1048220574,_EL37TG28kSPgXg7cNy-3LSa0aXSsCzoASi0T1m_vzc,2025-12-02T00:27:02Z,RELEASED,Shipment,Order Payment,Commission,-4.26
113-2871787-3918615,1048220574,_EL37TG28kSPgXg7cNy-3LSa0aXSsCzoASi0T1m_vzc,2025-12-02T00:27:02Z,RELEASED,Shipment,Order Payment,VariableClosingFee,-1.8
113-2871787-3918615,1048220574,pH2w_OT-DOWoRj0NL6-d3Vp-6kvGzlOdBQv1qs6wRak,2026-01-21T23:31:57Z,RELEASED,Refund,Refund,Commission,4.26
113-2871787-3918615,1048220574,pH2w_OT-DOWoRj0NL6-d3Vp-6kvGzlOdBQv1qs6wRak,2026-01-21T23:31:57Z,RELEASED,Refund,Refund,RefundCommission,-0.85
113-2871787-3918615,1048220574,pH2w_OT-DOWoRj0NL6-d3Vp-6kvGzlOdBQv1qs6wRak,2026-01-21T23:31:57Z,RELEASED,Refund,Refund,VariableClosingFee,1.8
114-5464075-0041066,1051249032,ZWowwl26_keO-dtOoppvQu2aYe0RRYVdN7PUL-nMO9k,2026-01-10T05:58:57Z,RELEASED,Shipment,Order Payment,FBAPerUnitFulfillmentFee,-7.03
114-5464075-0041066,1051249032,ZWowwl26_keO-dtOoppvQu2aYe0RRYVdN7PUL-nMO9k,2026-01-10T05:58:57Z,RELEASED,Shipment,Order Payment,Commission,-5.12
112-7648334-6325852,1052907525,UvVgfPVoWqV9ixnjrNoaGQFmulhQBPfdnf_GnIkaAPs,2026-01-19T16:32:11Z,RELEASED,Refund,Refund,Commission,9.9
112-7648334-6325852,1052907525,UvVgfPVoWqV9ixnjrNoaGQFmulhQBPfdnf_GnIkaAPs,2026-01-19T16:32:11Z,RELEASED,Refund,Refund,RefundCommission,-1.98
112-7648334-6325852,1052907525,Jt9jYvWZfTVpTk_rdiPl1A-pUbEpadc36lrBLso_ckA,2026-01-14T10:32:47Z,RELEASED,Shipment,Order Payment,FBAPerUnitFulfillmentFee,-12.2
112-7648334-6325852,1052907525,Jt9jYvWZfTVpTk_rdiPl1A-pUbEpadc36lrBLso_ckA,2026-01-14T10:32:47Z,RELEASED,Shipment,Order Payment,Commission,-9.9
111-0634512-1758622,1070625076,9lVXhQfZC7Yb0kYOSucFYdRR2eII1ThoJxYsRJaykj8,2025-12-28T11:45:59Z,RELEASED,Refund,Refund,Commission,8.94
111-0634512-1758622,1070625076,9lVXhQfZC7Yb0kYOSucFYdRR2eII1ThoJxYsRJaykj8,2025-12-28T11:45:59Z,RELEASED,Refund,Refund,RefundCommission,-1.79
111-0634512-1758622,1070625076,9lVXhQfZC7Yb0kYOSucFYdRR2eII1ThoJxYsRJaykj8,2025-12-28T11:45:59Z,RELEASED,Refund,Refund,VariableClosingFee,1.8
111-0634512-1758622,1070625076,N-k9Hhp1-ZVuL5vwOfJeWS8ertxfxVL94nfy4IcdWjs,2025-12-17T23:00:25Z,RELEASED,Shipment,Order Payment,FBAPerUnitFulfillmentFee,-3.34
111-0634512-1758622,1070625076,N-k9Hhp1-ZVuL5vwOfJeWS8ertxfxVL94nfy4IcdWjs,2025-12-17T23:00:25Z,RELEASED,Shipment,Order Payment,Commission,-8.94
111-0634512-1758622,1070625076,N-k9Hhp1-ZVuL5vwOfJeWS8ertxfxVL94nfy4IcdWjs,2025-12-17T23:00:25Z,RELEASED,Shipment,Order Payment,VariableClosingFee,-1.8
111-5922372-2571465,1064186110,kihMBzh-RP1xx75um_rROpu96EzfdWoYCjUP82PgRag,2026-01-10T02:14:30Z,RELEASED,Refund,Refund,Commission,1.65
111-5922372-2571465,1064186110,kihMBzh-RP1xx75um_rROpu96EzfdWoYCjUP82PgRag,2026-01-10T02:14:30Z,RELEASED,Refund,Refund,RefundCommission,-0.33
111-5922372-2571465,1064186110,kihMBzh-RP1xx75um_rROpu96EzfdWoYCjUP82PgRag,2026-01-10T02:14:30Z,RELEASED,Refund,Refund,VariableClosingFee,1.8
111-5922372-2571465,1064186110,t3MY2Voqvaq12GvuwwE7DRThb2ql0zN3iFg9BLr2i2Q,2025-11-30T23:57:47Z,RELEASED,Shipment,Order Payment,FBAPerUnitFulfillmentFee,-3.34
111-5922372-2571465,1064186110,t3MY2Voqvaq12GvuwwE7DRThb2ql0zN3iFg9BLr2i2Q,2025-11-30T23:57:47Z,RELEASED,Shipment,Order Payment,Commission,-1.65
111-5922372-2571465,1064186110,t3MY2Voqvaq12GvuwwE7DRThb2ql0zN3iFg9BLr2i2Q,2025-11-30T23:57:47Z,RELEASED,Shipment,Order Payment,VariableClosingFee,-1.8
114-9342283-1441848,1066663896,9_AmXufdkTomPfa2ypJBCYpCkREfaAjnuqV7WTzgwlY,2025-12-05T21:07:34Z,RELEASED,Shipment,Order Payment,FBAPerUnitFulfillmentFee,-3.34
114-9342283-1441848,1066663896,9_AmXufdkTomPfa2ypJBCYpCkREfaAjnuqV7WTzgwlY,2025-12-05T21:07:34Z,RELEASED,Shipment,Order Payment,Commission,-5.04
114-9342283-1441848,1066663896,9_AmXufdkTomPfa2ypJBCYpCkREfaAjnuqV7WTzgwlY,2025-12-05T21:07:34Z,RELEASED,Shipment,Order Payment,VariableClosingFee,-1.8
114-9342283-1441848,1066663896,HRVtt9Eu93Ar8aC8cTrgyY8svqWrY8ArCkrPkAo41TM,2026-01-22T22:29:58Z,RELEASED,Refund,Refund,Commission,5.04
114-9342283-1441848,1066663896,HRVtt9Eu93Ar8aC8cTrgyY8svqWrY8ArCkrPkAo41TM,2026-01-22T22:29:58Z,RELEASED,Refund,Refund,RefundCommission,-1.01
114-9342283-1441848,1066663896,HRVtt9Eu93Ar8aC8cTrgyY8svqWrY8ArCkrPkAo41TM,2026-01-22T22:29:58Z,RELEASED,Refund,Refund,VariableClosingFee,1.8
113-9457273-4581068,1068866834,9diQGwErRjgAaGr4Xt4zwJSkrhmLKHmK05FAdKxEuTE,2025-12-07T06:05:54Z,RELEASED,Shipment,Order Payment,FBAPerUnitFulfillmentFee,-3.34
113-9457273-4581068,1068866834,9diQGwErRjgAaGr4Xt4zwJSkrhmLKHmK05FAdKxEuTE,2025-12-07T06:05:54Z,RELEASED,Shipment,Order Payment,Commission,-4.61
113-9457273-4581068,1068866834,9diQGwErRjgAaGr4Xt4zwJSkrhmLKHmK05FAdKxEuTE,2025-12-07T06:05:54Z,RELEASED,Shipment,Order Payment,VariableClosingFee,-1.8
113-9457273-4581068,1068866834,jbAjNY3mbtMzFq5wWKrNR5bAqNqGIGC4-1TWvyoNmZc,2026-01-03T22:51:12Z,RELEASED,Refund,Refund,Commission,4.61
113-9457273-4581068,1068866834,jbAjNY3mbtMzFq5wWKrNR5bAqNqGIGC4-1TWvyoNmZc,2026-01-03T22:51:12Z,RELEASED,Refund,Refund,RefundCommission,-0.92
113-9457273-4581068,1068866834,jbAjNY3mbtMzFq5wWKrNR5bAqNqGIGC4-1TWvyoNmZc,2026-01-03T22:51:12Z,RELEASED,Refund,Refund,VariableClosingFee,1.8
114-6175672-4830616,1058392679,XQiu7JkO74X2uNkhA3u7-jWPWoxlkbXmyObAk-Oj-HA,2026-01-21T02:52:20Z,RELEASED,Shipment,Order Payment,FBAPerUnitFulfillmentFee,-4.6
114-6175672-4830616,1058392679,XQiu7JkO74X2uNkhA3u7-jWPWoxlkbXmyObAk-Oj-HA,2026-01-21T02:52:20Z,RELEASED,Shipment,Order Payment,Commission,-3.08
112-4676161-0269062,1059898575,O6q2tf_YCvJn-98QwZwvVIMn07PBXx-QFOogC066F2w,2026-01-22T05:07:06Z,RELEASED,Refund,Refund,Commission,3.23
112-4676161-0269062,1059898575,O6q2tf_YCvJn-98QwZwvVIMn07PBXx-QFOogC066F2w,2026-01-22T05:07:06Z,RELEASED,Refund,Refund,RefundCommission,-0.65
112-4676161-0269062,1059898575,qFYzE-2N9hIcgbggvnFE-1F7Akp6Y0svUt8kC4k5mxI,2026-01-03T20:10:05Z,RELEASED,Shipment,Order Payment,FBAPerUnitFulfillmentFee,-7.62
112-4676161-0269062,1059898575,qFYzE-2N9hIcgbggvnFE-1F7Akp6Y0svUt8kC4k5mxI,2026-01-03T20:10:05Z,RELEASED,Shipment,Order Payment,Commission,-3.23
111-4428482-0873804,1051249032,P8ic5vFKsJXb1pkZSLbeCokMt1tJ1WIxpBO0LK9NAjA,2026-01-21T03:42:11Z,RELEASED,Refund,Refund,Commission,5.12
111-4428482-0873804,1051249032,P8ic5vFKsJXb1pkZSLbeCokMt1tJ1WIxpBO0LK9NAjA,2026-01-21T03:42:11Z,RELEASED,Refund,Refund,RefundCommission,-1.02
111-4428482-0873804,1051249032,3q-VcUI6b0UWq7MOz1cknVL3Yt-ukYXyItqXS5MNIDw,2026-01-14T12:04:29Z,RELEASED,Shipment,Order Payment,FBAPerUnitFulfillmentFee,-7.03
111-4428482-0873804,1051249032,3q-VcUI6b0UWq7MOz1cknVL3Yt-ukYXyItqXS5MNIDw,2026-01-14T12:04:29Z,RELEASED,Shipment,Order Payment,Commission,-5.12
112-7508326-2649056,1068811430,3T8RtaDHXx-TPe4euZ0gqOl_ThU6B-I3hCD54QrlerM,2026-01-14T22:04:18Z,RELEASED,Refund,Refund,Commission,6.57
112-7508326-2649056,1068811430,3T8RtaDHXx-TPe4euZ0gqOl_ThU6B-I3hCD54QrlerM,2026-01-14T22:04:18Z,RELEASED,Refund,Refund,RefundCommission,-1.31
112-7508326-2649056,1068811430,3T8RtaDHXx-TPe4euZ0gqOl_ThU6B-I3hCD54QrlerM,2026-01-14T22:04:18Z,RELEASED,Refund,Refund,VariableClosingFee,1.8
112-7508326-2649056,1068811430,DuCNQivcjX1HC90vq-ejWJSmL6K20GwP6HmqXS19rh8,2025-12-12T12:43:34Z,RELEASED,Shipment,Order Payment,FBAPerUnitFulfillmentFee,-3.34
112-7508326-2649056,1068811430,DuCNQivcjX1HC90vq-ejWJSmL6K20GwP6HmqXS19rh8,2025-12-12T12:43:34Z,RELEASED,Shipment,Order Payment,Commission,-6.57
112-7508326-2649056,1068811430,DuCNQivcjX1HC90vq-ejWJSmL6K20GwP6HmqXS19rh8,2025-12-12T12:43:34Z,RELEASED,Shipment,Order Payment,VariableClosingFee,-1.8
114-1276665-5754663,1070474333,1vpXzJfrle5MxNvTRJ3JHgEQ41dMZthpACxK-erIm1E,2025-12-31T01:57:28Z,RELEASED,Refund,Refund,Commission,4.88
114-1276665-5754663,1070474333,1vpXzJfrle5MxNvTRJ3JHgEQ41dMZthpACxK-erIm1E,2025-12-31T01:57:28Z,RELEASED,Refund,Refund,RefundCommission,-0.98
114-1276665-5754663,1070474333,1vpXzJfrle5MxNvTRJ3JHgEQ41dMZthpACxK-erIm1E,2025-12-31T01:57:28Z,RELEASED,Refund,Refund,VariableClosingFee,1.8
114-1276665-5754663,1070474333,AIttxvc5-d5TID9Fh1xEya5bEejqQzZ56L2tAl3WH3I,2025-11-29T21:25:52Z,RELEASED,Shipment,Order Payment,FBAPerUnitFulfillmentFee,-3.34
114-1276665-5754663,1070474333,AIttxvc5-d5TID9Fh1xEya5bEejqQzZ56L2tAl3WH3I,2025-11-29T21:25:52Z,RELEASED,Shipment,Order Payment,Commission,-4.88
114-1276665-5754663,1070474333,AIttxvc5-d5TID9Fh1xEya5bEejqQzZ56L2tAl3WH3I,2025-11-29T21:25:52Z,RELEASED,Shipment,Order Payment,VariableClosingFee,-1.8
113-1500948-7944207,1041856993,0cIXifaY2Xe7-TpS5i4bLBSI6MmxAWG8_NAlk1h0To4,2025-12-01T20:42:50Z,RELEASED,Shipment,Order Payment,FBAPerUnitFulfillmentFee,-3.34
113-1500948-7944207,1041856993,0cIXifaY2Xe7-TpS5i4bLBSI6MmxAWG8_NAlk1h0To4,2025-12-01T20:42:50Z,RELEASED,Shipment,Order Payment,Commission,-5.14
113-1500948-7944207,1041856993,0cIXifaY2Xe7-TpS5i4bLBSI6MmxAWG8_NAlk1h0To4,2025-12-01T20:42:50Z,RELEASED,Shipment,Order Payment,VariableClosingFee,-1.8
113-1500948-7944207,1041856993,4E4HiRpFxb5TVD7F-QdyUCb39b3upn2irXZukr96HUs,2026-01-03T01:37:54Z,RELEASED,Refund,Refund,Commission,5.14
113-1500948-7944207,1041856993,4E4HiRpFxb5TVD7F-QdyUCb39b3upn2irXZukr96HUs,2026-01-03T01:37:54Z,RELEASED,Refund,Refund,RefundCommission,-1.03
113-1500948-7944207,1041856993,4E4HiRpFxb5TVD7F-QdyUCb39b3upn2irXZukr96HUs,2026-01-03T01:37:54Z,RELEASED,Refund,Refund,VariableClosingFee,1.8
114-2021980-4801068,1048220574,hi_lJfpqEKi_Abl1P81kdfJR1oLiw6uTAtyNKYpalbk,2025-12-10T04:28:53Z,RELEASED,Shipment,Order Payment,FBAPerUnitFulfillmentFee,-3.34
114-2021980-4801068,1048220574,hi_lJfpqEKi_Abl1P81kdfJR1oLiw6uTAtyNKYpalbk,2025-12-10T04:28:53Z,RELEASED,Shipment,Order Payment,Commission,-4.34
114-2021980-4801068,1048220574,hi_lJfpqEKi_Abl1P81kdfJR1oLiw6uTAtyNKYpalbk,2025-12-10T04:28:53Z,RELEASED,Shipment,Order Payment,VariableClosingFee,-1.8
114-2021980-4801068,1048220574,JZEZ1EC0ugIBi-aIgeh4WB3XjxyDAlQ9dQjPfGvhoWM,2026-01-07T00:46:46Z,RELEASED,Refund,Refund,Commission,4.34
114-2021980-4801068,1048220574,JZEZ1EC0ugIBi-aIgeh4WB3XjxyDAlQ9dQjPfGvhoWM,2026-01-07T00:46:46Z,RELEASED,Refund,Refund,RefundCommission,-0.87
114-2021980-4801068,1048220574,JZEZ1EC0ugIBi-aIgeh4WB3XjxyDAlQ9dQjPfGvhoWM,2026-01-07T00:46:46Z,RELEASED,Refund,Refund,VariableClosingFee,1.8
114-4305074-4962629,1039988827,0LXoFFypX9beHNEsXA2h39lc6cqbs6haf9_X7FmDh-0,2025-10-19T02:55:32Z,RELEASED,Shipment,Order Payment,FBAPerUnitFulfillmentFee,-3.34
114-4305074-4962629,1039988827,0LXoFFypX9beHNEsXA2h39lc6cqbs6haf9_X7FmDh-0,2025-10-19T02:55:32Z,RELEASED,Shipment,Order Payment,Commission,-4.04
114-4305074-4962629,1039988827,0LXoFFypX9beHNEsXA2h39lc6cqbs6haf9_X7FmDh-0,2025-10-19T02:55:32Z,RELEASED,Shipment,Order Payment,VariableClosingFee,-1.8
114-4305074-4962629,1039988827,tFzGu0ASTsqnBxrFxvT9SxSyK_0f1XmelIU5R8-EAGI,2026-01-17T14:43:48Z,RELEASED,Refund,Refund,Commission,4.04
114-4305074-4962629,1039988827,tFzGu0ASTsqnBxrFxvT9SxSyK_0f1XmelIU5R8-EAGI,2026-01-17T14:43:48Z,RELEASED,Refund,Refund,RefundCommission,-0.81
114-4305074-4962629,1039988827,tFzGu0ASTsqnBxrFxvT9SxSyK_0f1XmelIU5R8-EAGI,2026-01-17T14:43:48Z,RELEASED,Refund,Refund,VariableClosingFee,1.8
114-8211192-0497038,1063375943,65XUN_pRUIb_IupUz5e34FnF4C7K0CXvNzF_fON0k-w,2025-11-13T21:29:33Z,RELEASED,Shipment,Order Payment,FBAPerUnitFulfillmentFee,-3.25
114-8211192-0497038,1063375943,65XUN_pRUIb_IupUz5e34FnF4C7K0CXvNzF_fON0k-w,2025-11-13T21:29:33Z,RELEASED,Shipment,Order Payment,Commission,-8.25
114-8211192-0497038,1063375943,65XUN_pRUIb_IupUz5e34FnF4C7K0CXvNzF_fON0k-w,2025-11-13T21:29:33Z,RELEASED,Shipment,Order Payment,VariableClosingFee,-1.8
114-8211192-0497038,1063375943,YJqSZ2xChgEVe9jhJppqyoSsLjCE1vpup8tV5WsktD0,2026-01-16T06:11:52Z,RELEASED,Refund,Refund,Commission,8.25
114-8211192-0497038,1063375943,YJqSZ2xChgEVe9jhJppqyoSsLjCE1vpup8tV5WsktD0,2026-01-16T06:11:52Z,RELEASED,Refund,Refund,RefundCommission,-1.65
114-8211192-0497038,1063375943,YJqSZ2xChgEVe9jhJppqyoSsLjCE1vpup8tV5WsktD0,2026-01-16T06:11:52Z,RELEASED,Refund,Refund,VariableClosingFee,1.8
112-0388609-8099414,1070280053,HHFhAv3dGgCoB1iMi1Vn4jFFSB9fPjrw80uRkumKLds,2025-12-06T09:35:23Z,RELEASED,Shipment,Order Payment,FBAPerUnitFulfillmentFee,-3.34
112-0388609-8099414,1070280053,HHFhAv3dGgCoB1iMi1Vn4jFFSB9fPjrw80uRkumKLds,2025-12-06T09:35:23Z,RELEASED,Shipment,Order Payment,Commission,-10.02
112-0388609-8099414,1070280053,HHFhAv3dGgCoB1iMi1Vn4jFFSB9fPjrw80uRkumKLds,2025-12-06T09:35:23Z,RELEASED,Shipment,Order Payment,VariableClosingFee,-1.8
112-0388609-8099414,1070280053,wlbvtxsjYlWR-RWZvEzFYa5BM7pW9kVp8inS-lUWTrg,2026-01-03T21:41:29Z,RELEASED,Refund,Refund,Commission,10.02
112-0388609-8099414,1070280053,wlbvtxsjYlWR-RWZvEzFYa5BM7pW9kVp8inS-lUWTrg,2026-01-03T21:41:29Z,RELEASED,Refund,Refund,RefundCommission,-2.0
112-0388609-8099414,1070280053,wlbvtxsjYlWR-RWZvEzFYa5BM7pW9kVp8inS-lUWTrg,2026-01-03T21:41:29Z,RELEASED,Refund,Refund,VariableClosingFee,1.8
112-1860205-6636231,1035764639,95M_LkhCQfMia0sDR2CWIF2TrtsprvSg-TNSXK1STkU,2025-12-30T11:53:34Z,RELEASED,Shipment,Order Payment,FBAPerUnitFulfillmentFee,-3.34
112-1860205-6636231,1035764639,95M_LkhCQfMia0sDR2CWIF2TrtsprvSg-TNSXK1STkU,2025-12-30T11:53:34Z,RELEASED,Shipment,Order Payment,Commission,-5.65
112-1860205-6636231,1035764639,95M_LkhCQfMia0sDR2CWIF2TrtsprvSg-TNSXK1STkU,2025-12-30T11:53:34Z,RELEASED,Shipment,Order Payment,VariableClosingFee,-1.8
112-1860205-6636231,1035764639,zC3xVCmDxDUsz9FMdTXYd8KpC5ninkkHzGvf0O5jHNM,2026-01-02T19:47:32Z,RELEASED,Refund,Refund,Commission,5.65
112-1860205-6636231,1035764639,zC3xVCmDxDUsz9FMdTXYd8KpC5ninkkHzGvf0O5jHNM,2026-01-02T19:47:32Z,RELEASED,Refund,Refund,RefundCommission,-1.13
112-1860205-6636231,1035764639,zC3xVCmDxDUsz9FMdTXYd8KpC5ninkkHzGvf0O5jHNM,2026-01-02T19:47:32Z,RELEASED,Refund,Refund,VariableClosingFee,1.8
113-8422831-5185868,1069890497,FA8iszkASjPg7jgh6CGkFptRaCvpVM18h7xKfIBIJUQ,2025-12-22T21:01:15Z,RELEASED,Refund,Refund,Commission,7.02
113-8422831-5185868,1069890497,FA8iszkASjPg7jgh6CGkFptRaCvpVM18h7xKfIBIJUQ,2025-12-22T21:01:15Z,RELEASED,Refund,Refund,RefundCommission,-1.4
113-8422831-5185868,1069890497,FA8iszkASjPg7jgh6CGkFptRaCvpVM18h7xKfIBIJUQ,2025-12-22T21:01:15Z,RELEASED,Refund,Refund,VariableClosingFee,1.8
113-8422831-5185868,1069890497,maN-wo4XYWFTE2Sm0ADjx15mAJ9y069Q-OHyUupDBRc,2025-12-09T10:43:36Z,RELEASED,Shipment,Order Payment,FBAPerUnitFulfillmentFee,-3.34
113-8422831-5185868,1069890497,maN-wo4XYWFTE2Sm0ADjx15mAJ9y069Q-OHyUupDBRc,2025-12-09T10:43:36Z,RELEASED,Shipment,Order Payment,Commission,-7.02
113-8422831-5185868,1069890497,maN-wo4XYWFTE2Sm0ADjx15mAJ9y069Q-OHyUupDBRc,2025-12-09T10:43:36Z,RELEASED,Shipment,Order Payment,VariableClosingFee,-1.8
111-2736284-5569005,1069890493,vcarjjsOBAGmDyMCammIJeNPAamgZyi0GRtaBiIv7l8,2025-12-31T01:27:12Z,RELEASED,Refund,Refund,Commission,6.61
111-2736284-5569005,1069890493,vcarjjsOBAGmDyMCammIJeNPAamgZyi0GRtaBiIv7l8,2025-12-31T01:27:12Z,RELEASED,Refund,Refund,RefundCommission,-1.32
111-2736284-5569005,1069890493,vcarjjsOBAGmDyMCammIJeNPAamgZyi0GRtaBiIv7l8,2025-12-31T01:27:12Z,RELEASED,Refund,Refund,VariableClosingFee,1.8
111-2736284-5569005,1069890493,zn1XG_T_YBMsEd9Pjz3fSpPtd_CV9yE9DyNPYH_spa0,2025-12-17T02:20:05Z,RELEASED,Shipment,Order Payment,FBAPerUnitFulfillmentFee,-3.34
111-2736284-5569005,1069890493,zn1XG_T_YBMsEd9Pjz3fSpPtd_CV9yE9DyNPYH_spa0,2025-12-17T02:20:05Z,RELEASED,Shipment,Order Payment,Commission,-6.61
111-2736284-5569005,1069890493,zn1XG_T_YBMsEd9Pjz3fSpPtd_CV9yE9DyNPYH_spa0,2025-12-17T02:20:05Z,RELEASED,Shipment,Order Payment,VariableClosingFee,-1.8
111-3504908-3245058,1068811429,FSPJLpG9UnUcjxIxiQ_674pLs8pxw3Assw_wnFZ4_TE,2026-01-06T21:47:40Z,RELEASED,Refund,Refund,Commission,5.39
111-3504908-3245058,1068811429,FSPJLpG9UnUcjxIxiQ_674pLs8pxw3Assw_wnFZ4_TE,2026-01-06T21:47:40Z,RELEASED,Refund,Refund,RefundCommission,-1.08
111-3504908-3245058,1068811429,FSPJLpG9UnUcjxIxiQ_674pLs8pxw3Assw_wnFZ4_TE,2026-01-06T21:47:40Z,RELEASED,Refund,Refund,VariableClosingFee,1.8
111-3504908-3245058,1068811429,Gij_nspY0DJj7bJ20Y5e2IqbyatdfMtT-RvMNqf6-Js,2025-12-21T03:16:17Z,RELEASED,Shipment,Order Payment,FBAPerUnitFulfillmentFee,-3.34
111-3504908-3245058,1068811429,Gij_nspY0DJj7bJ20Y5e2IqbyatdfMtT-RvMNqf6-Js,2025-12-21T03:16:17Z,RELEASED,Shipment,Order Payment,Commission,-5.39
111-3504908-3245058,1068811429,Gij_nspY0DJj7bJ20Y5e2IqbyatdfMtT-RvMNqf6-Js,2025-12-21T03:16:17Z,RELEASED,Shipment,Order Payment,VariableClosingFee,-1.8
111-2262090-2420202,1066663923,lNs02c75QgZU023fiFeBTUc3xEmNqdod-z37MjrVoPw,2025-11-29T01:31:15Z,RELEASED,Shipment,Order Payment,FBAPerUnitFulfillmentFee,-3.25
111-2262090-2420202,1066663923,lNs02c75QgZU023fiFeBTUc3xEmNqdod-z37MjrVoPw,2025-11-29T01:31:15Z,RELEASED,Shipment,Order Payment,Commission,-7.47
111-2262090-2420202,1066663923,lNs02c75QgZU023fiFeBTUc3xEmNqdod-z37MjrVoPw,2025-11-29T01:31:15Z,RELEASED,Shipment,Order Payment,VariableClosingFee,-1.8
111-2262090-2420202,1066663923,x6I54HzuasZ5w0DXD26Pl2ekESgIBFC6yR0ZNsQaEuA,2025-12-26T19:54:40Z,RELEASED,Refund,Refund,Commission,7.47
111-2262090-2420202,1066663923,x6I54HzuasZ5w0DXD26Pl2ekESgIBFC6yR0ZNsQaEuA,2025-12-26T19:54:40Z,RELEASED,Refund,Refund,RefundCommission,-1.49
111-2262090-2420202,1066663923,x6I54HzuasZ5w0DXD26Pl2ekESgIBFC6yR0ZNsQaEuA,2025-12-26T19:54:40Z,RELEASED,Refund,Refund,VariableClosingFee,1.8
112-5949006-4761828,1065946902,4od2T84dlRwArZtGLD1JBE6BVlYHaiGE8mkNIRvS530,2025-12-08T00:24:24Z,RELEASED,Shipment,Order Payment,FBAPerUnitFulfillmentFee,-3.25
112-5949006-4761828,1065946902,4od2T84dlRwArZtGLD1JBE6BVlYHaiGE8mkNIRvS530,2025-12-08T00:24:24Z,RELEASED,Shipment,Order Payment,Commission,-7.35
112-5949006-4761828,1065946902,4od2T84dlRwArZtGLD1JBE6BVlYHaiGE8mkNIRvS530,2025-12-08T00:24:24Z,RELEASED,Shipment,Order Payment,VariableClosingFee,-1.8
112-5949006-4761828,1065946902,ojFXe6fLSCN9Liy6iEuPd_xTAFXXYtjJiABSEMLRGw4,2025-12-28T00:26:16Z,RELEASED,Refund,Refund,Commission,7.35
112-5949006-4761828,1065946902,ojFXe6fLSCN9Liy6iEuPd_xTAFXXYtjJiABSEMLRGw4,2025-12-28T00:26:16Z,RELEASED,Refund,Refund,RefundCommission,-1.47
112-5949006-4761828,1065946902,ojFXe6fLSCN9Liy6iEuPd_xTAFXXYtjJiABSEMLRGw4,2025-12-28T00:26:16Z,RELEASED,Refund,Refund,VariableClosingFee,1.8
114-4938135-9816205,1068329375,3mSZQwnQVrZxUMQM4i0WnFRHTGpVOvzRz_MmDkrVYOo,2025-12-30T03:41:22Z,RELEASED,Refund,Refund,Commission,4.53
114-4938135-9816205,1068329375,3mSZQwnQVrZxUMQM4i0WnFRHTGpVOvzRz_MmDkrVYOo,2025-12-30T03:41:22Z,RELEASED,Refund,Refund,RefundCommission,-0.91
114-4938135-9816205,1068329375,3mSZQwnQVrZxUMQM4i0WnFRHTGpVOvzRz_MmDkrVYOo,2025-12-30T03:41:22Z,RELEASED,Refund,Refund,VariableClosingFee,1.8
114-4938135-9816205,1068329375,zD-p463bkYWBIL1JPUH3YfV6gE0PWmvTgE2IPs-WYIs,2025-12-22T18:45:19Z,RELEASED,Shipment,Order Payment,FBAPerUnitFulfillmentFee,-3.34
114-4938135-9816205,1068329375,zD-p463bkYWBIL1JPUH3YfV6gE0PWmvTgE2IPs-WYIs,2025-12-22T18:45:19Z,RELEASED,Shipment,Order Payment,Commission,-4.53
114-4938135-9816205,1068329375,zD-p463bkYWBIL1JPUH3YfV6gE0PWmvTgE2IPs-WYIs,2025-12-22T18:45:19Z,RELEASED,Shipment,Order Payment,VariableClosingFee,-1.8
111-5871947-1789851,1068329410,a3nMQq86BFNrFM_SLjQa8-rsOES0Fqc2_cgEk7eZavw,2025-12-30T01:23:53Z,RELEASED,Refund,Refund,Commission,5.99
111-5871947-1789851,1068329410,a3nMQq86BFNrFM_SLjQa8-rsOES0Fqc2_cgEk7eZavw,2025-12-30T01:23:53Z,RELEASED,Refund,Refund,RefundCommission,-1.2
111-5871947-1789851,1068329410,a3nMQq86BFNrFM_SLjQa8-rsOES0Fqc2_cgEk7eZavw,2025-12-30T01:23:53Z,RELEASED,Refund,Refund,VariableClosingFee,1.8
111-5871947-1789851,1068329410,qM6WtUwWYgIMSG1z__rt81_9hVqA5bSaOHrRWbc4eys,2025-11-25T05:36:44Z,RELEASED,Shipment,Order Payment,FBAPerUnitFulfillmentFee,-3.34
111-5871947-1789851,1068329410,qM6WtUwWYgIMSG1z__rt81_9hVqA5bSaOHrRWbc4eys,2025-11-25T05:36:44Z,RELEASED,Shipment,Order Payment,Commission,-5.99
111-5871947-1789851,1068329410,qM6WtUwWYgIMSG1z__rt81_9hVqA5bSaOHrRWbc4eys,2025-11-25T05:36:44Z,RELEASED,Shipment,Order Payment,VariableClosingFee,-1.8
111-6385485-2463463,1069286282,7Gqea8E0maxgmWa36P1M-gKhdFHGXM5Ctw9R4pZntTQ,2025-12-24T17:24:03Z,RELEASED,Refund,Refund,Commission,5.32
111-6385485-2463463,1069286282,7Gqea8E0maxgmWa36P1M-gKhdFHGXM5Ctw9R4pZntTQ,2025-12-24T17:24:03Z,RELEASED,Refund,Refund,RefundCommission,-1.06
111-6385485-2463463,1069286282,7Gqea8E0maxgmWa36P1M-gKhdFHGXM5Ctw9R4pZntTQ,2025-12-24T17:24:03Z,RELEASED,Refund,Refund,VariableClosingFee,1.8
111-6385485-2463463,1069286282,HWNJKQKOql0OQT1MOkKUu4DO-fCaCnEgTUAMhC_nwdY,2025-12-21T03:27:31Z,RELEASED,Shipment,Order Payment,FBAPerUnitFulfillmentFee,-3.34
111-6385485-2463463,1069286282,HWNJKQKOql0OQT1MOkKUu4DO-fCaCnEgTUAMhC_nwdY,2025-12-21T03:27:31Z,RELEASED,Shipment,Order Payment,Commission,-5.32
111-6385485-2463463,1069286282,HWNJKQKOql0OQT1MOkKUu4DO-fCaCnEgTUAMhC_nwdY,2025-12-21T03:27:31Z,RELEASED,Shipment,Order Payment,VariableClosingFee,-1.8
113-3334226-3585065,1037691479,eL_NMTNGaU-hOUfHgfgqkyybHwDRc_2dHbTwiu_FdI0,2025-12-21T04:56:34Z,RELEASED,Shipment,Order Payment,FBAPerUnitFulfillmentFee,-3.25
113-3334226-3585065,1037691479,eL_NMTNGaU-hOUfHgfgqkyybHwDRc_2dHbTwiu_FdI0,2025-12-21T04:56:34Z,RELEASED,Shipment,Order Payment,Commission,-5.23
113-3334226-3585065,1037691479,eL_NMTNGaU-hOUfHgfgqkyybHwDRc_2dHbTwiu_FdI0,2025-12-21T04:56:34Z,RELEASED,Shipment,Order Payment,VariableClosingFee,-1.8
113-3334226-3585065,1037691479,SIDxwzI9jR_fC22eYE_F3Ht4eIXf-C0ukPlXdg0nYqI,2025-12-24T19:23:23Z,RELEASED,Refund,Refund,Commission,5.23
113-3334226-3585065,1037691479,SIDxwzI9jR_fC22eYE_F3Ht4eIXf-C0ukPlXdg0nYqI,2025-12-24T19:23:23Z,RELEASED,Refund,Refund,RefundCommission,-1.05
113-3334226-3585065,1037691479,SIDxwzI9jR_fC22eYE_F3Ht4eIXf-C0ukPlXdg0nYqI,2025-12-24T19:23:23Z,RELEASED,Refund,Refund,VariableClosingFee,1.8
111-3164705-0712221,1068811448,bnIXmeDy5KD8vJR-QPS27gyfvbFpnzjhlWOXJF_4xpM,2025-12-05T11:38:45Z,RELEASED,Shipment,Order Payment,FBAPerUnitFulfillmentFee,-3.34
111-3164705-0712221,1068811448,bnIXmeDy5KD8vJR-QPS27gyfvbFpnzjhlWOXJF_4xpM,2025-12-05T11:38:45Z,RELEASED,Shipment,Order Payment,Commission,-11.77
111-3164705-0712221,1068811448,bnIXmeDy5KD8vJR-QPS27gyfvbFpnzjhlWOXJF_4xpM,2025-12-05T11:38:45Z,RELEASED,Shipment,Order Payment,VariableClosingFee,-1.8
111-3164705-0712221,1068811448,qTF6i6BCmQ0mkWox9ISiiepdf0fCBQirulw3taeXkIg,2025-12-28T00:56:04Z,RELEASED,Refund,Refund,Commission,11.77
111-3164705-0712221,1068811448,qTF6i6BCmQ0mkWox9ISiiepdf0fCBQirulw3taeXkIg,2025-12-28T00:56:04Z,RELEASED,Refund,Refund,RefundCommission,-2.35
111-3164705-0712221,1068811448,qTF6i6BCmQ0mkWox9ISiiepdf0fCBQirulw3taeXkIg,2025-12-28T00:56:04Z,RELEASED,Refund,Refund,VariableClosingFee,1.8
114-6019683-0709823,1033912576,Ca3RgHNEfXsCV-ppLZcakJj8j38Bh1zro9AknZamXnY,2025-12-08T21:55:55Z,RELEASED,Shipment,Order Payment,FBAPerUnitFulfillmentFee,-3.34
114-6019683-0709823,1033912576,Ca3RgHNEfXsCV-ppLZcakJj8j38Bh1zro9AknZamXnY,2025-12-08T21:55:55Z,RELEASED,Shipment,Order Payment,Commission,-4.08
114-6019683-0709823,1033912576,Ca3RgHNEfXsCV-ppLZcakJj8j38Bh1zro9AknZamXnY,2025-12-08T21:55:55Z,RELEASED,Shipment,Order Payment,VariableClosingFee,-1.8
114-6019683-0709823,1033912576,XAUIqMszW0xAWrdLJNuimxx3_4kAbLg5qCZ4edAs5MY,2025-12-13T18:40:09Z,RELEASED,Refund,Refund,Commission,4.08
114-6019683-0709823,1033912576,XAUIqMszW0xAWrdLJNuimxx3_4kAbLg5qCZ4edAs5MY,2025-12-13T18:40:09Z,RELEASED,Refund,Refund,RefundCommission,-0.82
114-6019683-0709823,1033912576,XAUIqMszW0xAWrdLJNuimxx3_4kAbLg5qCZ4edAs5MY,2025-12-13T18:40:09Z,RELEASED,Refund,Refund,VariableClosingFee,1.8
114-3964915-9445024,1031051552,x7Z3-LdeWPBMh-V75QbDoVOcz6uRPMWV8y6e6plhCho,2025-12-19T03:35:18Z,RELEASED,Shipment,Order Payment,FBAPerUnitFulfillmentFee,-6.24
114-3964915-9445024,1031051552,x7Z3-LdeWPBMh-V75QbDoVOcz6uRPMWV8y6e6plhCho,2025-12-19T03:35:18Z,RELEASED,Shipment,Order Payment,Commission,-3.9
114-3964915-9445024,1031051552,ZQ5PSTBcjqIYwHCLXLXcL4fjIncDnPUh8xR6AW0q5fs,2025-12-24T01:09:15Z,RELEASED,Refund,Refund,Commission,3.9
114-3964915-9445024,1031051552,ZQ5PSTBcjqIYwHCLXLXcL4fjIncDnPUh8xR6AW0q5fs,2025-12-24T01:09:15Z,RELEASED,Refund,Refund,RefundCommission,-0.78
113-6389021-4649035,1068811427,4NpxW2hcW-emPhVLfaHp29SiIuixJ61mdAruV_-RQHg,2025-12-27T01:17:49Z,RELEASED,Refund,Refund,Commission,8.0
113-6389021-4649035,1068811427,4NpxW2hcW-emPhVLfaHp29SiIuixJ61mdAruV_-RQHg,2025-12-27T01:17:49Z,RELEASED,Refund,Refund,RefundCommission,-1.6
113-6389021-4649035,1068811427,4NpxW2hcW-emPhVLfaHp29SiIuixJ61mdAruV_-RQHg,2025-12-27T01:17:49Z,RELEASED,Refund,Refund,VariableClosingFee,1.8
113-6389021-4649035,1068811427,vIml_C_fy-4NcK7hLfELhtXOoCjFHDLEr91rLFecQ0I,2025-11-25T23:21:22Z,RELEASED,Shipment,Order Payment,FBAPerUnitFulfillmentFee,-3.34
113-6389021-4649035,1068811427,vIml_C_fy-4NcK7hLfELhtXOoCjFHDLEr91rLFecQ0I,2025-11-25T23:21:22Z,RELEASED,Shipment,Order Payment,Commission,-8.0
113-6389021-4649035,1068811427,vIml_C_fy-4NcK7hLfELhtXOoCjFHDLEr91rLFecQ0I,2025-11-25T23:21:22Z,RELEASED,Shipment,Order Payment,VariableClosingFee,-1.8
112-8381990-2799468,1048220574,'-R7uxaYvaFrRXwEFYBeA18z5uCPd26vPrvIchk5MNbY,2025-11-24T23:20:05Z,RELEASED,Shipment,Order Payment,FBAPerUnitFulfillmentFee,-3.34
112-8381990-2799468,1048220574,'-R7uxaYvaFrRXwEFYBeA18z5uCPd26vPrvIchk5MNbY,2025-11-24T23:20:05Z,RELEASED,Shipment,Order Payment,Commission,-4.22
112-8381990-2799468,1048220574,'-R7uxaYvaFrRXwEFYBeA18z5uCPd26vPrvIchk5MNbY,2025-11-24T23:20:05Z,RELEASED,Shipment,Order Payment,VariableClosingFee,-1.8
113-9288365-0307457,1048220574,n5ZggPMYmneWU4rHi9FATO-F1iZ_I56sS2bK4dFk6uA,2025-12-16T21:37:19Z,RELEASED,Refund,Refund,Commission,4.34
113-9288365-0307457,1048220574,n5ZggPMYmneWU4rHi9FATO-F1iZ_I56sS2bK4dFk6uA,2025-12-16T21:37:19Z,RELEASED,Refund,Refund,RefundCommission,-0.87
113-9288365-0307457,1048220574,n5ZggPMYmneWU4rHi9FATO-F1iZ_I56sS2bK4dFk6uA,2025-12-16T21:37:19Z,RELEASED,Refund,Refund,VariableClosingFee,1.8
113-9288365-0307457,1048220574,oBMoQW3b0pmojNcF793e03CU-t-ZfVAgy28t8DM2E40,2025-12-09T04:55:38Z,RELEASED,Shipment,Order Payment,FBAPerUnitFulfillmentFee,-3.34
113-9288365-0307457,1048220574,oBMoQW3b0pmojNcF793e03CU-t-ZfVAgy28t8DM2E40,2025-12-09T04:55:38Z,RELEASED,Shipment,Order Payment,Commission,-4.34
113-9288365-0307457,1048220574,oBMoQW3b0pmojNcF793e03CU-t-ZfVAgy28t8DM2E40,2025-12-09T04:55:38Z,RELEASED,Shipment,Order Payment,VariableClosingFee,-1.8
114-1715020-5309826,1068811427,Hvwog9rJEbUsApp45DikwhIbGHMWMmGmeefEBesMAp0,2025-11-23T08:38:15Z,RELEASED,Shipment,Order Payment,FBAPerUnitFulfillmentFee,-3.34
114-1715020-5309826,1068811427,Hvwog9rJEbUsApp45DikwhIbGHMWMmGmeefEBesMAp0,2025-11-23T08:38:15Z,RELEASED,Shipment,Order Payment,Commission,-8.2
114-1715020-5309826,1068811427,Hvwog9rJEbUsApp45DikwhIbGHMWMmGmeefEBesMAp0,2025-11-23T08:38:15Z,RELEASED,Shipment,Order Payment,VariableClosingFee,-1.8
114-1715020-5309826,1068811427,j5MJH7lx_CvB6_ueo3xHTV7BIbIS8ylERahQ1xBIiXY,2025-12-10T02:14:19Z,RELEASED,Refund,Refund,Commission,8.2
114-1715020-5309826,1068811427,j5MJH7lx_CvB6_ueo3xHTV7BIbIS8ylERahQ1xBIiXY,2025-12-10T02:14:19Z,RELEASED,Refund,Refund,RefundCommission,-1.64
114-1715020-5309826,1068811427,j5MJH7lx_CvB6_ueo3xHTV7BIbIS8ylERahQ1xBIiXY,2025-12-10T02:14:19Z,RELEASED,Refund,Refund,VariableClosingFee,1.8
114-5290887-3676217,1048220574,e9_-9xZmWFolisiQerHxtfUx4sLcLyzkfALY9bfmMXc,2025-12-16T07:00:31Z,RELEASED,Refund,Refund,Commission,4.22
114-5290887-3676217,1048220574,e9_-9xZmWFolisiQerHxtfUx4sLcLyzkfALY9bfmMXc,2025-12-16T07:00:31Z,RELEASED,Refund,Refund,RefundCommission,-0.84
114-5290887-3676217,1048220574,e9_-9xZmWFolisiQerHxtfUx4sLcLyzkfALY9bfmMXc,2025-12-16T07:00:31Z,RELEASED,Refund,Refund,VariableClosingFee,1.8
114-5290887-3676217,1048220574,w_U4E5wjxm_NLFyKJO6gThL7U4UnbvgRLNXwNbWP3QY,2025-12-11T19:01:47Z,RELEASED,Shipment,Order Payment,FBAPerUnitFulfillmentFee,-3.34
114-5290887-3676217,1048220574,w_U4E5wjxm_NLFyKJO6gThL7U4UnbvgRLNXwNbWP3QY,2025-12-11T19:01:47Z,RELEASED,Shipment,Order Payment,Commission,-4.22
114-5290887-3676217,1048220574,w_U4E5wjxm_NLFyKJO6gThL7U4UnbvgRLNXwNbWP3QY,2025-12-11T19:01:47Z,RELEASED,Shipment,Order Payment,VariableClosingFee,-1.8
113-1600695-3803455,1064901190,vyL0twz80sYmxXCya7KTepAzpJzLzebgcD5FKtwEOT4,2025-11-29T09:49:20Z,RELEASED,Shipment,Order Payment,FBAPerUnitFulfillmentFee,-3.34
113-1600695-3803455,1064901190,vyL0twz80sYmxXCya7KTepAzpJzLzebgcD5FKtwEOT4,2025-11-29T09:49:20Z,RELEASED,Shipment,Order Payment,Commission,-6.99
113-1600695-3803455,1064901190,vyL0twz80sYmxXCya7KTepAzpJzLzebgcD5FKtwEOT4,2025-11-29T09:49:20Z,RELEASED,Shipment,Order Payment,VariableClosingFee,-1.8
113-1600695-3803455,1064901190,ytxFfEXRB9llwz6I63NDFVwkJ-xZY3zyN3aiiBHhaU8,2025-12-23T18:30:57Z,RELEASED,Refund,Refund,Commission,6.99
113-1600695-3803455,1064901190,ytxFfEXRB9llwz6I63NDFVwkJ-xZY3zyN3aiiBHhaU8,2025-12-23T18:30:57Z,RELEASED,Refund,Refund,RefundCommission,-1.4
113-1600695-3803455,1064901190,ytxFfEXRB9llwz6I63NDFVwkJ-xZY3zyN3aiiBHhaU8,2025-12-23T18:30:57Z,RELEASED,Refund,Refund,VariableClosingFee,1.8
112-3914914-9962601,1068866835,4aANuIfOkSoDLPqUAO7xUCCkKOinyKVg-YpiugQ2zuc,2025-12-03T19:37:22Z,RELEASED,Shipment,Order Payment,FBAPerUnitFulfillmentFee,-3.34
112-3914914-9962601,1068866835,4aANuIfOkSoDLPqUAO7xUCCkKOinyKVg-YpiugQ2zuc,2025-12-03T19:37:22Z,RELEASED,Shipment,Order Payment,Commission,-3.68
112-3914914-9962601,1068866835,4aANuIfOkSoDLPqUAO7xUCCkKOinyKVg-YpiugQ2zuc,2025-12-03T19:37:22Z,RELEASED,Shipment,Order Payment,VariableClosingFee,-1.8
112-3914914-9962601,1068866835,Ej-lCGJSiDjoo1yiWy4M2nxUKUn-4YrK6nMycTB0gNs,2025-12-10T04:35:53Z,RELEASED,Refund,Refund,Commission,3.68
112-3914914-9962601,1068866835,Ej-lCGJSiDjoo1yiWy4M2nxUKUn-4YrK6nMycTB0gNs,2025-12-10T04:35:53Z,RELEASED,Refund,Refund,RefundCommission,-0.74
112-3914914-9962601,1068866835,Ej-lCGJSiDjoo1yiWy4M2nxUKUn-4YrK6nMycTB0gNs,2025-12-10T04:35:53Z,RELEASED,Refund,Refund,VariableClosingFee,1.8
113-0833040-0904238,1031051552,0CX1tSvSDc_Yl1UBZoikNhVsD9AAGZiL5d4sYQtaL_Q,2025-12-02T09:02:35Z,RELEASED,Shipment,Order Payment,FBAPerUnitFulfillmentFee,-6.24
113-0833040-0904238,1031051552,0CX1tSvSDc_Yl1UBZoikNhVsD9AAGZiL5d4sYQtaL_Q,2025-12-02T09:02:35Z,RELEASED,Shipment,Order Payment,Commission,-3.9
113-0833040-0904238,1031051552,ZZy72MCUZayFmBZqUpuT-Y9eA0gttXxn0qRv7thPKBA,2025-12-07T02:31:44Z,RELEASED,Refund,Refund,Commission,3.9
113-0833040-0904238,1031051552,ZZy72MCUZayFmBZqUpuT-Y9eA0gttXxn0qRv7thPKBA,2025-12-07T02:31:44Z,RELEASED,Refund,Refund,RefundCommission,-0.78
114-2208348-7809069,1068329365,JT9YIqhrqBqNTrz2SBGisc4ngCdTYw66FlKVxjGGYr0,2025-11-27T00:50:31Z,RELEASED,Refund,Refund,Commission,2.68
114-2208348-7809069,1068329365,JT9YIqhrqBqNTrz2SBGisc4ngCdTYw66FlKVxjGGYr0,2025-11-27T00:50:31Z,RELEASED,Refund,Refund,RefundCommission,-0.54
114-2208348-7809069,1068329365,JT9YIqhrqBqNTrz2SBGisc4ngCdTYw66FlKVxjGGYr0,2025-11-27T00:50:31Z,RELEASED,Refund,Refund,VariableClosingFee,1.8
114-2208348-7809069,1068329365,K_zsYaqasOum5QmpcByeSREVegWolYQwxd47b66ieQM,2025-11-20T09:04:27Z,RELEASED,Shipment,Order Payment,FBAPerUnitFulfillmentFee,-3.34
114-2208348-7809069,1068329365,K_zsYaqasOum5QmpcByeSREVegWolYQwxd47b66ieQM,2025-11-20T09:04:27Z,RELEASED,Shipment,Order Payment,Commission,-2.68
114-2208348-7809069,1068329365,K_zsYaqasOum5QmpcByeSREVegWolYQwxd47b66ieQM,2025-11-20T09:04:27Z,RELEASED,Shipment,Order Payment,VariableClosingFee,-1.8
112-0311170-9966650,1058619759,9ollPCN7imaRTR3SuRbFaAscLve0ZljiYrhhYxf_u8M,2025-10-31T04:35:11Z,RELEASED,Shipment,Order Payment,FBAPerUnitFulfillmentFee,-4.84
112-0311170-9966650,1058619759,9ollPCN7imaRTR3SuRbFaAscLve0ZljiYrhhYxf_u8M,2025-10-31T04:35:11Z,RELEASED,Shipment,Order Payment,Commission,-2.4
112-0311170-9966650,1058619759,k9tXFIXFBnHVn0c3T4rmqo9hNAEDbVQvRZrHK3jdXk8,2025-11-03T03:56:21Z,RELEASED,Shipment,Order Payment,FBAPerUnitFulfillmentFee,-4.84
112-0311170-9966650,1058619759,k9tXFIXFBnHVn0c3T4rmqo9hNAEDbVQvRZrHK3jdXk8,2025-11-03T03:56:21Z,RELEASED,Shipment,Order Payment,Commission,-4.8
112-0311170-9966650,1058619759,k9tXFIXFBnHVn0c3T4rmqo9hNAEDbVQvRZrHK3jdXk8,2025-11-03T03:56:21Z,RELEASED,Shipment,Order Payment,FBAPerUnitFulfillmentFee,-4.84
112-0311170-9966650,1058619759,OQM5U_HixaDPaniY9jkq-3siiEj6z43j86LzPY6QVoA,2025-11-05T04:44:26Z,RELEASED,Refund,Refund,Commission,2.4
112-0311170-9966650,1058619759,OQM5U_HixaDPaniY9jkq-3siiEj6z43j86LzPY6QVoA,2025-11-05T04:44:26Z,RELEASED,Refund,Refund,RefundCommission,-0.48
114-7028916-7436205,1068811463,P7fqjkDSgrUVALP0VirRruxL2Q0wgc6C4fAmncFxoIM,2025-12-06T20:58:19Z,RELEASED,Refund,Refund,Commission,7.87
114-7028916-7436205,1068811463,P7fqjkDSgrUVALP0VirRruxL2Q0wgc6C4fAmncFxoIM,2025-12-06T20:58:19Z,RELEASED,Refund,Refund,RefundCommission,-1.57
114-7028916-7436205,1068811463,P7fqjkDSgrUVALP0VirRruxL2Q0wgc6C4fAmncFxoIM,2025-12-06T20:58:19Z,RELEASED,Refund,Refund,VariableClosingFee,1.8
114-7028916-7436205,1068811463,QADot1LJJrne8bi6RbmiOyRL4rOH_fCWHKMpzMqs_QA,2025-11-26T18:51:23Z,RELEASED,Shipment,Order Payment,FBAPerUnitFulfillmentFee,-3.34
114-7028916-7436205,1068811463,QADot1LJJrne8bi6RbmiOyRL4rOH_fCWHKMpzMqs_QA,2025-11-26T18:51:23Z,RELEASED,Shipment,Order Payment,Commission,-7.87
114-7028916-7436205,1068811463,QADot1LJJrne8bi6RbmiOyRL4rOH_fCWHKMpzMqs_QA,2025-11-26T18:51:23Z,RELEASED,Shipment,Order Payment,VariableClosingFee,-1.8
114-6265657-7353034,1065946902,zLyfTDfWXuES3QcZiuuiGkDDaRhlyjeUc46bmV93NDw,2025-12-05T19:48:33Z,RELEASED,Refund,Refund,Commission,7.05
114-6265657-7353034,1065946902,zLyfTDfWXuES3QcZiuuiGkDDaRhlyjeUc46bmV93NDw,2025-12-05T19:48:33Z,RELEASED,Refund,Refund,RefundCommission,-1.41
114-6265657-7353034,1065946902,zLyfTDfWXuES3QcZiuuiGkDDaRhlyjeUc46bmV93NDw,2025-12-05T19:48:33Z,RELEASED,Refund,Refund,VariableClosingFee,1.8
114-6265657-7353034,1065946902,ZyTCPvEKZg31a2CZ0-0sIiwY76ymrHjE4EWMJBoC6eo,2025-11-25T07:16:39Z,RELEASED,Shipment,Order Payment,FBAPerUnitFulfillmentFee,-3.25
114-6265657-7353034,1065946902,ZyTCPvEKZg31a2CZ0-0sIiwY76ymrHjE4EWMJBoC6eo,2025-11-25T07:16:39Z,RELEASED,Shipment,Order Payment,Commission,-7.05
114-6265657-7353034,1065946902,ZyTCPvEKZg31a2CZ0-0sIiwY76ymrHjE4EWMJBoC6eo,2025-11-25T07:16:39Z,RELEASED,Shipment,Order Payment,VariableClosingFee,-1.8
112-5474901-3914666,1062959209,mmJhY0l4f-19HRQl6HKwE5AlhCAzD8b0xTPw-vBAYDc,2025-11-26T00:08:30Z,RELEASED,Shipment,Order Payment,FBAPerUnitFulfillmentFee,-8.26
112-5474901-3914666,1062959209,mmJhY0l4f-19HRQl6HKwE5AlhCAzD8b0xTPw-vBAYDc,2025-11-26T00:08:30Z,RELEASED,Shipment,Order Payment,Commission,-13.34
112-5474901-3914666,1062959209,x7tdKlAq3Ya-1rPspTGPtzdL80VgTM9KnUdKkwuetwU,2025-12-04T17:29:18Z,RELEASED,Refund,Refund,Commission,13.34
112-5474901-3914666,1062959209,x7tdKlAq3Ya-1rPspTGPtzdL80VgTM9KnUdKkwuetwU,2025-12-04T17:29:18Z,RELEASED,Refund,Refund,RefundCommission,-2.67
111-2957385-2737019,1052907525,16ytvAbzj5w7B35uAR4YCPsev4lQ8Cf5bBCmP6_2v54,2025-11-30T00:01:48Z,RELEASED,Refund,Refund,Commission,5.44
111-2957385-2737019,1052907525,16ytvAbzj5w7B35uAR4YCPsev4lQ8Cf5bBCmP6_2v54,2025-11-30T00:01:48Z,RELEASED,Refund,Refund,RefundCommission,-1.09
111-2957385-2737019,1052907525,4nPRo1oFZq-hYUYiv6k7ymRcqufwLrBL_pZNmLLdC8w,2025-11-27T02:06:26Z,RELEASED,Shipment,Order Payment,FBAPerUnitFulfillmentFee,-6.1
111-2957385-2737019,1052907525,4nPRo1oFZq-hYUYiv6k7ymRcqufwLrBL_pZNmLLdC8w,2025-11-27T02:06:26Z,RELEASED,Shipment,Order Payment,Commission,-5.44
111-0671223-9025812,1068329365,EX9uLn313Kn56Gub0kkI_YBe_TToc3xBUdamqt2lI0o,2025-11-17T06:02:52Z,RELEASED,Shipment,Order Payment,FBAPerUnitFulfillmentFee,-3.34
111-0671223-9025812,1068329365,EX9uLn313Kn56Gub0kkI_YBe_TToc3xBUdamqt2lI0o,2025-11-17T06:02:52Z,RELEASED,Shipment,Order Payment,Commission,-2.68
111-0671223-9025812,1068329365,EX9uLn313Kn56Gub0kkI_YBe_TToc3xBUdamqt2lI0o,2025-11-17T06:02:52Z,RELEASED,Shipment,Order Payment,VariableClosingFee,-1.8
111-0671223-9025812,1068329365,pinOnXXKLVdo-A87XGIs648qFNRtDwJKyuz2W0s_c7E,2025-12-04T04:46:02Z,RELEASED,Refund,Refund,Commission,2.68
111-0671223-9025812,1068329365,pinOnXXKLVdo-A87XGIs648qFNRtDwJKyuz2W0s_c7E,2025-12-04T04:46:02Z,RELEASED,Refund,Refund,RefundCommission,-0.54
111-0671223-9025812,1068329365,pinOnXXKLVdo-A87XGIs648qFNRtDwJKyuz2W0s_c7E,2025-12-04T04:46:02Z,RELEASED,Refund,Refund,VariableClosingFee,1.8
113-6510413-6393016,1065749622,7N1UuNVIr3rSEQkJCPUkXoNZ3KuQcFcMNQ9azVEVoNM,2025-11-12T01:28:38Z,RELEASED,Shipment,Order Payment,FBAPerUnitFulfillmentFee,-7.78
113-6510413-6393016,1065749622,7N1UuNVIr3rSEQkJCPUkXoNZ3KuQcFcMNQ9azVEVoNM,2025-11-12T01:28:38Z,RELEASED,Shipment,Order Payment,Commission,-5.96
111-7970502-3249805,1069286280,4seKPOp4b5Cp_Ep_BpWpgH6pGBOPSiUL-2_rnzxWvSI,2025-11-25T22:44:48Z,RELEASED,Refund,Refund,Commission,6.76
111-7970502-3249805,1069286280,4seKPOp4b5Cp_Ep_BpWpgH6pGBOPSiUL-2_rnzxWvSI,2025-11-25T22:44:48Z,RELEASED,Refund,Refund,RefundCommission,-1.35
111-7970502-3249805,1069286280,4seKPOp4b5Cp_Ep_BpWpgH6pGBOPSiUL-2_rnzxWvSI,2025-11-25T22:44:48Z,RELEASED,Refund,Refund,VariableClosingFee,1.8
111-7970502-3249805,1069286280,pzu2c3qy_E35_EBVQolHi9D0WzT_2_vBPiGD0edbmOw,2025-10-24T21:32:19Z,RELEASED,Shipment,Order Payment,FBAPerUnitFulfillmentFee,-3.34
111-7970502-3249805,1069286280,pzu2c3qy_E35_EBVQolHi9D0WzT_2_vBPiGD0edbmOw,2025-10-24T21:32:19Z,RELEASED,Shipment,Order Payment,Commission,-6.76
111-7970502-3249805,1069286280,pzu2c3qy_E35_EBVQolHi9D0WzT_2_vBPiGD0edbmOw,2025-10-24T21:32:19Z,RELEASED,Shipment,Order Payment,VariableClosingFee,-1.8
111-4640342-9796219,1045151360,_91tljq9Mpo8FrMifl-7KjBCkjhpXJMj0ueTlq3k2sQ,2025-11-19T19:42:09Z,RELEASED,Refund,Refund,Commission,6.44
111-4640342-9796219,1045151360,_91tljq9Mpo8FrMifl-7KjBCkjhpXJMj0ueTlq3k2sQ,2025-11-19T19:42:09Z,RELEASED,Refund,Refund,RefundCommission,-1.29
111-4640342-9796219,1045151360,_91tljq9Mpo8FrMifl-7KjBCkjhpXJMj0ueTlq3k2sQ,2025-11-19T19:42:09Z,RELEASED,Refund,Refund,VariableClosingFee,1.8
111-4640342-9796219,1045151360,tRb-dB55WpFExj5xan13h7c4RIENUxsXSXEYfwBhC2s,2025-10-25T06:48:11Z,RELEASED,Shipment,Order Payment,FBAPerUnitFulfillmentFee,-3.34
111-4640342-9796219,1045151360,tRb-dB55WpFExj5xan13h7c4RIENUxsXSXEYfwBhC2s,2025-10-25T06:48:11Z,RELEASED,Shipment,Order Payment,Commission,-6.44
111-4640342-9796219,1045151360,tRb-dB55WpFExj5xan13h7c4RIENUxsXSXEYfwBhC2s,2025-10-25T06:48:11Z,RELEASED,Shipment,Order Payment,VariableClosingFee,-1.8
112-2543466-8864217,1052907525,hD9LTMal2IoN7DKcCyNhH-3_Q-FbobCwplr2pJmXTKE,2025-11-13T01:26:44Z,RELEASED,Refund,Refund,Commission,5.24
112-2543466-8864217,1052907525,hD9LTMal2IoN7DKcCyNhH-3_Q-FbobCwplr2pJmXTKE,2025-11-13T01:26:44Z,RELEASED,Refund,Refund,RefundCommission,-1.05
112-2543466-8864217,1052907525,ZajANF-TVmqARXggwV-v7tpLT5UM7qGEBRvOqopz7EY,2025-11-07T13:04:11Z,RELEASED,Shipment,Order Payment,FBAPerUnitFulfillmentFee,-6.1
112-2543466-8864217,1052907525,ZajANF-TVmqARXggwV-v7tpLT5UM7qGEBRvOqopz7EY,2025-11-07T13:04:11Z,RELEASED,Shipment,Order Payment,Commission,-5.24
113-7938203-1598668,1068329410,701tRDnRICovet3r2OBBWkJgBJgDYUqYzuU7_nTkT74,2025-11-15T18:15:13Z,RELEASED,Refund,Refund,Commission,5.93
113-7938203-1598668,1068329410,701tRDnRICovet3r2OBBWkJgBJgDYUqYzuU7_nTkT74,2025-11-15T18:15:13Z,RELEASED,Refund,Refund,RefundCommission,-1.19
113-7938203-1598668,1068329410,701tRDnRICovet3r2OBBWkJgBJgDYUqYzuU7_nTkT74,2025-11-15T18:15:13Z,RELEASED,Refund,Refund,VariableClosingFee,1.8
113-7938203-1598668,1068329410,INSKtCbCRZosOfnAyx83lN4G-TZtqm6Gg07Wu7j6dVQ,2025-10-16T10:59:22Z,RELEASED,Shipment,Order Payment,FBAPerUnitFulfillmentFee,-3.34
113-7938203-1598668,1068329410,INSKtCbCRZosOfnAyx83lN4G-TZtqm6Gg07Wu7j6dVQ,2025-10-16T10:59:22Z,RELEASED,Shipment,Order Payment,Commission,-5.93
113-7938203-1598668,1068329410,INSKtCbCRZosOfnAyx83lN4G-TZtqm6Gg07Wu7j6dVQ,2025-10-16T10:59:22Z,RELEASED,Shipment,Order Payment,VariableClosingFee,-1.8
113-8318160-5104263,1065749622,HDBEnBitO4LDYM-qdhS74OBUexytXnFGxKgEIPNwkuE,2025-11-13T19:26:49Z,RELEASED,Refund,Refund,Commission,5.96
113-8318160-5104263,1065749622,HDBEnBitO4LDYM-qdhS74OBUexytXnFGxKgEIPNwkuE,2025-11-13T19:26:49Z,RELEASED,Refund,Refund,RefundCommission,-1.19
113-8318160-5104263,1065749622,J2yTaiT4W-VXumC4fhLTowRux4meE-fRc0jZZSZyQ3s,2025-11-06T12:32:29Z,RELEASED,Shipment,Order Payment,FBAPerUnitFulfillmentFee,-7.78
113-8318160-5104263,1065749622,J2yTaiT4W-VXumC4fhLTowRux4meE-fRc0jZZSZyQ3s,2025-11-06T12:32:29Z,RELEASED,Shipment,Order Payment,Commission,-5.96
112-4684184-7172250,1041418871,_FGMkVRksjVmSIvgpy-hD1tc3OGQ7QHrJ-P6CF8tTLg,2025-11-12T05:52:55Z,RELEASED,Refund,Refund,Commission,7.45
112-4684184-7172250,1041418871,_FGMkVRksjVmSIvgpy-hD1tc3OGQ7QHrJ-P6CF8tTLg,2025-11-12T05:52:55Z,RELEASED,Refund,Refund,RefundCommission,-1.49
112-4684184-7172250,1041418871,_FGMkVRksjVmSIvgpy-hD1tc3OGQ7QHrJ-P6CF8tTLg,2025-11-12T05:52:55Z,RELEASED,Refund,Refund,VariableClosingFee,1.8
112-4684184-7172250,1041418871,SyM1yH2GhCBhuY5PJu2jgesKtUMER1HrIJZ64tG7abg,2025-11-07T06:45:12Z,RELEASED,Shipment,Order Payment,FBAPerUnitFulfillmentFee,-3.34
112-4684184-7172250,1041418871,SyM1yH2GhCBhuY5PJu2jgesKtUMER1HrIJZ64tG7abg,2025-11-07T06:45:12Z,RELEASED,Shipment,Order Payment,Commission,-7.45
112-4684184-7172250,1041418871,SyM1yH2GhCBhuY5PJu2jgesKtUMER1HrIJZ64tG7abg,2025-11-07T06:45:12Z,RELEASED,Shipment,Order Payment,VariableClosingFee,-1.8
111-1861375-3671433,1058392679,i8NpdVSEHzE0Gpx6S-s41cs8JPJ2OgUivfLb7ynY4cQ,2025-11-01T02:17:28Z,RELEASED,Refund,Refund,Commission,2.97
111-1861375-3671433,1058392679,i8NpdVSEHzE0Gpx6S-s41cs8JPJ2OgUivfLb7ynY4cQ,2025-11-01T02:17:28Z,RELEASED,Refund,Refund,RefundCommission,-0.59
111-1861375-3671433,1058392679,slENruXrfbFUf4S_JZ8eul0qAY8gYEprPTnVwHwt7AE,2025-10-28T21:47:38Z,RELEASED,Shipment,Order Payment,FBAPerUnitFulfillmentFee,-4.84
111-1861375-3671433,1058392679,slENruXrfbFUf4S_JZ8eul0qAY8gYEprPTnVwHwt7AE,2025-10-28T21:47:38Z,RELEASED,Shipment,Order Payment,Commission,-2.97
114-8751617-8333844,1051249032,cTgYZ4viguZnJyJA3ZphuWtHAZoU3XX0xXTWdtCY01w,2025-11-01T23:44:30Z,RELEASED,Refund,Refund,Commission,5.12
114-8751617-8333844,1051249032,cTgYZ4viguZnJyJA3ZphuWtHAZoU3XX0xXTWdtCY01w,2025-11-01T23:44:30Z,RELEASED,Refund,Refund,RefundCommission,-1.02
114-8751617-8333844,1051249032,v49_ImztCca0YPkbmUZXPUv0TNsee48ifSvpmC8BIWw,2025-10-23T21:52:37Z,RELEASED,Shipment,Order Payment,FBAPerUnitFulfillmentFee,-7.03
114-8751617-8333844,1051249032,v49_ImztCca0YPkbmUZXPUv0TNsee48ifSvpmC8BIWw,2025-10-23T21:52:37Z,RELEASED,Shipment,Order Payment,Commission,-5.12
111-3653818-4585827,1058392679,a6QR5xV70wz0mCnTrofx4SCGWryylpr3mei8GMZsDFM,2025-10-31T20:34:11Z,RELEASED,Refund,Refund,Commission,3.64
111-3653818-4585827,1058392679,a6QR5xV70wz0mCnTrofx4SCGWryylpr3mei8GMZsDFM,2025-10-31T20:34:11Z,RELEASED,Refund,Refund,RefundCommission,-0.73
111-3653818-4585827,1058392679,zJxqf0JxfcIrgbqZpUxg4GgpeBggKWT_k6AN1JlT_mI,2025-10-04T23:42:02Z,RELEASED,Shipment,Order Payment,FBAPerUnitFulfillmentFee,-5.77
111-3653818-4585827,1058392679,zJxqf0JxfcIrgbqZpUxg4GgpeBggKWT_k6AN1JlT_mI,2025-10-04T23:42:02Z,RELEASED,Shipment,Order Payment,Commission,-3.64
114-6711696-3537036,1070280052,LX4OMJ5WckBUdrpSNt-tJG1HklYtTlc97PLj5GxSBq0,2025-11-03T22:36:26Z,RELEASED,Refund,Refund,Commission,3.21
114-6711696-3537036,1070280052,LX4OMJ5WckBUdrpSNt-tJG1HklYtTlc97PLj5GxSBq0,2025-11-03T22:36:26Z,RELEASED,Refund,Refund,RefundCommission,-0.64
114-6711696-3537036,1070280052,LX4OMJ5WckBUdrpSNt-tJG1HklYtTlc97PLj5GxSBq0,2025-11-03T22:36:26Z,RELEASED,Refund,Refund,VariableClosingFee,1.8
114-6711696-3537036,1070280052,rGVHOHbDkK6zJwrYD8u3vXZH3ubMa2YcWfIDjBYQdPQ,2025-10-28T18:07:48Z,RELEASED,Shipment,Order Payment,FBAPerUnitFulfillmentFee,-3.34
114-6711696-3537036,1070280052,rGVHOHbDkK6zJwrYD8u3vXZH3ubMa2YcWfIDjBYQdPQ,2025-10-28T18:07:48Z,RELEASED,Shipment,Order Payment,Commission,-3.21
114-6711696-3537036,1070280052,rGVHOHbDkK6zJwrYD8u3vXZH3ubMa2YcWfIDjBYQdPQ,2025-10-28T18:07:48Z,RELEASED,Shipment,Order Payment,VariableClosingFee,-1.8
114-8758235-2013009,1063162591,9Ap1MJdak0QhTcw9Xyc_9xYmqk7ce55DJr6GQYgIxzo,2025-10-05T14:06:07Z,RELEASED,Shipment,Order Payment,FBAPerUnitFulfillmentFee,-7.4
114-8758235-2013009,1063162591,9Ap1MJdak0QhTcw9Xyc_9xYmqk7ce55DJr6GQYgIxzo,2025-10-05T14:06:07Z,RELEASED,Shipment,Order Payment,Commission,-21.0
114-8758235-2013009,1063162591,Jf4_5fIMLfTCBaZB1KP12WWiT4bqpsdRFqN3rxwPK30,2025-10-09T00:36:37Z,RELEASED,Refund,Refund,Commission,21.0
114-8758235-2013009,1063162591,Jf4_5fIMLfTCBaZB1KP12WWiT4bqpsdRFqN3rxwPK30,2025-10-09T00:36:37Z,RELEASED,Refund,Refund,RefundCommission,-4.2
112-3508337-8538620,1063375943,'-HrbVQfExqOEVI4C-i4MMPNbhiU2xCqhdJxafPsPUPE,2025-11-01T10:22:46Z,RELEASED,Refund,Refund,Commission,8.24
112-3508337-8538620,1063375943,'-HrbVQfExqOEVI4C-i4MMPNbhiU2xCqhdJxafPsPUPE,2025-11-01T10:22:46Z,RELEASED,Refund,Refund,RefundCommission,-1.65
112-3508337-8538620,1063375943,'-HrbVQfExqOEVI4C-i4MMPNbhiU2xCqhdJxafPsPUPE,2025-11-01T10:22:46Z,RELEASED,Refund,Refund,VariableClosingFee,1.8
112-3508337-8538620,1063375943,rQwcwUYKV9QdfzDXeD2a1tVEND0777Y_35jje7HswU4,2025-10-09T20:48:26Z,RELEASED,Shipment,Order Payment,FBAPerUnitFulfillmentFee,-3.06
112-3508337-8538620,1063375943,rQwcwUYKV9QdfzDXeD2a1tVEND0777Y_35jje7HswU4,2025-10-09T20:48:26Z,RELEASED,Shipment,Order Payment,Commission,-8.24
112-3508337-8538620,1063375943,rQwcwUYKV9QdfzDXeD2a1tVEND0777Y_35jje7HswU4,2025-10-09T20:48:26Z,RELEASED,Shipment,Order Payment,VariableClosingFee,-1.8
114-8500356-2388244,1051249032,LQpHHFEd5FZj9Sl4OcyKDBW4_2V3qJh6ObCcOrDbYV8,2025-10-18T17:50:19Z,RELEASED,Shipment,Order Payment,FBAPerUnitFulfillmentFee,-7.03
114-8500356-2388244,1051249032,LQpHHFEd5FZj9Sl4OcyKDBW4_2V3qJh6ObCcOrDbYV8,2025-10-18T17:50:19Z,RELEASED,Shipment,Order Payment,Commission,-5.05
114-8500356-2388244,1051249032,YqI9U_pfcV59lL8mjtW9fhekfNn69EvCwc4_XlVXRaU,2025-10-21T22:16:29Z,RELEASED,Refund,Refund,Commission,5.05
114-8500356-2388244,1051249032,YqI9U_pfcV59lL8mjtW9fhekfNn69EvCwc4_XlVXRaU,2025-10-21T22:16:29Z,RELEASED,Refund,Refund,RefundCommission,-1.01
113-5606418-7407430,1030912249,RIWqhsD6sDPmNhkjE7CfEngo4JX0vgyp6ZhafGgBSPw,2025-10-20T22:52:40Z,RELEASED,Refund,Refund,Commission,3.51
113-5606418-7407430,1030912249,RIWqhsD6sDPmNhkjE7CfEngo4JX0vgyp6ZhafGgBSPw,2025-10-20T22:52:40Z,RELEASED,Refund,Refund,RefundCommission,-0.7
113-5606418-7407430,1030912249,rJBygBhrU9YNspLIwE4z-68aPNdhvAn6C0m5RNr03hA,2025-10-03T06:04:23Z,RELEASED,Shipment,Order Payment,FBAPerUnitFulfillmentFee,-35.22
113-5606418-7407430,1030912249,rJBygBhrU9YNspLIwE4z-68aPNdhvAn6C0m5RNr03hA,2025-10-03T06:04:23Z,RELEASED,Shipment,Order Payment,Commission,-21.06
112-1380180-3051411,1048894668,a-g14OII_mRzXgKawejEhJ84iar3eKfxFyM3YECZIUc,2025-10-27T18:56:17Z,RELEASED,Refund,Refund,Commission,6.76
112-1380180-3051411,1048894668,a-g14OII_mRzXgKawejEhJ84iar3eKfxFyM3YECZIUc,2025-10-27T18:56:17Z,RELEASED,Refund,Refund,RefundCommission,-1.35
112-1380180-3051411,1048894668,a-g14OII_mRzXgKawejEhJ84iar3eKfxFyM3YECZIUc,2025-10-27T18:56:17Z,RELEASED,Refund,Refund,VariableClosingFee,1.8
112-1380180-3051411,1048894668,tCAAcR-eaYxtp7aRviKeUsGznlpQlpFoswPgOHqy7AQ,2025-10-10T03:51:10Z,RELEASED,Shipment,Order Payment,FBAPerUnitFulfillmentFee,-3.15
112-1380180-3051411,1048894668,tCAAcR-eaYxtp7aRviKeUsGznlpQlpFoswPgOHqy7AQ,2025-10-10T03:51:10Z,RELEASED,Shipment,Order Payment,Commission,-6.76
112-1380180-3051411,1048894668,tCAAcR-eaYxtp7aRviKeUsGznlpQlpFoswPgOHqy7AQ,2025-10-10T03:51:10Z,RELEASED,Shipment,Order Payment,VariableClosingFee,-1.8
111-1119433-0789004,1045692341,bxfLLf54zgBV_uLOtq5r-uGUmDzTLHyGOqQB9e___5w,2025-10-15T15:13:34Z,RELEASED,Shipment,Order Payment,FBAPerUnitFulfillmentFee,-3.34
111-1119433-0789004,1045692341,bxfLLf54zgBV_uLOtq5r-uGUmDzTLHyGOqQB9e___5w,2025-10-15T15:13:34Z,RELEASED,Shipment,Order Payment,Commission,-7.5
111-1119433-0789004,1045692341,bxfLLf54zgBV_uLOtq5r-uGUmDzTLHyGOqQB9e___5w,2025-10-15T15:13:34Z,RELEASED,Shipment,Order Payment,VariableClosingFee,-1.8
111-1119433-0789004,1045692341,W0VUJDOAYNEavHT2ccVVJqvhw9pT7HnNELn2-nnwpuo,2025-10-17T22:05:43Z,RELEASED,Refund,Refund,Commission,7.5
111-1119433-0789004,1045692341,W0VUJDOAYNEavHT2ccVVJqvhw9pT7HnNELn2-nnwpuo,2025-10-17T22:05:43Z,RELEASED,Refund,Refund,RefundCommission,-1.5
111-1119433-0789004,1045692341,W0VUJDOAYNEavHT2ccVVJqvhw9pT7HnNELn2-nnwpuo,2025-10-17T22:05:43Z,RELEASED,Refund,Refund,VariableClosingFee,1.8
114-8599152-0077830,1068329410,GeGO_zVKyGSIemP8CAE3n0upc31aGR4KufwFo39z0f4,2025-10-12T04:47:44Z,RELEASED,Shipment,Order Payment,FBAPerUnitFulfillmentFee,-3.15
114-8599152-0077830,1068329410,GeGO_zVKyGSIemP8CAE3n0upc31aGR4KufwFo39z0f4,2025-10-12T04:47:44Z,RELEASED,Shipment,Order Payment,Commission,-5.96
114-8599152-0077830,1068329410,GeGO_zVKyGSIemP8CAE3n0upc31aGR4KufwFo39z0f4,2025-10-12T04:47:44Z,RELEASED,Shipment,Order Payment,VariableClosingFee,-1.8
114-8599152-0077830,1068329410,JEbQ7NuM2-ode-BaPIB1AM1p0R_yAfme0ljgSsUAXV4,2025-10-15T05:37:58Z,RELEASED,Refund,Refund,Commission,5.96
114-8599152-0077830,1068329410,JEbQ7NuM2-ode-BaPIB1AM1p0R_yAfme0ljgSsUAXV4,2025-10-15T05:37:58Z,RELEASED,Refund,Refund,RefundCommission,-1.19
114-8599152-0077830,1068329410,JEbQ7NuM2-ode-BaPIB1AM1p0R_yAfme0ljgSsUAXV4,2025-10-15T05:37:58Z,RELEASED,Refund,Refund,VariableClosingFee,1.8
111-8286549-0989868,1051249032,8gHWkeidJrV2XkU1uUvCC7MQJl0pCCAMfaqFvZuN6o4,2025-10-06T05:37:50Z,RELEASED,Shipment,Order Payment,FBAPerUnitFulfillmentFee,-6.62
111-8286549-0989868,1051249032,8gHWkeidJrV2XkU1uUvCC7MQJl0pCCAMfaqFvZuN6o4,2025-10-06T05:37:50Z,RELEASED,Shipment,Order Payment,Commission,-5.14
111-8286549-0989868,1051249032,PtG-CEFILepXOCicSSTGwptBQQ0Q1yLfgG59QBtfrGc,2025-10-09T20:31:15Z,RELEASED,Refund,Refund,Commission,5.14
111-8286549-0989868,1051249032,PtG-CEFILepXOCicSSTGwptBQQ0Q1yLfgG59QBtfrGc,2025-10-09T20:31:15Z,RELEASED,Refund,Refund,RefundCommission,-1.03
111-7044045-4809864,1061145216,fJsj4unGXZ8lOqpT-X7ekIJtyjzKhIe55v-WZU_Wi8k,2025-10-01T07:25:50Z,RELEASED,Shipment,Order Payment,FBAPerUnitFulfillmentFee,-3.15
111-7044045-4809864,1061145216,fJsj4unGXZ8lOqpT-X7ekIJtyjzKhIe55v-WZU_Wi8k,2025-10-01T07:25:50Z,RELEASED,Shipment,Order Payment,Commission,-6.23
111-7044045-4809864,1061145216,fJsj4unGXZ8lOqpT-X7ekIJtyjzKhIe55v-WZU_Wi8k,2025-10-01T07:25:50Z,RELEASED,Shipment,Order Payment,VariableClosingFee,-1.8
111-7044045-4809864,1061145216,gbBjG3lSVnhs2zPT-YBO4pD2xcVuVy4EhKd16Ytonrw,2025-10-16T00:14:37Z,RELEASED,Refund,Refund,Commission,6.23
111-7044045-4809864,1061145216,gbBjG3lSVnhs2zPT-YBO4pD2xcVuVy4EhKd16Ytonrw,2025-10-16T00:14:37Z,RELEASED,Refund,Refund,RefundCommission,-1.25
111-7044045-4809864,1061145216,gbBjG3lSVnhs2zPT-YBO4pD2xcVuVy4EhKd16Ytonrw,2025-10-16T00:14:37Z,RELEASED,Refund,Refund,VariableClosingFee,1.8
112-0301794-5322649,1052907525,Fd97C949VLOOJgPXs8GjBc-d8pFgrr5ncJbvtuoKbWQ,2025-09-27T06:14:06Z,RELEASED,Shipment,Order Payment,FBAPerUnitFulfillmentFee,-5.77
112-0301794-5322649,1052907525,Fd97C949VLOOJgPXs8GjBc-d8pFgrr5ncJbvtuoKbWQ,2025-09-27T06:14:06Z,RELEASED,Shipment,Order Payment,Commission,-5.61
112-0301794-5322649,1052907525,XDAOmAHI76iIrEv9eIBxQFs6bBTIs471q0FJ3b7O7aY,2025-10-04T00:55:54Z,RELEASED,Refund,Refund,Commission,5.61
112-0301794-5322649,1052907525,XDAOmAHI76iIrEv9eIBxQFs6bBTIs471q0FJ3b7O7aY,2025-10-04T00:55:54Z,RELEASED,Refund,Refund,RefundCommission,-1.12
111-8220864-7360221,1068811444,0ayKTD9MvH1-gGhZhOi2oYe6BSigH0iSQ-U6v-zSVDY,2025-09-29T09:37:24Z,RELEASED,Shipment,Order Payment,FBAPerUnitFulfillmentFee,-3.06
111-8220864-7360221,1068811444,0ayKTD9MvH1-gGhZhOi2oYe6BSigH0iSQ-U6v-zSVDY,2025-09-29T09:37:24Z,RELEASED,Shipment,Order Payment,Commission,-6.11
111-8220864-7360221,1068811444,0ayKTD9MvH1-gGhZhOi2oYe6BSigH0iSQ-U6v-zSVDY,2025-09-29T09:37:24Z,RELEASED,Shipment,Order Payment,VariableClosingFee,-1.8
111-8220864-7360221,1068811444,ka2gM8CPlDlyiUA0munoWtNcJTcvHblT6tB48zWYczk,2025-10-06T00:15:12Z,RELEASED,Refund,Refund,Commission,6.11
111-8220864-7360221,1068811444,ka2gM8CPlDlyiUA0munoWtNcJTcvHblT6tB48zWYczk,2025-10-06T00:15:12Z,RELEASED,Refund,Refund,RefundCommission,-1.22
111-8220864-7360221,1068811444,ka2gM8CPlDlyiUA0munoWtNcJTcvHblT6tB48zWYczk,2025-10-06T00:15:12Z,RELEASED,Refund,Refund,VariableClosingFee,1.8
112-1985032-3852235,1058392679,WatGqNoO8BGxmZ6tGe5_uxu9bA4kd0BTSsRdr2-JHh8,2025-10-01T21:27:40Z,RELEASED,Refund,Refund,Commission,3.66
112-1985032-3852235,1058392679,WatGqNoO8BGxmZ6tGe5_uxu9bA4kd0BTSsRdr2-JHh8,2025-10-01T21:27:40Z,RELEASED,Refund,Refund,RefundCommission,-0.73
112-1985032-3852235,1058392679,YLyBAL1YoqQakUBeSvet-TBTQRi9pe7m4lbMDCd4STI,2025-09-19T23:13:58Z,RELEASED,Shipment,Order Payment,FBAPerUnitFulfillmentFee,-5.77
112-1985032-3852235,1058392679,YLyBAL1YoqQakUBeSvet-TBTQRi9pe7m4lbMDCd4STI,2025-09-19T23:13:58Z,RELEASED,Shipment,Order Payment,Commission,-3.66
113-6700250-2335433,1063162578,5PmnQHS84rbKLdEKy75K7JZ_7kCVqtYJqsrkpGVKAgg,2025-09-29T20:38:58Z,RELEASED,Refund,Refund,Commission,5.59
113-6700250-2335433,1063162578,5PmnQHS84rbKLdEKy75K7JZ_7kCVqtYJqsrkpGVKAgg,2025-09-29T20:38:58Z,RELEASED,Refund,Refund,RefundCommission,-1.12
113-6700250-2335433,1063162578,rJ2ueErb8H9bzmOs2KMcPtPecfE7Uk-pslxa0THaNv4,2025-09-24T09:28:12Z,RELEASED,Shipment,Order Payment,FBAPerUnitFulfillmentFee,-7.0
113-6700250-2335433,1063162578,rJ2ueErb8H9bzmOs2KMcPtPecfE7Uk-pslxa0THaNv4,2025-09-24T09:28:12Z,RELEASED,Shipment,Order Payment,Commission,-5.59
112-0746183-7085059,1063376019,0IIsNZcBpsLkWpJGS4E3KWVoZ-QVthAc5t-NKpPTioM,2025-09-22T16:55:25Z,RELEASED,Refund,Refund,Commission,4.29
112-0746183-7085059,1063376019,0IIsNZcBpsLkWpJGS4E3KWVoZ-QVthAc5t-NKpPTioM,2025-09-22T16:55:25Z,RELEASED,Refund,Refund,RefundCommission,-0.86
112-0746183-7085059,1063376019,0IIsNZcBpsLkWpJGS4E3KWVoZ-QVthAc5t-NKpPTioM,2025-09-22T16:55:25Z,RELEASED,Refund,Refund,VariableClosingFee,1.8
112-0746183-7085059,1063376019,YM6PIzBOoDJS7v2B89aRcVk2s6Y7LN_TEJD4hwXThMQ,2025-09-19T05:34:48Z,RELEASED,Shipment,Order Payment,FBAPerUnitFulfillmentFee,-3.15
112-0746183-7085059,1063376019,YM6PIzBOoDJS7v2B89aRcVk2s6Y7LN_TEJD4hwXThMQ,2025-09-19T05:34:48Z,RELEASED,Shipment,Order Payment,Commission,-4.29
112-0746183-7085059,1063376019,YM6PIzBOoDJS7v2B89aRcVk2s6Y7LN_TEJD4hwXThMQ,2025-09-19T05:34:48Z,RELEASED,Shipment,Order Payment,VariableClosingFee,-1.8
112-9172949-2457810,1061145216,_OFzFqxiNdyNjlwdqcdnFO3yy8OJElVh7OL6OTokZfs,2025-09-23T20:57:12Z,RELEASED,Refund,Refund,Commission,7.37
112-9172949-2457810,1061145216,_OFzFqxiNdyNjlwdqcdnFO3yy8OJElVh7OL6OTokZfs,2025-09-23T20:57:12Z,RELEASED,Refund,Refund,RefundCommission,-1.47
112-9172949-2457810,1061145216,_OFzFqxiNdyNjlwdqcdnFO3yy8OJElVh7OL6OTokZfs,2025-09-23T20:57:12Z,RELEASED,Refund,Refund,VariableClosingFee,1.8
112-9172949-2457810,1061145216,PTnHFVp2MX92_XAL-onDhZMVbZz9Q_r9T-0HeVcDlUw,2025-08-27T23:36:11Z,RELEASED,Shipment,Order Payment,FBAPerUnitFulfillmentFee,-3.15
112-9172949-2457810,1061145216,PTnHFVp2MX92_XAL-onDhZMVbZz9Q_r9T-0HeVcDlUw,2025-08-27T23:36:11Z,RELEASED,Shipment,Order Payment,Commission,-7.37
112-9172949-2457810,1061145216,PTnHFVp2MX92_XAL-onDhZMVbZz9Q_r9T-0HeVcDlUw,2025-08-27T23:36:11Z,RELEASED,Shipment,Order Payment,VariableClosingFee,-1.8
111-4013882-7942665,1068329410,AoLJW6N-MzNFX-iFhsPFFdQKqDzPznpyE65BwI2sxwM,2025-09-13T21:15:03Z,RELEASED,Refund,Refund,Commission,5.65
111-4013882-7942665,1068329410,AoLJW6N-MzNFX-iFhsPFFdQKqDzPznpyE65BwI2sxwM,2025-09-13T21:15:03Z,RELEASED,Refund,Refund,RefundCommission,-1.13
111-4013882-7942665,1068329410,AoLJW6N-MzNFX-iFhsPFFdQKqDzPznpyE65BwI2sxwM,2025-09-13T21:15:03Z,RELEASED,Refund,Refund,VariableClosingFee,1.8
111-4013882-7942665,1068329410,ChnVFbXlEVZyZg5fYASSy_L7sWn0sFXGsrWJZWOHQOs,2025-08-25T17:52:52Z,RELEASED,Shipment,Order Payment,FBAPerUnitFulfillmentFee,-3.15
111-4013882-7942665,1068329410,ChnVFbXlEVZyZg5fYASSy_L7sWn0sFXGsrWJZWOHQOs,2025-08-25T17:52:52Z,RELEASED,Shipment,Order Payment,Commission,-5.65
111-4013882-7942665,1068329410,ChnVFbXlEVZyZg5fYASSy_L7sWn0sFXGsrWJZWOHQOs,2025-08-25T17:52:52Z,RELEASED,Shipment,Order Payment,VariableClosingFee,-1.8
114-0447408-6785807,1052907525,IOrp5Gd0YvBfAnW6cx9UEHvLmsSE0Ri34g6rCmxf70U,2025-08-30T09:28:04Z,RELEASED,Shipment,Order Payment,FBAPerUnitFulfillmentFee,-5.77
114-0447408-6785807,1052907525,IOrp5Gd0YvBfAnW6cx9UEHvLmsSE0Ri34g6rCmxf70U,2025-08-30T09:28:04Z,RELEASED,Shipment,Order Payment,Commission,-5.69
114-0447408-6785807,1052907525,mO5_fmNWknHSYQt0xZNeLet9ZJ_PCkevY18eSx_wZS0,2025-09-05T21:52:46Z,RELEASED,Refund,Refund,Commission,5.69
114-0447408-6785807,1052907525,mO5_fmNWknHSYQt0xZNeLet9ZJ_PCkevY18eSx_wZS0,2025-09-05T21:52:46Z,RELEASED,Refund,Refund,RefundCommission,-1.14
114-2383470-3392237,1069890500,cfKKesZu1pXzv-bivEqvwvl3t9DepYE77YYl2OJSPTo,2025-09-19T11:23:32Z,RELEASED,Refund,Refund,Commission,7.5
114-2383470-3392237,1069890500,cfKKesZu1pXzv-bivEqvwvl3t9DepYE77YYl2OJSPTo,2025-09-19T11:23:32Z,RELEASED,Refund,Refund,RefundCommission,-1.5
114-2383470-3392237,1069890500,pWxgpR2YQUXXLCynWW8qSb8Hw30llS9fMSNDYqIwDtY,2025-08-29T19:02:22Z,RELEASED,Shipment,Order Payment,FBAPerUnitFulfillmentFee,-3.15
114-2383470-3392237,1069890500,pWxgpR2YQUXXLCynWW8qSb8Hw30llS9fMSNDYqIwDtY,2025-08-29T19:02:22Z,RELEASED,Shipment,Order Payment,Commission,-7.5
114-2383470-3392237,1069890500,pWxgpR2YQUXXLCynWW8qSb8Hw30llS9fMSNDYqIwDtY,2025-08-29T19:02:22Z,RELEASED,Shipment,Order Payment,ShippingChargeback,-1.3
114-2383470-3392237,1069890500,pWxgpR2YQUXXLCynWW8qSb8Hw30llS9fMSNDYqIwDtY,2025-08-29T19:02:22Z,RELEASED,Shipment,Order Payment,VariableClosingFee,-1.8
114-6640619-1201846,1052907525,n1nFgUmQLI_zb6fN3eTHTm6qxo0Tqto6x1QTgCKc4LI,2025-09-09T17:23:27Z,RELEASED,Refund,Refund,Commission,5.69
114-6640619-1201846,1052907525,n1nFgUmQLI_zb6fN3eTHTm6qxo0Tqto6x1QTgCKc4LI,2025-09-09T17:23:27Z,RELEASED,Refund,Refund,RefundCommission,-1.14
114-6640619-1201846,1052907525,Tc2b7k-c8v1WfAJ1IXTxS5loj6oYyHSkGbCDwtABr90,2025-09-04T07:27:39Z,RELEASED,Shipment,Order Payment,FBAPerUnitFulfillmentFee,-5.77
114-6640619-1201846,1052907525,Tc2b7k-c8v1WfAJ1IXTxS5loj6oYyHSkGbCDwtABr90,2025-09-04T07:27:39Z,RELEASED,Shipment,Order Payment,Commission,-5.69
114-8010846-9860240,1066393107,Kto3O0JqgrRWzbcXymM8CuHaPmeoujGKQw_qbqOSTdg,2025-09-17T21:26:55Z,RELEASED,Refund,Refund,Commission,8.05
114-8010846-9860240,1066393107,Kto3O0JqgrRWzbcXymM8CuHaPmeoujGKQw_qbqOSTdg,2025-09-17T21:26:55Z,RELEASED,Refund,Refund,RefundCommission,-1.61
114-8010846-9860240,1066393107,vmpA8AiiWpltA8u47OxHFNM27jewEfJQjoGHRUNh0Mg,2025-08-27T16:41:59Z,RELEASED,Shipment,Order Payment,FBAPerUnitFulfillmentFee,-6.81
114-8010846-9860240,1066393107,vmpA8AiiWpltA8u47OxHFNM27jewEfJQjoGHRUNh0Mg,2025-08-27T16:41:59Z,RELEASED,Shipment,Order Payment,Commission,-8.05
113-5786079-5950647,1063162578,k0Ms7ylxHq_nroFlkeLShj6I6Ub0fiX_a6DZzUvbVKY,2025-08-28T00:21:35Z,RELEASED,Refund,Refund,Commission,6
113-5786079-5950647,1063162578,k0Ms7ylxHq_nroFlkeLShj6I6Ub0fiX_a6DZzUvbVKY,2025-08-28T00:21:35Z,RELEASED,Refund,Refund,RefundCommission,-1.2
113-5786079-5950647,1063162578,liiqYa-BJ88YC9dJRduPREd1pl-3ua8061v7PSU8ZWo,2025-07-28T21:37:45Z,RELEASED,Shipment,Order Payment,FBAPerUnitFulfillmentFee,-7
113-5786079-5950647,1063162578,liiqYa-BJ88YC9dJRduPREd1pl-3ua8061v7PSU8ZWo,2025-07-28T21:37:45Z,RELEASED,Shipment,Order Payment,Commission,-6
112-9740624-6405817,1069261942,hcjgmOLf2jyCRA3hU5lBt9_GeVTNX4dJRyJesNDNATk,2025-08-30T00:06:29Z,RELEASED,Refund,Refund,Commission,3.18
112-9740624-6405817,1069261942,hcjgmOLf2jyCRA3hU5lBt9_GeVTNX4dJRyJesNDNATk,2025-08-30T00:06:29Z,RELEASED,Refund,Refund,RefundCommission,-0.64
112-9740624-6405817,1069261942,k0nI3fPmkdnzos7k_2PT6t1hcF3H9eAcHBjJ4GljRg0,2025-08-25T12:15:40Z,RELEASED,Shipment,Order Payment,FBAPerUnitFulfillmentFee,-4.55
112-9740624-6405817,1069261942,k0nI3fPmkdnzos7k_2PT6t1hcF3H9eAcHBjJ4GljRg0,2025-08-25T12:15:40Z,RELEASED,Shipment,Order Payment,Commission,-3.18
111-5315317-5904218,1068811450,5FfUCLP6-m1LCNjbcZuMQ3mX8MFs5sMAuhd7Qdiv-_8,2025-08-29T03:17:15Z,RELEASED,Refund,Refund,Commission,3
111-5315317-5904218,1068811450,5FfUCLP6-m1LCNjbcZuMQ3mX8MFs5sMAuhd7Qdiv-_8,2025-08-29T03:17:15Z,RELEASED,Refund,Refund,RefundCommission,-0.6
111-5315317-5904218,1068811450,5FfUCLP6-m1LCNjbcZuMQ3mX8MFs5sMAuhd7Qdiv-_8,2025-08-29T03:17:15Z,RELEASED,Refund,Refund,VariableClosingFee,1.8
111-5315317-5904218,1068811450,8TfBDusMLitReGFEEDpaLlhjkn0zsj3cKQ3scjK0_yk,2025-08-07T04:46:50Z,RELEASED,Shipment,Order Payment,FBAPerUnitFulfillmentFee,-3.15
111-5315317-5904218,1068811450,8TfBDusMLitReGFEEDpaLlhjkn0zsj3cKQ3scjK0_yk,2025-08-07T04:46:50Z,RELEASED,Shipment,Order Payment,Commission,-3
111-5315317-5904218,1068811450,8TfBDusMLitReGFEEDpaLlhjkn0zsj3cKQ3scjK0_yk,2025-08-07T04:46:50Z,RELEASED,Shipment,Order Payment,VariableClosingFee,-1.8
