amazon_order_id,amazon_order_item_id,asin,seller_sku,title,purchase_date,sold_units,is_game,system,classification,cogs,cogs_source
111-0014959-8373806,158537158875921,B001KX504C,VL-TTRP-1QSB,Gold's Gym Cardio Workout - Nintendo Wii,2026-04-25 04:40:02+00,1,True,Nintendo Wii,Title/platform heuristic,9.99,mbop_fifo
111-0022475-5353033,152940848074281,B08NDYPWK7,1056263472,DEATHLOOP Standard Edition - PlayStation 5,2026-02-02 19:14:19+00,1,True,PlayStation 5,Title/platform heuristic,14.29,inventorylab_legacy
111-0034049-1328235,140730257549561,B0BPYW4DDB,1065749622,Rustic Pistol Table Lamp - Realistic Novelty Outdoor Lamp - Tabletop Lantern w/ Brushed Black Finish & Gold Detailing - Gun Decorations for Man Cave -,2025-09-28 01:47:03+00,1,False,Unclassified,No reliable game match,19.99,mbop_fifo
111-0041260-3295453,142126995286801,B088HYTLRG,1066664795,Tony Hawk's Pro Skater 1 + 2 - Xbox One,2025-10-11 17:59:11+00,1,True,Xbox One,Title/platform heuristic,8.18,mbop_fifo
111-0041613-4250656,159164119478401,B07FF3F7F9,1071517341,Subnautica - Xbox One,2026-05-04 02:48:19+00,1,True,Xbox One,Title/platform heuristic,27.52,mbop_fifo
111-0055166-7345831,157021433106961,B00ZPTMX60,1041419173,Gears of War 4 - Xbox One,2026-04-02 13:28:00+00,1,True,Xbox One,Title/platform heuristic,24.00,mbop_fifo
111-0064275-3429862,157660667862481,B01G2E4DV4,1066393117,Birds Choice Oriole Feeder Replacement Cup,2026-04-11 19:11:41+00,1,False,Unclassified,No reliable game match,4.09,mbop_fifo
111-0084190-8118637,158769637090721,B01N1GRUUC,1051249032,"Harmony Good Dog Ceramic Dog Bowl, 6 Cups",2026-04-29 02:43:44+00,1,False,Unclassified,No reliable game match,10.99,inventorylab_legacy
111-0085684-1409809,154599435685561,B0D18YSQG9,1070891207,Farming Simulator Kids (Code in Box) - Nintendo Switch,2026-02-25 18:14:55+00,1,True,Nintendo Switch,Title/platform heuristic,8.73,mbop_fifo
111-0086639-3811469,164197723638641,B01LDFGIT2,1058619763,Livewire Advantage Instrument Cable 10 ft. Black,2026-07-06 19:58:18+00,1,False,Unclassified,No reliable game match,10.48,inventorylab_legacy
111-0098058-1261070,146770061738601,B0086V5UF0,1034379353,Just Dance 4 - Nintendo Wii,2025-11-19 12:40:15+00,1,True,Nintendo Wii,Title/platform heuristic,20.62,mbop_fifo
111-0112137-1053873,152822847749361,B000L422L0,1068811450,Brooktown High: Senior Year - Sony PSP,2026-01-31 20:15:04+00,1,True,PSP,Title/platform heuristic,5.10,inventorylab_legacy
111-0121086-8106654,154820042803281,B07F3ZDD83,1071133147,Carnival Games (Nintendo Switch),2026-02-28 18:50:31+00,1,True,Nintendo Switch,Title/platform heuristic,8.00,mbop_fifo
111-0155202-7819428,139930446421521,B01LDFGIT2,1058619763,Livewire Advantage Instrument Cable 10 ft. Black,2025-09-20 21:37:36+00,1,False,Unclassified,No reliable game match,10.48,inventorylab_legacy
111-0176642-8310636,148060910864161,B089DFJJGR,1064186110,Madden NFL 21 - PlayStation 4,2025-11-30 14:22:54+00,1,True,PlayStation 4,Title/platform heuristic,10.90,mbop_fifo
111-0177943-4841811,142204002375041,B096WZFCHR,1070280034,Marvel's Guardians of the Galaxy - PlayStation 5,2025-10-12 19:10:38+00,1,True,PlayStation 5,Title/platform heuristic,22.97,mbop_fifo
111-0188790-6005049,139714369199521,B01LDFGIT2,1058619763,Livewire Advantage Instrument Cable 10 ft. Black,2025-09-18 17:43:04+00,1,False,Unclassified,No reliable game match,10.48,inventorylab_legacy
111-0211688-2398640,162971817500921,B000X44XTM,1071047179,Sega Bass Fishing - Nintendo Wii,2026-06-21 15:34:49+00,1,True,Nintendo Wii,Title/platform heuristic,11.94,inventorylab_legacy
111-0213246-3494622,142297321259361,B016KAKD7S,1030912249,"18"" Bendable Muslin DollNew by: CC",2025-10-13 16:49:36+00,1,False,Unclassified,No reliable game match,8.99,inventorylab_legacy
111-0230248-2304253,158613843397241,B09S65Q9XV,1071453881,MLB The Show 22 for PlayStation 4,2026-04-26 18:03:15+00,1,True,PlayStation 4,Title/platform heuristic,22.04,inventorylab_legacy
111-0246130-7990657,158995383564801,B01AC3ZD06,1048894668,Nintendo Selects: Super Mario 3D World - Wii U Standard Edition,2026-04-30 20:44:29+00,1,True,Nintendo Wii U,Title/platform heuristic,20.29,mbop_fifo
111-0246205-8449045,152724511676041,B00I9UVY30,1070891227,EA Sports 2014 FIFA World Cup Brazil - PlayStation 3,2026-01-30 05:15:07+00,1,True,PlayStation 3,Title/platform heuristic,17.47,inventorylab_legacy
111-0247308-4472206,148375080954241,B003LDKIUA,1041266555,Pac-Man Party - Nintendo Wii,2025-12-03 18:43:26+00,1,True,Nintendo Wii,Title/platform heuristic,24.36,inventorylab_legacy
111-0247537-8260279,142184560258081,B07HFMJ4R5,1068329410,Minecraft: Starter Collection - Xbox One,2025-10-12 12:45:13+00,1,True,Xbox One,Title/platform heuristic,23.49,inventorylab_legacy
111-0250961-6647456,164425281461241,B07NZVN8T7,1059738979,World War Z - PlayStation 4,2026-07-10 03:52:44+00,1,True,PlayStation 4,Title/platform heuristic,15.00,inventorylab_legacy
111-0261994-2981058,160574731324281,B074B5F8LD,1038148525,Wolfenstein: The Two-Pack - Xbox One,2026-05-22 21:57:22+00,1,True,Xbox One,Title/platform heuristic,22.95,mbop_fifo
111-0265268-9871431,138818654557121,B00DND7H9S,1058619759,Sound Percussion Labs Hickory Drumsticks 4-Pack 5B Nylon,2025-09-11 02:08:04+00,1,False,Unclassified,No reliable game match,14.07,mbop_fifo
111-0265843-7569069,151357361757201,B003S2JI6O,JS-1DC1-9X53,Wheel of Fortune - Nintendo Wii,2026-01-09 13:00:49+00,1,True,Nintendo Wii,Title/platform heuristic,15.00,mbop_fifo
111-0271394-8957816,159089068630081,B078HH451K,1071283716,Adventure Time: Pirates of the Enchiridion - PlayStation 4 Edition,2026-05-02 23:53:56+00,1,True,PlayStation 4,Title/platform heuristic,17.99,mbop_fifo
111-0281102-5649054,144611090080481,B01N03NM02,1058392679,"Harmony Good Dog Ceramic Dog Bowl, 1 Cup",2025-10-25 01:36:11+00,1,False,Unclassified,No reliable game match,5.99,inventorylab_legacy
111-0282423-1168233,149915668188801,B0BPPQWQW2,1069286282,Diablo IV - PlayStation 4,2025-12-20 01:30:32+00,1,True,PlayStation 4,Title/platform heuristic,16.66,mbop_fifo
111-0286064-5348231,159177134138801,B01N03NM02,1058392679,"Harmony Good Dog Ceramic Dog Bowl, 1 Cup",2026-05-04 12:08:15+00,1,False,Unclassified,No reliable game match,5.99,inventorylab_legacy
111-0316024-8416230,138473177531801,B01N9QVIRV,1065946902,Switch Title 3 -,2025-09-06 17:25:05+00,1,True,Nintendo Switch,Title/platform heuristic,25.02,inventorylab_legacy
111-0325542-7614650,157220139337721,B0B94THZRT,1065946220,Dead Island 2: Day 1 Edition - PlayStation 5,2026-04-05 23:29:07+00,1,True,PlayStation 5,Title/platform heuristic,17.82,mbop_fifo
111-0331002-9081035,159421152582681,B0794QSXP5,1071133179,Dragon Ball Fighterz - Xbox One,2026-05-08 03:15:06+00,1,True,Xbox One,Title/platform heuristic,21.38,inventorylab_legacy
111-0334003-7598677,160177312863681,B01N1GRUUC,1051249032,"Harmony Good Dog Ceramic Dog Bowl, 6 Cups",2026-05-18 12:36:56+00,2,False,Unclassified,No reliable game match,21.98,inventorylab_legacy
111-0353677-4745801,147149608349961,B0C7PN2L5V,1068811427,Starfield: Standard Edition - Xbox Series X,2025-11-23 18:32:05+00,1,True,Xbox Series X,Title/platform heuristic,26.80,mbop_fifo
111-0354847-6621877,141053520472681,B01LDFGIT2,1058619763,Livewire Advantage Instrument Cable 10 ft. Black,2025-10-02 00:19:18+00,1,False,Unclassified,No reliable game match,10.48,inventorylab_legacy
111-0375383-5534617,160028945229841,B075MSL3BV,1047886637,ARK: Survival Evolved - Xbox One,2026-05-16 00:10:19+00,1,True,Xbox One,Title/platform heuristic,17.50,inventorylab_legacy
111-0383048-7637052,146119636703881,B07T3Y9GKN,1067489114,St. Nicholas Square Red and White 21 Inches Christmas Knit Stocking Letter F,2025-11-12 16:03:15+00,1,False,Unclassified,No reliable game match,,missing
111-0389693-7785869,148831653894561,B07SMBNTSJ,1070280046,Elden Ring - Xbox Series X,2025-12-08 17:09:57+00,1,True,Xbox Series X,Title/platform heuristic,24.00,mbop_fifo
111-0390048-4579460,146222176143321,B0CFTFG12B,1069890477,Call of Duty Modern Warfare III - Xbox,2025-11-14 02:29:50+00,1,True,Xbox,Title/platform heuristic,24.00,mbop_fifo
111-0397876-6721042,145044747528961,B01N1GRUUC,1051249032,"Harmony Good Dog Ceramic Dog Bowl, 6 Cups",2025-10-31 01:40:05+00,1,False,Unclassified,No reliable game match,10.99,inventorylab_legacy
111-0401566-5730624,158220782207641,B0721JX2WR,1071283717,The Evil Within 2 - PS4,2026-04-21 05:10:37+00,1,True,PlayStation 4,Amazon product type,19.27,mbop_fifo
111-0417260-3878650,150748160619881,B09RRHYD97,1065946288,Ghostwire: Tokyo Standard Edition - PlayStation 5,2026-01-01 15:57:38+00,1,True,PlayStation 5,Title/platform heuristic,15.43,mbop_fifo
111-0432166-5761838,146220100709321,B003UT9XJM,K1-89AB-9LOV,Game Party: In Motion - Xbox 360,2025-11-14 01:53:24+00,1,True,Xbox 360,Title/platform heuristic,10.90,mbop_fifo
111-0432418-9566618,161840284253121,B01G2E4DV4,1066393117,Birds Choice Oriole Feeder Replacement Cup,2026-06-07 22:57:53+00,1,False,Unclassified,No reliable game match,,missing
111-0478918-0543409,146531011719841,B08NMQNSX3,1068329365,Madden NFL 21 Next Level Edition - PlayStation 5,2025-11-17 15:25:54+00,1,True,PlayStation 5,Title/platform heuristic,7.19,mbop_fifo
111-0486879-6580229,152673594488321,B014N4RTS4,1045692341,YO-KAI WATCH - 3DS,2026-01-29 05:24:35+00,1,True,Nintendo 3DS,Title/platform heuristic,24.00,mbop_fifo
111-0489579-6742647,165813381381041,B0748VH8ZF,1039345443,The Sims 4 - Xbox One [Xbox One],2026-07-29 21:16:19+00,1,True,Xbox One,Title/platform heuristic,13.72,inventorylab_legacy
111-0491407-2891401,159111314975441,B01G2E4DV4,1066393117,Birds Choice Oriole Feeder Replacement Cup,2026-05-03 14:42:47+00,2,False,Unclassified,No reliable game match,10.62,mbop_fifo
111-0525508-1731442,157360505637481,B096WZFCHR,1070280034,Marvel's Guardians of the Galaxy - PlayStation 5,2026-04-08 06:33:26+00,1,True,PlayStation 5,Title/platform heuristic,24.99,mbop_fifo
111-0534665-6157039,146954783138401,B082LQ4Q9Y,1068329377,Resident Evil 3 - Xbox One,2025-11-21 14:42:12+00,1,True,Xbox One,Title/platform heuristic,29.56,mbop_fifo
111-0543133-2833807,146682968099921,B07HFMJ4R5,1068329410,Minecraft: Starter Collection - Xbox One,2025-11-19 02:12:12+00,1,True,Xbox One,Title/platform heuristic,23.49,inventorylab_legacy
111-0555407-6471436,153407505166241,B096WZFCHR,1070280034,Marvel's Guardians of the Galaxy - PlayStation 5,2026-02-10 15:02:19+00,1,True,PlayStation 5,Title/platform heuristic,24.36,mbop_fifo
111-0563941-9493827,149006400951921,B003S2JI82,OK-7Q67-6J4G,Jeopardy - Nintendo Wii,2025-12-09 20:34:28+00,1,True,Nintendo Wii,Title/platform heuristic,10.00,mbop_fifo
111-0586341-3721049,160364615486441,B00VU4J8YY,1047009622,Call of Duty: Black Ops III - Standard Edition - Xbox One,2026-05-19 20:00:06+00,1,True,Xbox One,Title/platform heuristic,22.15,mbop_fifo
111-0616204-1325040,157168477653361,B07SL77MHX,1068811473,No More Heroes 3,2026-04-04 23:56:45+00,1,False,Unclassified,No reliable game match,17.50,inventorylab_legacy
111-0634512-1758622,149591337997321,B01B298Q0S,1070625076,Teenage Mutant Ninja Turtles: Mutants in Manhattan - Xbox One,2025-12-15 23:13:39+00,1,True,Xbox One,Title/platform heuristic,,missing
111-0639891-7480214,147981531826961,B07HFMJ4R5,1068329410,Minecraft: Starter Collection - Xbox One,2025-11-29 18:01:57+00,1,True,Xbox One,Title/platform heuristic,23.49,inventorylab_legacy
111-0643566-3446647,138190762526601,B08GSP1HBM,1067108754,"Goosebumps: Dead of Night, Cosmic Forces - Nintendo Switch",2025-09-03 00:37:22+00,1,True,Nintendo Switch,Title/platform heuristic,16.82,mbop_fifo
111-0671223-9025812,146427425532601,B08NMQNSX3,1068329365,Madden NFL 21 Next Level Edition - PlayStation 5,2025-11-17 00:38:29+00,1,True,PlayStation 5,Title/platform heuristic,,missing
111-0681078-6717069,157904000314201,B01G2E4DV4,1066393117,Birds Choice Oriole Feeder Replacement Cup,2026-04-15 20:24:12+00,1,False,Unclassified,No reliable game match,4.09,mbop_fifo
111-0691224-1554666,165502145916441,B0052VPDMM,1071047184,Family Game Night 4: The Game Show - Xbox 360 [Xbox 360],2026-07-25 02:44:47+00,1,True,Xbox 360,Title/platform heuristic,13.98,inventorylab_legacy
111-0764489-2822613,158448532633401,B072JY7NX5,ZU-L43O-EVLC,Wolfenstein II: The New Colossus - PlayStation 4,2026-04-23 23:50:03+00,1,True,PlayStation 4,Title/platform heuristic,24.99,mbop_fifo
111-0768048-5498629,158038083782481,B01N1GRUUC,1051249032,"Harmony Good Dog Ceramic Dog Bowl, 6 Cups",2026-04-18 00:47:57+00,1,False,Unclassified,No reliable game match,10.99,inventorylab_legacy
111-0778554-2101815,146995426703161,B097FP294Y,1070280033,Aliens Fireteam Elite - PlayStation 5,2025-11-21 22:27:02+00,1,True,PlayStation 5,Title/platform heuristic,15.99,mbop_fifo
111-0781496-3547433,162041822999921,B08DD5559K,1057774272,Minecraft Dungeons: Hero Edition - Xbox Series X & Xbox One,2026-06-10 20:58:17+00,1,True,Xbox Series X/Xbox One,Title/platform heuristic,18.25,inventorylab_legacy
111-0807496-5267465,145145298262321,B01N1GRUUC,1051249032,"Harmony Good Dog Ceramic Dog Bowl, 6 Cups",2025-11-02 05:04:18+00,1,False,Unclassified,No reliable game match,10.99,inventorylab_legacy
111-0817753-6475460,145174700288001,B0C9R3949C,1070280035,RollerCoaster Tycoon Adventures Deluxe - PlayStation 5,2025-11-02 17:19:21+00,1,True,PlayStation 5,Title/platform heuristic,23.50,mbop_fifo
111-0825012-3385840,158129313737601,B07VWCR94W,1033469061,WWE 2K20 - PlayStation 4,2026-04-19 19:12:11+00,1,True,PlayStation 4,Title/platform heuristic,16.19,inventorylab_legacy
111-0827512-5281840,166115687644561,B0088I86SO,1041418978,Just Dance 4 - Nintendo Wii U [Nintendo Wii U],2026-08-02 01:15:50+00,1,True,Nintendo Wii U,Title/platform heuristic,26.92,inventorylab_legacy
111-0901055-9774652,167596141012161,B01N1GRUUC,1051249032,"Harmony Good Dog Ceramic Dog Bowl, 6 Cups",2026-08-20 15:51:25+00,1,False,Unclassified,No reliable game match,10.99,inventorylab_legacy
111-0904498-6401856,141480273835201,B01N9QVIRV,1065946902,Switch Title 3 -,2025-10-06 18:34:32+00,1,True,Nintendo Switch,Title/platform heuristic,25.02,inventorylab_legacy
111-0925380-3601039,145892058557441,B07X35GXG3,1066663896,Nighthawk Interactive Disney Classic Games: Aladdin and The Lion King - Nintendo Switch,2025-11-10 10:49:23+00,1,True,Nintendo Switch,Title/platform heuristic,14.00,mbop_fifo
111-0932214-9442606,157796038866641,B082QL63JB,1037691479,Fast & Furious Crossroads - Xbox One,2026-04-13 23:38:41+00,1,True,Xbox One,Title/platform heuristic,14.99,mbop_fifo
111-0934957-1227435,148215543921841,B0D3P4HV27,1068866835,Madden NFL 25 - Xbox Series X,2025-12-01 21:14:36+00,1,True,Xbox Series X,Title/platform heuristic,14.29,mbop_fifo
111-0950938-0480202,155377247356401,B01AC3ZD06,1048894668,Nintendo Selects: Super Mario 3D World - Wii U Standard Edition,2026-03-07 21:53:48+00,1,True,Nintendo Wii U,Title/platform heuristic,15.71,mbop_fifo
111-0976466-8071440,141467550521801,B0B3H227Z5,1066663071,Call of Duty: Modern Warfare II - PlayStation 5,2025-10-06 18:20:57+00,1,True,PlayStation 5,Title/platform heuristic,19.99,mbop_fifo
111-0982772-0126635,162914683580761,B01AC3ZD06,1048894668,Nintendo Selects: Super Mario 3D World - Wii U Standard Edition,2026-06-20 16:23:13+00,1,True,Nintendo Wii U,Title/platform heuristic,,missing
111-1015504-7953840,156576282235881,B00FF5KWQW,1068329371,Angry Birds: Star Wars - Xbox One,2026-03-26 17:32:06+00,1,True,Xbox One,Title/platform heuristic,23.00,mbop_fifo
111-1022607-1633023,150767225319321,B016KAKD7S,1030912249,"18"" Bendable Muslin DollNew by: CC",2026-01-01 23:27:06+00,1,False,Unclassified,No reliable game match,8.99,inventorylab_legacy
111-1076981-7440260,146052385328561,B0973KMCFG,1070474324,Just Dance 2022 - Nintendo Switch,2025-11-11 18:01:22+00,1,True,Nintendo Switch,Title/platform heuristic,14.00,mbop_fifo
111-1090107-9016235,155933011586601,B00KWFCV32,1028908801,Splatoon,2026-03-16 03:12:46+00,1,True,Nintendo Wii U,Title/platform heuristic,27.94,inventorylab_legacy
111-1119433-0789004,142339843473041,B014N4RTS4,1045692341,YO-KAI WATCH - 3DS,2025-10-14 02:25:59+00,1,True,Nintendo 3DS,Title/platform heuristic,,missing
111-1120275-4548208,150378781061881,B09FCXXGT5,1068811453,Big Brain Academy: Brain vs. Brain - Nintendo Switch,2025-12-27 02:12:56+00,1,True,Nintendo Switch,Title/platform heuristic,20.00,mbop_fifo
111-1130957-1893809,147971245130001,B000L422L0,1068811450,Brooktown High: Senior Year - Sony PSP,2025-11-29 16:38:46+00,1,True,PSP,Title/platform heuristic,5.10,inventorylab_legacy
111-1135690-8862651,168286541744601,B01N1GRUUC,1051249032,"Harmony Good Dog Ceramic Dog Bowl, 6 Cups",2026-08-28 19:57:29+00,1,False,Unclassified,No reliable game match,10.99,inventorylab_legacy
111-1139843-0165028,163979033894201,B01J4PHT3C,1070280032,Yakuza 0 - PlayStation Hits - PlayStation 4,2026-07-02 21:18:54+00,1,True,PlayStation 4,Title/platform heuristic,16.99,inventorylab_legacy
111-1166268-1322625,156979292507361,B00CSLJ1L8,1070891246,Pac-Man and the Ghostly Adventures - Nintendo 3DS,2026-04-01 20:04:24+00,1,True,Nintendo 3DS,Title/platform heuristic,26.25,inventorylab_legacy
111-1172978-0785802,161014451625681,B001QRWE14,1070891244,Transformers: Revenge of the Fallen - PC,2026-05-29 01:07:39+00,1,True,PC,Title/platform heuristic,29.56,inventorylab_legacy
111-1187406-9553029,156829787925801,B01G2E4DV4,1066393117,Birds Choice Oriole Feeder Replacement Cup,2026-03-30 16:04:04+00,2,False,Unclassified,No reliable game match,8.18,mbop_fifo
111-1188225-2406643,144867113876761,B01N03NM02,1058392679,"Harmony Good Dog Ceramic Dog Bowl, 1 Cup",2025-10-28 11:23:45+00,1,False,Unclassified,No reliable game match,5.99,inventorylab_legacy
111-1202734-1465059,162244000371721,B004U4C25S,1071379597,UFC Personal Trainer - Nintendo Wii,2026-06-12 18:29:10+00,1,True,Nintendo Wii,Title/platform heuristic,19.46,inventorylab_legacy
111-1204827-6620207,149485565990561,B0B6JQHB4P,1063376893,FIFA 23 - PlayStation 4,2025-12-14 20:08:31+00,1,True,PlayStation 4,Title/platform heuristic,19.99,mbop_fifo
111-1222645-1457838,146559652803801,B0CFTFG12B,1069890477,Call of Duty Modern Warfare III - Xbox,2025-11-17 21:02:33+00,1,True,Xbox,Title/platform heuristic,24.00,mbop_fifo
111-1237472-7306600,159185420219001,B01G2E4DV4,1066393117,Birds Choice Oriole Feeder Replacement Cup,2026-05-04 12:50:02+00,1,False,Unclassified,No reliable game match,5.31,mbop_fifo
111-1245530-2656268,160637020445041,B08GR2SCLF,1071283722,Puyo Puyo Tetris 2: Launch Edition - PlayStation 5,2026-05-24 19:21:42+00,1,True,PlayStation 5,Title/platform heuristic,13.06,mbop_fifo
111-1246125-5760238,157215675470921,B003S2JI6O,JS-1DC1-9X53,Wheel of Fortune,2026-04-05 22:19:24+00,1,True,Nintendo Wii,Title/platform heuristic,14.17,mbop_fifo
111-1270257-0245823,162045332931641,B08SZ1F5FB,1046305951,Control Ultimate Edition - Xbox Series X,2026-06-10 19:05:14+00,1,True,Xbox Series X,Title/platform heuristic,,missing
111-1278785-4455437,165798247065761,B01K63R7EW,CL-3FZI-8LNN,Destiny The Collection - Xbox One Standard Edition [Xbox One],2026-07-29 17:57:52+00,1,True,Xbox One,Title/platform heuristic,,missing
111-1282116-3123418,161898528632001,B09Q3Q893F,1071133144,Monster Energy Supercross 5 - PlayStation 5,2026-06-08 20:30:10+00,1,True,PlayStation 5,Title/platform heuristic,16.95,inventorylab_legacy
111-1289416-8969018,163855822216361,B0BFT3XGY7,1071517351,Atelier Ryza 3: Alchemist of the End & the Secret Key - Nintendo Switch,2026-07-01 02:27:39+00,1,True,Nintendo Switch,Title/platform heuristic,45.00,inventorylab_legacy
111-1303068-8911438,146078346861041,B00005BZC7,1070474314,Shrek 2 - PlayStation 2,2025-11-11 22:30:36+00,1,True,PlayStation 2,Title/platform heuristic,24.95,mbop_fifo
111-1316248-5474623,158526057193201,B09S65Q9XV,1071453881,MLB The Show 22 for PlayStation 4,2026-04-25 01:09:25+00,1,True,PlayStation 4,Title/platform heuristic,22.04,inventorylab_legacy
111-1323781-8533019,160983186362281,B00XWQZPQ8,1068811431,Need for Speed - Xbox One,2026-05-28 14:41:17+00,1,True,Xbox One,Title/platform heuristic,12.42,inventorylab_legacy
111-1337784-7665865,154841325412641,B08CGCZTYQ,1070891175,Cobra Kai Karate Kid Saga - PS4 - PlayStation 4,2026-03-01 00:57:13+00,1,True,PlayStation 4,Title/platform heuristic,11.04,inventorylab_legacy
111-1340445-2764260,142198000481721,B097FP294Y,1070280033,Aliens Fireteam Elite - PlayStation 5,2025-10-12 15:10:19+00,1,True,PlayStation 5,Title/platform heuristic,15.29,mbop_fifo
111-1360659-2770632,142269010789361,B07TY1G21N,1070280043,Konami Yu-Gi-Oh! Legacy of The Duelist Nintendo Switch,2025-10-13 07:38:08+00,1,True,Nintendo Switch,Title/platform heuristic,21.49,mbop_fifo
111-1361428-9450604,166133747703001,B0BXTDQRCD,1059898566,"Jessica Simpson Nellah Ash Blue HIgh Heel Platform Pump Thick Heel Rounded Toe (Ash Blue, 8.5)",2026-08-02 10:20:04+00,1,False,Unclassified,No reliable game match,,missing
111-1363549-2106607,148702213193921,B01N9QVIRV,1065946902,Switch Title 3 -,2025-12-07 01:44:04+00,1,True,Nintendo Switch,Title/platform heuristic,25.02,inventorylab_legacy
111-1365301-4214617,159692675862121,B008QLUTHO,1071517334,The Sims 3 Seasons,2026-05-12 04:08:57+00,1,False,Unclassified,No reliable game match,10.93,mbop_fifo
111-1373847-8589055,165144621379121,B01N03NM02,1058392679,"Harmony Good Dog Ceramic Dog Bowl, 1 Cup",2026-07-20 14:45:21+00,1,False,Unclassified,No reliable game match,5.99,inventorylab_legacy
111-1376041-4194663,147858083188761,B0B359B45Q,1069890493,Little League World Series PS4,2025-11-28 20:47:35+00,1,True,PlayStation 4,Title/platform heuristic,21.00,mbop_fifo
111-1390927-8021830,153576360387041,B086CSWT12,1071047177,The Wonderful 101: Remastered for Nintendo Switch,2026-02-13 01:08:12+00,1,True,Nintendo Switch,Title/platform heuristic,18.00,mbop_fifo
111-1405943-5533036,164569666443441,B00ECOBFA4,1071283740,The LEGO Movie Videogame - Xbox 360 Standard Edition,2026-07-12 16:51:25+00,1,True,Xbox 360,Title/platform heuristic,,missing
111-1429251-9697043,163165568346641,B09S65Q9XV,1071453881,MLB The Show 22 for PlayStation 4,2026-06-24 00:42:15+00,1,True,PlayStation 4,Title/platform heuristic,22.04,inventorylab_legacy
111-1455985-2073054,138469105783841,B002I0IIPY,1049391798,Sonic Colors - Nintendo Wii,2025-09-06 16:39:24+00,1,True,Nintendo Wii,Title/platform heuristic,16.95,mbop_fifo
111-1489653-9737047,139159677639041,B01N9QVIRV,1065946902,Switch Title 3 -,2025-09-13 18:56:46+00,1,True,Nintendo Switch,Title/platform heuristic,25.02,inventorylab_legacy
111-1501296-9057054,154315479496321,B00BSELY9I,1066662989,PS3 NCAA FOOTBALL 13,2026-02-22 19:42:45+00,1,True,PlayStation 3,Title/platform heuristic,25.60,inventorylab_legacy
111-1503336-8840249,159481103202521,B0B9H3JDL5,1071517350,Miraculous: Rise of the Sphinx - PlayStation 4,2026-05-08 19:23:51+00,1,True,PlayStation 4,Title/platform heuristic,9.00,inventorylab_legacy
111-1513109-0729006,163656356277761,B0053BG122,YN-AK91-QDWR,Just Dance 3,2026-06-28 00:17:23+00,1,False,Unclassified,No reliable game match,,missing
111-1520140-1341800,143931528995281,B00DC7G2W8,1065304546,Mario Kart 8 - Wii U,2025-10-18 23:02:08+00,1,True,Nintendo Wii U,Title/platform heuristic,24.62,mbop_fifo
111-1549264-6641802,158480426330601,B08JDTJ9V5,1071379592,Fitness Boxing 2: Rhythm & Exercise - Nintendo Switch,2026-04-24 13:10:00+00,1,True,Nintendo Switch,Title/platform heuristic,25.63,mbop_fifo
111-1557660-4053803,150471503160721,B06XDN21W5,1031051552,Paradise Treasure Trove Brown White Football Coin Piggy Bank Sports Stitching,2025-12-28 17:45:49+00,1,False,Unclassified,No reliable game match,8.99,mbop_fifo
111-1559078-5725805,153419570380481,B07RQ1JYNF,1071047171,World War Z PS4 (PS4),2026-02-10 04:08:46+00,1,True,PlayStation 4,Title/platform heuristic,14.37,mbop_fifo
111-1572658-4305057,149059484410961,B00KLMOY4K,1048220574,Plants vs Zombies Garden Warfare(Online Play Required) - PlayStation 4,2025-12-10 14:28:55+00,1,True,PlayStation 4,Title/platform heuristic,12.50,inventorylab_legacy
111-1578056-9643423,162491733634921,B07L1FTG1H,1033470703,Far Cry New Dawn - Xbox One Standard Edition,2026-06-16 20:23:01+00,1,True,Xbox One,Title/platform heuristic,,missing
111-1599222-4323434,148295241902241,B00KLMOY4K,1048220574,Plants vs Zombies Garden Warfare(Online Play Required) - PlayStation 4,2025-12-02 18:07:28+00,1,True,PlayStation 4,Title/platform heuristic,12.50,inventorylab_legacy
111-1623626-6290605,147755212699961,B096WVJ9Q4,1068329357,Marvel's Guardians of the Galaxy PlayStation 4 with Free Upgrade to the Digital PS5 Version,2025-11-28 01:57:13+00,1,True,PlayStation 4/PlayStation 5,Title/platform heuristic,15.95,mbop_fifo
111-1653421-6113041,163736248464201,B01N54QSH6,1052907525,"Harmony Good Dog Ceramic Dog Bowl, 3 Cups",2026-06-29 15:33:39+00,1,False,Unclassified,No reliable game match,,missing
111-1660318-8077014,166376714565841,B01N03NM02,1058392679,"Harmony Good Dog Ceramic Dog Bowl, 1 Cup",2026-08-05 03:18:10+00,1,False,Unclassified,No reliable game match,5.99,inventorylab_legacy
111-1691449-1497027,147014248062801,B098Y94S29,1064186291,NBA 2K22 - PlayStation 4,2025-11-22 02:52:54+00,1,True,PlayStation 4,Title/platform heuristic,13.85,mbop_fifo
111-1784503-4521036,156485984852361,B01N54QSH6,1052907525,"Harmony Good Dog Ceramic Dog Bowl, 3 Cups",2026-03-25 11:03:13+00,1,False,Unclassified,No reliable game match,7.99,mbop_fifo
111-1784880-1841835,163831273743561,B006D3JWR0,1023420854,Tiger Woods PGA TOUR 13 - Xbox 360,2026-06-30 20:22:43+00,1,True,Xbox 360,Title/platform heuristic,,missing
111-1802238-3581861,157020779893321,B0088I8M0Q,QD-SLDH-ZFD2,Just Dance: Disney Party XBOX 360,2026-04-02 13:32:29+00,1,True,Xbox 360,Title/platform heuristic,14.70,mbop_fifo
111-1805564-0405869,144256399033321,B002BSA20M,1070280045,Halo Reach,2025-10-22 13:49:33+00,1,False,Unclassified,No reliable game match,13.30,mbop_fifo
111-1838227-8637838,149289268386081,B06XDN21W5,1031051552,Paradise Treasure Trove Brown White Football Coin Piggy Bank Sports Stitching,2025-12-12 11:28:48+00,1,False,Unclassified,No reliable game match,8.99,mbop_fifo
111-1861375-3671433,144843198789921,B01N03NM02,1058392679,"Harmony Good Dog Ceramic Dog Bowl, 1 Cup",2025-10-28 02:45:09+00,1,False,Unclassified,No reliable game match,5.99,inventorylab_legacy
111-1865364-9975447,149217874317281,B07XGW61PX,1063375936,Plants Vs. Zombies: Battle for Neighborville - Xbox One,2025-12-12 05:51:13+00,1,True,Xbox One,Title/platform heuristic,13.87,inventorylab_legacy
111-1880641-8825004,164139588832441,B003R7H5TC,1049720354,Need for Speed Hot Pursuit - Playstation 3,2026-07-05 23:53:52+00,1,True,PlayStation 3,Title/platform heuristic,,missing
111-1880767-6281811,156777459545401,B096WZFCHR,1070280034,Marvel's Guardians of the Galaxy - PlayStation 5,2026-03-29 19:35:18+00,1,True,PlayStation 5,Title/platform heuristic,25.77,mbop_fifo
111-1894320-7876255,157176420365721,B01N03NM02,1058392679,"Harmony Good Dog Ceramic Dog Bowl, 1 Cup",2026-04-05 04:43:43+00,1,False,Unclassified,No reliable game match,5.99,inventorylab_legacy
111-1903375-2538631,164375537109321,B00AXI9XIE,1071517335,DISNEY INFINITY Starter Pack PS3,2026-07-09 13:15:47+00,1,True,PlayStation 3,Title/platform heuristic,45.00,inventorylab_legacy
111-1908393-1628252,140027697905761,B0CGY12KNV,1068811449,EA SPORTS WRC - PS5,2025-09-22 01:36:02+00,1,True,PlayStation 5,Title/platform heuristic,16.00,mbop_fifo
111-1908550-1877025,157605758516801,B01G2E4DV4,1066393117,Birds Choice Oriole Feeder Replacement Cup,2026-04-10 16:24:54+00,1,False,Unclassified,No reliable game match,4.09,mbop_fifo
111-1927633-2013869,157011943397681,B001DO3NEW,1038680538,Wii Music,2026-04-02 04:44:17+00,1,True,Nintendo Wii,Title/platform heuristic,17.54,inventorylab_legacy
111-1960519-1185832,166075871910721,B08NDYPWK7,1056263472,DEATHLOOP Standard Edition - PlayStation 5 [PlayStation 5],2026-08-01 19:57:26+00,1,True,PlayStation 5,Title/platform heuristic,14.29,inventorylab_legacy
111-1970251-6942663,167744579731881,B01N1GRUUC,1051249032,"Harmony Good Dog Ceramic Dog Bowl, 6 Cups",2026-08-21 12:13:23+00,1,False,Unclassified,No reliable game match,10.99,inventorylab_legacy
111-2003137-0214624,155855825850881,B006ZPAYMI,1068811430,Kinect Rush: A Disney Pixar Adventure - Xbox 360,2026-03-14 22:11:19+00,1,True,Xbox 360,Title/platform heuristic,22.32,inventorylab_legacy
111-2013866-3167419,159510930969601,B001U2BMF4,1033469019,Tiger Woods PGA Tour 10 - Nintendo Wii,2026-05-09 05:14:05+00,1,True,Nintendo Wii,Title/platform heuristic,11.88,mbop_fifo
111-2022405-2025058,157789960447841,B072JY7NX5,ZU-L43O-EVLC,Wolfenstein II: The New Colossus - PlayStation 4,2026-04-13 23:02:54+00,1,True,PlayStation 4,Title/platform heuristic,23.15,mbop_fifo
111-2033984-5117828,166472652200961,B018F6NVFQ,1071744012,Granblue Fantasy: Versus [PlayStation 4],2026-08-06 05:34:00+00,1,True,PlayStation 4,Title/platform heuristic,,missing
111-2079033-1246648,155233951642721,B0CHN2DVSX,1069261942,Hobby Lobby Fudge Brownie Candle Tin,2026-03-06 03:49:56+00,4,False,Unclassified,No reliable game match,35.96,inventorylab_legacy
111-2085114-0733800,150030440457881,B06XDN21W5,1031051552,Paradise Treasure Trove Brown White Football Coin Piggy Bank Sports Stitching,2025-12-21 21:09:40+00,1,False,Unclassified,No reliable game match,8.99,mbop_fifo
111-2089458-8164247,158081628590201,B0CHN2DVSX,1069261942,Hobby Lobby Fudge Brownie Candle Tin,2026-04-18 20:58:12+00,1,False,Unclassified,No reliable game match,8.99,inventorylab_legacy
111-2107264-8457008,147712112818321,B001ABK1LQ,1063376940,Guitar Hero World Tour - Playstation 3 (Game only),2025-11-27 14:46:57+00,1,True,PlayStation 3,Title/platform heuristic,20.99,mbop_fifo
111-2120775-7588249,148216730801641,B0C3KRX4X4,1070625058,Super Mega Baseball 4 - PlayStation 4,2025-12-01 22:14:11+00,1,True,PlayStation 4,Title/platform heuristic,8.23,mbop_fifo
111-2135647-3932204,157332380856881,B01G2E4DV4,1066393117,Birds Choice Oriole Feeder Replacement Cup,2026-04-07 21:32:13+00,1,False,Unclassified,No reliable game match,4.09,mbop_fifo
111-2136863-7096220,144623871736081,B07HFMJ4R5,1068329410,Minecraft: Starter Collection - Xbox One,2025-10-25 16:53:34+00,1,True,Xbox One,Title/platform heuristic,23.49,inventorylab_legacy
111-2138696-0892263,146085510128681,B003O6E986,1067108762,Forza Motorsport 4 - Xbox 360,2025-11-12 01:07:15+00,1,True,Xbox 360,Title/platform heuristic,25.76,inventorylab_legacy
111-2156268-6709853,154857891038801,B002GPPPS4,1071047183,Castlevania Lords of Shadow,2026-03-01 06:53:42+00,1,False,Unclassified,No reliable game match,23.00,mbop_fifo
111-2180810-3641819,167995646167321,B07VWCR94W,1033469061,WWE 2K20 - PlayStation 4 [PlayStation 4],2026-08-25 03:31:55+00,1,True,PlayStation 4,Title/platform heuristic,16.19,inventorylab_legacy
111-2183761-8965066,156607822341201,B08CGCZTYQ,1070891175,Cobra Kai Karate Kid Saga - PS4 - PlayStation 4,2026-03-27 02:35:05+00,1,True,PlayStation 4,Title/platform heuristic,11.04,inventorylab_legacy
111-2209255-5979456,158527024016121,B09S65Q9XV,1071453881,MLB The Show 22 for PlayStation 4,2026-04-25 03:01:54+00,1,True,PlayStation 4,Title/platform heuristic,22.04,inventorylab_legacy
111-2234793-0967420,156712900915601,B003C1I06U,1065946212,Batman: Arkham Asylum (Game of the Year Edition) - Playstation 3,2026-03-28 20:20:20+00,1,True,PlayStation 3,Title/platform heuristic,10.99,mbop_fifo
111-2247468-8450632,153817981973681,B003UT9XJM,1068002549,Game Party: In Motion - Xbox 360,2026-02-16 19:24:03+00,1,True,Xbox 360,Title/platform heuristic,10.44,inventorylab_legacy
111-2257443-9796257,166187845487841,B01LDFGIT2,1058619763,Livewire Advantage Instrument Cable 10 ft. Black,2026-08-03 02:46:45+00,1,False,Unclassified,No reliable game match,10.48,inventorylab_legacy
111-2262090-2420202,146263917421961,B07L6PV2GJ,1066663923,Katamari Damacy Reroll - Nintendo Switch,2025-11-14 17:17:39+00,1,True,Nintendo Switch,Title/platform heuristic,,missing
111-2277895-9232209,158192090561321,B006ZPAYMI,1068811430,Kinect Rush: A Disney Pixar Adventure - Xbox 360,2026-04-20 19:24:34+00,1,True,Xbox 360,Title/platform heuristic,22.32,inventorylab_legacy
111-2280433-0368249,164937564559761,B0B94THZRT,1065946220,Dead Island 2: Day 1 Edition - PlayStation 5 [PlayStation 5],2026-07-18 00:08:08+00,1,True,PlayStation 5,Title/platform heuristic,,missing
111-2289092-7659467,138265135173241,B01LDFGIT2,1058619763,Livewire Advantage Instrument Cable 10 ft. Black,2025-09-03 22:18:09+00,1,False,Unclassified,No reliable game match,10.48,inventorylab_legacy
111-2330292-3365841,167811452265561,B01N03NM02,1058392679,"Harmony Good Dog Ceramic Dog Bowl, 1 Cup",2026-08-22 18:13:47+00,2,False,Unclassified,No reliable game match,11.98,inventorylab_legacy
111-2330292-3365841,167836610951881,B01N54QSH6,1052907525,"Harmony Good Dog Ceramic Dog Bowl, 3 Cups",2026-08-22 18:13:47+00,1,False,Unclassified,No reliable game match,,missing
111-2337822-5349801,154690362510881,B07DQ43VFQ,1041419281,NBA 2K19 - Nintendo Switch,2026-02-27 05:12:42+00,1,True,Nintendo Switch,Title/platform heuristic,18.33,mbop_fifo
111-2339017-7003443,164395336410001,B003DNH95K,1071379600,Lord of the Rings: War in the North - Xbox 360,2026-07-10 12:27:26+00,2,True,Xbox 360,Title/platform heuristic,62.30,inventorylab_legacy
111-2349963-9802656,149689828961681,B0006ACWEQ,1070175672,Ranchmark OpenX Dual Blade Universal Package Opener 7L x 1 1/2H inches,2025-12-17 04:47:03+00,2,False,Unclassified,No reliable game match,15.38,inventorylab_legacy
111-2401828-8249054,149161889358561,B07CDSX3Z5,1070474335,Spyro Reignited Trilogy - Xbox One,2025-12-11 17:53:26+00,1,True,Xbox One,Title/platform heuristic,12.50,inventorylab_legacy
111-2402353-1269052,160635050206921,B0CTKX44NG,1069286305,MLB The Show 24 - Nintendo Switch,2026-05-24 14:06:02+00,1,True,Nintendo Switch,Title/platform heuristic,30.35,mbop_fifo
111-2414411-6717834,148191088169761,B01N9QVIRV,1065946902,Switch Title 3 -,2025-12-01 18:41:44+00,1,True,Nintendo Switch,Title/platform heuristic,25.02,inventorylab_legacy
111-2415602-4725011,165930555047601,B09Q3Q893F,1071133144,Monster Energy Supercross 5 - PlayStation 5 [PlayStation 5],2026-07-30 19:59:27+00,1,True,PlayStation 5,Title/platform heuristic,16.95,inventorylab_legacy
111-2455601-0657060,164477338628641,B01AC3ZD06,1048894668,Nintendo Selects: Super Mario 3D World - Wii U Standard Edition,2026-07-10 23:59:00+00,1,True,Nintendo Wii U,Title/platform heuristic,,missing
111-2533711-8540234,151012327798881,B0CHN2DVSX,1069261942,Hobby Lobby Fudge Brownie Candle Tin,2026-01-06 00:37:24+00,1,False,Unclassified,No reliable game match,8.99,inventorylab_legacy
111-2539629-3173022,141799079796521,B005N4HBE6,1070280071,Red Dead Redemption: Game of the Year Edition - Xbox One and Xbox 360,2025-10-08 21:21:43+00,1,True,Xbox One/Xbox 360,Title/platform heuristic,25.85,mbop_fifo
111-2542965-1389051,141809189051361,B07GVWXRBP,1069890507,Goosebumps The Game - Nintendo Switch,2025-10-08 22:00:03+00,1,True,Nintendo Switch,Title/platform heuristic,14.22,mbop_fifo
111-2545388-5421040,155356712979961,B098Y96VKP,1068329369,NBA 2K22 - Nintendo Switch,2026-03-07 13:37:35+00,1,True,Nintendo Switch,Title/platform heuristic,14.23,inventorylab_legacy
111-2579096-4347457,146683956441201,B07D767FMV,1056263378,Battlefield V - PlayStation 4,2025-11-19 01:36:08+00,1,True,PlayStation 4,Title/platform heuristic,19.99,inventorylab_legacy
111-2601914-1449050,145024915776441,B0B8JH4CTN,1070280053,World of Outlaws - Dirt Racing,2025-10-30 19:37:08+00,1,True,Xbox Series X,Title/platform heuristic,23.37,inventorylab_legacy
111-2612980-4194614,148518864920201,B07TN3KXCJ,1070625062,Call of Cthulhu (NSW) - Nintendo Switch,2025-12-04 15:41:05+00,1,True,Nintendo Switch,Title/platform heuristic,25.95,mbop_fifo
111-2617712-5931434,139950903020881,B01N9QVIRV,1065946902,Switch Title 3 -,2025-09-21 14:40:42+00,1,True,Nintendo Switch,Title/platform heuristic,25.02,inventorylab_legacy
111-2617712-5931434,139964352865081,B01N9QVIRV,1065946902,Switch Title 3 -,2025-09-21 14:40:42+00,1,True,Nintendo Switch,Title/platform heuristic,25.02,inventorylab_legacy
111-2620977-8957059,156063489900281,B0051TLAZ4,1043651512,LEGO Harry Potter: Years 5-7 - Playstation 3,2026-03-18 06:07:13+00,1,True,PlayStation 3,Title/platform heuristic,15.20,inventorylab_legacy
111-2642170-6809830,154619376622401,B01N1GRUUC,1051249032,"Harmony Good Dog Ceramic Dog Bowl, 6 Cups",2026-02-26 01:27:06+00,1,False,Unclassified,No reliable game match,10.99,inventorylab_legacy
111-2648993-4469801,153084678152601,B0088I7KYU,1029050576,Injustice: Gods Among Us - Xbox 360,2026-02-04 04:12:30+00,1,True,Xbox 360,Title/platform heuristic,15.95,mbop_fifo
111-2661827-4459463,163012750989761,B01N54QSH6,1052907525,"Harmony Good Dog Ceramic Dog Bowl, 3 Cups",2026-06-22 03:39:08+00,1,False,Unclassified,No reliable game match,,missing
111-2667730-8981834,138214734285841,B01N03NM02,1058392679,"Harmony Good Dog Ceramic Dog Bowl, 1 Cup",2025-09-03 08:22:00+00,1,False,Unclassified,No reliable game match,5.99,inventorylab_legacy
111-2675400-8255437,143968514552441,B0057PERPM,1W-X1O9-BCAM,Country Dance 2 - Nintendo Wii,2025-10-19 12:38:24+00,1,True,Nintendo Wii,Title/platform heuristic,14.51,inventorylab_legacy
111-2676038-8581067,158654521782241,B01N54QSH6,1052907525,"Harmony Good Dog Ceramic Dog Bowl, 3 Cups",2026-04-27 04:24:23+00,1,False,Unclassified,No reliable game match,7.99,mbop_fifo
111-2705582-2389016,156799221686801,B002I0K3M0,1036663415,Nintendo Land,2026-03-30 02:07:11+00,1,False,Unclassified,No reliable game match,19.34,inventorylab_legacy
111-2709517-6981013,148671176254601,B0057PERPM,1W-X1O9-BCAM,Country Dance 2 - Nintendo Wii,2025-12-06 17:49:25+00,1,True,Nintendo Wii,Title/platform heuristic,14.51,inventorylab_legacy
111-2736284-5569005,149581188781601,B0B359B45Q,1069890493,Little League World Series PS4,2025-12-15 21:57:10+00,1,True,PlayStation 4,Title/platform heuristic,21.56,mbop_fifo
111-2744891-9896263,159197984689081,B07RT6NN3M,1052397580,Race with Ryan - Nintendo Switch,2026-05-05 11:35:31+00,1,True,Nintendo Switch,Title/platform heuristic,11.00,inventorylab_legacy
111-2753893-3905836,160163417310001,B0CTKX44NG,1069286305,MLB The Show 24 - Nintendo Switch,2026-05-18 03:58:15+00,2,True,Nintendo Switch,Title/platform heuristic,60.70,mbop_fifo
111-2778490-9680200,145123456105321,B0CHN2DVSX,1069261942,Hobby Lobby Fudge Brownie Candle Tin,2025-11-01 20:22:35+00,1,False,Unclassified,No reliable game match,8.99,inventorylab_legacy
111-2792437-4862610,153834584620641,B01GKH5QMI,1039345844,FIFA 17 - PlayStation 3,2026-02-16 22:15:42+00,1,True,PlayStation 3,Title/platform heuristic,17.00,mbop_fifo
111-2800217-9612231,159257069924921,B01G2E4DV4,1066393117,Birds Choice Oriole Feeder Replacement Cup,2026-05-05 15:48:19+00,1,False,Unclassified,No reliable game match,5.31,mbop_fifo
111-2808530-3870610,146095996924081,B07SHJ3ZQR,1064186268,FIFA 20 Standard Edition - PlayStation 4,2025-11-12 02:44:19+00,1,True,PlayStation 4,Title/platform heuristic,14.32,mbop_fifo
111-2825895-3329813,157704751088241,B01GW8Y9SM,1071047194,Prey - PlayStation 4,2026-04-12 17:30:14+00,1,True,PlayStation 4,Title/platform heuristic,25.00,inventorylab_legacy
111-2829163-0738607,143983763288241,B007MM9E42,1034379408,Disney Epic Mickey 2: The Power of Two - Nintendo Wii,2025-10-19 16:32:44+00,1,True,Nintendo Wii,Title/platform heuristic,8.50,mbop_fifo
111-2844458-1189055,163542396031601,B00DWXV074,1023420581,Teenage Mutant Ninja Turtles - Nintendo Wii,2026-06-27 09:28:19+00,1,True,Nintendo Wii,Title/platform heuristic,19.88,inventorylab_legacy
111-2847619-1424226,168397251580241,B07NBDYK99,1071047161,A Plague Tale: Innocence (PS4) - PlayStation 4 [PlayStation 4],2026-08-30 09:36:40+00,1,True,PlayStation 4,Title/platform heuristic,22.68,inventorylab_legacy
111-2870972-7796206,162314531492721,B01BXAFRU8,1071379603,Tales from the Borderlands - Xbox One,2026-06-13 22:22:52+00,1,True,Xbox One,Title/platform heuristic,14.96,inventorylab_legacy
111-2871591-4382608,146252666503161,B0B359B45Q,1069890493,Little League World Series PS4,2025-11-14 14:38:24+00,1,True,PlayStation 4,Title/platform heuristic,17.99,mbop_fifo
111-2898320-9390640,148677517327081,B07P5TL4SH,1070474327,Pokémon Shield - Nintendo Switch,2025-12-06 18:42:23+00,1,True,Nintendo Switch,Title/platform heuristic,28.66,mbop_fifo
111-2906814-9089019,146582872109961,B07HFMJ4R5,1068329410,Minecraft: Starter Collection - Xbox One,2025-11-18 03:40:39+00,1,True,Xbox One,Title/platform heuristic,23.49,inventorylab_legacy
111-2919348-7869811,139250057073321,B01IH3T6BA,1068811455,Pro Evolution Soccer 2017 - Xbox One Standard Edition,2025-09-14 16:45:06+00,1,True,Xbox One,Title/platform heuristic,5.00,mbop_fifo
111-2921788-0344254,145932332767241,B0CFTFG12B,1069890477,Call of Duty Modern Warfare III - Xbox,2025-11-10 20:34:55+00,1,True,Xbox,Title/platform heuristic,25.00,mbop_fifo
111-2924211-6770609,151722806698281,B0BV9NKGJ4,1068811478,The Legend of Zelda: Tears of the Kingdom Collector's Edition,2026-01-14 21:12:29+00,1,False,Unclassified,No reliable game match,75.78,mbop_fifo
111-2945681-7045815,154886384056881,B002912SN0,1071133137,Bakugan - PlayStation 2,2026-03-01 21:01:48+00,1,True,PlayStation 2,Title/platform heuristic,19.99,mbop_fifo
111-2953193-1525022,159432488783961,B001DO3NEW,1038680538,Wii Music,2026-05-08 01:58:37+00,1,True,Nintendo Wii,Title/platform heuristic,17.54,inventorylab_legacy
111-2957385-2737019,147527049673161,B01N54QSH6,1052907525,"Harmony Good Dog Ceramic Dog Bowl, 3 Cups",2025-11-26 02:56:41+00,1,False,Unclassified,No reliable game match,,missing
111-3008882-1757036,156663017380841,B096WZFCHR,1070280034,Marvel's Guardians of the Galaxy - PlayStation 5,2026-03-28 00:36:52+00,1,True,PlayStation 5,Title/platform heuristic,24.95,mbop_fifo
111-3060144-5371453,141662518834761,B01FEHJYUU,1063376478,Sid Meier's Civilization VI - PC,2025-10-07 22:32:12+00,1,True,PC,Title/platform heuristic,6.17,mbop_fifo
111-3068162-8844257,161787563288041,B09Q3Q893F,1071133144,Monster Energy Supercross 5 - PlayStation 5,2026-06-07 00:40:05+00,1,True,PlayStation 5,Title/platform heuristic,16.95,inventorylab_legacy
111-3084453-9014607,164428264318481,B098Y96VKP,1068329369,NBA 2K22 - Nintendo Switch,2026-07-10 18:45:10+00,1,True,Nintendo Switch,Title/platform heuristic,14.23,inventorylab_legacy
111-3087065-8264214,148226505195921,B0D3P4HV27,1068866835,Madden NFL 25 - Xbox Series X,2025-12-01 23:18:10+00,1,True,Xbox Series X,Title/platform heuristic,14.99,mbop_fifo
111-3164705-0712221,147814541146841,B072MKR1P5,1068811448,Forza Motorsport 7 - Standard Edition - Xbox One,2025-11-28 15:53:38+00,1,True,Xbox One,Title/platform heuristic,,missing
111-3185740-1585037,147993859008481,B00R9NWEFK,1032068846,EA SPORTS Rory McIlroy PGA TOUR - PlayStation 4,2025-11-29 20:17:50+00,1,True,PlayStation 4,Title/platform heuristic,21.78,mbop_fifo
111-3185984-3261803,144902754238881,B098Y94S29,1064186291,NBA 2K22 - PlayStation 4,2025-10-29 02:00:55+00,1,True,PlayStation 4,Title/platform heuristic,12.00,mbop_fifo
111-3203779-5181018,167949781590201,B0050SYYEK,DL-GWVW-9XVQ,Dance Central 2 - Xbox 360 [Xbox 360],2026-08-24 12:25:56+00,1,True,Xbox 360,Title/platform heuristic,11.76,inventorylab_legacy
111-3204845-4587415,162783463843921,B0060ZN5T2,1044972247,NEW Just Dance 3 Wii (Videogame Software),2026-06-19 21:46:39+00,1,True,Nintendo Wii,Title/platform heuristic,17.60,inventorylab_legacy
111-3270507-2053845,148549640951441,B0C5S29VWZ,1070474336,Mortal Kombat 1 - Xbox Series X,2025-12-05 00:56:31+00,1,True,Xbox Series X,Title/platform heuristic,14.99,mbop_fifo
111-3286378-1479457,157974481639401,B0B94SHMRP,1068329416,Dead Island 2: Day 1 Edition - PlayStation 4,2026-04-16 23:14:49+00,1,True,PlayStation 4,Title/platform heuristic,14.40,mbop_fifo
111-3305880-4809068,152450985289881,B01N54QSH6,1052907525,"Harmony Good Dog Ceramic Dog Bowl, 3 Cups",2026-01-27 00:34:28+00,1,False,Unclassified,No reliable game match,7.99,mbop_fifo
111-3306347-6045822,155213874143041,B00242KD7W,1070891174,Cloudy with a Chance of Meatballs - Sony PSP,2026-03-05 15:58:39+00,1,True,PSP,Title/platform heuristic,19.83,inventorylab_legacy
111-3313302-2373057,151889292737321,B074B5F8LD,1038148525,Wolfenstein: The Two-Pack - Xbox One,2026-01-17 03:48:03+00,1,True,Xbox One,Title/platform heuristic,25.37,mbop_fifo
111-3316681-2185824,146362982776361,B07DL2SY2B,1057774619,FIFA 19 - Standard - PlayStation 4,2025-11-16 02:56:50+00,1,True,PlayStation 4,Title/platform heuristic,15.00,mbop_fifo
111-3329100-9290612,159384378610721,B006ZPAYMI,1068811430,Kinect Rush: A Disney Pixar Adventure - Xbox 360,2026-05-07 13:51:06+00,1,True,Xbox 360,Title/platform heuristic,22.32,inventorylab_legacy
111-3334252-2298669,152953758384121,B072NQJCW5,1068811469,Call of Duty: WWII - Xbox One Standard Edition,2026-02-02 22:05:19+00,1,True,Xbox One,Title/platform heuristic,12.90,mbop_fifo
111-3353612-5961851,147950052105081,B096WVJ9Q4,1068329357,Marvel's Guardians of the Galaxy PlayStation 4 with Free Upgrade to the Digital PS5 Version,2025-11-29 13:32:45+00,1,True,PlayStation 4/PlayStation 5,Title/platform heuristic,15.95,mbop_fifo
111-3361445-6589843,141474337911761,B08GR4QMC9,1068002510,Call of Duty: Black Ops Cold War (PS4),2025-10-06 17:16:20+00,1,True,PlayStation 4,Title/platform heuristic,19.99,mbop_fifo
111-3381800-5830634,138029876467001,B00DC7G0GG,1052572572,Super Mario 3D World,2025-09-01 00:14:43+00,1,True,Nintendo Wii U,Title/platform heuristic,22.79,mbop_fifo
111-3420625-6113010,157601836747161,B0051TLAZ4,1043651512,LEGO Harry Potter: Years 5-7 - Playstation 3,2026-04-10 17:10:43+00,1,True,PlayStation 3,Title/platform heuristic,15.20,inventorylab_legacy
111-3431759-5083431,159452143994961,B01AC3ZD06,1048894668,Nintendo Selects: Super Mario 3D World - Wii U Standard Edition,2026-05-13 03:04:30+00,1,True,Nintendo Wii U,Title/platform heuristic,23.12,mbop_fifo
111-3432881-6558649,152696131864041,B001B8Y0CE,1071047151,The Price is Right - PC,2026-01-29 19:49:40+00,1,True,PC,Title/platform heuristic,14.37,mbop_fifo
111-3433330-2549842,157962792693321,B00A8TDADW,1030090037,"Fat Daddio's Hemisphere Ball Cake Pans - Set of 3 Different Sizes: 4-inch, 5-inch, and 8-inch Silver Whimsical Hemisphere Cake Pans",2026-04-16 21:06:15+00,1,False,Unclassified,No reliable game match,,missing
111-3455185-9936217,158161902290161,B07SL77MHX,1068811473,No More Heroes 3,2026-04-20 03:26:25+00,1,False,Unclassified,No reliable game match,17.50,inventorylab_legacy
111-3460334-5301849,160373317333041,B08JJ37XVW,1070280039,Monster Hunter Rise - Nintendo Switch Standard Edition,2026-05-19 20:12:16+00,1,True,Nintendo Switch,Title/platform heuristic,16.47,inventorylab_legacy
111-3464219-3563415,148122642017161,B0BSNX28Y4,1068811441,Minecraft Legends Deluxe Edition: Xbox Series X and Xbox One,2025-12-01 01:27:37+00,1,True,Xbox Series X/Xbox One,Title/platform heuristic,17.10,inventorylab_legacy
111-3466843-7861054,148630754908241,B00ZJBSCJQ,1066663084,South Park: The Fractured but Whole - PlayStation 4,2025-12-06 01:51:41+00,1,True,PlayStation 4,Title/platform heuristic,27.84,mbop_fifo
111-3479133-8983440,150044548780761,B0972TKPMW,1070280048,Farming Simulator 22 - Xbox One,2025-12-22 01:24:55+00,1,True,Xbox One,Title/platform heuristic,18.36,mbop_fifo
111-3491846-7537864,145550793644521,B0057PERPM,1W-X1O9-BCAM,Country Dance 2 - Nintendo Wii,2025-11-07 07:16:43+00,1,True,Nintendo Wii,Title/platform heuristic,14.51,inventorylab_legacy
111-3504908-3245058,149911198530281,B0CGY48TGT,1068811429,EA SPORTS WRC - Xbox Series X,2025-12-20 00:48:15+00,1,True,Xbox Series X,Title/platform heuristic,16.92,inventorylab_legacy
111-3513784-1083439,163272080504201,B0030GBU2I,1070891232,Prince of Persia: The Forgotten Sands - Playstation 3 [PlayStation 3],2026-06-24 16:56:07+00,1,True,PlayStation 3,Title/platform heuristic,15.99,inventorylab_legacy
111-3514336-5667430,159911388694481,B0B94XBQZ6,1071283757,Dead Island 2: Day 1 Edition - Xbox Series X,2026-05-14 17:00:10+00,1,True,Xbox Series X,Title/platform heuristic,11.70,mbop_fifo
111-3541710-0157854,165696507277361,B07KTFL61P,1071283744,Bendy and the Ink Machine (XB1) - Xbox One [Xbox One],2026-07-28 03:25:00+00,1,True,Xbox One,Title/platform heuristic,,missing
111-3554806-0329037,157647852906081,B01N54QSH6,1052907525,"Harmony Good Dog Ceramic Dog Bowl, 3 Cups",2026-04-11 14:13:53+00,2,False,Unclassified,No reliable game match,15.98,mbop_fifo
111-3559745-2957065,158648424979281,B0794QSXP5,1071133179,Dragon Ball Fighterz - Xbox One,2026-04-27 02:20:17+00,1,True,Xbox One,Title/platform heuristic,21.38,inventorylab_legacy
111-3590408-2962632,167151638457281,B003VJO0OY,1070891179,Rapala Pro Bass Fishing 2010 - PlayStation 2 [PlayStation2],2026-08-14 20:26:10+00,1,True,PlayStation 2,Title/platform heuristic,17.13,inventorylab_legacy
111-3591306-1619418,148085493313921,B01N9QVIRV,1065946902,Switch Title 3 -,2025-11-30 19:37:36+00,1,True,Nintendo Switch,Title/platform heuristic,25.02,inventorylab_legacy
111-3605222-5313834,148244362979561,B0D3P4HV27,1068866835,Madden NFL 25 - Xbox Series X,2025-12-02 02:16:16+00,1,True,Xbox Series X,Title/platform heuristic,15.00,mbop_fifo
111-3650043-7061051,138254526668721,B08GSP1HBM,1067108754,"Goosebumps: Dead of Night, Cosmic Forces - Nintendo Switch",2025-09-03 18:42:55+00,1,True,Nintendo Switch,Title/platform heuristic,16.82,mbop_fifo
111-3653818-4585827,141291260519161,B01N03NM02,1058392679,"Harmony Good Dog Ceramic Dog Bowl, 1 Cup",2025-10-04 16:38:01+00,1,False,Unclassified,No reliable game match,5.99,inventorylab_legacy
111-3657348-3460265,167517889882441,B009E480RS,1032068111,Dance Central 3 - Xbox 360 [Xbox 360],2026-08-19 15:08:50+00,1,True,Xbox 360,Title/platform heuristic,,missing
111-3683382-1269016,167396907452641,B01N54QSH6,1052907525,"Harmony Good Dog Ceramic Dog Bowl, 3 Cups",2026-08-18 12:55:24+00,1,False,Unclassified,No reliable game match,,missing
111-3697119-8461834,163724611301801,B0030GBU2I,1070891232,Prince of Persia: The Forgotten Sands - Playstation 3,2026-06-29 03:04:42+00,1,True,PlayStation 3,Title/platform heuristic,15.99,inventorylab_legacy
111-3698235-9375422,164340062252481,B01N03NM02,1058392679,"Harmony Good Dog Ceramic Dog Bowl, 1 Cup",2026-07-09 00:17:47+00,1,False,Unclassified,No reliable game match,5.99,inventorylab_legacy
111-3714157-2748200,165509116925561,B01N03NM02,1058392679,"Harmony Good Dog Ceramic Dog Bowl, 1 Cup",2026-07-25 14:06:27+00,1,False,Unclassified,No reliable game match,5.99,inventorylab_legacy
111-3714639-8837828,153159743220681,B002I0K3M0,1036663415,Nintendo Land,2026-02-05 15:48:55+00,1,False,Unclassified,No reliable game match,19.34,inventorylab_legacy
111-3719115-8569840,145659466692201,B003UT9XJM,K1-89AB-9LOV,Game Party: In Motion - Xbox 360,2025-11-07 21:24:19+00,1,True,Xbox 360,Title/platform heuristic,9.62,mbop_fifo
111-3723388-0758625,157944012610201,B01N54QSH6,1052907525,"Harmony Good Dog Ceramic Dog Bowl, 3 Cups",2026-04-16 13:35:05+00,1,False,Unclassified,No reliable game match,7.99,mbop_fifo
111-3741464-9306648,161536522634881,B08J4P22MF,1069286292,Assassin's Creed Valhalla - PlayStation 5,2026-06-05 01:48:07+00,1,True,PlayStation 5,Title/platform heuristic,13.66,inventorylab_legacy
111-3756866-2310630,146445840247441,B098V87FNX,1069890483,Among Us: Crewmate Edition (PS4) - PlayStation 4,2025-11-17 03:40:43+00,1,True,PlayStation 4,Title/platform heuristic,14.45,inventorylab_legacy
111-3785763-2048223,164093081943321,B00KVL0SIM,1070891243,Tom Clancy's The Division - PC,2026-07-04 23:09:09+00,1,True,PC,Title/platform heuristic,15.99,inventorylab_legacy
111-3787566-9617028,156276156553681,B00KWFCV32,1028908801,Splatoon,2026-03-21 21:45:10+00,1,True,Nintendo Wii U,Title/platform heuristic,27.94,inventorylab_legacy
111-3821918-0541846,159675251731281,B00D3RBZHY,1068811423,Need for Speed: Rivals,2026-05-11 23:10:27+00,1,True,PlayStation 4,Title/platform heuristic,20.74,mbop_fifo
111-3823371-5654644,148241721578001,B0D3P4HV27,1068866835,Madden NFL 25 - Xbox Series X,2025-12-02 01:11:48+00,1,True,Xbox Series X,Title/platform heuristic,14.99,mbop_fifo
111-3828772-0909045,145930689350961,B0BDT654XQ,1069890474,Fortnite - Anime Legends- Xbox Series X,2025-11-10 22:41:48+00,1,True,Xbox Series X,Title/platform heuristic,16.95,mbop_fifo
111-3854262-4222619,148365305015241,B0BSNX28Y4,1068811441,Minecraft Legends Deluxe Edition: Xbox Series X and Xbox One,2025-12-03 13:21:09+00,1,True,Xbox Series X/Xbox One,Title/platform heuristic,17.10,inventorylab_legacy
111-3861931-5870604,149002498847201,B0013E9HP6,1034678931,Wii Play,2025-12-09 19:00:46+00,1,True,Nintendo Wii,Title/platform heuristic,14.99,mbop_fifo
111-3868982-0034632,152319861921321,B075QWP3N3,1070891194,Zoo Tycoon: Ultimate Animal Collection - Xbox One,2026-01-24 14:48:13+00,1,True,Xbox One,Title/platform heuristic,25.99,mbop_fifo
111-3889616-3801064,159883515128121,B0CTKX44NG,1069286305,MLB The Show 24 - Nintendo Switch,2026-05-14 12:40:32+00,1,True,Nintendo Switch,Title/platform heuristic,30.35,mbop_fifo
111-3893416-0564217,157985409819881,B091DBFGWF,1071047176,RBI BASEBALL 21 NINTENDO SWITCH - NINTENDO SWITCH,2026-04-17 02:10:13+00,1,True,Nintendo Switch,Title/platform heuristic,13.53,mbop_fifo
111-3922304-9776246,152225541738601,B016KAKD7S,1030912249,"18"" Bendable Muslin DollNew by: CC",2026-01-22 23:16:32+00,1,False,Unclassified,No reliable game match,8.99,inventorylab_legacy
111-3929638-2050601,163942166114241,B01N1GRUUC,1051249032,"Harmony Good Dog Ceramic Dog Bowl, 6 Cups",2026-07-02 12:25:45+00,1,False,Unclassified,No reliable game match,10.99,inventorylab_legacy
111-3933843-7177057,159332391835601,B01G2E4DV4,1066393117,Birds Choice Oriole Feeder Replacement Cup,2026-05-06 16:23:49+00,1,False,Unclassified,No reliable game match,5.31,mbop_fifo
111-3935677-6081862,149976662663801,B0972TKPMW,1070280048,Farming Simulator 22 - Xbox One,2025-12-20 22:50:30+00,1,True,Xbox One,Title/platform heuristic,18.36,mbop_fifo
111-3942841-5863462,167726616340881,B001989B4S,1071881588,Fight Night Round 4 - Xbox 360 [Xbox 360],2026-08-21 15:49:25+00,1,True,Xbox 360,Title/platform heuristic,,missing
111-3978240-8999404,148807122686561,B07SMBNTSJ,1070280046,Elden Ring - Xbox Series X,2025-12-08 05:28:59+00,1,True,Xbox Series X,Title/platform heuristic,24.00,mbop_fifo
111-3987729-1478644,167856778179801,B01N1GRUUC,1051249032,"Harmony Good Dog Ceramic Dog Bowl, 6 Cups",2026-08-23 00:50:42+00,1,False,Unclassified,No reliable game match,10.99,inventorylab_legacy
111-3996563-6525008,166544584357521,B00KL4PNWA,1071283743,Alien: Isolation - Nostromo Edition (Xbox One) [Xbox One],2026-08-07 05:19:20+00,1,True,Xbox One,Title/platform heuristic,37.00,inventorylab_legacy
111-4020922-9594612,163232186972481,B096WVGQMJ,1053589872,Marvel's Guardians of the Galaxy - Xbox Series X/Xbox One,2026-06-24 04:22:00+00,1,True,Xbox Series X/Xbox One,Title/platform heuristic,,missing
111-4027108-3856200,150900962020921,B001TOQ8K2,JV-DBF7-GWAD,Punch-Out!!,2026-01-04 02:47:00+00,1,False,Unclassified,No reliable game match,59.99,mbop_fifo
111-4027974-4602667,154624689276481,B0038TT8QM,1070891240,Sid Meier's Civilization V - PC,2026-02-26 02:51:20+00,1,True,PC,Title/platform heuristic,8.00,mbop_fifo
111-4054585-0045840,144652098853321,B0DHHM6BZ2,1070280186,LEGO Horizon Adventures,2025-10-25 19:01:40+00,1,False,Unclassified,No reliable game match,,missing
111-4055316-8996200,159967477425001,B0C7PN2L5V,1068811427,Starfield: Standard Edition - Xbox Series X,2026-05-15 03:22:20+00,1,True,Xbox Series X,Title/platform heuristic,30.00,mbop_fifo
111-4058200-3913859,149507754959961,B08NMQNSX3,1068329365,Madden NFL 21 Next Level Edition - PlayStation 5,2025-12-15 00:05:01+00,1,True,PlayStation 5,Title/platform heuristic,8.99,mbop_fifo
111-4120513-7743422,165609369880121,B0748VH8ZF,1039345443,The Sims 4 - Xbox One [Xbox One],2026-07-26 21:46:06+00,1,True,Xbox One,Title/platform heuristic,13.72,inventorylab_legacy
111-4149582-8978610,147224693671641,B016KAKD7S,1030912249,"18"" Bendable Muslin DollNew by: CC",2025-11-24 15:03:02+00,1,False,Unclassified,No reliable game match,8.99,inventorylab_legacy
111-4158743-3476218,150044706262201,B06XDN21W5,1031051552,Paradise Treasure Trove Brown White Football Coin Piggy Bank Sports Stitching,2025-12-22 00:02:32+00,1,False,Unclassified,No reliable game match,8.99,mbop_fifo
111-4159063-5300238,156601045073681,B01N1GRUUC,1051249032,"Harmony Good Dog Ceramic Dog Bowl, 6 Cups",2026-03-27 00:42:03+00,1,False,Unclassified,No reliable game match,10.99,inventorylab_legacy
111-4168779-6494612,146776520279681,B01F9HMO2K,1067108747,Battlefield 1 - PlayStation 4,2025-11-19 14:07:19+00,1,True,PlayStation 4,Title/platform heuristic,9.99,mbop_fifo
111-4170341-9921866,163252392344201,B01N03NM02,1058392679,"Harmony Good Dog Ceramic Dog Bowl, 1 Cup",2026-06-24 11:31:47+00,1,False,Unclassified,No reliable game match,5.99,inventorylab_legacy
111-4190694-4506604,166232876944321,B008HHTEE6,1071047178,Cabela's Hunting Expeditions - Nintendo Wii [Nintendo Wii],2026-08-03 16:44:06+00,1,True,Nintendo Wii,Title/platform heuristic,13.37,inventorylab_legacy
111-4223122-8124253,167092064261121,B0030CV356,0P-5ID2-BBYB,UFC Undisputed 2010 - Xbox 360 [Xbox 360],2026-08-14 00:29:52+00,1,True,Xbox 360,Title/platform heuristic,,missing
111-4274755-1299428,159032296533681,B06XDN21W5,1031051552,Paradise Treasure Trove Brown White Football Coin Piggy Bank Sports Stitching,2026-05-02 01:01:29+00,1,False,Unclassified,No reliable game match,10.99,mbop_fifo
111-4317828-7493803,148603919767281,B00KLMOY4K,1048220574,Plants vs Zombies Garden Warfare(Online Play Required) - PlayStation 4,2025-12-05 20:02:55+00,1,True,PlayStation 4,Title/platform heuristic,12.50,inventorylab_legacy
111-4332928-0286622,140903922601601,B00B98HF1O,1039988827,"Lego: Marvel Super Heroes, XBOX 360",2025-09-30 21:07:32+00,1,True,Xbox 360,Title/platform heuristic,11.61,mbop_fifo
111-4333547-2164218,138166816284241,B07HFMJ4R5,1068329410,Minecraft: Starter Collection - Xbox One,2025-09-02 18:21:47+00,1,True,Xbox One,Title/platform heuristic,23.49,inventorylab_legacy
111-4349910-5837850,161454861164721,B01N03NM02,1058392679,"Harmony Good Dog Ceramic Dog Bowl, 1 Cup",2026-06-03 23:34:32+00,1,False,Unclassified,No reliable game match,5.99,inventorylab_legacy
111-4350586-4838659,157342585137721,B07DJY4FRP,1045507690,Gears 5: Standard Edition - Xbox One,2026-04-08 02:22:34+00,1,True,Xbox One,Title/platform heuristic,19.35,inventorylab_legacy
111-4385622-4634625,157915020465401,B06XDN21W5,1031051552,Paradise Treasure Trove Brown White Football Coin Piggy Bank Sports Stitching,2026-04-15 22:17:23+00,1,False,Unclassified,No reliable game match,8.99,mbop_fifo
111-4388117-7776234,150038071533561,B0972TKPMW,1070280048,Farming Simulator 22 - Xbox One,2025-12-21 22:36:11+00,1,True,Xbox One,Title/platform heuristic,18.36,mbop_fifo
111-4395457-0534613,142143021408601,B07HFMJ4R5,1068329410,Minecraft: Starter Collection - Xbox One,2025-10-11 22:28:54+00,1,True,Xbox One,Title/platform heuristic,23.49,inventorylab_legacy
111-4428482-0873804,151657212588961,B01N1GRUUC,1051249032,"Harmony Good Dog Ceramic Dog Bowl, 6 Cups",2026-01-13 20:59:22+00,1,False,Unclassified,No reliable game match,10.99,inventorylab_legacy
111-4452547-0269850,159530425517841,B06XDN21W5,1031051552,Paradise Treasure Trove Brown White Football Coin Piggy Bank Sports Stitching,2026-05-09 16:17:37+00,1,False,Unclassified,No reliable game match,10.99,mbop_fifo
111-4455544-4293803,147683450260841,B01N9QVIRV,1065946902,Switch Title 3 -,2025-11-27 04:24:59+00,1,True,Nintendo Switch,Title/platform heuristic,25.02,inventorylab_legacy
111-4459477-2833828,160136863952601,B0BXTDQRCD,1059898566,"Jessica Simpson Nellah Ash Blue HIgh Heel Platform Pump Thick Heel Rounded Toe (Ash Blue, 8.5)",2026-05-17 21:02:34+00,1,False,Unclassified,No reliable game match,19.99,mbop_fifo
111-4482588-1187469,155391733064161,B003O6E3C8,1027773885,Portal 2 - Playstation 3,2026-03-07 23:48:49+00,1,True,PlayStation 3,Title/platform heuristic,19.99,mbop_fifo
111-4494955-8135401,142121565766761,B003S2JI6O,JS-1DC1-9X53,Wheel of Fortune - Nintendo Wii,2025-10-11 17:44:53+00,1,True,Nintendo Wii,Title/platform heuristic,14.62,mbop_fifo
111-4503485-7934642,144940831210561,B098Y94S29,1064186291,NBA 2K22 - PlayStation 4,2025-10-29 13:12:15+00,1,True,PlayStation 4,Title/platform heuristic,13.90,mbop_fifo
111-4513167-0350658,150813174182841,B0BPYW4DDB,1065749622,Rustic Pistol Table Lamp - Realistic Novelty Outdoor Lamp - Tabletop Lantern w/ Brushed Black Finish & Gold Detailing - Gun Decorations for Man Cave -,2026-01-02 19:44:40+00,1,False,Unclassified,No reliable game match,19.99,mbop_fifo
111-4527722-9602607,154660716992241,B07F3ZDD83,1071133147,Carnival Games (Nintendo Switch),2026-02-26 19:47:08+00,1,True,Nintendo Switch,Title/platform heuristic,8.00,mbop_fifo
111-4536561-4353008,158933670746921,B08WWHTM61,1071283727,DC Super Hero Girls: Teen Power - Nintendo Switch,2026-05-01 00:11:03+00,1,True,Nintendo Switch,Title/platform heuristic,15.87,mbop_fifo
111-4553636-9226637,157272437825521,B01AC3ZD06,1048894668,Nintendo Selects: Super Mario 3D World - Wii U Standard Edition,2026-04-06 21:40:32+00,1,True,Nintendo Wii U,Title/platform heuristic,20.60,mbop_fifo
111-4559206-6933001,167573390336361,B084F358N1,1072047483,The Outer Worlds - Nintendo Switch [Nintendo Switch],2026-08-20 06:52:22+00,1,True,Nintendo Switch,Title/platform heuristic,,missing
111-4565892-7307461,157237764068281,B0B94THZRT,1065946220,Dead Island 2: Day 1 Edition - PlayStation 5,2026-04-06 04:53:56+00,1,True,PlayStation 5,Title/platform heuristic,17.82,mbop_fifo
111-4570653-5833829,166282652249001,B07KN77NXY,1068329356,FIFA 19/NHL 19 Bundle PlayStation 4 [PlayStation 4],2026-08-04 06:50:02+00,1,True,PlayStation 4,Title/platform heuristic,11.16,inventorylab_legacy
111-4584163-1541002,147881819201081,B00KLMOY4K,1048220574,Plants vs Zombies Garden Warfare(Online Play Required) - PlayStation 4,2025-11-28 22:56:59+00,1,True,PlayStation 4,Title/platform heuristic,12.50,inventorylab_legacy
111-4595613-9721011,144920898852041,B07W6CF4Z7,1070280047,Farming Simulator 19 Platinum Edition (Xb1) - Xbox One,2025-10-29 03:33:20+00,1,True,Xbox One,Title/platform heuristic,11.93,mbop_fifo
111-4619688-1564211,144112610452241,B003S2JI6O,JS-1DC1-9X53,Wheel of Fortune - Nintendo Wii,2025-10-21 00:05:19+00,1,True,Nintendo Wii,Title/platform heuristic,14.84,mbop_fifo
111-4624707-8091401,149976884263721,B01LDFGIT2,1058619763,Livewire Advantage Instrument Cable 10 ft. Black,2025-12-20 22:48:49+00,1,False,Unclassified,No reliable game match,10.48,inventorylab_legacy
111-4638210-0721819,144200850996641,B0CGY48TGT,1068811429,EA SPORTS WRC - Xbox Series X,2025-10-22 00:10:55+00,1,True,Xbox Series X,Title/platform heuristic,16.92,inventorylab_legacy
111-4640342-9796219,144500862769241,B00ZPT59YS,1045151360,Sea of Thieves: Standard Edition - Xbox One,2025-10-24 06:12:19+00,1,True,Xbox One,Title/platform heuristic,,missing
111-4680518-9768231,149455915612921,B06XDN21W5,1031051552,Paradise Treasure Trove Brown White Football Coin Piggy Bank Sports Stitching,2025-12-14 12:44:33+00,1,False,Unclassified,No reliable game match,8.99,mbop_fifo
111-4683627-5751407,159429856288801,B007FQUEZ8,1071517333,Metal Gear Solid HD Collection,2026-05-08 03:02:21+00,1,False,Unclassified,No reliable game match,32.77,mbop_fifo
111-4688778-4717828,142318418458641,B016KAKD7S,1030912249,"18"" Bendable Muslin DollNew by: CC",2025-10-13 19:10:16+00,1,False,Unclassified,No reliable game match,8.99,inventorylab_legacy
111-4688998-5335468,160120490811121,B01N54QSH6,1052907525,"Harmony Good Dog Ceramic Dog Bowl, 3 Cups",2026-05-17 18:37:23+00,1,False,Unclassified,No reliable game match,7.99,mbop_fifo
111-4709887-4952215,167088911436641,B000QB059Y,1070891235,The Simpsons Game [PlayStation2],2026-08-13 21:57:51+00,1,False,Unclassified,No reliable game match,29.25,inventorylab_legacy
111-4710122-8277005,159321382341241,B01G2E4DV4,1066393117,Birds Choice Oriole Feeder Replacement Cup,2026-05-06 15:06:17+00,1,False,Unclassified,No reliable game match,5.31,mbop_fifo
111-4717792-5674639,144679491416681,B01N03NM02,1058392679,"Harmony Good Dog Ceramic Dog Bowl, 1 Cup",2025-10-26 04:40:23+00,1,False,Unclassified,No reliable game match,5.99,inventorylab_legacy
111-4720177-5334610,141768552175161,B01N1GRUUC,1051249032,"Harmony Good Dog Ceramic Dog Bowl, 6 Cups",2025-10-08 16:39:33+00,1,False,Unclassified,No reliable game match,10.99,inventorylab_legacy
111-4720406-6368229,160082310199161,B01N54QSH6,1052907525,"Harmony Good Dog Ceramic Dog Bowl, 3 Cups",2026-05-16 23:55:37+00,1,False,Unclassified,No reliable game match,7.99,mbop_fifo
111-4728120-3062647,158608975463761,B07D9QWSG1,1048719896,Overwatch Legendary Edition - PlayStation 4,2026-04-26 15:25:15+00,1,True,PlayStation 4,Title/platform heuristic,11.99,mbop_fifo
111-4733287-9525065,142323952653801,B08GSP1HBM,1067108754,"Goosebumps: Dead of Night, Cosmic Forces - Nintendo Switch",2025-10-13 20:46:29+00,1,True,Nintendo Switch,Title/platform heuristic,15.33,mbop_fifo
111-4786540-3755416,159847184515561,B01N54QSH6,1052907525,"Harmony Good Dog Ceramic Dog Bowl, 3 Cups",2026-05-13 20:59:36+00,1,False,Unclassified,No reliable game match,7.99,mbop_fifo
111-4786540-3755416,159847184515601,B01N03NM02,1058392679,"Harmony Good Dog Ceramic Dog Bowl, 1 Cup",2026-05-13 20:59:36+00,1,False,Unclassified,No reliable game match,5.99,inventorylab_legacy
111-4808651-4941845,158027977209561,B091DBFGWF,1071047176,RBI BASEBALL 21 NINTENDO SWITCH - NINTENDO SWITCH,2026-04-17 20:58:23+00,1,True,Nintendo Switch,Title/platform heuristic,13.53,mbop_fifo
111-4819365-8265847,155318670644761,B07MTZN8P3,1042884901,B07MTZN8P3 AmazonUs/BETH3,2026-03-06 19:15:09+00,1,True,PlayStation 4,Title/platform heuristic,17.15,inventorylab_legacy
111-4821635-3967407,138239689735641,B00EFRN2IQ,1032600402,The Sims 4 - PC/Mac,2025-09-03 17:42:03+00,1,True,PC,Title/platform heuristic,16.61,mbop_fifo
111-4833225-4443464,156246183283841,B01EZA0D8O,1063375652,Call of Duty: Infinite Warfare - Standard Edition - Xbox One,2026-03-21 07:50:08+00,1,True,Xbox One,Title/platform heuristic,12.99,mbop_fifo
111-4842026-6232269,156100871220841,B000QD7BBM,1032068466,Carnival Games - Nintendo Wii,2026-03-18 21:34:29+00,1,True,Nintendo Wii,Title/platform heuristic,14.00,mbop_fifo
111-4842322-6877814,152457862666721,B06XDN21W5,1031051552,Paradise Treasure Trove Brown White Football Coin Piggy Bank Sports Stitching,2026-01-27 00:52:15+00,1,False,Unclassified,No reliable game match,8.99,mbop_fifo
111-4933767-5091420,166609286226281,B001989B4S,1071881588,Fight Night Round 4 - Xbox 360 [Xbox 360],2026-08-08 19:45:04+00,1,True,Xbox 360,Title/platform heuristic,,missing
111-4941745-2997028,161677607719521,B074NJWFXH,1071379581,NBA LIVE 18: The One Edition - PlayStation 4,2026-06-05 14:21:14+00,1,True,PlayStation 4,Title/platform heuristic,16.77,inventorylab_legacy
111-4944842-3483415,142215859067521,B08GSP1HBM,1067108754,"Goosebumps: Dead of Night, Cosmic Forces - Nintendo Switch",2025-10-12 20:00:14+00,1,True,Nintendo Switch,Title/platform heuristic,15.33,mbop_fifo
111-4965452-3501049,157846198533321,B07BHHDTL4,1071379584,Sonic Mania Plus - PlayStation 4,2026-04-14 20:32:53+00,1,True,PlayStation 4,Title/platform heuristic,15.76,mbop_fifo
111-4968918-7015407,162244208028881,B008BERGYU,1037516891,Zumba Fitness Core (Street 10/16),2026-06-12 18:38:20+00,1,False,Unclassified,No reliable game match,9.49,inventorylab_legacy
111-4968981-8635452,139981678342521,B01LDFGIT2,1058619763,Livewire Advantage Instrument Cable 10 ft. Black,2025-09-21 16:37:43+00,1,False,Unclassified,No reliable game match,10.48,inventorylab_legacy
111-4998205-5184205,152208991078841,B0BBXD3P63,1070474320,God of Rock (PS5),2026-01-22 16:17:53+00,1,True,PlayStation 5,Title/platform heuristic,16.02,mbop_fifo
111-5002626-1181848,154788070509041,B01N03NM02,1058392679,"Harmony Good Dog Ceramic Dog Bowl, 1 Cup",2026-02-28 01:12:53+00,1,False,Unclassified,No reliable game match,5.99,inventorylab_legacy
111-5032509-7193856,165246864539761,B0030CV356,0P-5ID2-BBYB,UFC Undisputed 2010 - Xbox 360 [Xbox 360],2026-07-22 07:14:46+00,1,True,Xbox 360,Title/platform heuristic,,missing
111-5077330-2180237,164379468792481,B09HVVCTQM,1071744020,MechWarrior 5: Mercenaries - PlayStation 5,2026-07-09 12:04:18+00,1,True,PlayStation 5,Title/platform heuristic,,missing
111-5079854-2769865,164169422026361,B01G2E4DV4,1066393117,Birds Choice Oriole Feeder Replacement Cup,2026-07-06 11:41:01+00,2,False,Unclassified,No reliable game match,,missing
111-5084887-9541800,163954124213881,B00CYS5DU8,UV-TWJI-REH4,Madden NFL 25 - PlayStation 4,2026-07-02 17:00:29+00,1,True,PlayStation 4,Title/platform heuristic,,missing
111-5114389-4805841,149038712842801,B0013E9HP6,1034678931,Wii Play,2025-12-10 02:54:16+00,1,True,Nintendo Wii,Title/platform heuristic,11.72,mbop_fifo
111-5140042-4328266,158020268005601,B00SXEONXK,1051885016,LEGO Jurassic World - Nintendo 3DS,2026-04-17 19:15:33+00,1,True,Nintendo 3DS,Title/platform heuristic,16.04,mbop_fifo
111-5158306-9162638,148821024084721,B01GWGX74Q,1043846177,Just Dance 2017 - Wii,2025-12-08 12:51:38+00,1,True,Nintendo Wii,Title/platform heuristic,20.07,mbop_fifo
111-5167592-4625847,156797050739921,B07DQ43VFQ,1041419281,NBA 2K19 - Nintendo Switch,2026-03-30 00:02:35+00,1,True,Nintendo Switch,Title/platform heuristic,18.33,mbop_fifo
111-5184683-0758647,144618430395001,B07RP42TMG,1070280052,Tom Clancy's Ghost Recon Breakpoint - Xbox One,2025-10-25 14:37:07+00,1,True,Xbox One,Title/platform heuristic,7.44,mbop_fifo
111-5187722-0144269,160823460236321,B07DJY4FRP,1045507690,Gears 5: Standard Edition - Xbox One,2026-05-27 02:53:21+00,1,True,Xbox One,Title/platform heuristic,19.35,inventorylab_legacy
111-5210839-8629066,161192706326041,B00I9UVY30,1070891227,EA Sports 2014 FIFA World Cup Brazil - PlayStation 3,2026-05-31 20:04:11+00,1,True,PlayStation 3,Title/platform heuristic,17.47,inventorylab_legacy
111-5212083-3354617,148883888615361,B002I0HEI6,V0-WD35-QK7L,Sonic Free Riders - Xbox 360,2025-12-09 02:33:24+00,1,True,Xbox 360,Title/platform heuristic,15.50,inventorylab_legacy
111-5229562-3921814,166704823078081,B006D3JT1E,1029788766,Tiger Woods PGA TOUR 13 - Playstation 3 [PlayStation 3],2026-08-09 22:57:14+00,1,True,PlayStation 3,Title/platform heuristic,16.00,inventorylab_legacy
111-5240156-0164243,139920057664641,B01FEHJYUU,1063376478,Sid Meier's Civilization VI - PC,2025-09-20 19:56:46+00,1,True,PC,Title/platform heuristic,9.99,mbop_fifo
111-5245690-3487414,164700457528561,B01J4PHT3C,1070280032,Yakuza 0 - PlayStation Hits - PlayStation 4 [PlayStation 4],2026-07-14 22:47:57+00,1,True,PlayStation 4,Title/platform heuristic,16.99,inventorylab_legacy
111-5258305-2702656,149736336681441,B0B6JQHB4P,1063376893,FIFA 23 - PlayStation 4,2025-12-17 20:36:01+00,1,True,PlayStation 4,Title/platform heuristic,19.99,mbop_fifo
111-5277899-1232221,155223902317201,B01N1GRUUC,1051249032,"Harmony Good Dog Ceramic Dog Bowl, 6 Cups",2026-03-06 00:43:36+00,1,False,Unclassified,No reliable game match,10.99,inventorylab_legacy
111-5304151-8021839,148653625897841,B0CV9PYCVR,1070625059,Granblue Fantasy Relink (PlayStation 5),2025-12-06 13:56:02+00,1,True,PlayStation 5,Title/platform heuristic,30.15,mbop_fifo
111-5304841-2431441,142230192043801,B07L6PV2GJ,1066663923,Katamari Damacy Reroll - Nintendo Switch,2025-10-12 21:53:12+00,1,True,Nintendo Switch,Title/platform heuristic,24.35,mbop_fifo
111-5343863-7958650,164650580042681,B000S1L000,1071379598,Ultimate Board Game Collection - Nintendo Wii,2026-07-13 20:44:24+00,1,True,Nintendo Wii,Title/platform heuristic,10.74,inventorylab_legacy
111-5346337-2463406,164439012734481,B00ZPT59YS,1045151360,Sea of Thieves: Standard Edition - Xbox One,2026-07-10 10:12:57+00,1,True,Xbox One,Title/platform heuristic,,missing
111-5349498-1994613,165292289623121,B096TBJC6Z,1071047168,Paw Patrol The Movie Adventure City Calls - PlayStation 4 [PlayStation 4],2026-07-22 23:50:48+00,1,True,PlayStation 4,Title/platform heuristic,14.38,inventorylab_legacy
111-5351762-7966619,163650695004521,B01N03NM02,1058392679,"Harmony Good Dog Ceramic Dog Bowl, 1 Cup",2026-06-27 21:24:04+00,1,False,Unclassified,No reliable game match,5.99,inventorylab_legacy
111-5370847-4266636,165173466876481,B081472NC7,1054556750,Sea of Thieves: Anniversary Edition - Xbox One [Xbox One],2026-07-21 00:47:32+00,1,True,Xbox One,Title/platform heuristic,,missing
111-5373437-6252227,157135522832721,B091DBFGWF,1071047176,RBI BASEBALL 21 NINTENDO SWITCH - NINTENDO SWITCH,2026-04-04 13:12:42+00,1,True,Nintendo Switch,Title/platform heuristic,13.53,mbop_fifo
111-5382021-9051406,160473305942481,B01N03NM02,1058392679,"Harmony Good Dog Ceramic Dog Bowl, 1 Cup",2026-05-21 03:11:54+00,1,False,Unclassified,No reliable game match,5.99,inventorylab_legacy
111-5382168-6905843,158550271467481,B01N54QSH6,1052907525,"Harmony Good Dog Ceramic Dog Bowl, 3 Cups",2026-04-25 13:28:02+00,1,False,Unclassified,No reliable game match,7.99,mbop_fifo
111-5398261-2527446,148714408238601,B001SIFNXW,1050067347,Mario and Sonic at the Olympic Winter Games - Nintendo Wii,2025-12-07 03:50:52+00,1,True,Nintendo Wii,Title/platform heuristic,23.00,mbop_fifo
111-5402677-6398616,148259716501881,B0BSNX28Y4,1068811441,Minecraft Legends Deluxe Edition: Xbox Series X and Xbox One,2025-12-02 03:44:23+00,1,True,Xbox Series X/Xbox One,Title/platform heuristic,17.10,inventorylab_legacy
111-5405612-4545037,166670894689841,B07D767FMV,1056263378,Battlefield V - PlayStation 4 [PlayStation 4],2026-08-09 05:59:20+00,1,True,PlayStation 4,Title/platform heuristic,19.99,inventorylab_legacy
111-5434538-2816217,155330282766521,B07DQ43VFQ,1041419281,NBA 2K19 - Nintendo Switch,2026-03-06 21:51:27+00,1,True,Nintendo Switch,Title/platform heuristic,18.33,mbop_fifo
111-5440992-9142666,164241202989281,B09R1T4G9P,1059898575,Comfortiva Alesha Gold 8.5 M (B),2026-07-07 22:56:34+00,1,False,Unclassified,No reliable game match,29.00,inventorylab_legacy
111-5469018-8793011,148200845421841,B07KN77NXY,1068329356,FIFA 19/NHL 19 Bundle PlayStation 4,2025-12-01 19:33:01+00,1,True,PlayStation 4,Title/platform heuristic,11.16,inventorylab_legacy
111-5497692-2571409,168292572431361,B01N1GRUUC,1051249032,"Harmony Good Dog Ceramic Dog Bowl, 6 Cups",2026-08-28 22:50:38+00,2,False,Unclassified,No reliable game match,21.98,inventorylab_legacy
111-5503313-8197804,147874854620361,B08GSP1HBM,1067108754,"Goosebumps: Dead of Night, Cosmic Forces - Nintendo Switch",2025-11-28 22:42:18+00,1,True,Nintendo Switch,Title/platform heuristic,14.49,mbop_fifo
111-5517209-5935412,146529967911201,B07SHJ3ZQR,1064186268,FIFA 20 Standard Edition - PlayStation 4,2025-11-17 14:47:27+00,1,True,PlayStation 4,Title/platform heuristic,12.83,mbop_fifo
111-5536011-3586659,157855236471921,B01G2E4DV4,1066393117,Birds Choice Oriole Feeder Replacement Cup,2026-04-14 22:14:17+00,1,False,Unclassified,No reliable game match,4.09,mbop_fifo
111-5540913-6412226,161154596632081,B09Q3Q893F,1071133144,Monster Energy Supercross 5 - PlayStation 5,2026-05-31 02:40:07+00,1,True,PlayStation 5,Title/platform heuristic,16.95,inventorylab_legacy
111-5553844-2986643,149186999589521,B06XDN21W5,1031051552,Paradise Treasure Trove Brown White Football Coin Piggy Bank Sports Stitching,2025-12-11 22:34:06+00,1,False,Unclassified,No reliable game match,8.99,mbop_fifo
111-5557278-5860224,141438068732921,B082LQ4Q9Y,1068329377,Resident Evil 3 - Xbox One,2025-10-06 04:25:26+00,1,True,Xbox One,Title/platform heuristic,29.99,mbop_fifo
111-5559235-5648241,162791583119441,B09HVVCTQM,1071744020,MechWarrior 5: Mercenaries - PlayStation 5,2026-06-19 16:32:54+00,1,True,PlayStation 5,Title/platform heuristic,,missing
111-5568886-0251447,148266362670321,B0B359B45Q,1069890493,Little League World Series PS4,2025-12-02 04:55:13+00,1,True,PlayStation 4,Title/platform heuristic,20.15,mbop_fifo
111-5607049-0320216,140640464202361,B01N03NM02,1058392679,"Harmony Good Dog Ceramic Dog Bowl, 1 Cup",2025-09-28 16:21:38+00,1,False,Unclassified,No reliable game match,5.99,inventorylab_legacy
111-5624227-4705008,160010863717121,B00114XU4M,1070891204,Incredible Hulk,2026-05-15 18:05:59+00,1,False,Unclassified,No reliable game match,21.37,mbop_fifo
111-5632871-6350656,163775186762481,B07J5PD8ZM,1029328757,Monster Energy Supercross - The Official Videogame 2 Day One Edition,2026-06-29 21:49:56+00,1,False,Unclassified,No reliable game match,11.85,inventorylab_legacy
111-5645190-6233810,160360305517921,B00I9UVY30,1070891227,EA Sports 2014 FIFA World Cup Brazil - PlayStation 3,2026-05-20 01:56:02+00,1,True,PlayStation 3,Title/platform heuristic,17.47,inventorylab_legacy
111-5681325-9895468,148244546749961,B00ZPT59YS,1045151360,Sea of Thieves: Standard Edition - Xbox One,2025-12-02 02:19:48+00,1,True,Xbox One,Title/platform heuristic,19.62,mbop_fifo
111-5682914-0014651,156569248991121,B07YZ4QVZY,1068949078,Sniper Ghost Warrior: Contracts PS4,2026-03-26 15:08:09+00,1,True,PlayStation 4,Title/platform heuristic,14.00,inventorylab_legacy
111-5687141-5232224,157037512001801,B00DB9JV5W,1071283747,Halo 5: Guardians - Xbox One,2026-04-02 19:04:05+00,1,True,Xbox One,Title/platform heuristic,17.30,mbop_fifo
111-5727042-7329018,166645417653761,B0006ACWEQ,1070175672,Ranchmark OpenX Dual Blade Universal Package Opener 7L x 1 1/2H inches,2026-08-09 02:23:50+00,1,False,Unclassified,No reliable game match,7.69,inventorylab_legacy
111-5787720-8015416,156196912627201,B00SXEONTO,1059471267,LEGO Jurassic World - PlayStation 3,2026-03-20 15:17:31+00,1,True,PlayStation 3,Title/platform heuristic,17.00,mbop_fifo
111-5825122-2501868,146086322032001,B0B359B45Q,1069890493,Little League World Series PS4,2025-11-12 00:43:33+00,1,True,PlayStation 4,Title/platform heuristic,18.00,mbop_fifo
111-5857049-9184257,142125668433281,B01IW7Z67E,1070280026,Nintendo Selects: Luigi's Mansion: Dark Moon - Nintendo 3DS,2025-10-11 17:30:51+00,1,True,Nintendo 3DS,Title/platform heuristic,15.01,mbop_fifo
111-5858840-3905018,141272639864001,B08GR4QMC9,1068002510,Call of Duty: Black Ops Cold War (PS4),2025-10-04 15:14:00+00,1,True,PlayStation 4,Title/platform heuristic,22.71,mbop_fifo
111-5864843-3815449,150085669889321,B0CGY48TGT,1068811429,EA SPORTS WRC - Xbox Series X,2025-12-22 19:05:13+00,1,True,Xbox Series X,Title/platform heuristic,16.92,inventorylab_legacy
111-5865107-8564209,165782461892721,B01N1GRUUC,1051249032,"Harmony Good Dog Ceramic Dog Bowl, 6 Cups",2026-07-29 12:38:10+00,1,False,Unclassified,No reliable game match,10.99,inventorylab_legacy
111-5866934-8704217,166618498348681,B071X7QQKZ,1070474323,Fire Emblem Warriors - Nintendo Switch [Nintendo Switch],2026-08-08 13:48:46+00,1,True,Nintendo Switch,Title/platform heuristic,,missing
111-5871947-1789851,146766931258401,B07HFMJ4R5,1068329410,Minecraft: Starter Collection - Xbox One,2025-11-19 13:33:59+00,1,True,Xbox One,Title/platform heuristic,23.49,inventorylab_legacy
111-5878140-9741849,140644961933761,B0006ACWEQ,1070175672,Ranchmark OpenX Dual Blade Universal Package Opener 7L x 1 1/2H inches,2025-09-28 21:37:44+00,1,False,Unclassified,No reliable game match,7.69,inventorylab_legacy
111-5890568-2813824,165917873112521,B0051TLAZ4,1043651512,LEGO Harry Potter: Years 5-7 - Playstation 3 [PlayStation 3],2026-07-30 23:04:56+00,1,True,PlayStation 3,Title/platform heuristic,15.20,inventorylab_legacy
111-5922372-2571465,148036080616641,B089DFJJGR,1064186110,Madden NFL 21 - PlayStation 4,2025-11-30 04:13:57+00,1,True,PlayStation 4,Title/platform heuristic,,missing
111-5943140-3148228,158302414513681,B0051TLAZ4,1043651512,LEGO Harry Potter: Years 5-7 - Playstation 3,2026-04-22 13:26:47+00,1,True,PlayStation 3,Title/platform heuristic,15.20,inventorylab_legacy
111-5948016-5187415,163162575521241,B01G2E4DV4,1066393117,Birds Choice Oriole Feeder Replacement Cup,2026-06-23 20:55:15+00,1,False,Unclassified,No reliable game match,,missing
111-5963589-7071468,157999015602801,B0060ZN5T2,1044972247,NEW Just Dance 3 Wii (Videogame Software),2026-04-17 14:45:02+00,1,True,Nintendo Wii,Title/platform heuristic,17.60,inventorylab_legacy
111-5966902-5450647,145832151501081,B07HFMJ4R5,1068329410,Minecraft: Starter Collection - Xbox One,2025-11-09 13:48:30+00,1,True,Xbox One,Title/platform heuristic,23.49,inventorylab_legacy
111-5975178-4613050,138981100918361,B08GSP1HBM,1067108754,"Goosebumps: Dead of Night, Cosmic Forces - Nintendo Switch",2025-09-12 03:35:46+00,1,True,Nintendo Switch,Title/platform heuristic,16.82,mbop_fifo
111-5991782-8548219,148765833591481,B002I0K3M0,1036663415,Nintendo Land,2025-12-07 20:08:56+00,1,False,Unclassified,No reliable game match,19.34,inventorylab_legacy
111-6022655-1323465,162578188335681,B003O6E986,1067108762,Forza 4,2026-06-17 18:47:48+00,1,True,Xbox 360,Title/platform heuristic,25.76,inventorylab_legacy
111-6027888-6313061,148676516565961,B01LDFGIT2,1058619763,Livewire Advantage Instrument Cable 10 ft. Black,2025-12-06 20:26:23+00,1,False,Unclassified,No reliable game match,10.48,inventorylab_legacy
111-6042899-5740243,159083871925321,B01G2E4DV4,1066393117,Birds Choice Oriole Feeder Replacement Cup,2026-05-03 15:23:05+00,1,False,Unclassified,No reliable game match,5.31,mbop_fifo
111-6046092-0983434,152729581457201,B07D77HYR5,1070891220,Madden NFL 19 - PlayStation 4,2026-01-30 04:38:37+00,1,True,PlayStation 4,Title/platform heuristic,4.49,mbop_fifo
111-6049794-0524212,156948393822641,B002I0K50U,1071283739,Hitman: Absolution,2026-04-01 04:58:02+00,1,False,Unclassified,No reliable game match,9.88,mbop_fifo
111-6052938-9666643,145853748259881,B08S2Y128Z,1055009413,The Last Kids On Earth and the Staff of Doom - PlayStation 4,2025-11-09 18:40:13+00,1,True,PlayStation 4,Title/platform heuristic,15.02,inventorylab_legacy
111-6055047-7701014,166093722839641,B0028ZJ4O8,1071881589,Guitar Hero 5 - Xbox 360 (Game only) [Xbox 360],2026-08-01 15:11:47+00,1,True,Xbox 360,Title/platform heuristic,,missing
111-6073272-4929017,165335657039801,B00ZGPJ30M,1070625055,Plants vs. Zombies Garden Warfare 2 - PlayStation 4 [PlayStation 4],2026-07-23 18:44:03+00,1,True,PlayStation 4,Title/platform heuristic,,missing
111-6097555-9069013,168447667186961,B07KX13568,SC-M2TA-5WQ6,Hello Neighbor Nintendo Switch [Nintendo Switch],2026-08-31 00:39:10+00,1,True,Nintendo Switch,Title/platform heuristic,,missing
111-6099061-7709047,162429833332281,B002E1M632,1071283738,WWE SmackDown vs. Raw 2010 - Nintendo Wii,2026-06-15 20:02:40+00,1,True,Nintendo Wii,Title/platform heuristic,17.77,inventorylab_legacy
111-6135247-7135468,167900484338521,B07BHHDTL4,1071379584,Sonic Mania Plus - PlayStation 4 [PlayStation 4],2026-08-23 21:54:39+00,1,True,PlayStation 4,Title/platform heuristic,,missing
111-6141423-6855436,142310052103681,B0026FCARI,1036663472,Scooby Doo First Frights - Nintendo Wii,2025-10-13 18:24:02+00,1,True,Nintendo Wii,Title/platform heuristic,22.10,inventorylab_legacy
111-6153012-4661865,148007111813361,B0BDT654XQ,1069890474,Fortnite - Anime Legends- Xbox Series X,2025-11-29 22:39:47+00,1,True,Xbox Series X,Title/platform heuristic,16.95,mbop_fifo
111-6157359-5854651,156350385351881,B01JCUNNA2,1071287921,Darksiders: Warmastered Edition - Xbox One,2026-03-23 01:04:23+00,1,True,Xbox One,Title/platform heuristic,10.00,mbop_fifo
111-6169527-0413027,138973765785521,B00DC7G0GG,1052572572,Super Mario 3D World,2025-09-12 06:09:11+00,1,True,Nintendo Wii U,Title/platform heuristic,22.79,mbop_fifo
111-6175138-2667459,146862533084361,B08NMQNSX3,1068329365,Madden NFL 21 Next Level Edition - PlayStation 5,2025-11-20 15:15:38+00,1,True,PlayStation 5,Title/platform heuristic,9.99,mbop_fifo
111-6192579-7789853,140680224292681,B01LDFGIT2,1058619763,Livewire Advantage Instrument Cable 10 ft. Black,2025-09-28 20:36:47+00,1,False,Unclassified,No reliable game match,10.48,inventorylab_legacy
111-6195441-4589860,157003343210401,B091DBFGWF,1071047176,RBI BASEBALL 21 NINTENDO SWITCH - NINTENDO SWITCH,2026-04-02 03:31:32+00,1,True,Nintendo Switch,Title/platform heuristic,13.53,mbop_fifo
111-6198556-2321869,152185931869961,B0053BSOD6,1070891233,UFC Undisputed 3,2026-01-22 03:08:18+00,1,False,Unclassified,No reliable game match,30.37,mbop_fifo
111-6204594-9662603,157787371970401,B0C1YQ4JPV,1071283755,Super Bomberman R 2 - Xbox Series X|Xbox One,2026-04-13 20:25:51+00,1,True,Xbox Series X/Xbox One,Title/platform heuristic,15.52,mbop_fifo
111-6219871-0307458,163812162246721,B08GR2SCLF,1071283722,Puyo Puyo Tetris 2: Launch Edition - PlayStation 5,2026-06-30 12:59:07+00,1,True,PlayStation 5,Title/platform heuristic,,missing
111-6222263-9258607,141820601124001,B01N9QVIRV,1065946902,Switch Title 3 -,2025-10-08 22:38:03+00,1,True,Nintendo Switch,Title/platform heuristic,25.02,inventorylab_legacy
111-6235575-8530655,161248626540041,B07RT6NN3M,1052397580,Race with Ryan - Nintendo Switch,2026-06-02 00:57:22+00,1,True,Nintendo Switch,Title/platform heuristic,11.00,inventorylab_legacy
111-6243704-6739417,161695786940641,B0BP5CKT2F,1069890475,Star Wars Jedi: Survivor Deluxe - Xbox Series X,2026-06-05 20:21:51+00,1,True,Xbox Series X,Title/platform heuristic,18.00,inventorylab_legacy
111-6247848-6101868,148347457944801,B00JUFT1F6,1044306035,Dragon Age Inquisition - Standard Edition - PlayStation 4,2025-12-03 05:14:16+00,1,True,PlayStation 4,Title/platform heuristic,17.65,mbop_fifo
111-6251673-4353859,149986717815641,B0972TKPMW,1070280048,Farming Simulator 22 - Xbox One,2025-12-21 00:59:35+00,1,True,Xbox One,Title/platform heuristic,18.36,mbop_fifo
111-6268422-0461037,157827630068561,B07ZWBF157,1070891176,Doom Slayers Collection - PlayStation 4 Standard Edition,2026-04-14 13:55:42+00,1,True,PlayStation 4,Title/platform heuristic,29.45,mbop_fifo
111-6272873-0828258,147141535065721,B0CFTFG12B,1069890477,Call of Duty Modern Warfare III - Xbox,2025-11-23 17:57:16+00,1,True,Xbox,Title/platform heuristic,24.00,mbop_fifo
111-6284588-3184228,164456177460241,B07FYN3JDL,1070891208,Nintendo Labo Toy-Con 03: Vehicle Kit - Switch,2026-07-10 20:52:32+00,1,True,Nintendo Switch,Title/platform heuristic,,missing
111-6302874-8153001,163035346526401,B0026FCARI,1036663472,Scooby Doo First Frights - Nintendo Wii,2026-06-22 18:52:45+00,1,True,Nintendo Wii,Title/platform heuristic,22.10,inventorylab_legacy
111-6310404-7013813,160247214740241,B0014FMHDS,1071283714,Kung Fu Panda - Playstation 3,2026-05-23 04:02:30+00,1,True,PlayStation 3,Title/platform heuristic,21.77,inventorylab_legacy
111-6331630-3768212,165358709520361,B003TK1HSM,1027773861,Nickelodeon Fit [Nintendo Wii],2026-07-23 21:29:36+00,1,True,Nintendo Wii,Title/platform heuristic,,missing
111-6332490-7712240,166397909345001,B002BRYXRQ,1071283704,Left 4 Dead 2 [Windows Vista | Windows XP],2026-08-05 04:07:48+00,1,True,PC,Title/platform heuristic,26.77,inventorylab_legacy
111-6336359-5261020,161372027509881,B01G2E4DV4,1066393117,Birds Choice Oriole Feeder Replacement Cup,2026-06-02 15:37:35+00,1,False,Unclassified,No reliable game match,,missing
111-6338490-7632263,152176589157001,B00KLMOY4K,1048220574,Plants vs Zombies Garden Warfare(Online Play Required) - PlayStation 4,2026-01-22 01:26:53+00,1,True,PlayStation 4,Title/platform heuristic,12.50,inventorylab_legacy
111-6352649-5195457,150837153356481,B016KAKD7S,1030912249,"18"" Bendable Muslin DollNew by: CC",2026-01-03 02:44:52+00,4,False,Unclassified,No reliable game match,35.96,inventorylab_legacy
111-6378161-9773844,166806924453641,B07DLSQFL8,1068811425,Hitman 2 - PlayStation 4 [PlayStation 4],2026-08-11 04:42:23+00,1,True,PlayStation 4,Title/platform heuristic,19.72,inventorylab_legacy
111-6385485-2463463,149943841247681,B0BPPQWQW2,1069286282,Diablo IV - PlayStation 4,2025-12-20 14:17:37+00,1,True,PlayStation 4,Title/platform heuristic,,missing
111-6400771-2978649,150677249705921,B0C7PN2L5V,1068811427,Starfield: Standard Edition - Xbox Series X,2025-12-31 00:50:26+00,1,True,Xbox Series X,Title/platform heuristic,26.80,mbop_fifo
111-6401667-1991412,156697273753601,B01G2E4DV4,1066393117,Birds Choice Oriole Feeder Replacement Cup,2026-03-28 15:46:07+00,1,False,Unclassified,No reliable game match,4.09,mbop_fifo
111-6403206-5122614,151731958982801,B09FCXXGT5,1068811453,Big Brain Academy: Brain vs. Brain - Nintendo Switch,2026-01-14 21:38:53+00,1,True,Nintendo Switch,Title/platform heuristic,20.00,mbop_fifo
111-6405361-0057005,161399317045121,B00ZS80PC2,1067893319,Final Fantasy VII: Remake - PlayStation 4,2026-06-03 19:42:46+00,1,True,PlayStation 4,Title/platform heuristic,18.15,inventorylab_legacy
111-6414498-9880201,155245005537641,B07YFF2KWG,1061145216,The Sims 4 Plus Island Living Bundle - PlayStation 4,2026-03-06 07:22:38+00,1,True,PlayStation 4,Title/platform heuristic,13.31,mbop_fifo
111-6416763-6688257,147899670714521,B00008KTRS,1070474313,Shin Megami Tensei: Digital Devil Saga - PlayStation 2,2025-11-29 01:42:35+00,1,True,PlayStation 2,Title/platform heuristic,34.50,mbop_fifo
111-6418582-4085064,160575282915161,B00CX6XKK6,1049720229,Call of Duty: Ghosts - Xbox One,2026-05-22 21:22:12+00,1,True,Xbox One,Title/platform heuristic,25.84,mbop_fifo
111-6431856-7761853,148044155390641,B017V6Y34E,1068329364,EA Sports UFC 2 - PlayStation 4,2025-11-30 06:19:23+00,1,True,PlayStation 4,Title/platform heuristic,15.99,mbop_fifo
111-6466433-2625806,160081316793881,B01N1GRUUC,1051249032,"Harmony Good Dog Ceramic Dog Bowl, 6 Cups",2026-05-16 23:49:09+00,1,False,Unclassified,No reliable game match,10.99,inventorylab_legacy
111-6479681-0545831,167318921672761,B000N4MSAS,1030433257,Brothers In Arms: Hell's Highway - Playstation 3 [PlayStation 3],2026-08-17 11:50:00+00,1,True,PlayStation 3,Title/platform heuristic,15.94,inventorylab_legacy
111-6491989-8670623,152818670858561,B0050SWALO,1063376216,Kinect Sports Ultimate Collection,2026-01-31 20:40:18+00,1,False,Unclassified,No reliable game match,13.37,mbop_fifo
111-6553343-9801805,154495222645321,B0038TT8QM,1070891240,Sid Meier's Civilization V - PC,2026-02-24 22:15:15+00,1,True,PC,Title/platform heuristic,7.47,mbop_fifo
111-6560591-5895407,159352040524881,B01JCV1QGE,1071453903,Dead Rising,2026-05-07 15:32:05+00,1,True,Xbox One,Title/platform heuristic,19.99,mbop_fifo
111-6579219-4741046,149545359793241,B06XDN21W5,1031051552,Paradise Treasure Trove Brown White Football Coin Piggy Bank Sports Stitching,2025-12-15 12:59:06+00,1,False,Unclassified,No reliable game match,8.99,mbop_fifo
111-6601980-4680263,152101374116401,B014N4RTS4,1045692341,YO-KAI WATCH - 3DS,2026-01-20 18:51:10+00,1,True,Nintendo 3DS,Title/platform heuristic,24.99,mbop_fifo
111-6614012-4492257,147783745858441,B0BBXD3P63,1070474320,God of Rock (PS5),2025-11-28 05:52:04+00,1,True,PlayStation 5,Title/platform heuristic,13.00,mbop_fifo
111-6615995-2766653,161703611995681,B08C7PWNFV,1071379577,Chivalry 2 - PlayStation 4,2026-06-06 02:43:55+00,1,True,PlayStation 4,Title/platform heuristic,8.10,inventorylab_legacy
111-6616327-0631430,162166864857681,B00ZS80PC2,1067893319,Final Fantasy VII: Remake - PlayStation 4,2026-06-12 09:12:31+00,1,True,PlayStation 4,Title/platform heuristic,18.15,inventorylab_legacy
111-6643861-1087467,159135175707441,B01G2E4DV4,1066393117,Birds Choice Oriole Feeder Replacement Cup,2026-05-03 18:26:50+00,1,False,Unclassified,No reliable game match,5.31,mbop_fifo
111-6658672-5802652,168262702349241,B008E6ZXRC,KL-025P-I37A,Wipeout 3 - Xbox 360 [Xbox 360],2026-08-28 13:12:52+00,1,True,Xbox 360,Title/platform heuristic,,missing
111-6663259-9013056,159260423091121,B01G2E4DV4,1066393117,Birds Choice Oriole Feeder Replacement Cup,2026-05-05 18:34:54+00,1,False,Unclassified,No reliable game match,5.31,mbop_fifo
111-6666970-4397012,158006320159601,B07SL77MHX,1068811473,No More Heroes 3,2026-04-17 13:57:00+00,1,False,Unclassified,No reliable game match,17.50,inventorylab_legacy
111-6680499-0929055,149992827536201,B06XDN21W5,1031051552,Paradise Treasure Trove Brown White Football Coin Piggy Bank Sports Stitching,2025-12-21 04:53:10+00,1,False,Unclassified,No reliable game match,8.99,mbop_fifo
111-6696449-1799454,159643492762881,B096HSJ6PJ,1071517346,Battlefield 2042 - PlayStation 5,2026-05-11 13:22:54+00,1,True,PlayStation 5,Title/platform heuristic,14.40,mbop_fifo
111-6721970-6001814,164013304042921,B07YZ4QVZY,1068949078,Sniper Ghost Warrior: Contracts PS4,2026-07-03 16:52:47+00,1,True,PlayStation 4,Title/platform heuristic,14.00,inventorylab_legacy
111-6737962-6333031,164573599201121,B00ZE360GG,1043651644,Just Dance 2016 - Wii [Nintendo Wii],2026-07-12 18:15:27+00,1,True,Nintendo Wii,Title/platform heuristic,,missing
111-6741649-2069036,147479460722241,B06XDN21W5,1031051552,Paradise Treasure Trove Brown White Football Coin Piggy Bank Sports Stitching,2025-11-25 16:28:54+00,1,False,Unclassified,No reliable game match,8.99,mbop_fifo
111-6750208-0424202,161817070377401,B00KL4PNWA,1071283743,Alien: Isolation - Nostromo Edition (Xbox One),2026-06-07 17:43:44+00,1,True,Xbox One,Title/platform heuristic,37.00,inventorylab_legacy
111-6755913-1147417,157314573326801,B07HFMJ4R5,1068329410,Minecraft: Starter Collection - Xbox One,2026-04-07 15:52:48+00,1,True,Xbox One,Title/platform heuristic,23.49,inventorylab_legacy
111-6909931-0619423,159048477378721,B01AC3ZD06,1048894668,Nintendo Selects: Super Mario 3D World - Wii U Standard Edition,2026-05-03 00:46:18+00,1,True,Nintendo Wii U,Title/platform heuristic,23.00,mbop_fifo
111-6915549-5570664,156669687951881,B097FP294Y,1070280033,Aliens Fireteam Elite - PlayStation 5,2026-03-28 04:41:49+00,1,True,PlayStation 5,Title/platform heuristic,19.52,mbop_fifo
111-6916607-4987447,147805110719721,B096WVJ9Q4,1068329357,Marvel's Guardians of the Galaxy PlayStation 4 with Free Upgrade to the Digital PS5 Version,2025-11-28 14:02:32+00,1,True,PlayStation 4/PlayStation 5,Title/platform heuristic,15.95,mbop_fifo
111-6927721-9550619,158558390550321,B00CX6XKK6,1049720229,Call of Duty: Ghosts - Xbox One,2026-04-25 18:48:41+00,2,True,Xbox One,Title/platform heuristic,26.87,mbop_fifo
111-6942766-1074666,157744217638281,B01EZA0D8O,1063375652,Call of Duty: Infinite Warfare - Standard Edition - Xbox One,2026-04-13 03:27:53+00,1,True,Xbox One,Title/platform heuristic,12.75,mbop_fifo
111-6968565-8799427,148687230729961,B0088MVP4M,1069286311,LEGO Lord of the Rings - Nintendo Wii,2025-12-06 21:42:06+00,1,True,Nintendo Wii,Title/platform heuristic,24.84,mbop_fifo
111-6977181-5849866,166610096194281,B0748VH8ZF,1039345443,The Sims 4 - Xbox One [Xbox One],2026-08-08 21:42:24+00,1,True,Xbox One,Title/platform heuristic,13.72,inventorylab_legacy
111-6985626-5366632,154987108009481,B07YZ4QVZY,1068949078,Sniper Ghost Warrior: Contracts PS4,2026-03-03 10:16:52+00,1,True,PlayStation 4,Title/platform heuristic,14.00,inventorylab_legacy
111-6992295-0691449,167372202406161,B00D7UHT0E,QZ-C9CY-Q1FM,Just Dance 2014 - Nintendo Wii [Nintendo Wii],2026-08-18 15:52:13+00,1,True,Nintendo Wii,Title/platform heuristic,,missing
111-7005805-7745851,148767278108641,B00ECOBFCC,1049390225,The LEGO Movie Videogame - PlayStation 3,2025-12-07 20:42:26+00,1,True,PlayStation 3,Title/platform heuristic,9.99,mbop_fifo
111-7017902-5400218,149020197591361,B0013E9HP6,1034678931,Wii Play,2025-12-09 23:53:11+00,1,True,Nintendo Wii,Title/platform heuristic,13.00,mbop_fifo
111-7023615-6245826,159441847346641,B09GCXZKBZ,1071379580,My Universe: Puppies and Kittens - PlayStation 4,2026-05-08 03:11:54+00,1,True,PlayStation 4,Title/platform heuristic,9.55,inventorylab_legacy
111-7041325-1736218,147983467009601,B00YC7DZ3G,1070474351,FIFA 16 - Standard Edition - Xbox 360,2025-11-29 18:41:21+00,1,True,Xbox 360,Title/platform heuristic,14.00,inventorylab_legacy
111-7044045-4809864,140808947407761,B07YFF2KWG,1061145216,The Sims 4 Plus Island Living Bundle - PlayStation 4,2025-09-29 18:37:31+00,1,True,PlayStation 4,Title/platform heuristic,,missing
111-7049124-4392253,157743555227401,B089F8R1CZ,1040614930,FIFA 21 Champions Edition - PlayStation 4,2026-04-13 01:46:23+00,1,True,PlayStation 4,Title/platform heuristic,12.99,inventorylab_legacy
111-7082393-7428252,147535769121841,B08GSP1HBM,1067108754,"Goosebumps: Dead of Night, Cosmic Forces - Nintendo Switch",2025-11-26 03:53:55+00,1,True,Nintendo Switch,Title/platform heuristic,13.99,mbop_fifo
111-7106624-8617830,146275241798081,B0CFTFG12B,1069890477,Call of Duty Modern Warfare III - Xbox,2025-11-14 20:55:18+00,1,True,Xbox,Title/platform heuristic,24.00,mbop_fifo
111-7119417-7436243,148185228369801,B096WVGQMJ,1053589872,Marvel's Guardians of the Galaxy - Xbox Series X/Xbox One,2025-12-01 17:06:46+00,1,True,Xbox Series X/Xbox One,Title/platform heuristic,16.18,mbop_fifo
111-7134497-9675438,163340545765001,B07FYN3JDL,1070891208,Nintendo Labo Toy-Con 03: Vehicle Kit - Switch,2026-06-25 04:41:14+00,1,True,Nintendo Switch,Title/platform heuristic,,missing
111-7140018-4311441,158455140305561,B01N54QSH6,1052907525,"Harmony Good Dog Ceramic Dog Bowl, 3 Cups",2026-04-24 01:47:23+00,1,False,Unclassified,No reliable game match,7.99,mbop_fifo
111-7143205-8526627,149356916026321,B07XGW61PX,1063375936,Plants Vs. Zombies: Battle for Neighborville - Xbox One,2025-12-13 03:22:15+00,1,True,Xbox One,Title/platform heuristic,13.87,inventorylab_legacy
111-7151720-4452253,166224132623441,B08JJ37XVW,1070280039,Monster Hunter Rise - Nintendo Switch Standard Edition [Nintendo Switch],2026-08-04 02:31:22+00,1,True,Nintendo Switch,Title/platform heuristic,16.47,inventorylab_legacy
111-7151827-3113015,155516504228081,B0060ZN5T2,1044972247,NEW Just Dance 3 Wii (Videogame Software),2026-03-10 01:30:22+00,1,True,Nintendo Wii,Title/platform heuristic,17.60,inventorylab_legacy
111-7176757-6589822,160998016927161,B00XWQZPQ8,1068811431,Need for Speed - Xbox One,2026-05-28 15:37:40+00,1,True,Xbox One,Title/platform heuristic,12.42,inventorylab_legacy
111-7181144-3018633,142097575871601,B07HFMJ4R5,1068329410,Minecraft: Starter Collection - Xbox One,2025-10-11 14:30:47+00,1,True,Xbox One,Title/platform heuristic,23.49,inventorylab_legacy
111-7189505-8594625,147505365638641,B01GVN0D1U,1070474333,Resident Evil 7 Biohazard (Xbox One),2025-11-25 22:20:00+00,1,True,Xbox One,Title/platform heuristic,14.50,mbop_fifo
111-7210032-8551404,150540333273601,B01AC3ZD06,1048894668,Nintendo Selects: Super Mario 3D World - Wii U Standard Edition,2025-12-29 22:21:22+00,1,True,Nintendo Wii U,Title/platform heuristic,,missing
111-7236920-9337802,154892423790721,B087XTT5GZ,1053590162,Assassin's Creed Valhalla PlayStation 4 Standard Edition with Free Upgrade to the Digital PS5 Version,2026-03-01 23:27:04+00,1,True,PlayStation 4/PlayStation 5,Title/platform heuristic,10.19,mbop_fifo
111-7244201-7869819,158280786743441,B01EZA0D8O,1063375652,Call of Duty: Infinite Warfare - Standard Edition - Xbox One,2026-04-22 00:40:17+00,1,True,Xbox One,Title/platform heuristic,10.99,mbop_fifo
111-7247774-6582622,147129439109161,B0748XK1KM,1058203076,The Sims 4 - PlayStation 4,2025-11-23 15:05:15+00,1,True,PlayStation 4,Amazon product type,20.68,mbop_fifo
111-7268013-3454640,140084771852561,B06XDN21W5,1031051552,Paradise Treasure Trove Brown White Football Coin Piggy Bank Sports Stitching,2025-09-22 20:12:14+00,1,False,Unclassified,No reliable game match,9.99,mbop_fifo
111-7302891-8636238,163653787253961,B01N03NM02,1058392679,"Harmony Good Dog Ceramic Dog Bowl, 1 Cup",2026-06-27 22:28:07+00,1,False,Unclassified,No reliable game match,5.99,inventorylab_legacy
111-7302891-8636238,163653787254001,B01N1GRUUC,1051249032,"Harmony Good Dog Ceramic Dog Bowl, 6 Cups",2026-06-27 22:28:07+00,1,False,Unclassified,No reliable game match,10.99,inventorylab_legacy
111-7314491-3341869,157129948472681,B0C8VHKLTM,1071283730,Persona 5 Tactica - Nintendo Switch,2026-04-04 05:52:27+00,1,True,Nintendo Switch,Title/platform heuristic,19.71,mbop_fifo
111-7319510-0997022,164567870869521,B00DRHNLEK,PT-ANK4-X0M5,Sound Percussion Labs Hickory Drumsticks 4-Pack 5A Wood,2026-07-12 15:52:20+00,2,False,Unclassified,No reliable game match,31.98,inventorylab_legacy
111-7333888-0316202,164232708165121,B0BSJZQK5L,1069286287,"Anno 1800 - Standard Edition, PlayStation 5",2026-07-07 05:16:55+00,1,True,PlayStation 5,Title/platform heuristic,16.04,inventorylab_legacy
111-7346634-9322669,148728067036601,B0C5S29VWZ,1070474336,Mortal Kombat 1 - Xbox Series X,2025-12-07 11:04:05+00,1,True,Xbox Series X,Title/platform heuristic,14.99,mbop_fifo
111-7349925-7610607,165172355397681,B01GW8Y9SM,1071047194,Prey - PlayStation 4 [PlayStation 4],2026-07-21 00:46:52+00,1,True,PlayStation 4,Title/platform heuristic,25.00,inventorylab_legacy
111-7362962-1131462,157875439073721,B01G2E4DV4,1066393117,Birds Choice Oriole Feeder Replacement Cup,2026-04-15 05:35:38+00,1,False,Unclassified,No reliable game match,4.09,mbop_fifo
111-7406459-9150621,163744411147361,B01N03NM02,1058392679,"Harmony Good Dog Ceramic Dog Bowl, 1 Cup",2026-06-29 12:27:16+00,1,False,Unclassified,No reliable game match,5.99,inventorylab_legacy
111-7408272-9263438,157772510424121,B01AC3ZD06,1048894668,Nintendo Selects: Super Mario 3D World - Wii U Standard Edition,2026-04-13 16:07:41+00,1,True,Nintendo Wii U,Title/platform heuristic,20.39,mbop_fifo
111-7431908-2297012,151717812346801,B09FCXXGT5,1068811453,Big Brain Academy: Brain vs. Brain - Nintendo Switch,2026-01-14 20:56:10+00,1,True,Nintendo Switch,Title/platform heuristic,20.00,mbop_fifo
111-7434783-1264226,157342779763361,B09GJP8BPZ,1067108753,Fortnite Minty Legends Pack(code in Box),2026-04-08 02:39:16+00,1,True,Nintendo Switch,Title/platform heuristic,39.99,inventorylab_legacy
111-7445125-4716223,141386145185801,B0006ACWEQ,1070175672,Ranchmark OpenX Dual Blade Universal Package Opener 7L x 1 1/2H inches,2025-10-05 18:48:25+00,1,False,Unclassified,No reliable game match,7.69,inventorylab_legacy
111-7474302-6222619,158274540980041,B01AC3ZD06,1048894668,Nintendo Selects: Super Mario 3D World - Wii U Standard Edition,2026-04-21 20:43:12+00,1,True,Nintendo Wii U,Title/platform heuristic,18.45,mbop_fifo
111-7505526-5115423,146153879772361,B01N54QSH6,1052907525,"Harmony Good Dog Ceramic Dog Bowl, 3 Cups",2025-11-13 01:12:00+00,1,False,Unclassified,No reliable game match,9.74,mbop_fifo
111-7506798-9105847,149753178822881,B00D8IAND0,1043651640,Just Dance 2014 - Nintendo Wii U,2025-12-18 00:26:02+00,1,True,Nintendo Wii U,Title/platform heuristic,12.99,inventorylab_legacy
111-7507827-4997062,143955880052401,B079P7T594,1070280037,Hello Neighbor - Nintendo Switch,2025-10-19 01:24:21+00,1,True,Nintendo Switch,Title/platform heuristic,9.04,mbop_fifo
111-7544310-9864228,148699624666281,B01N9QVIRV,1065946902,Switch Title 3 -,2025-12-07 03:07:11+00,1,True,Nintendo Switch,Title/platform heuristic,25.02,inventorylab_legacy
111-7565756-5727443,157072179685081,B01LDFGIT2,1058619763,Livewire Advantage Instrument Cable 10 ft. Black,2026-04-03 05:29:32+00,1,False,Unclassified,No reliable game match,10.48,inventorylab_legacy
111-7569791-7419430,154211160999561,B008E6ZYCQ,1071047180,Wipeout 3 - Nintendo Wii,2026-02-20 22:19:13+00,1,True,Nintendo Wii,Title/platform heuristic,14.13,inventorylab_legacy
111-7569938-5693036,164160767901921,B003HO0RPE,1029492962,Deal or No Deal Special Edition - Nintendo Wii,2026-07-06 15:24:19+00,1,True,Nintendo Wii,Title/platform heuristic,15.29,inventorylab_legacy
111-7576198-7516210,157022558861401,B091DBFGWF,1071047176,RBI BASEBALL 21 NINTENDO SWITCH - NINTENDO SWITCH,2026-04-02 14:36:45+00,1,True,Nintendo Switch,Title/platform heuristic,13.53,mbop_fifo
111-7587051-9375425,153689096641241,B0018RWMRS,1030268125,Game Party 2 - Nintendo Wii,2026-02-14 04:31:43+00,1,True,Nintendo Wii,Title/platform heuristic,15.12,inventorylab_legacy
111-7595604-3413054,154233317230881,B00I9UVY30,1070891227,EA Sports 2014 FIFA World Cup Brazil - PlayStation 3,2026-02-21 07:48:06+00,1,True,PlayStation 3,Title/platform heuristic,17.47,inventorylab_legacy
111-7615685-1156235,162231394445881,B0026FCARI,1036663472,Scooby Doo First Frights - Nintendo Wii,2026-06-12 15:46:55+00,1,True,Nintendo Wii,Title/platform heuristic,22.10,inventorylab_legacy
111-7639408-4788264,150382660313961,B01AC3ZD06,1048894668,Nintendo Selects: Super Mario 3D World - Wii U Standard Edition,2025-12-27 03:00:04+00,1,True,Nintendo Wii U,Title/platform heuristic,15.71,mbop_fifo
111-7655597-7468266,145214242138921,B06XDN21W5,1031051552,Paradise Treasure Trove Brown White Football Coin Piggy Bank Sports Stitching,2025-11-03 06:47:21+00,2,False,Unclassified,No reliable game match,17.98,mbop_fifo
111-7666591-2945834,155984044952201,B01JY2YLHW,1071133155,Vikings - Wolves of Midgard - Xbox One,2026-03-16 22:44:36+00,1,True,Xbox One,Title/platform heuristic,20.61,mbop_fifo
111-7688437-9331469,159077181287561,B07DLSQFL8,1068811425,Hitman 2 - PlayStation 4,2026-05-02 21:11:55+00,1,True,PlayStation 4,Title/platform heuristic,19.72,inventorylab_legacy
111-7718179-9451409,145103665502001,B01N1GRUUC,1051249032,"Harmony Good Dog Ceramic Dog Bowl, 6 Cups",2025-11-01 14:18:36+00,1,False,Unclassified,No reliable game match,10.99,inventorylab_legacy
111-7724528-0874644,165159778580201,B00647630Y,6O-PQHJ-LZDP,Major League Baseball 2K12 - Xbox 360 [Xbox 360],2026-07-21 00:31:46+00,1,True,Xbox 360,Title/platform heuristic,,missing
111-7737750-8061850,160031515537801,B071ZZZ3K9,1029330145,FIFA 18 Standard Edition - PlayStation 4,2026-05-15 23:27:52+00,1,True,PlayStation 4,Title/platform heuristic,12.00,mbop_fifo
111-7762246-8145018,157030896953521,B00DNGQTG2,1068329379,Zumba Fitness World Party - Xbox One,2026-04-02 16:02:46+00,1,True,Xbox One,Title/platform heuristic,12.99,mbop_fifo
111-7762482-7171419,156925682958161,B071G8WL76,1070891188,LEGO Marvel Superheroes 2 Deluxe - Xbox One,2026-03-31 23:04:34+00,1,True,Xbox One,Title/platform heuristic,26.91,mbop_fifo
111-7766452-7144211,145065072743481,B01HTRJFGQ,1048220694,NBA 2K17 Standard Edition - PlayStation 4,2025-10-31 17:30:11+00,1,True,PlayStation 4,Title/platform heuristic,14.69,inventorylab_legacy
111-7775259-4520210,154902913206801,B01G2E4DV4,1066393117,Birds Choice Oriole Feeder Replacement Cup,2026-03-02 00:37:42+00,1,False,Unclassified,No reliable game match,4.09,mbop_fifo
111-7794277-7974632,157645418408561,B07HFMJ4R5,1068329410,Minecraft: Starter Collection - Xbox One,2026-04-11 13:00:30+00,1,True,Xbox One,Title/platform heuristic,23.49,inventorylab_legacy
111-7890493-6804207,139148490566161,B01N03NM02,1058392679,"Harmony Good Dog Ceramic Dog Bowl, 1 Cup",2025-09-13 16:41:28+00,1,False,Unclassified,No reliable game match,5.99,inventorylab_legacy
111-7946904-7208238,163851981616401,B089F8R1CZ,1040614930,FIFA 21 Champions Edition - PlayStation 4,2026-07-01 01:55:13+00,1,True,PlayStation 4,Title/platform heuristic,12.99,inventorylab_legacy
111-7963903-6086649,152746211795241,B0037TPGJG,G9-FLYH-60TO,Brunswick Pro Bowling (Requires Kinect) - Xbox 360,2026-01-30 15:51:53+00,1,True,Xbox 360,Title/platform heuristic,19.99,inventorylab_legacy
111-7970030-7056201,165758793692641,B01N54QSH6,1052907525,"Harmony Good Dog Ceramic Dog Bowl, 3 Cups",2026-07-29 03:39:43+00,1,False,Unclassified,No reliable game match,,missing
111-7970502-3249805,144571161450841,B0B3GHCTQB,1069286280,Call of Duty: Modern Warfare II - PlayStation 4,2025-10-24 15:34:45+00,1,True,PlayStation 4,Title/platform heuristic,,missing
111-7986886-1186662,167814048362801,B01N54QSH6,1052907525,"Harmony Good Dog Ceramic Dog Bowl, 3 Cups",2026-08-23 00:35:51+00,1,False,Unclassified,No reliable game match,,missing
111-8007973-0953803,164775264060401,B01LYGJRVP,1071517338,Assassin's Creed The Ezio Collection - Xbox One [Xbox One],2026-07-16 09:12:17+00,1,True,Xbox One,Title/platform heuristic,21.95,inventorylab_legacy
111-8049099-5543400,157155112879441,B07SL77MHX,1068811473,No More Heroes 3,2026-04-04 19:40:35+00,1,False,Unclassified,No reliable game match,17.50,inventorylab_legacy
111-8055514-2253846,158337175270281,B07KN77NXY,1068329356,FIFA 19/NHL 19 Bundle PlayStation 4,2026-04-23 00:07:09+00,1,True,PlayStation 4,Title/platform heuristic,11.16,inventorylab_legacy
111-8064209-2058614,160808072274201,B00DRHNLEK,PT-ANK4-X0M5,Sound Percussion Labs Hickory Drumsticks 4-Pack 5A Wood,2026-05-26 17:17:10+00,1,False,Unclassified,No reliable game match,15.99,inventorylab_legacy
111-8109902-4521050,156747462400801,B0028ZNWZK,1071283708,Band Hero Stand Alone Software - PlayStation 2,2026-03-29 09:44:54+00,1,True,PlayStation 2,Title/platform heuristic,15.77,mbop_fifo
111-8120504-7536230,141298564064441,B082LQ4Q9Y,1068329377,Resident Evil 3 - Xbox One,2025-10-04 19:03:57+00,1,True,Xbox One,Title/platform heuristic,29.02,mbop_fifo
111-8120827-1001836,157180092864521,B0C7RNTFLY,1071133150,"Just Dance 2024 Edition - Standard Edition, Nintendo Switch (Code in Box & Ubisoft Connect Code)",2026-04-05 03:37:59+00,1,True,Nintendo Switch,Title/platform heuristic,12.00,mbop_fifo
111-8151268-2521816,150705336089641,B01N03NM02,1058392679,"Harmony Good Dog Ceramic Dog Bowl, 1 Cup",2025-12-31 16:59:56+00,1,False,Unclassified,No reliable game match,5.99,inventorylab_legacy
111-8174493-1162629,155867963773841,B08L9569L4,1064901365,Family Feud - PlayStation 4 Standard Edition,2026-03-15 01:46:15+00,1,True,PlayStation 4,Title/platform heuristic,17.99,mbop_fifo
111-8175976-5982604,157953139316921,B09S65Q9XV,1071453881,MLB The Show 22 for PlayStation 4,2026-04-16 16:27:20+00,1,True,PlayStation 4,Title/platform heuristic,22.04,inventorylab_legacy
111-8184016-2820243,158194194529721,B001DO3NEW,1038680538,Wii Music,2026-04-20 18:24:40+00,1,True,Nintendo Wii,Title/platform heuristic,17.54,inventorylab_legacy
111-8201926-9512247,161845703632441,B003LDKIUA,1041266555,Pac-Man Party - Nintendo Wii,2026-06-08 00:58:53+00,1,True,Nintendo Wii,Title/platform heuristic,24.36,inventorylab_legacy
111-8203582-1496246,155303549744401,B00D8S4GLK,1034678424,Just Dance 2014,2026-03-06 15:17:41+00,1,False,Unclassified,No reliable game match,13.99,mbop_fifo
111-8220864-7360221,140735559792761,B0C9VW1KGR,1068811444,EA SPORTS FC 24 - Nintendo Switch,2025-09-28 05:52:33+00,1,True,Nintendo Switch,Title/platform heuristic,,missing
111-8229301-1921850,161905009606321,B00YX0Z3XW,1071379574,Call of Duty: Black Ops III - Multiplayer Edition - PlayStation 3,2026-06-09 01:06:51+00,1,True,PlayStation 3,Title/platform heuristic,20.30,inventorylab_legacy
111-8240945-5411410,153483321992521,B09R1T4G9P,1059898575,Comfortiva Alesha Gold 8.5 M (B),2026-02-11 06:34:26+00,1,False,Unclassified,No reliable game match,29.00,inventorylab_legacy
111-8242028-8669025,143761447630441,B001KX504C,VL-TTRP-1QSB,Gold's Gym Cardio Workout - Nintendo Wii,2025-10-18 04:19:19+00,1,True,Nintendo Wii,Title/platform heuristic,5.02,mbop_fifo
111-8256149-2838633,155369388577521,B072JY7NX5,ZU-L43O-EVLC,Wolfenstein II: The New Colossus - PlayStation 4,2026-03-07 16:52:38+00,1,True,PlayStation 4,Title/platform heuristic,24.00,mbop_fifo
111-8256399-5989863,146281040978681,B003UT9XJM,K1-89AB-9LOV,Game Party: In Motion - Xbox 360,2025-11-14 22:45:55+00,1,True,Xbox 360,Title/platform heuristic,8.96,mbop_fifo
111-8265938-4415417,140132788108721,B00DC7G0GG,1052572572,Super Mario 3D World,2025-09-23 13:50:51+00,1,True,Nintendo Wii U,Title/platform heuristic,22.79,mbop_fifo
111-8268474-8897005,159117214179241,B01G2E4DV4,1066393117,Birds Choice Oriole Feeder Replacement Cup,2026-05-03 13:09:06+00,1,False,Unclassified,No reliable game match,5.31,mbop_fifo
111-8268676-7521825,145098232113041,B07DPZ1WQ9,1069891414,Super Mario Party - [Nintendo Switch],2025-11-01 09:05:29+00,1,True,Nintendo Switch,Title/platform heuristic,34.58,mbop_fifo
111-8271500-1083439,147999444302761,B075M5MCDF,1049719405,Mario Party: The Top 100 - Nintendo 3DS,2025-11-29 21:56:45+00,1,True,Nintendo 3DS,Title/platform heuristic,19.95,mbop_fifo
111-8286549-0989868,141373166585361,B01N1GRUUC,1051249032,"Harmony Good Dog Ceramic Dog Bowl, 6 Cups",2025-10-05 16:14:28+00,1,False,Unclassified,No reliable game match,10.99,inventorylab_legacy
111-8290882-7711462,148840454280161,B07SMBNTSJ,1070280046,Elden Ring - Xbox Series X,2025-12-08 18:00:13+00,1,True,Xbox Series X,Title/platform heuristic,24.00,mbop_fifo
111-8334760-4906600,141364529923801,B079P7T594,1070280037,Hello Neighbor - Nintendo Switch,2025-10-05 14:35:47+00,1,True,Nintendo Switch,Title/platform heuristic,9.04,mbop_fifo
111-8360683-5162613,161384353266401,B000L422L0,1068811450,Brooktown High: Senior Year - Sony PSP,2026-06-03 00:38:21+00,1,True,PSP,Title/platform heuristic,5.10,inventorylab_legacy
111-8386381-8317011,161689670000921,B09GCXZKBZ,1071379580,My Universe: Puppies and Kittens - PlayStation 4,2026-06-05 18:28:21+00,1,True,PlayStation 4,Title/platform heuristic,9.55,inventorylab_legacy
111-8398213-2637063,146063347687081,B0017ZDGWG,1039657536,Mortal Kombat vs. DC Universe - Xbox 360,2025-11-11 18:20:41+00,1,True,Xbox 360,Title/platform heuristic,,missing
111-8412787-1136262,141485320430281,B005EYRAUK,1069286277,Sonic Generations - Nintendo 3DS,2025-10-06 19:20:24+00,1,True,Nintendo 3DS,Title/platform heuristic,20.79,mbop_fifo
111-8434093-9069848,154646912884441,B07VYFV84L,1049390505,WWE 2K20 - Xbox One,2026-02-26 15:02:50+00,1,True,Xbox One,Title/platform heuristic,12.56,mbop_fifo
111-8436807-9611419,155901868906321,B07SL77MHX,1068811473,No More Heroes 3,2026-03-15 18:38:52+00,1,False,Unclassified,No reliable game match,17.50,inventorylab_legacy
111-8436899-7724246,167787430097281,B07RXW74N5,1045151286,Race with Ryan - Xbox One [Xbox One],2026-08-21 22:43:27+00,1,True,Xbox One,Title/platform heuristic,,missing
111-8439201-6966666,147649676592241,B06XDN21W5,1031051552,Paradise Treasure Trove Brown White Football Coin Piggy Bank Sports Stitching,2025-11-26 19:50:58+00,1,False,Unclassified,No reliable game match,8.99,mbop_fifo
111-8444854-4827444,147709429978241,B06XDN21W5,1031051552,Paradise Treasure Trove Brown White Football Coin Piggy Bank Sports Stitching,2025-11-27 16:08:05+00,1,False,Unclassified,No reliable game match,8.99,mbop_fifo
111-8465645-2216264,166156806148481,B00182QCXS,1034679220,DEAL OR NO DEAL WII [Nintendo Wii],2026-08-02 14:37:47+00,1,True,Nintendo Wii,Title/platform heuristic,10.50,inventorylab_legacy
111-8485655-8749011,159404329845921,B08WWHTM61,1071283727,DC Super Hero Girls: Teen Power - Nintendo Switch,2026-05-07 19:22:47+00,1,True,Nintendo Switch,Title/platform heuristic,15.87,mbop_fifo
111-8495361-3932203,154607697743881,B0CHN2DVSX,1069261942,Hobby Lobby Fudge Brownie Candle Tin,2026-02-25 22:26:07+00,1,False,Unclassified,No reliable game match,8.99,inventorylab_legacy
111-8520706-6386659,145514363310841,B07DDD9CPN,1041418871,Just Dance 2019 - Wii Standard Edition,2025-11-06 20:18:08+00,1,True,Nintendo Wii,Title/platform heuristic,27.80,inventorylab_legacy
111-8556679-9425054,159060311854641,B00SXEONXK,1051885016,LEGO Jurassic World - Nintendo 3DS,2026-05-02 14:50:47+00,1,True,Nintendo 3DS,Title/platform heuristic,20.00,mbop_fifo
111-8589865-1461034,159497540976401,B06XDN21W5,1031051552,Paradise Treasure Trove Brown White Football Coin Piggy Bank Sports Stitching,2026-05-09 00:14:35+00,1,False,Unclassified,No reliable game match,10.99,mbop_fifo
111-8603577-2784221,160591565639481,B002I0JGDM,1068811424,Fable III - Xbox 360,2026-05-23 04:55:07+00,1,True,Xbox 360,Title/platform heuristic,12.99,mbop_fifo
111-8619668-8241030,157159643611881,B01AC3ZD06,1048894668,Nintendo Selects: Super Mario 3D World - Wii U Standard Edition,2026-04-04 20:03:04+00,1,True,Nintendo Wii U,Title/platform heuristic,15.71,mbop_fifo
111-8622091-5906668,147726814339001,B075MSRBVC,1058202955,MX vs ATV All Out - Xbox One,2025-11-27 19:38:59+00,1,True,Xbox One,Title/platform heuristic,18.52,inventorylab_legacy
111-8648670-7661065,156076519343561,B008J16AG0,1034379345,The Hip Hop Dance Experience - Nintendo Wii,2026-03-18 13:20:56+00,1,True,Nintendo Wii,Title/platform heuristic,26.54,mbop_fifo
111-8653411-1836267,139939375524801,B07795WNJV,1062959199,"Calvin Klein Women's Form Lightly Lined Demi Bra, -black, 38B",2025-09-21 00:00:03+00,1,False,Unclassified,No reliable game match,11.52,mbop_fifo
111-8672164-2967454,142736897800721,B09YMP944F,1066393104,"Cora Organic Applicator Tampons | Super Absorbency | 100% Cotton Core, Unscented, BPA-Free Compact Applicator | Leak Protection, Easy Insertion and Re",2025-10-16 05:21:08+00,1,False,Unclassified,No reliable game match,7.65,mbop_fifo
111-8690768-3073840,168263599943241,B00182QCXS,1034679220,DEAL OR NO DEAL WII [Nintendo Wii],2026-08-28 15:43:10+00,1,True,Nintendo Wii,Title/platform heuristic,10.50,inventorylab_legacy
111-8700107-7559415,153282482180681,B0009WPZPY,1069286297,Mortal Kombat Unchained - Sony PSP,2026-02-07 20:25:13+00,1,True,PSP,Title/platform heuristic,39.99,mbop_fifo
111-8708399-3241864,155951503631521,B01N1GRUUC,1051249032,"Harmony Good Dog Ceramic Dog Bowl, 6 Cups",2026-03-16 12:28:47+00,1,False,Unclassified,No reliable game match,10.99,inventorylab_legacy
111-8713430-6589030,141511647815001,B097PJX3Z9,1065946896,Shin Megami Tensei V: Steelbook Launch Edition - Nintendo Switch,2025-10-07 00:03:57+00,1,True,Nintendo Switch,Title/platform heuristic,22.21,mbop_fifo
111-8728047-2911415,153149398234761,B07SL77MHX,1068811473,No More Heroes 3,2026-02-05 14:20:25+00,2,False,Unclassified,No reliable game match,35.00,inventorylab_legacy
111-8733697-6947429,147251620007641,B0CFTFG12B,1069890477,Call of Duty Modern Warfare III - Xbox,2025-11-24 19:46:15+00,1,True,Xbox,Title/platform heuristic,24.00,mbop_fifo
111-8751256-4617865,154796690419241,B07F3ZDD83,1071133147,Carnival Games (Nintendo Switch),2026-02-28 03:05:57+00,1,True,Nintendo Switch,Title/platform heuristic,8.00,mbop_fifo
111-8798294-0929843,149722710138241,B072JY7NX5,ZU-L43O-EVLC,Wolfenstein II: The New Colossus - PlayStation 4,2025-12-17 17:34:10+00,1,True,PlayStation 4,Title/platform heuristic,24.44,mbop_fifo
111-8802033-8729022,146885999621881,B08DD5559K,1057774272,Minecraft Dungeons: Hero Edition - Xbox Series X & Xbox One,2025-11-20 20:20:09+00,1,True,Xbox Series X/Xbox One,Title/platform heuristic,18.25,inventorylab_legacy
111-8816324-0889062,149717899584121,B0050SYYEK,DL-GWVW-9XVQ,Dance Central 2 - Xbox 360,2025-12-17 15:56:06+00,1,True,Xbox 360,Title/platform heuristic,11.76,inventorylab_legacy
111-8818936-5063444,153834262770441,B0030GBU2I,1070891232,Prince of Persia: The Forgotten Sands - Playstation 3,2026-02-16 22:28:04+00,1,True,PlayStation 3,Title/platform heuristic,15.99,inventorylab_legacy
111-8831984-5416216,163273102266041,B01G2E4DV4,1066393117,Birds Choice Oriole Feeder Replacement Cup,2026-06-24 17:56:20+00,1,False,Unclassified,No reliable game match,,missing
111-8869699-0773050,138275425208521,B08GSP1HBM,1067108754,"Goosebumps: Dead of Night, Cosmic Forces - Nintendo Switch",2025-09-03 23:52:31+00,1,True,Nintendo Switch,Title/platform heuristic,16.82,mbop_fifo
111-8899218-3219447,152185800315401,B07D77HYR5,1070891220,Madden NFL 19 - PlayStation 4,2026-01-22 03:58:29+00,1,True,PlayStation 4,Title/platform heuristic,4.49,mbop_fifo
111-8901342-3037065,145322672304561,B07DDD9CPN,1041418871,Just Dance 2019 - Wii Standard Edition,2025-11-05 00:00:09+00,1,True,Nintendo Wii,Title/platform heuristic,27.80,inventorylab_legacy
111-8950077-5655405,145076546405361,B07DDD9CPN,1041418871,Just Dance 2019 - Wii Standard Edition,2025-10-31 22:22:43+00,1,True,Nintendo Wii,Title/platform heuristic,27.80,inventorylab_legacy
111-8954878-3007428,159045253218161,B01G2E4DV4,1066393117,Birds Choice Oriole Feeder Replacement Cup,2026-05-02 16:21:49+00,1,False,Unclassified,No reliable game match,4.09,mbop_fifo
111-8967337-5020222,144093199227121,B0018RWMRS,1030268125,Game Party 2 - Nintendo Wii,2025-10-20 23:50:51+00,1,True,Nintendo Wii,Title/platform heuristic,15.12,inventorylab_legacy
111-8988785-1617816,157883224348521,B002I0HEI6,V0-WD35-QK7L,Sonic Free Riders - Xbox 360,2026-04-15 12:41:50+00,1,True,Xbox 360,Title/platform heuristic,15.50,inventorylab_legacy
111-9049187-5341066,147078893616241,B07SHJ3ZQR,1064186268,FIFA 20 Standard Edition - PlayStation 4,2025-11-22 22:15:27+00,1,True,PlayStation 4,Title/platform heuristic,13.72,mbop_fifo
111-9054957-0500228,152911026908801,B071WPL1L8,SL-PUBB-W1F6,The Evil Within 2 - PlayStation 4,2026-02-02 03:37:43+00,1,True,PlayStation 4,Title/platform heuristic,18.50,inventorylab_legacy
111-9062937-4729869,149365645415881,B06XDN21W5,1031051552,Paradise Treasure Trove Brown White Football Coin Piggy Bank Sports Stitching,2025-12-13 13:20:42+00,1,False,Unclassified,No reliable game match,8.99,mbop_fifo
111-9070462-5281030,140729154470841,B01CKH0XQ6,1068329368,Kirby amiibo - Nintendo Switch,2025-09-28 00:46:09+00,1,True,Nintendo Switch,Title/platform heuristic,15.82,mbop_fifo
111-9087913-9230652,141500723613121,B01N54QSH6,1052907525,"Harmony Good Dog Ceramic Dog Bowl, 3 Cups",2025-10-06 22:25:07+00,1,False,Unclassified,No reliable game match,10.39,mbop_fifo
111-9099395-8937800,140305100433281,B07BY4CHNY,1069890455,Spyro Trilogy Reignited (Xbox One),2025-09-24 20:44:29+00,1,True,Xbox One,Title/platform heuristic,10.96,mbop_fifo
111-9101991-2454658,156226848313001,B0060ZN5T2,1044972247,NEW Just Dance 3 Wii (Videogame Software),2026-03-21 00:08:17+00,1,True,Nintendo Wii,Title/platform heuristic,17.60,inventorylab_legacy
111-9123275-5711432,157230967531561,B001F03MY0,1071133136,Rock Band Track Pack: Vol. 2 - PlayStation 2,2026-04-06 03:38:23+00,1,True,PlayStation 2,Title/platform heuristic,12.56,mbop_fifo
111-9135738-6674665,166202070560081,B01LDFGIT2,1058619763,Livewire Advantage Instrument Cable 10 ft. Black,2026-08-03 02:47:48+00,2,False,Unclassified,No reliable game match,20.96,inventorylab_legacy
111-9148491-6721809,141293893415121,B09C1167RV,1068329432,Street Outlaws 2: Winner Takes All (Xbox Series X/),2025-10-04 19:50:38+00,1,True,Xbox Series X,Title/platform heuristic,11.69,mbop_fifo
111-9167278-4316233,157664383629521,B00E9GQ3WK,VQ-4B6A-L2VA,Wipeout: Create & Crash - Xbox 360,2026-04-11 20:01:02+00,1,True,Xbox 360,Title/platform heuristic,10.95,mbop_fifo
111-9189859-1361062,156531737888441,B00DWXV074,1023420581,Teenage Mutant Ninja Turtles - Nintendo Wii,2026-03-25 23:58:45+00,1,True,Nintendo Wii,Title/platform heuristic,19.88,inventorylab_legacy
111-9191932-6597807,148680710900681,B07P5TL4SH,1070474327,Pokémon Shield - Nintendo Switch,2025-12-06 19:04:05+00,1,True,Nintendo Switch,Title/platform heuristic,28.66,mbop_fifo
111-9232045-0213839,160937448399001,B004BXAL0G,1071453875,Major League Baseball 2K11 - PlayStation 2,2026-05-28 00:05:16+00,1,True,PlayStation 2,Title/platform heuristic,6.88,inventorylab_legacy
111-9262179-3705007,162253158142721,B01G2E4DV4,1066393117,Birds Choice Oriole Feeder Replacement Cup,2026-06-12 22:03:58+00,1,False,Unclassified,No reliable game match,,missing
111-9262726-4045865,158295503182921,B07SL77MHX,1068811473,No More Heroes 3,2026-04-22 04:08:52+00,1,False,Unclassified,No reliable game match,17.50,inventorylab_legacy
111-9265952-5877052,157822037022641,B01G2E4DV4,1066393117,Birds Choice Oriole Feeder Replacement Cup,2026-04-14 10:33:42+00,1,False,Unclassified,No reliable game match,4.09,mbop_fifo
111-9275721-3373002,161397530242401,B00YX0Z3XW,1071379574,Call of Duty: Black Ops III - Multiplayer Edition - PlayStation 3,2026-06-03 15:04:38+00,1,True,PlayStation 3,Title/platform heuristic,20.30,inventorylab_legacy
111-9277024-7026666,168022935635041,B099JL5K7P,1069890458,Nerf Legends - Nintendo Switch [Nintendo Switch],2026-08-25 14:06:56+00,1,True,Nintendo Switch,Title/platform heuristic,,missing
111-9278411-5753069,147688280320201,B096WVJ9Q4,1068329357,Marvel's Guardians of the Galaxy PlayStation 4 with Free Upgrade to the Digital PS5 Version,2025-11-27 04:38:08+00,1,True,PlayStation 4/PlayStation 5,Title/platform heuristic,15.95,mbop_fifo
111-9312226-4680250,146893719330161,B07SHJ3ZQR,1064186268,FIFA 20 Standard Edition - PlayStation 4,2025-11-20 21:18:59+00,1,True,PlayStation 4,Title/platform heuristic,13.72,mbop_fifo
111-9326293-1262656,144230341532601,B01N9QVIRV,1065946902,Switch Title 3 -,2025-10-22 01:10:53+00,1,True,Nintendo Switch,Title/platform heuristic,25.02,inventorylab_legacy
111-9354607-4768213,156805495197761,B002CZ7P04,1070891205,Walk It Out - Nintendo Wii,2026-03-30 02:30:47+00,1,True,Nintendo Wii,Title/platform heuristic,21.14,mbop_fifo
111-9374983-5705050,149420227525401,B01N54QSH6,1052907525,"Harmony Good Dog Ceramic Dog Bowl, 3 Cups",2025-12-14 00:15:43+00,1,False,Unclassified,No reliable game match,9.74,mbop_fifo
111-9384926-9529864,161832635373041,B01N1GRUUC,1051249032,"Harmony Good Dog Ceramic Dog Bowl, 6 Cups",2026-06-07 23:16:54+00,1,False,Unclassified,No reliable game match,10.99,inventorylab_legacy
111-9405622-1101847,145801078212041,B07JMHZMX1,1070474332,Minecraft - Xbox One,2025-11-09 00:42:34+00,1,True,Xbox One,Title/platform heuristic,20.14,mbop_fifo
111-9424100-4437833,155991438491441,B07SL77MHX,1068811473,No More Heroes 3,2026-03-17 02:51:27+00,1,False,Unclassified,No reliable game match,17.50,inventorylab_legacy
111-9431756-6485827,155793351670081,B08L91Z6VK,1037691306,Family Feud - Nintendo Switch Standard Edition,2026-03-13 19:41:09+00,1,True,Nintendo Switch,Title/platform heuristic,15.84,mbop_fifo
111-9465642-6570662,157111140071961,B07KN77NXY,1068329356,FIFA 19/NHL 19 Bundle PlayStation 4,2026-04-03 22:46:21+00,1,True,PlayStation 4,Title/platform heuristic,11.16,inventorylab_legacy
111-9469832-4780231,148835786182721,B00KLMOY4K,1048220574,Plants vs Zombies Garden Warfare(Online Play Required) - PlayStation 4,2025-12-08 16:25:22+00,1,True,PlayStation 4,Title/platform heuristic,12.50,inventorylab_legacy
111-9475152-6544245,164863555053161,B00ARCWQOO,1043973884,MLB 2K13 - Xbox 360 [Xbox 360],2026-07-17 00:00:56+00,1,True,Xbox 360,Title/platform heuristic,,missing
111-9486022-9609857,148016651632441,B089DFJJGR,1064186110,Madden NFL 21 - PlayStation 4,2025-11-30 00:36:28+00,1,True,PlayStation 4,Title/platform heuristic,5.69,mbop_fifo
111-9491080-2576200,164178286381881,B01G2E4DV4,1066393117,Birds Choice Oriole Feeder Replacement Cup,2026-07-06 14:51:22+00,2,False,Unclassified,No reliable game match,,missing
111-9491759-2799416,148986707859721,B0057PERPM,1W-X1O9-BCAM,Country Dance 2 - Nintendo Wii,2025-12-09 15:19:34+00,1,True,Nintendo Wii,Title/platform heuristic,14.51,inventorylab_legacy
111-9492308-9897003,147539497899241,B0C7PN2L5V,1068811427,Starfield: Standard Edition - Xbox Series X,2025-11-26 05:44:49+00,1,True,Xbox Series X,Title/platform heuristic,26.80,mbop_fifo
111-9501488-3889806,166884139677241,B071X7QQKZ,1070474323,Fire Emblem Warriors - Nintendo Switch [Nintendo Switch],2026-08-11 19:20:35+00,1,True,Nintendo Switch,Title/platform heuristic,,missing
111-9509472-7061842,147203711088561,B016KAKD7S,1030912249,"18"" Bendable Muslin DollNew by: CC",2025-11-24 04:01:10+00,1,False,Unclassified,No reliable game match,8.99,inventorylab_legacy
111-9509679-8925061,149016960208601,B0013E9HP6,1034678931,Wii Play,2025-12-09 23:11:28+00,1,True,Nintendo Wii,Title/platform heuristic,12.79,mbop_fifo
111-9556403-0157809,156574015812721,B000SFK0L6,1071283731,Cabelas Big Game Hunter,2026-03-26 16:39:10+00,1,False,Unclassified,No reliable game match,12.77,mbop_fifo
111-9564348-4954630,145533970389001,B0BPYW4DDB,1065749622,Rustic Pistol Table Lamp - Realistic Novelty Outdoor Lamp - Tabletop Lantern w/ Brushed Black Finish & Gold Detailing - Gun Decorations for Man Cave -,2025-11-07 02:03:39+00,1,False,Unclassified,No reliable game match,19.99,mbop_fifo
111-9589495-2543466,160099862123081,B01N54QSH6,1052907525,"Harmony Good Dog Ceramic Dog Bowl, 3 Cups",2026-05-17 23:25:02+00,1,False,Unclassified,No reliable game match,7.99,mbop_fifo
111-9599697-3829041,146856520050201,B098Y94S29,1064186291,NBA 2K22 - PlayStation 4,2025-11-20 14:16:19+00,1,True,PlayStation 4,Title/platform heuristic,13.49,mbop_fifo
111-9607914-3476239,148242186192281,B0D3P4HV27,1068866835,Madden NFL 25 - Xbox Series X,2025-12-02 01:14:48+00,1,True,Xbox Series X,Title/platform heuristic,14.99,mbop_fifo
111-9617666-8424254,152224418194161,B003S2JI6O,JS-1DC1-9X53,Wheel of Fortune - Nintendo Wii,2026-01-22 21:22:10+00,1,True,Nintendo Wii,Title/platform heuristic,8.99,mbop_fifo
111-9621698-8699401,163509748887201,B004FS8LYK,1071517331,Tomb Raider,2026-06-26 23:40:43+00,1,True,PlayStation 3,Title/platform heuristic,16.62,inventorylab_legacy
111-9630628-8419416,166126959187521,B0748VH8ZF,1039345443,The Sims 4 - Xbox One [Xbox One],2026-08-02 01:09:49+00,1,True,Xbox One,Title/platform heuristic,13.72,inventorylab_legacy
111-9669851-4733021,144805934671241,B01N54QSH6,1052907525,"Harmony Good Dog Ceramic Dog Bowl, 3 Cups",2025-10-27 14:23:45+00,1,False,Unclassified,No reliable game match,10.39,mbop_fifo
111-9679209-8733860,156507088076921,B07SL77MHX,1068811473,No More Heroes 3,2026-03-25 15:34:35+00,1,False,Unclassified,No reliable game match,17.50,inventorylab_legacy
111-9692126-6770620,153040887337801,B007V9NHMQ,1071047193,007 Legends - Playstation 3,2026-02-03 13:55:54+00,1,True,PlayStation 3,Title/platform heuristic,22.99,mbop_fifo
111-9720004-1032217,148562499887121,B0053BCMAC,1070280027,Paper Mario: Sticker Star,2025-12-05 02:48:27+00,1,False,Unclassified,No reliable game match,24.75,mbop_fifo
111-9741146-6644241,158537602716481,B003ZHMMEM,1028571825,Donkey Kong Country Returns,2026-04-25 05:59:46+00,1,True,Nintendo Wii,Title/platform heuristic,26.62,mbop_fifo
111-9749994-4839451,161912828451201,B00ZS80PC2,1067893319,Final Fantasy VII: Remake - PlayStation 4,2026-06-09 02:28:49+00,1,True,PlayStation 4,Title/platform heuristic,18.15,inventorylab_legacy
111-9766641-4095456,159598659355881,B00CD90R72,1071133160,FIFA 14 - Playstation 3,2026-05-10 19:39:08+00,1,True,PlayStation 3,Title/platform heuristic,8.67,mbop_fifo
111-9779048-1485057,154875153085121,B096WZFCHR,1070280034,Marvel's Guardians of the Galaxy - PlayStation 5,2026-03-01 17:45:59+00,1,True,PlayStation 5,Title/platform heuristic,24.00,mbop_fifo
111-9783670-0728221,167401288081201,B0038TT8QM,1070891240,Sid Meier's Civilization V - PC [Windows Vista | Windows XP | Windows 7],2026-08-18 13:52:07+00,1,True,PC,Title/platform heuristic,,missing
111-9805813-3048214,141912072001321,B07HFMJ4R5,1068329410,Minecraft: Starter Collection - Xbox One,2025-10-09 15:43:50+00,1,True,Xbox One,Title/platform heuristic,23.49,inventorylab_legacy
111-9807506-5825019,148034900983241,B002I0H1DY,1070625050,Castlevania: Lords of Shadow Mirror Fate,2025-11-30 03:46:06+00,1,False,Unclassified,No reliable game match,20.95,mbop_fifo
111-9827254-2109027,153692047730161,B004FUI84G,1070891178,Prototype 2 - Playstation 3,2026-02-14 05:54:20+00,1,True,PlayStation 3,Title/platform heuristic,18.50,mbop_fifo
111-9838799-3942640,157915251924681,B0030GBU2I,1070891232,Prince of Persia: The Forgotten Sands - Playstation 3,2026-04-15 22:56:06+00,1,True,PlayStation 3,Title/platform heuristic,15.99,inventorylab_legacy
111-9867178-7380249,138733220791521,B08GSP1HBM,1067108754,"Goosebumps: Dead of Night, Cosmic Forces - Nintendo Switch",2025-09-09 20:24:01+00,1,True,Nintendo Switch,Title/platform heuristic,16.82,mbop_fifo
111-9874566-1673838,167860625671561,B01N03NM02,1058392679,"Harmony Good Dog Ceramic Dog Bowl, 1 Cup",2026-08-23 00:33:27+00,1,False,Unclassified,No reliable game match,5.99,inventorylab_legacy
111-9906563-8049813,146411821586241,B06XDN21W5,1031051552,Paradise Treasure Trove Brown White Football Coin Piggy Bank Sports Stitching,2025-11-16 20:31:38+00,1,False,Unclassified,No reliable game match,8.99,mbop_fifo
111-9909124-2219467,160136404567241,B0060ZN5T2,1044972247,NEW Just Dance 3 Wii (Videogame Software),2026-05-18 00:22:55+00,1,True,Nintendo Wii,Title/platform heuristic,17.60,inventorylab_legacy
111-9930561-7294657,156458301711561,B01EZA0D8O,1063375652,Call of Duty: Infinite Warfare - Standard Edition - Xbox One,2026-03-24 21:55:54+00,1,True,Xbox One,Title/platform heuristic,12.99,mbop_fifo
111-9935393-8618614,157272999460441,B09D643D8F,1064901190,Call of Duty: Vanguard,2026-04-06 21:31:06+00,1,True,PlayStation 5,Title/platform heuristic,20.00,mbop_fifo
111-9937264-4272247,167891744522921,B07FF3F7F9,1071517341,Subnautica - Xbox One [Xbox One],2026-08-23 16:52:36+00,1,True,Xbox One,Title/platform heuristic,,missing
111-9940657-8094664,156340201657521,B0060ZN5T2,1044972247,NEW Just Dance 3 Wii (Videogame Software),2026-03-22 22:29:46+00,1,True,Nintendo Wii,Title/platform heuristic,17.60,inventorylab_legacy
111-9952946-3897056,145236256330001,B07T3Y9GKN,1067489114,St. Nicholas Square Red and White 21 Inches Christmas Knit Stocking Letter F,2025-11-03 15:33:00+00,1,False,Unclassified,No reliable game match,,missing
111-9969001-4554643,141649178644361,B0787NN56S,1070280050,Street Fighter 30th Anniversary Collection - Xbox One Standard Edition,2025-10-07 22:56:32+00,1,True,Xbox One,Title/platform heuristic,18.10,mbop_fifo
111-9994146-7707437,143932714266801,B0CFTFG12B,1069890477,Call of Duty Modern Warfare III - Xbox,2025-10-19 01:07:51+00,1,True,Xbox,Title/platform heuristic,28.99,mbop_fifo
112-0006613-8395448,158550353823601,B091DBFGWF,1071047176,RBI BASEBALL 21 NINTENDO SWITCH - NINTENDO SWITCH,2026-04-25 13:27:03+00,1,True,Nintendo Switch,Title/platform heuristic,13.53,mbop_fifo
112-0009450-7916255,156332776657601,B01AC3ZD06,1048894668,Nintendo Selects: Super Mario 3D World - Wii U Standard Edition,2026-03-22 22:24:30+00,1,True,Nintendo Wii U,Title/platform heuristic,15.71,mbop_fifo
112-0019852-8485805,149117821815441,B0B57TXPTH,1070280031,PAC-MAN World Re-PAC - PlayStation 4,2025-12-11 02:15:31+00,1,True,PlayStation 4,Title/platform heuristic,14.92,inventorylab_legacy
112-0029589-8920233,140508280812161,B01N9QVIRV,1065946902,Switch Title 3 -,2025-09-26 03:12:18+00,1,True,Nintendo Switch,Title/platform heuristic,25.02,inventorylab_legacy
112-0059692-9345811,159163973733481,B08NDYPWK7,1056263472,DEATHLOOP Standard Edition - PlayStation 5,2026-05-04 02:24:23+00,1,True,PlayStation 5,Title/platform heuristic,14.29,inventorylab_legacy
112-0070146-5240223,163884642609801,B07RQ33XDG,1032602113,Tom Clancy's Ghost Recon Breakpoint Steelbook Gold Edition - Xbox One,2026-07-01 14:47:26+00,1,True,Xbox One,Title/platform heuristic,35.99,inventorylab_legacy
112-0078181-9465815,147969830493801,B00T57U7V6,1070625068,LEGO Marvel's Avengers - Xbox 360,2025-11-29 17:02:45+00,1,True,Xbox 360,Title/platform heuristic,15.37,mbop_fifo
112-0118481-3595462,155432469662161,B0086V5TVU,1033866223,Just Dance 4 - Playstation 3,2026-03-08 20:05:33+00,1,True,PlayStation 3,Title/platform heuristic,10.00,mbop_fifo
112-0119426-5993060,152575510759481,B000AAZC08,1070891211,Star Wars Battlefront II (Greatest Hits) - Sony PSP,2026-01-28 06:57:51+00,1,True,PSP,Title/platform heuristic,20.37,mbop_fifo
112-0123927-2143464,158484410418281,B07SL77MHX,1068811473,No More Heroes 3,2026-04-24 14:41:32+00,1,False,Unclassified,No reliable game match,17.50,inventorylab_legacy
112-0131320-6871438,155370404907001,B07RQ33XDG,1032602113,Tom Clancy's Ghost Recon Breakpoint Steelbook Gold Edition - Xbox One,2026-03-07 18:22:04+00,1,True,Xbox One,Title/platform heuristic,35.99,inventorylab_legacy
112-0146928-4849854,148991091892041,B002EZLP4E,1070625067,"Press Your Luck, 2010 Edition",2025-12-09 15:58:19+00,1,False,Unclassified,No reliable game match,20.00,mbop_fifo
112-0160246-0791426,150333239729881,B06XDN21W5,1031051552,Paradise Treasure Trove Brown White Football Coin Piggy Bank Sports Stitching,2025-12-26 14:14:36+00,1,False,Unclassified,No reliable game match,8.99,mbop_fifo
112-0217053-4570630,164453810875361,B00B98HBTA,1044638476,Lego: Marvel Super Heroes - PlayStation 3,2026-07-10 17:38:59+00,1,True,PlayStation 3,Title/platform heuristic,,missing
112-0248738-3451433,155740535184001,B0037TPGJG,G9-FLYH-60TO,Brunswick Pro Bowling (Requires Kinect) - Xbox 360,2026-03-12 22:39:25+00,1,True,Xbox 360,Title/platform heuristic,19.99,inventorylab_legacy
112-0258154-9340271,146784115676841,B0BFHY5FCP,1070474321,Persona 5 Royal: Steelbook Launch Edition - PlayStation 5,2025-11-19 16:33:42+00,1,True,PlayStation 5,Title/platform heuristic,44.25,mbop_fifo
112-0263243-1121004,166803356172521,B071X7QQKZ,1070474323,Fire Emblem Warriors - Nintendo Switch [Nintendo Switch],2026-08-11 04:57:56+00,1,True,Nintendo Switch,Title/platform heuristic,,missing
112-0300685-1297844,158960282819561,B01G2E4DV4,1066393117,Birds Choice Oriole Feeder Replacement Cup,2026-05-01 03:59:47+00,1,False,Unclassified,No reliable game match,4.09,mbop_fifo
112-0301794-5322649,140508683694961,B01N54QSH6,1052907525,"Harmony Good Dog Ceramic Dog Bowl, 3 Cups",2025-09-26 03:34:36+00,1,False,Unclassified,No reliable game match,,missing
112-0311170-9966650,144991243250121,B00DND7H9S,1058619759,Sound Percussion Labs Hickory Drumsticks 4-Pack 5B Nylon,2025-10-30 04:57:57+00,3,False,Unclassified,No reliable game match,45.01,mbop_fifo
112-0319310-0915468,157802591696641,B000CPKIT6,1071047191,Command and Conquer the First Decade,2026-04-14 02:11:46+00,1,False,Unclassified,No reliable game match,41.87,mbop_fifo
112-0341685-9761002,157062486388361,B00C4PCCL4,1071283705,The Sims 3 Expansion Bundle - PC/Mac,2026-04-03 02:31:49+00,1,True,PC,Title/platform heuristic,8.00,mbop_fifo
112-0343792-5176269,150316214754161,B09FCXXGT5,1068811453,Big Brain Academy: Brain vs. Brain - Nintendo Switch,2025-12-25 23:04:37+00,1,True,Nintendo Switch,Title/platform heuristic,20.00,mbop_fifo
112-0374174-5397835,146791332561401,B099JL5K7P,1069890458,Nerf Legends - Nintendo Switch,2025-11-19 17:40:12+00,1,True,Nintendo Switch,Title/platform heuristic,16.88,mbop_fifo
112-0377401-1454633,152287032525281,B09GJP8BPZ,1067108753,Fortnite Minty Legends Pack(code in Box),2026-01-23 22:30:23+00,1,True,Nintendo Switch,Title/platform heuristic,39.99,inventorylab_legacy
112-0382010-2602621,167618590759361,B072JY7NX5,ZU-L43O-EVLC,Wolfenstein II: The New Colossus - PlayStation 4 [PlayStation 4],2026-08-20 21:29:54+00,1,True,PlayStation 4,Title/platform heuristic,,missing
112-0385702-7697067,143937224317681,B06XDN21W5,1031051552,Paradise Treasure Trove Brown White Football Coin Piggy Bank Sports Stitching,2025-10-19 00:05:48+00,1,False,Unclassified,No reliable game match,8.99,mbop_fifo
112-0388609-8099414,147795642224281,B0B8JH4CTN,1070280053,World of Outlaws - Dirt Racing,2025-11-28 12:42:23+00,1,True,Xbox Series X,Title/platform heuristic,23.37,inventorylab_legacy
112-0390739-8302661,149105209335121,B006ZPAYMI,1068811430,Kinect Rush: A Disney Pixar Adventure - Xbox 360,2025-12-10 23:59:39+00,1,True,Xbox 360,Title/platform heuristic,22.32,inventorylab_legacy
112-0399678-2334602,141248773997081,B08GR4QMC9,1068002510,Call of Duty: Black Ops Cold War (PS4),2025-10-04 02:31:11+00,1,True,PlayStation 4,Title/platform heuristic,19.33,mbop_fifo
112-0403920-7992247,165930627898281,B008J16AG0,1034379345,The Hip Hop Dance Experience - Nintendo Wii [Nintendo Wii],2026-07-30 19:47:08+00,1,True,Nintendo Wii,Title/platform heuristic,,missing
112-0417248-9292223,147864564711441,B01GVN0D1U,1070474333,Resident Evil 7 Biohazard (Xbox One),2025-11-28 22:17:04+00,1,True,Xbox One,Title/platform heuristic,14.50,mbop_fifo
112-0431578-7485040,154980115707841,B004FUI84G,1070891178,Prototype 2 PS3 - PlayStation 3,2026-03-03 07:24:51+00,1,True,PlayStation 3,Title/platform heuristic,18.50,mbop_fifo
112-0437297-7343446,144620795844761,B00ZPT59YS,1045151360,Sea of Thieves: Standard Edition - Xbox One,2025-10-25 01:11:06+00,1,True,Xbox One,Title/platform heuristic,13.00,mbop_fifo
112-0437428-1187404,148640839389641,B097PJX3Z9,1065946896,Shin Megami Tensei V: Steelbook Launch Edition - Nintendo Switch,2025-12-06 03:22:16+00,1,True,Nintendo Switch,Title/platform heuristic,,missing
112-0442212-1978617,160871151148921,B08JJ37XVW,1070280039,Monster Hunter Rise - Nintendo Switch Standard Edition,2026-05-27 04:53:24+00,1,True,Nintendo Switch,Title/platform heuristic,16.47,inventorylab_legacy
112-0455141-6204202,154603558401241,B08LX14TGL,1071047189,Dying Light Anniversary Edition - Xbox One,2026-02-25 19:58:37+00,1,True,Xbox One,Title/platform heuristic,22.29,mbop_fifo
112-0457191-4840227,168412824363201,B01N03NM02,1058392679,"Harmony Good Dog Ceramic Dog Bowl, 1 Cup",2026-08-30 16:07:04+00,1,False,Unclassified,No reliable game match,5.99,inventorylab_legacy
112-0473351-7426645,145506989999281,B00GANWVJE,1070280029,The Legend of Zelda: A Link Between Worlds,2025-11-06 15:50:02+00,1,False,Unclassified,No reliable game match,29.99,mbop_fifo
112-0512547-3870610,140333386598041,B0CGY12KNV,1068811449,EA SPORTS WRC - PS5,2025-09-25 01:58:02+00,1,True,PlayStation 5,Title/platform heuristic,16.00,mbop_fifo
112-0522867-3409028,153465959201081,B07MTZN8P3,1042884901,The Elder Scrolls Online: Elsweyr - PlayStation 4 Standard Edition,2026-02-11 01:38:58+00,1,True,PlayStation 4,Title/platform heuristic,17.15,inventorylab_legacy
112-0535659-8675418,159057588115281,B01G2E4DV4,1066393117,Birds Choice Oriole Feeder Replacement Cup,2026-05-02 12:32:11+00,1,False,Unclassified,No reliable game match,4.09,mbop_fifo
112-0543859-2874618,167849381868361,B003KMJ9FC,H4-PZ1W-0Y3I,Monopoly Streets - Nintendo Wii [Nintendo Wii],2026-08-22 21:57:17+00,1,True,Nintendo Wii,Title/platform heuristic,,missing
112-0588467-8393056,160439721975081,B08DD5559K,1057774272,Minecraft Dungeons: Hero Edition - Xbox Series X & Xbox One,2026-05-21 14:16:20+00,1,True,Xbox Series X/Xbox One,Title/platform heuristic,18.25,inventorylab_legacy
112-0606392-7552200,144076888788201,B088HYTLRG,1066664795,Tony Hawk's Pro Skater 1 + 2 - Xbox One,2025-10-20 04:18:41+00,1,True,Xbox One,Title/platform heuristic,8.18,mbop_fifo
112-0631833-5328231,148755281408241,B09C1167RV,1068329432,Street Outlaws 2: Winner Takes All (Xbox Series X/),2025-12-07 19:15:40+00,1,True,Xbox Series X,Title/platform heuristic,11.05,mbop_fifo
112-0640585-9021859,147723773111001,B07XV4NHHN,1070625064,Ring Fit Adventure - Nintendo Switch,2025-11-27 18:26:41+00,1,True,Nintendo Switch,Title/platform heuristic,47.58,mbop_fifo
112-0653736-1993844,167060315080921,B07TMHPV38,1071453895,ICE AGE: Scrat's Nutty Adventure - Xbox One [Xbox One],2026-08-13 12:42:18+00,1,True,Xbox One,Title/platform heuristic,19.99,inventorylab_legacy
112-0656664-6525005,158177917112121,B01HTRJFGQ,1048220694,NBA 2K17 Standard Edition - PlayStation 4,2026-04-20 15:21:39+00,1,True,PlayStation 4,Title/platform heuristic,14.69,inventorylab_legacy
112-0688355-2201813,149490060740441,B06XDN21W5,1031051552,Paradise Treasure Trove Brown White Football Coin Piggy Bank Sports Stitching,2025-12-14 20:50:54+00,1,False,Unclassified,No reliable game match,8.99,mbop_fifo
112-0720336-1333819,162363220096521,B07PBKLFWV,1071453883,Trine Ultimate Collection (PS4) - PlayStation 4,2026-06-14 19:13:06+00,1,True,PlayStation 4,Title/platform heuristic,38.73,inventorylab_legacy
112-0734314-7702656,138503211584481,B00DND7CZM,1058619761,Sound Percussion Labs Hickory Drumsticks 4-Pack 5A Nylon,2025-09-07 00:47:53+00,1,False,Unclassified,No reliable game match,15.47,mbop_fifo
112-0735789-4765860,165925665700441,B01N54QSH6,1052907525,"Harmony Good Dog Ceramic Dog Bowl, 3 Cups",2026-07-30 18:51:17+00,1,False,Unclassified,No reliable game match,,missing
112-0736025-2157838,156910519201841,B00I9UVY30,1070891227,EA Sports 2014 FIFA World Cup Brazil - PlayStation 3,2026-03-31 18:11:24+00,1,True,PlayStation 3,Title/platform heuristic,17.47,inventorylab_legacy
112-0745342-3857807,138321111085721,B08GSP1HBM,1067108754,"Goosebumps: Dead of Night, Cosmic Forces - Nintendo Switch",2025-09-04 17:20:02+00,1,True,Nintendo Switch,Title/platform heuristic,16.82,mbop_fifo
112-0746183-7085059,139736711671521,B00503E9UO,1063376019,Call of Duty: Modern Warfare 3 - Nintendo Wii,2025-09-18 23:56:51+00,1,True,Nintendo Wii,Title/platform heuristic,13.73,inventorylab_legacy
112-0747935-3469846,164538267641601,B001IX4CMK,1071047159,Trivial Pursuit - Playstation 3,2026-07-12 00:26:31+00,1,True,PlayStation 3,Title/platform heuristic,12.99,inventorylab_legacy
112-0747964-2784267,155608425138481,B082QL63JB,1037691479,Fast & Furious Crossroads - Xbox One,2026-03-25 17:22:15+00,1,True,Xbox One,Title/platform heuristic,14.99,mbop_fifo
112-0754103-3464257,147209553660761,B08GSP1HBM,1067108754,"Goosebumps: Dead of Night, Cosmic Forces - Nintendo Switch",2025-11-24 06:39:09+00,1,True,Nintendo Switch,Title/platform heuristic,12.00,mbop_fifo
112-0794293-7505008,163422157545681,B09S65Q9XV,1071453881,MLB The Show 22 for PlayStation 4,2026-06-26 01:34:23+00,1,True,PlayStation 4,Title/platform heuristic,22.04,inventorylab_legacy
112-0803895-5552226,157498220667161,B0B57TLKMM,1062635346,"Brooks Women's Plunge Sports Bra for Running, Workouts & Sports - Navy/Ice Blue/Burnt Olive - XS",2026-04-09 20:10:46+00,1,False,Unclassified,No reliable game match,12.00,inventorylab_legacy
112-0877042-7090636,150722791387921,B01LYS7YYE,1042456697,Hasbro Family Fun Pack Conquest Edition - Xbox One,2025-12-31 22:45:07+00,1,True,Xbox One,Title/platform heuristic,12.34,mbop_fifo
112-0910907-3641038,166508667720441,B018F6NVFQ,1071744012,Granblue Fantasy: Versus [PlayStation 4],2026-08-06 20:08:37+00,1,True,PlayStation 4,Title/platform heuristic,,missing
112-0947455-4464242,156776015522281,B07RQ33XDG,1032602113,Tom Clancy's Ghost Recon Breakpoint Steelbook Gold Edition - Xbox One,2026-03-29 20:21:42+00,1,True,Xbox One,Title/platform heuristic,35.99,inventorylab_legacy
112-0950268-1051430,167089174639121,B071X7QQKZ,1070474323,Fire Emblem Warriors - Nintendo Switch [Nintendo Switch],2026-08-13 22:37:23+00,1,True,Nintendo Switch,Title/platform heuristic,,missing
112-0964909-3523458,159347292842041,B01N03NM02,1058392679,"Harmony Good Dog Ceramic Dog Bowl, 1 Cup",2026-05-06 23:34:55+00,1,False,Unclassified,No reliable game match,5.99,inventorylab_legacy
112-0986226-8485055,151395527070801,B08BXGHG48,1065946445,NBA 2K21 - Nintendo Switch,2026-01-10 02:09:15+00,1,True,Nintendo Switch,Title/platform heuristic,16.80,mbop_fifo
112-0989335-3296216,154639422462841,B09D6QWQHD,1071047208,Call of Duty: Vanguard,2026-02-26 10:32:42+00,1,False,Unclassified,No reliable game match,,missing
112-1016018-1251468,149202925519801,B07GMS9P7M,1067108756,Party Arcade - Nintendo Switch,2025-12-12 02:42:48+00,1,True,Nintendo Switch,Title/platform heuristic,10.80,mbop_fifo
112-1027877-8373826,160336941958121,B002K9VIAU,1036989393,Game Party 3 - Nintendo Wii,2026-05-19 12:42:58+00,1,True,Nintendo Wii,Title/platform heuristic,13.95,inventorylab_legacy
112-1029388-6281007,161449846105121,B09GCPH2HR,1071133143,Beyond A Steel Sky: Beyond A SteelBook Edition (PS5),2026-06-03 21:56:16+00,1,True,PlayStation 5,Title/platform heuristic,16.43,inventorylab_legacy
112-1041726-2904265,158027863826441,B01N54QSH6,1052907525,"Harmony Good Dog Ceramic Dog Bowl, 3 Cups",2026-04-17 20:51:35+00,1,False,Unclassified,No reliable game match,7.99,mbop_fifo
112-1050835-7126649,164687918455761,B07THWLT73,1042456740,NBA 2K20 Nintendo Switch,2026-07-14 15:38:13+00,1,True,Nintendo Switch,Title/platform heuristic,15.07,inventorylab_legacy
112-1063421-0936218,159161353832721,B01IW7Z746,1033468979,Nintendo Selects: Nintendo Land - Wii U,2026-05-04 19:11:09+00,1,True,Nintendo Wii U,Title/platform heuristic,,missing
112-1066949-0861044,147005145936721,B098Y94S29,1064186291,NBA 2K22 - PlayStation 4,2025-11-22 01:10:57+00,1,True,PlayStation 4,Title/platform heuristic,12.00,mbop_fifo
112-1084596-1565838,165826641509801,B004NB1BV4,1056255318,Rio - Nintedo Wii [Nintendo Wii],2026-07-30 00:42:01+00,1,True,Nintendo Wii,Title/platform heuristic,,missing
112-1109518-2821057,151855392543081,B00I9UVY30,1070891227,EA Sports 2014 FIFA World Cup Brazil - PlayStation 3,2026-01-16 17:17:54+00,1,True,PlayStation 3,Title/platform heuristic,17.47,inventorylab_legacy
112-1112576-8898661,162895834981561,B00386VMZA,MV-147G-3IDD,Tiger Woods PGA Tour 11 - Nintendo Wii,2026-06-20 19:02:21+00,1,True,Nintendo Wii,Title/platform heuristic,16.47,inventorylab_legacy
112-1127867-0963451,162942564118161,B00182QCXS,1034679220,DEAL OR NO DEAL WII,2026-06-20 22:20:15+00,1,True,Nintendo Wii,Title/platform heuristic,10.50,inventorylab_legacy
112-1157150-8938603,143892735783161,B007MM9E42,1034379408,Disney Epic Mickey 2: The Power of Two - Nintendo Wii,2025-10-18 18:52:36+00,1,True,Nintendo Wii,Title/platform heuristic,8.50,mbop_fifo
112-1170459-2985024,157056132349401,B00I9UVY30,1070891227,EA Sports 2014 FIFA World Cup Brazil - PlayStation 3,2026-04-02 23:58:14+00,1,True,PlayStation 3,Title/platform heuristic,17.47,inventorylab_legacy
112-1176627-6692228,147910577867441,B01N9QVIRV,1065946902,Switch Title 3 -,2025-11-29 03:04:12+00,1,True,Nintendo Switch,Title/platform heuristic,25.02,inventorylab_legacy
112-1176766-9825041,152693235694921,B01N03NM02,1058392679,"Harmony Good Dog Ceramic Dog Bowl, 1 Cup",2026-01-29 17:33:41+00,1,False,Unclassified,No reliable game match,5.99,inventorylab_legacy
112-1228579-8100267,166593797561961,B007MM9E2E,XV-CDLD-C9FB,Disney Epic Mickey 2: The Power of Two - Playstation 3 [PlayStation 3],2026-08-08 03:46:54+00,1,True,PlayStation 3,Title/platform heuristic,,missing
112-1232178-0940219,154593142945481,B014N4RTS4,1045692341,YO-KAI WATCH - 3DS,2026-02-25 17:06:31+00,1,True,Nintendo 3DS,Title/platform heuristic,24.85,mbop_fifo
112-1260754-7404242,163784459740281,B01N54QSH6,1052907525,"Harmony Good Dog Ceramic Dog Bowl, 3 Cups",2026-06-30 00:50:41+00,1,False,Unclassified,No reliable game match,,missing
112-1287550-1872210,157492809148121,B08JJ37XVW,1070280039,Monster Hunter Rise - Nintendo Switch Standard Edition,2026-04-09 17:42:54+00,1,True,Nintendo Switch,Title/platform heuristic,16.47,inventorylab_legacy
112-1302130-2296269,160776410401801,B00YC7DZ3G,1070474351,fifa 16 - Xbox 360,2026-05-26 03:07:15+00,1,True,Xbox 360,Title/platform heuristic,14.00,inventorylab_legacy
112-1330469-7936211,152517287037441,B000L422L0,1068811450,Brooktown High: Senior Year - Sony PSP,2026-01-27 15:52:32+00,1,True,PSP,Title/platform heuristic,5.10,inventorylab_legacy
112-1332286-6050605,142061494653081,B0DHHM6BZ2,1070280186,LEGO Horizon Adventures,2025-10-11 00:42:50+00,1,False,Unclassified,No reliable game match,,missing
112-1380180-3051411,141895849028481,B01AC3ZD06,1048894668,Nintendo Selects: Super Mario 3D World - Wii U Standard Edition,2025-10-09 13:35:32+00,1,True,Nintendo Wii U,Title/platform heuristic,,missing
112-1391431-0629048,139440054718321,B07VWCR94W,1033469061,WWE 2K20 - PlayStation 4,2025-09-16 20:41:31+00,1,True,PlayStation 4,Title/platform heuristic,16.19,inventorylab_legacy
112-1436962-1117831,157615709867321,B0D3P668DV,1071379579,Madden NFL 25 - PlayStation 4,2026-04-10 21:27:38+00,1,True,PlayStation 4,Title/platform heuristic,27.00,mbop_fifo
112-1441696-1389852,155500772282441,B07SL77MHX,1068811473,No More Heroes 3,2026-03-09 20:20:59+00,1,False,Unclassified,No reliable game match,17.50,inventorylab_legacy
112-1448854-8260253,139132677684201,B08GSP1HBM,1067108754,"Goosebumps: Dead of Night, Cosmic Forces - Nintendo Switch",2025-09-13 05:53:51+00,1,True,Nintendo Switch,Title/platform heuristic,19.00,mbop_fifo
112-1455343-7509851,149289403833801,B006ZPAYMI,1068811430,Kinect Rush: A Disney Pixar Adventure - Xbox 360,2025-12-12 11:12:48+00,1,True,Xbox 360,Title/platform heuristic,22.32,inventorylab_legacy
112-1469653-9539402,146973903740281,B01N1GRUUC,1051249032,"Harmony Good Dog Ceramic Dog Bowl, 6 Cups",2025-11-21 17:38:57+00,1,False,Unclassified,No reliable game match,10.99,inventorylab_legacy
112-1504934-5693850,163279085456321,B01N03NM02,1058392679,"Harmony Good Dog Ceramic Dog Bowl, 1 Cup",2026-06-24 17:23:17+00,1,False,Unclassified,No reliable game match,5.99,inventorylab_legacy
112-1504942-2573841,158283142186761,B09FCXXGT5,1068811453,Big Brain Academy: Brain vs. Brain - Nintendo Switch,2026-04-22 01:13:32+00,1,True,Nintendo Switch,Title/platform heuristic,22.00,mbop_fifo
112-1524453-9263436,147906338619201,B098V87FNX,1069890483,Among Us: Crewmate Edition (PS4) - PlayStation 4,2025-11-29 02:15:37+00,1,True,PlayStation 4,Title/platform heuristic,14.45,inventorylab_legacy
112-1617152-1793033,156212281864841,B01N03NM02,1058392679,"Harmony Good Dog Ceramic Dog Bowl, 1 Cup",2026-03-20 20:31:04+00,1,False,Unclassified,No reliable game match,5.99,inventorylab_legacy
112-1635452-0565849,142675689147441,B07HFMJ4R5,1068329410,Minecraft: Starter Collection - Xbox One,2025-10-15 17:09:08+00,1,True,Xbox One,Title/platform heuristic,23.49,inventorylab_legacy
112-1676682-6616207,148225377480441,B0B92459CC,1067108752,Dragon Quest Treasures - Nintendo Switch,2025-12-01 23:34:33+00,1,True,Nintendo Switch,Title/platform heuristic,24.00,mbop_fifo
112-1725350-6129050,142582472938961,B00BSELY9I,1066662989,PS3 NCAA FOOTBALL 13,2025-10-15 07:41:59+00,1,True,PlayStation 3,Title/platform heuristic,25.60,inventorylab_legacy
112-1733813-8998634,138320801641121,B07GVWXRBP,1069890507,Goosebumps The Game - Nintendo Switch,2025-09-04 17:20:35+00,1,True,Nintendo Switch,Title/platform heuristic,17.00,mbop_fifo
112-1738983-8741807,153413473796201,B0088I7KYU,1029050576,Injustice: Gods Among Us - Xbox 360,2026-02-10 03:13:03+00,1,True,Xbox 360,Title/platform heuristic,15.99,mbop_fifo
112-1746786-4232203,161063035923081,B01N03NM02,1058392679,"Harmony Good Dog Ceramic Dog Bowl, 1 Cup",2026-05-29 15:05:04+00,1,False,Unclassified,No reliable game match,5.99,inventorylab_legacy
112-1765792-7230608,163464184759921,B01N03NM02,1058392679,"Harmony Good Dog Ceramic Dog Bowl, 1 Cup",2026-06-26 14:05:18+00,1,False,Unclassified,No reliable game match,5.99,inventorylab_legacy
112-1802535-8254644,146668445569041,B0086V5UF0,1034379353,Just Dance 4 - Nintendo Wii,2025-11-18 22:45:47+00,1,True,Nintendo Wii,Title/platform heuristic,21.99,mbop_fifo
112-1817138-6674636,144447094397241,B07HFMJ4R5,1068329410,Minecraft: Starter Collection - Xbox One,2025-10-23 16:04:55+00,1,True,Xbox One,Title/platform heuristic,23.49,inventorylab_legacy
112-1817565-7506620,166606282706481,B0B9H39Q9Q,1071379588,Miraculous: Rise of the Sphinx - PlayStation 5 [PlayStation 5],2026-08-08 02:51:14+00,1,True,PlayStation 5,Title/platform heuristic,14.94,inventorylab_legacy
112-1835960-7896251,148606232368721,B01N9QVIRV,1065946902,Switch Title 3 -,2025-12-05 20:30:03+00,1,True,Nintendo Switch,Title/platform heuristic,25.02,inventorylab_legacy
112-1844790-0358669,147887702044281,B09D643D8F,1064901190,Call of Duty: Vanguard,2025-11-29 00:17:43+00,1,True,PlayStation 5,Title/platform heuristic,22.99,mbop_fifo
112-1846141-6791465,152773999878921,B0047TG2R0,XP-1MMM-CBWR,Dragon Age 2 - Xbox 360,2026-01-30 23:56:03+00,1,True,Xbox 360,Title/platform heuristic,12.37,mbop_fifo
112-1860205-6636231,150492948902841,B071G5JJDW,1035764639,Monster Hunter: World - Xbox One Standard Edition,2025-12-29 02:00:29+00,1,True,Xbox One,Title/platform heuristic,17.97,inventorylab_legacy
112-1861270-4865809,146973354670921,B07THWLT73,1042456740,NBA 2K20 Nintendo Switch,2025-11-21 18:01:21+00,1,True,Nintendo Switch,Title/platform heuristic,15.07,inventorylab_legacy
112-1887910-0520261,164456022951881,B09GCXZKBZ,1071379580,My Universe: Puppies and Kittens - PlayStation 4,2026-07-10 20:30:01+00,1,True,PlayStation 4,Title/platform heuristic,9.55,inventorylab_legacy
112-1904615-6543448,147800202157041,B01GVN0D1U,1070474333,Resident Evil 7 Biohazard (Xbox One),2025-11-28 15:00:23+00,1,True,Xbox One,Title/platform heuristic,14.50,mbop_fifo
112-1920680-2977807,139065286633361,B00503E9UO,1063376019,Call of Duty: Modern Warfare 3 - Nintendo Wii,2025-09-12 15:02:58+00,1,True,Nintendo Wii,Title/platform heuristic,13.73,inventorylab_legacy
112-1942133-6236267,166031391230721,B0B18Y88N2,1068866832,Rabbids®: Party of Legends - Nintendo Switch [Nintendo Switch],2026-07-31 16:11:28+00,1,True,Nintendo Switch,Title/platform heuristic,,missing
112-1961313-1164252,157177040252961,B003KMJ90C,1071283715,Monopoly Streets - Playstation 3,2026-04-05 01:52:53+00,1,True,PlayStation 3,Title/platform heuristic,18.00,mbop_fifo
112-1981942-0638611,157118663980721,B0042GW7CC,1045509207,Namco Museum Megamix,2026-04-04 01:37:06+00,1,True,Nintendo Wii,Title/platform heuristic,11.12,mbop_fifo
112-1985032-3852235,139565300037801,B01N03NM02,1058392679,"Harmony Good Dog Ceramic Dog Bowl, 1 Cup",2025-09-17 11:52:07+00,1,False,Unclassified,No reliable game match,5.99,inventorylab_legacy
112-2009548-4172244,146773199028001,B0CFTFG12B,1069890477,Call of Duty Modern Warfare III - Xbox,2025-11-19 13:08:03+00,1,True,Xbox,Title/platform heuristic,24.00,mbop_fifo
112-2020308-7789064,156359545516521,B0787NN56S,1070280050,Street Fighter 30th Anniversary Collection - Xbox One Standard Edition,2026-03-23 07:44:17+00,1,True,Xbox One,Title/platform heuristic,22.77,mbop_fifo
112-2028856-0781835,148558807924321,B003LDKIUA,1041266555,Pac-Man Party - Nintendo Wii,2025-12-05 02:22:16+00,1,True,Nintendo Wii,Title/platform heuristic,24.36,inventorylab_legacy
112-2030165-2404269,150415620990721,B0BPYW4DDB,1065749622,Rustic Pistol Table Lamp - Realistic Novelty Outdoor Lamp - Tabletop Lantern w/ Brushed Black Finish & Gold Detailing - Gun Decorations for Man Cave -,2025-12-27 22:00:38+00,1,False,Unclassified,No reliable game match,19.99,mbop_fifo
112-2031390-3381843,140639801413481,B01N9QVIRV,1065946902,Switch Title 3 -,2025-09-28 15:34:11+00,1,True,Nintendo Switch,Title/platform heuristic,25.02,inventorylab_legacy
112-2050833-8145816,148801533984921,B0B6JQHB4P,1063376893,FIFA 23 - PlayStation 4,2025-12-08 03:41:46+00,1,True,PlayStation 4,Title/platform heuristic,19.99,mbop_fifo
112-2091912-1411405,167061965316161,B003OZZJGS,1028571739,Gold's Gym Dance Workout - Nintendo Wii [Nintendo Wii],2026-08-13 05:44:33+00,1,True,Nintendo Wii,Title/platform heuristic,,missing
112-2119599-9458628,148972067477081,B07B9QZX6H,1067108764,Crash Bandicoot N. Sane Trilogy - Xbox One Standard Edition,2025-12-09 13:39:35+00,1,True,Xbox One,Title/platform heuristic,13.45,mbop_fifo
112-2134569-1250619,163847330229121,B01N54QSH6,1052907525,"Harmony Good Dog Ceramic Dog Bowl, 3 Cups",2026-06-30 23:38:14+00,1,False,Unclassified,No reliable game match,,missing
112-2136117-1499447,155808713215521,B07MTZN8P3,1042884901,B07MTZN8P3 AmazonUs/BETH3,2026-03-14 01:19:01+00,1,True,PlayStation 4,Title/platform heuristic,17.15,inventorylab_legacy
112-2187069-6140207,147850164323361,B09D643D8F,1064901190,Call of Duty: Vanguard,2025-11-28 19:27:13+00,1,True,PlayStation 5,Title/platform heuristic,22.99,mbop_fifo
112-2207554-2421058,154671203021121,B07DJZB39M,1049720487,Kingdom Hearts III - PlayStation 4 Deluxe Edition,2026-02-26 22:51:55+00,1,True,PlayStation 4,Title/platform heuristic,51.00,mbop_fifo
112-2207615-6701069,164867670997561,B09C1167RV,1068329432,Street Outlaws 2: Winner Takes All (Xbox Series X/) [Video Game] Xbox One / Xbox Series X,2026-07-17 01:12:45+00,1,True,Xbox Series X,Title/platform heuristic,,missing
112-2214479-3209016,149128216020601,B07XGW61PX,1063375936,Plants Vs. Zombies: Battle for Neighborville - Xbox One,2025-12-11 04:51:09+00,1,True,Xbox One,Title/platform heuristic,13.87,inventorylab_legacy
112-2219935-2839451,146343983640161,B01GVN0D1U,1070474333,Resident Evil 7 Biohazard (Xbox One),2025-11-15 22:14:34+00,1,True,Xbox One,Title/platform heuristic,20.99,mbop_fifo
112-2226348-3261047,165614769217961,B000TEJFK8,1070891236,Tony Hawk's Proving Ground - PlayStation 2 [PlayStation2],2026-07-27 11:51:36+00,1,True,PlayStation 2,Title/platform heuristic,14.99,inventorylab_legacy
112-2231470-0505015,152099651516521,B071WPL1L8,SL-PUBB-W1F6,The Evil Within 2 - PlayStation 4,2026-01-20 18:14:15+00,1,True,PlayStation 4,Title/platform heuristic,18.50,inventorylab_legacy
112-2259809-5516241,159566360124641,B097PJX3Z9,1065946896,Shin Megami Tensei V: Steelbook Launch Edition - Nintendo Switch,2026-05-10 17:10:42+00,1,True,Nintendo Switch,Title/platform heuristic,,missing
112-2268771-8830669,147805758919721,B0B8JH4CTN,1070280053,World of Outlaws - Dirt Racing,2025-11-28 14:37:20+00,1,True,Xbox Series X,Title/platform heuristic,23.37,inventorylab_legacy
112-2280933-0895460,147631805354241,B07S5BRQX4,1070280038,Killer Queen Black - Nintendo Switch,2025-11-26 17:21:54+00,1,True,Nintendo Switch,Title/platform heuristic,21.99,mbop_fifo
112-2282860-6725832,167291719302081,B08X8NTNYY,1064185632,Tony Hawk Pro Skater 1+2 - Xbox Series X Standard Edition [Xbox Series X],2026-08-16 21:30:31+00,1,True,Xbox Series X,Title/platform heuristic,16.44,inventorylab_legacy
112-2309393-0934656,160624045376561,B00DD0B1R0,1046305632,Super Smash Brothers - Nintendo 3DS,2026-05-23 17:53:57+00,1,True,Nintendo 3DS,Title/platform heuristic,20.20,mbop_fifo
112-2320431-4053823,148765408215641,B016KAKD7S,1030912249,"18"" Bendable Muslin DollNew by: CC",2025-12-07 20:38:08+00,1,False,Unclassified,No reliable game match,8.99,inventorylab_legacy
112-2332016-1436205,149035973536441,B00KLMOY4K,1048220574,Plants vs Zombies Garden Warfare(Online Play Required) - PlayStation 4,2025-12-10 03:53:22+00,1,True,PlayStation 4,Title/platform heuristic,12.50,inventorylab_legacy
112-2338963-1411427,156039473191161,B001LJPAAO,1070625065,AC/DC Live: Rock Band Track Pack - Nintendo Wii,2026-03-17 21:08:27+00,1,True,Nintendo Wii,Title/platform heuristic,15.60,inventorylab_legacy
112-2345381-4979407,158518544643841,B01N54QSH6,1052907525,"Harmony Good Dog Ceramic Dog Bowl, 3 Cups",2026-04-24 22:18:47+00,1,False,Unclassified,No reliable game match,7.99,mbop_fifo
112-2347018-1436251,153229042333361,B01AC3ZD06,1048894668,Nintendo Selects: Super Mario 3D World - Wii U Standard Edition,2026-02-06 20:16:13+00,1,True,Nintendo Wii U,Title/platform heuristic,15.71,mbop_fifo
112-2369786-0431447,165847248874041,B004FUI84G,1070891178,Prototype 2 PS3 - PlayStation 3 [PlayStation 3],2026-07-30 08:54:03+00,1,True,PlayStation 3,Title/platform heuristic,,missing
112-2375392-5937809,158595895918681,B07SSD8V81,1071517342,Baldur's Gate: Enhanced Edition - Xbox One,2026-04-26 13:33:19+00,1,True,Xbox One,Title/platform heuristic,,missing
112-2408254-1366613,159526117683481,B00ZPT59YS,1045151360,Sea of Thieves: Standard Edition - Xbox One,2026-05-09 15:57:49+00,1,True,Xbox One,Title/platform heuristic,19.71,mbop_fifo
112-2462060-1369001,150523736133681,B09RRHYD97,1065946288,Ghostwire: Tokyo Standard Edition - PlayStation 5,2025-12-29 15:45:34+00,1,True,PlayStation 5,Title/platform heuristic,15.43,mbop_fifo
112-2475198-5061061,157510149840401,B06XDN21W5,1031051552,Paradise Treasure Trove Brown White Football Coin Piggy Bank Sports Stitching,2026-04-09 22:42:48+00,1,False,Unclassified,No reliable game match,9.99,mbop_fifo
112-2484630-9969058,141485852971321,B07DDD9CPN,1041418871,Just Dance 2019 - Wii Standard Edition,2025-10-06 19:12:57+00,1,True,Nintendo Wii,Title/platform heuristic,27.80,inventorylab_legacy
112-2494428-2921011,157835141164401,B06XDN21W5,1031051552,Paradise Treasure Trove Brown White Football Coin Piggy Bank Sports Stitching,2026-04-14 17:10:20+00,1,False,Unclassified,No reliable game match,9.99,mbop_fifo
112-2543466-8864217,145543868879321,B01N54QSH6,1052907525,"Harmony Good Dog Ceramic Dog Bowl, 3 Cups",2025-11-07 04:40:29+00,1,False,Unclassified,No reliable game match,,missing
112-2548017-6677060,150913815421601,B0BPYW4DDB,1065749622,Rustic Pistol Table Lamp - Realistic Novelty Outdoor Lamp - Tabletop Lantern w/ Brushed Black Finish & Gold Detailing - Gun Decorations for Man Cave -,2026-01-04 07:38:12+00,1,False,Unclassified,No reliable game match,19.99,mbop_fifo
112-2548253-0806639,154668250387201,B07SL77MHX,1068811473,No More Heroes 3,2026-02-27 00:02:53+00,1,False,Unclassified,No reliable game match,17.50,inventorylab_legacy
112-2558808-6629065,141582856260561,B079P7T594,1070280037,Hello Neighbor - Nintendo Switch,2025-10-07 14:25:54+00,1,True,Nintendo Switch,Title/platform heuristic,9.04,mbop_fifo
112-2569174-0981824,162964946228161,B002EWD04A,1071283732,Family Feud: 2010 Edition,2026-06-21 12:37:45+00,1,False,Unclassified,No reliable game match,16.24,inventorylab_legacy
112-2608293-9545808,164462743861001,B09GCXZKBZ,1071379580,My Universe: Puppies and Kittens - PlayStation 4,2026-07-10 19:35:27+00,1,True,PlayStation 4,Title/platform heuristic,9.55,inventorylab_legacy
112-2620897-7829058,148884178920001,B07SMBNTSJ,1070280046,Elden Ring - Xbox Series X,2025-12-09 02:28:17+00,1,True,Xbox Series X,Title/platform heuristic,24.00,mbop_fifo
112-2639088-7825843,160127617176241,B075MSL3BV,1047886637,ARK: Survival Evolved - Xbox One,2026-05-17 19:32:45+00,1,True,Xbox One,Title/platform heuristic,17.50,inventorylab_legacy
112-2664184-2627448,155913137184961,B0B94SHMRP,1068329416,Dead Island 2: Day 1 Edition - PlayStation 4,2026-03-15 20:08:29+00,1,True,PlayStation 4,Title/platform heuristic,13.14,mbop_fifo
112-2669269-1684218,142666492238761,B08GSP1HBM,1067108754,"Goosebumps: Dead of Night, Cosmic Forces - Nintendo Switch",2025-10-15 14:34:03+00,1,True,Nintendo Switch,Title/platform heuristic,15.33,mbop_fifo
112-2678763-8462627,138212756447801,B01IH3T6BA,1068811455,Pro Evolution Soccer 2017 - Xbox One Standard Edition,2025-09-03 04:33:35+00,1,True,Xbox One,Title/platform heuristic,5.00,mbop_fifo
112-2681288-5009027,148700534446241,B000ZKBJYG,1028571220,Lego Batman - Nintendo Wii,2025-12-07 00:45:36+00,1,True,Nintendo Wii,Title/platform heuristic,11.99,mbop_fifo
112-2698112-2865819,157935060706121,B0C7PN2L5V,1068811427,Starfield: Standard Edition - Xbox Series X,2026-04-16 04:54:17+00,1,True,Xbox Series X,Title/platform heuristic,30.00,mbop_fifo
112-2703489-6441868,159125441092241,B01G2E4DV4,1066393117,Birds Choice Oriole Feeder Replacement Cup,2026-05-03 17:42:16+00,2,False,Unclassified,No reliable game match,10.62,mbop_fifo
112-2704916-7246631,168544206751241,B089CY37LB,1045849236,Madden NFL 21 MVP Edition - PlayStation 4 [PlayStation 4],2026-08-31 23:53:50+00,1,True,PlayStation 4,Title/platform heuristic,8.50,inventorylab_legacy
112-2732038-9598669,148719242653561,B0053BCMAC,1070280027,Paper Mario: Sticker Star,2025-12-07 05:58:46+00,1,False,Unclassified,No reliable game match,19.95,mbop_fifo
112-2747577-5754628,167230486552041,B01N03NM02,1058392679,"Harmony Good Dog Ceramic Dog Bowl, 1 Cup",2026-08-15 22:20:49+00,1,False,Unclassified,No reliable game match,5.99,inventorylab_legacy
112-2755072-3742627,148036031334441,B003N5XSRG,1070625066,Guitar Hero: Warriors of Rock Stand-Alone Software - Nintendo Wii,2025-11-30 04:45:38+00,1,True,Nintendo Wii,Title/platform heuristic,32.00,mbop_fifo
112-2802773-5667468,163174496434161,B01AC3ZD06,1048894668,Nintendo Selects: Super Mario 3D World - Wii U Standard Edition,2026-06-23 21:22:04+00,1,True,Nintendo Wii U,Title/platform heuristic,,missing
112-2841979-4489800,159319501573561,B01G2E4DV4,1066393117,Birds Choice Oriole Feeder Replacement Cup,2026-05-06 15:58:41+00,1,False,Unclassified,No reliable game match,5.31,mbop_fifo
112-2872018-2332239,151937119196561,B01N9QVIRV,1065946902,Switch Title 3 -,2026-01-17 23:25:42+00,1,True,Nintendo Switch,Title/platform heuristic,25.02,inventorylab_legacy
112-2905826-3329836,148977728179801,B07SMBNTSJ,1070280046,Elden Ring - Xbox Series X,2025-12-09 14:29:16+00,1,True,Xbox Series X,Title/platform heuristic,24.00,mbop_fifo
112-2915461-8716256,138488840268441,B000L422L0,1068811450,Brooktown High: Senior Year - Sony PSP,2025-09-06 21:25:56+00,1,True,PSP,Title/platform heuristic,5.10,inventorylab_legacy
112-2918164-3420239,143904540834721,B07HFMJ4R5,1068329410,Minecraft: Starter Collection - Xbox One,2025-10-18 21:10:12+00,1,True,Xbox One,Title/platform heuristic,23.49,inventorylab_legacy
112-2924846-8168256,157485152371521,B01G2E4DV4,1066393117,Birds Choice Oriole Feeder Replacement Cup,2026-04-09 15:10:25+00,1,False,Unclassified,No reliable game match,4.09,mbop_fifo
112-2932810-7495459,161898568432201,B09GCXZKBZ,1071379580,My Universe: Puppies and Kittens - PlayStation 4,2026-06-08 20:08:18+00,1,True,PlayStation 4,Title/platform heuristic,9.55,inventorylab_legacy
112-2936515-0203457,154096960225721,B0BBXD3P63,1070474320,God of Rock (PS5),2026-02-19 20:20:57+00,1,True,PlayStation 5,Title/platform heuristic,23.99,mbop_fifo
112-2952927-5745023,157712859269881,B01AC3ZD06,1048894668,Nintendo Selects: Super Mario 3D World - Wii U Standard Edition,2026-04-12 16:46:11+00,1,True,Nintendo Wii U,Title/platform heuristic,,missing
112-3013346-3600255,147762441685361,B00DD0B1R0,1046305632,Super Smash Brothers - Nintendo 3DS,2025-11-28 02:56:18+00,1,True,Nintendo 3DS,Title/platform heuristic,21.00,mbop_fifo
112-3061752-0509856,146162421204281,B07HFMJ4R5,1068329410,Minecraft: Starter Collection - Xbox One,2025-11-13 03:35:19+00,1,True,Xbox One,Title/platform heuristic,23.49,inventorylab_legacy
112-3088698-1996253,141559820093601,B079P7T594,1070280037,Hello Neighbor - Nintendo Switch,2025-10-07 12:37:59+00,1,True,Nintendo Switch,Title/platform heuristic,9.04,mbop_fifo
112-3104848-8015467,152290979744841,B003S2JI6O,JS-1DC1-9X53,Wheel of Fortune - Nintendo Wii,2026-01-24 00:13:56+00,1,True,Nintendo Wii,Title/platform heuristic,12.99,mbop_fifo
112-3123669-0128268,156925640060321,B07DJY4FRP,1045507690,Gears 5: Standard Edition - Xbox One,2026-03-31 23:33:26+00,1,True,Xbox One,Title/platform heuristic,19.35,inventorylab_legacy
112-3154443-9825044,158553397062401,B083N38FMT,1071454094,Sonic Mania - Nintendo Switch,2026-04-25 15:44:12+00,1,True,Nintendo Switch,Title/platform heuristic,19.50,mbop_fifo
112-3177656-1052239,151751721235521,B000L422L0,1068811450,Brooktown High: Senior Year - Sony PSP,2026-01-15 00:21:30+00,1,True,PSP,Title/platform heuristic,5.10,inventorylab_legacy
112-3215023-7575461,145180524686361,B01N1GRUUC,1051249032,"Harmony Good Dog Ceramic Dog Bowl, 6 Cups",2025-11-02 22:04:33+00,1,False,Unclassified,No reliable game match,10.99,inventorylab_legacy
112-3221982-2451444,144108098654321,B0B5B7BMSP,1064186124,NBA 2K23 - PlayStation 5,2025-10-20 22:44:36+00,1,True,PlayStation 5,Title/platform heuristic,9.36,mbop_fifo
112-3226849-0717061,157670709775281,B0B94THZRT,1065946220,Dead Island 2: Day 1 Edition - PlayStation 5,2026-04-11 22:11:46+00,1,True,PlayStation 5,Title/platform heuristic,17.82,mbop_fifo
112-3248868-1083458,157764909695681,B001DO3NEW,1038680538,Wii Music,2026-04-13 16:02:01+00,1,True,Nintendo Wii,Title/platform heuristic,17.54,inventorylab_legacy
112-3259606-3630605,147486151258321,B08GSP1HBM,1067108754,"Goosebumps: Dead of Night, Cosmic Forces - Nintendo Switch",2025-11-25 17:24:15+00,1,True,Nintendo Switch,Title/platform heuristic,13.99,mbop_fifo
112-3268988-2379439,152961008847121,B01LDFGIT2,1058619763,Livewire Advantage Instrument Cable 10 ft. Black,2026-02-03 00:38:37+00,1,False,Unclassified,No reliable game match,10.48,inventorylab_legacy
112-3271743-8834615,160655733972721,B08X2FS1TV,1066393107,"Magicsuit Women's Peace Out Aubrey High Neck Soft Cup One Piece Swimsuit, Black/Multi, 10",2026-05-24 05:34:14+00,1,False,Unclassified,No reliable game match,,missing
112-3274190-5197049,153269307280921,B002K9VIAU,1036989393,Game Party 3 - Nintendo Wii,2026-02-07 15:36:16+00,1,True,Nintendo Wii,Title/platform heuristic,13.95,inventorylab_legacy
112-3293598-7088242,154839081490401,B002912SN0,1071133137,Bakugan - PlayStation 2,2026-02-28 23:40:54+00,1,True,PlayStation 2,Title/platform heuristic,19.99,mbop_fifo
112-3297571-0617803,156162732307881,B01EZA0D8O,1063375652,Call of Duty: Infinite Warfare - Standard Edition - Xbox One,2026-03-19 22:17:35+00,1,True,Xbox One,Title/platform heuristic,12.99,mbop_fifo
112-3297674-0684262,157271155561561,B004J30X4W,1028571437,Country Dance Wii,2026-04-06 21:33:01+00,1,True,Nintendo Wii,Title/platform heuristic,12.34,mbop_fifo
112-3318033-8345813,167052602527521,B01K63R7EW,CL-3FZI-8LNN,Destiny The Collection - Xbox One Standard Edition [Xbox One],2026-08-13 09:05:31+00,1,True,Xbox One,Title/platform heuristic,,missing
112-3342617-8397840,167033806272321,B0748VH8ZF,1039345443,The Sims 4 - Xbox One [Xbox One],2026-08-13 14:06:46+00,2,True,Xbox One,Title/platform heuristic,27.44,inventorylab_legacy
112-3383272-0870648,148643313020121,B09C1167RV,1068329432,Street Outlaws 2: Winner Takes All (Xbox Series X/),2025-12-06 05:41:26+00,1,True,Xbox Series X,Title/platform heuristic,11.05,mbop_fifo
112-3389626-4865818,150955977530841,B002BSC54I,1064192259,The Legend of Zelda: Skyward Sword with Music CD,2026-01-05 01:35:37+00,1,False,Unclassified,No reliable game match,32.00,mbop_fifo
112-3405227-2849010,158490427742601,B08JJ37XVW,1070280039,Monster Hunter Rise - Nintendo Switch Standard Edition,2026-04-24 16:09:18+00,1,True,Nintendo Switch,Title/platform heuristic,16.47,inventorylab_legacy
112-3427376-9817808,153336000312081,B096TBJC6Z,1071047168,Paw Patrol The Movie Adventure City Calls - PlayStation 4,2026-02-08 19:16:00+00,1,True,PlayStation 4,Title/platform heuristic,14.38,inventorylab_legacy
112-3434653-7749820,155112487682881,B0051TLC9I,1071133134,LEGO Harry Potter: Years 5-7 - Nintendo 3DS,2026-03-04 19:18:22+00,1,True,Nintendo 3DS,Title/platform heuristic,15.02,mbop_fifo
112-3438462-6286665,165263822646361,B07THWLT73,1042456740,NBA 2K20 Nintendo Switch [Nintendo Switch],2026-07-22 13:38:15+00,1,True,Nintendo Switch,Title/platform heuristic,15.07,inventorylab_legacy
112-3444538-8184249,152384739445081,B008J16AHE,ZP-HLLU-IBWF,The Hip Hop Dance Experience - Xbox 360,2026-01-25 20:25:57+00,1,True,Xbox 360,Title/platform heuristic,17.50,mbop_fifo
112-3449124-4897044,164965906577881,B00XR3YBFW,1071283742,WWE 2K16 - Xbox 360 [Xbox 360],2026-07-18 12:14:27+00,1,True,Xbox 360,Title/platform heuristic,24.41,inventorylab_legacy
112-3508337-8538620,141802658325481,B00FM5IY4W,1063375943,Forza Motorsport 5,2025-10-08 21:20:24+00,1,True,Xbox One,Title/platform heuristic,,missing
112-3556438-6391429,163883677360521,B01G2E4DV4,1066393117,Birds Choice Oriole Feeder Replacement Cup,2026-07-01 14:19:13+00,1,False,Unclassified,No reliable game match,,missing
112-3563405-9116207,158352304663201,B07F3ZDD83,1071133147,Carnival Games (Nintendo Switch),2026-04-23 03:22:34+00,1,True,Nintendo Switch,Title/platform heuristic,14.49,mbop_fifo
112-3590206-1441062,148868846096481,B07B9QZX6H,1067108764,Crash Bandicoot N. Sane Trilogy - Xbox One Standard Edition,2025-12-08 23:50:42+00,1,True,Xbox One,Title/platform heuristic,13.45,mbop_fifo
112-3619262-4857000,156936775872721,B001DO3NEW,1038680538,Wii Music,2026-04-01 03:30:56+00,1,True,Nintendo Wii,Title/platform heuristic,17.54,inventorylab_legacy
112-3650479-9449816,158772951430361,B00DS0MQUQ,1071453878,Battlefield 4 - PlayStation 4,2026-04-29 03:44:36+00,1,True,PlayStation 4,Title/platform heuristic,15.00,mbop_fifo
112-3654639-0069019,162308503789761,B01N03NM02,1058392679,"Harmony Good Dog Ceramic Dog Bowl, 1 Cup",2026-06-13 21:51:38+00,1,False,Unclassified,No reliable game match,5.99,inventorylab_legacy
112-3657422-4690607,156715473572921,B07YZ4QVZY,1068949078,Sniper Ghost Warrior: Contracts PS4,2026-03-28 20:54:53+00,1,True,PlayStation 4,Title/platform heuristic,14.00,inventorylab_legacy
112-3662665-1111437,159259825539641,B081KKGY4M,1062828511,"Champion Women's Jogger, Gfs Silver Grey-Y06146, X Large",2026-05-05 17:28:52+00,1,False,Unclassified,No reliable game match,19.98,mbop_fifo
112-3676715-8150634,156073353007721,B01AC3ZD06,1048894668,Nintendo Selects: Super Mario 3D World - Wii U Standard Edition,2026-03-18 12:17:32+00,1,True,Nintendo Wii U,Title/platform heuristic,15.71,mbop_fifo
112-3687844-4645802,157709229514361,B08CGCZTYQ,1070891175,Cobra Kai Karate Kid Saga - PS4 - PlayStation 4,2026-04-12 16:07:00+00,1,True,PlayStation 4,Title/platform heuristic,11.04,inventorylab_legacy
112-3731168-6273816,155769960645001,B0060ZN5T2,1044972247,NEW Just Dance 3 Wii (Videogame Software),2026-03-13 13:12:26+00,1,True,Nintendo Wii,Title/platform heuristic,17.60,inventorylab_legacy
112-3749772-4201007,139997253017281,B0C9VW1KGR,1068811444,EA SPORTS FC 24 - Nintendo Switch,2025-09-21 19:48:17+00,1,True,Nintendo Switch,Title/platform heuristic,19.90,mbop_fifo
112-3798275-4427460,160577116680721,B08DD5559K,1057774272,Minecraft Dungeons: Hero Edition - Xbox Series X & Xbox One,2026-05-22 22:05:16+00,1,True,Xbox Series X/Xbox One,Title/platform heuristic,18.25,inventorylab_legacy
112-3799789-0439450,160206495761241,B01N54QSH6,1052907525,"Harmony Good Dog Ceramic Dog Bowl, 3 Cups",2026-05-18 22:24:47+00,1,False,Unclassified,No reliable game match,7.99,mbop_fifo
112-3802342-8785830,163860071650121,B01LDFGIT2,1058619763,Livewire Advantage Instrument Cable 10 ft. Black,2026-07-01 08:20:01+00,1,False,Unclassified,No reliable game match,10.48,inventorylab_legacy
112-3814891-1629061,164827919055761,B01N1GRUUC,1051249032,"Harmony Good Dog Ceramic Dog Bowl, 6 Cups",2026-07-16 15:43:08+00,1,False,Unclassified,No reliable game match,10.99,inventorylab_legacy
112-3835256-5309069,160383841847921,B01N54QSH6,1052907525,"Harmony Good Dog Ceramic Dog Bowl, 3 Cups",2026-05-20 02:01:35+00,1,False,Unclassified,No reliable game match,7.99,mbop_fifo
112-3840646-1376205,157947141124001,B0C7PN2L5V,1068811427,Starfield: Standard Edition - Xbox Series X,2026-04-16 15:52:57+00,1,True,Xbox Series X,Title/platform heuristic,30.00,mbop_fifo
112-3846414-6839416,144258221838801,B07HFMJ4R5,1068329410,Minecraft: Starter Collection - Xbox One,2025-10-22 16:17:16+00,1,True,Xbox One,Title/platform heuristic,23.49,inventorylab_legacy
112-3848101-8317011,144995220423961,B01N03NM02,1058392679,"Harmony Good Dog Ceramic Dog Bowl, 1 Cup",2025-10-30 11:52:23+00,1,False,Unclassified,No reliable game match,5.99,inventorylab_legacy
112-3865873-8497827,157206521038001,B001DO3NEW,1038680538,Wii Music,2026-04-05 19:05:28+00,1,True,Nintendo Wii,Title/platform heuristic,17.54,inventorylab_legacy
112-3877053-1125052,158603137704121,B016KAKD7S,1030912249,"18"" Bendable Muslin DollNew by: CC",2026-04-26 12:46:34+00,1,False,Unclassified,No reliable game match,8.99,inventorylab_legacy
112-3878329-7208224,153848313561001,B01K63R7HY,1071047164,Destiny The Collection - PlayStation 4 Standard Edition,2026-02-17 03:35:47+00,1,True,PlayStation 4,Title/platform heuristic,29.00,mbop_fifo
112-3895095-0359445,158139640702721,B01N1GRUUC,1051249032,"Harmony Good Dog Ceramic Dog Bowl, 6 Cups",2026-04-19 20:35:18+00,1,False,Unclassified,No reliable game match,10.99,inventorylab_legacy
112-3899297-1408240,144806105661001,B07DDD9CPN,1041418871,Just Dance 2019 - Wii Standard Edition,2025-10-27 14:53:18+00,1,True,Nintendo Wii,Title/platform heuristic,27.80,inventorylab_legacy
112-3900437-7037002,157272638566721,B0BPYW4DDB,1065749622,Rustic Pistol Table Lamp - Realistic Novelty Outdoor Lamp - Tabletop Lantern w/ Brushed Black Finish & Gold Detailing - Gun Decorations for Man Cave -,2026-04-06 21:32:19+00,2,False,Unclassified,No reliable game match,47.98,mbop_fifo
112-3910152-3147463,154754819923961,B07VYFV84L,1049390505,WWE 2K20 - Xbox One,2026-02-27 15:49:28+00,1,True,Xbox One,Title/platform heuristic,12.56,mbop_fifo
112-3914914-9962601,148226427977561,B0D3P4HV27,1068866835,Madden NFL 25 - Xbox Series X,2025-12-01 23:06:59+00,1,True,Xbox Series X,Title/platform heuristic,,missing
112-3921607-6944260,159014232189801,B09GCXZKBZ,1071379580,My Universe: Puppies and Kittens - PlayStation 4,2026-05-01 23:33:12+00,1,True,PlayStation 4,Title/platform heuristic,9.55,inventorylab_legacy
112-3946992-6372222,155654368955561,B08L91Z6VK,1037691306,Family Feud - Nintendo Switch Standard Edition,2026-03-11 17:00:19+00,1,True,Nintendo Switch,Title/platform heuristic,17.99,mbop_fifo
112-3952730-7290644,163420426232121,B01N9QVIRV,1065946902,Switch Title 3 -,2026-06-26 01:01:59+00,1,True,Nintendo Switch,Title/platform heuristic,25.02,inventorylab_legacy
112-3956076-5325833,158631672329681,B000R3BN42,1071133145,Thrillville: Off the Rails,2026-04-26 23:30:12+00,1,False,Unclassified,No reliable game match,13.99,mbop_fifo
112-3964290-4490606,141473789171681,B0DHHM6BZ2,1070280186,LEGO Horizon Adventures,2025-10-06 16:40:16+00,1,False,Unclassified,No reliable game match,,missing
112-3964389-3529833,148675469654201,B07P5TL4SH,1070474327,Pokémon Shield - Nintendo Switch,2025-12-06 19:01:23+00,1,True,Nintendo Switch,Title/platform heuristic,28.66,mbop_fifo
112-3988597-3828268,159145924763481,B01G2E4DV4,1066393117,Birds Choice Oriole Feeder Replacement Cup,2026-05-03 21:38:56+00,1,False,Unclassified,No reliable game match,5.31,mbop_fifo
112-3990009-5808211,153952897787521,B07S5BRQX4,1070280038,Killer Queen Black - Nintendo Switch,2026-02-18 03:35:12+00,1,True,Nintendo Switch,Title/platform heuristic,25.00,mbop_fifo
112-4008941-9130650,163478884784081,B0013E9HP6,1034678931,Wii Play,2026-06-27 01:28:26+00,1,True,Nintendo Wii,Title/platform heuristic,,missing
112-4015451-3444236,141027547091041,B016KAKD7S,1030912249,"18"" Bendable Muslin DollNew by: CC",2025-10-01 20:24:07+00,1,False,Unclassified,No reliable game match,8.99,inventorylab_legacy
112-4043778-0127417,148695071084241,B016KAKD7S,1030912249,"18"" Bendable Muslin DollNew by: CC",2025-12-07 00:00:39+00,1,False,Unclassified,No reliable game match,8.99,inventorylab_legacy
112-4064554-8557034,167829229726681,B071X7QQKZ,1070474323,Fire Emblem Warriors - Nintendo Switch [Nintendo Switch],2026-08-22 18:06:43+00,1,True,Nintendo Switch,Title/platform heuristic,,missing
112-4078358-9422661,155871334293561,B01N1GRUUC,1051249032,"Harmony Good Dog Ceramic Dog Bowl, 6 Cups",2026-03-15 02:08:13+00,1,False,Unclassified,No reliable game match,10.99,inventorylab_legacy
112-4086396-5786650,157599743854601,B01G2E4DV4,1066393117,Birds Choice Oriole Feeder Replacement Cup,2026-04-10 17:38:15+00,1,False,Unclassified,No reliable game match,4.09,mbop_fifo
112-4099282-5885044,157663647849481,B0060ZN5T2,1044972247,NEW Just Dance 3 Wii (Videogame Software),2026-04-11 19:01:14+00,1,True,Nintendo Wii,Title/platform heuristic,17.60,inventorylab_legacy
112-4111683-5662607,159147237161201,B01G2E4DV4,1066393117,Birds Choice Oriole Feeder Replacement Cup,2026-05-03 22:18:39+00,2,False,Unclassified,No reliable game match,10.62,mbop_fifo
112-4140465-0618627,142078516086481,B002I08WVY,1070280028,Tales of the Abyss,2025-10-11 05:05:15+00,1,False,Unclassified,No reliable game match,22.79,mbop_fifo
112-4155417-6571400,164571429169401,B0045ZB66I,1070891238,Dragon Age Origins: Ultimate Edition - PC [Windows Vista | Windows XP],2026-07-12 18:52:09+00,1,True,PC,Title/platform heuristic,,missing
112-4188746-0133012,162405235247161,B09GJP8BPZ,1067108753,Fortnite Minty Legends Pack(code in Box),2026-06-15 16:24:24+00,1,True,Nintendo Switch,Title/platform heuristic,39.99,inventorylab_legacy
112-4197811-4566604,138044196819281,B00KTNU40E,1068811461,Just Dance 2015 - Xbox One,2025-09-01 04:16:48+00,1,True,Xbox One,Title/platform heuristic,11.16,inventorylab_legacy
112-4217612-6052217,153198692993281,B00KLMOY4K,1048220574,Plants vs Zombies Garden Warfare(Online Play Required) - PlayStation 4,2026-02-06 04:54:30+00,1,True,PlayStation 4,Title/platform heuristic,12.50,inventorylab_legacy
112-4227941-4057804,149760396696721,B0B18Y88N2,1068866832,Rabbids®: Party of Legends - Nintendo Switch,2025-12-18 01:32:31+00,1,True,Nintendo Switch,Title/platform heuristic,13.29,mbop_fifo
112-4230869-0523440,162924596264041,B000L422L0,1068811450,Brooktown High: Senior Year - Sony PSP,2026-06-20 15:57:53+00,1,True,PSP,Title/platform heuristic,5.10,inventorylab_legacy
112-4232378-1390623,139590953122161,B007MM9E42,1034379408,Disney Epic Mickey 2: The Power of Two - Nintendo Wii,2025-09-17 20:58:56+00,1,True,Nintendo Wii,Title/platform heuristic,8.50,mbop_fifo
112-4232965-3837004,146148067995641,B098V87FNX,1069890483,Among Us: Crewmate Edition (PS4) - PlayStation 4,2025-11-13 00:13:24+00,1,True,PlayStation 4,Title/platform heuristic,14.45,inventorylab_legacy
112-4235013-5269013,158302523176561,B01AC3ZD06,1048894668,Nintendo Selects: Super Mario 3D World - Wii U Standard Edition,2026-04-22 13:53:29+00,1,True,Nintendo Wii U,Title/platform heuristic,20.99,mbop_fifo
112-4263374-7277855,148000814024801,B0BDT654XQ,1069890474,Fortnite - Anime Legends- Xbox Series X,2025-11-29 22:53:37+00,1,True,Xbox Series X,Title/platform heuristic,16.95,mbop_fifo
112-4265024-9158664,166106650371601,B0030CV356,0P-5ID2-BBYB,UFC Undisputed 2010 - Xbox 360 [Xbox 360],2026-08-02 01:00:38+00,1,True,Xbox 360,Title/platform heuristic,,missing
112-4267127-7657030,149006700116041,B0057PERPM,1W-X1O9-BCAM,Country Dance 2 - Nintendo Wii,2025-12-09 20:27:58+00,1,True,Nintendo Wii,Title/platform heuristic,14.51,inventorylab_legacy
112-4293037-4649816,166362832436641,B07D767FMV,1056263378,Battlefield V - PlayStation 4 [PlayStation 4],2026-08-04 19:27:33+00,1,True,PlayStation 4,Title/platform heuristic,19.99,inventorylab_legacy
112-4296522-7498611,167519449015961,B01N1GRUUC,1051249032,"Harmony Good Dog Ceramic Dog Bowl, 6 Cups",2026-08-19 17:08:41+00,1,False,Unclassified,No reliable game match,10.99,inventorylab_legacy
112-4335105-8528245,145295341162601,B0BPYW4DDB,1065749622,Rustic Pistol Table Lamp - Realistic Novelty Outdoor Lamp - Tabletop Lantern w/ Brushed Black Finish & Gold Detailing - Gun Decorations for Man Cave -,2025-11-04 14:52:51+00,1,False,Unclassified,No reliable game match,19.99,mbop_fifo
112-4336509-8923451,140958311435081,B016KAKD7S,1030912249,"18"" Bendable Muslin DollNew by: CC",2025-10-01 07:29:43+00,1,False,Unclassified,No reliable game match,8.99,inventorylab_legacy
112-4345863-5885851,159535937893841,B0C9VW1KGR,1068811444,EA SPORTS FC 24 - Nintendo Switch,2026-05-09 22:48:21+00,1,True,Nintendo Switch,Title/platform heuristic,20.00,mbop_fifo
112-4369173-5373051,163384447542401,B01G2E4DV4,1066393117,Birds Choice Oriole Feeder Replacement Cup,2026-06-25 18:26:56+00,2,False,Unclassified,No reliable game match,,missing
112-4375119-2993858,161051103481241,B07DJY4FRP,1045507690,Gears 5: Standard Edition - Xbox One,2026-05-29 15:21:37+00,1,True,Xbox One,Title/platform heuristic,19.35,inventorylab_legacy
112-4385676-5545040,163809578340841,B075QWP3N3,1070891194,Zoo Tycoon: Ultimate Animal Collection - Xbox One,2026-06-30 12:39:03+00,1,True,Xbox One,Title/platform heuristic,,missing
112-4392061-2281832,159544190818441,B08MG4PK68,1071283749,Hitman 3 for Xbox One & Xbox Series X,2026-05-09 19:31:51+00,1,True,Xbox Series X/Xbox One,Title/platform heuristic,30.00,mbop_fifo
112-4392419-5577860,157706488442321,B091DBFGWF,1071047176,RBI BASEBALL 21 NINTENDO SWITCH - NINTENDO SWITCH,2026-04-12 16:25:29+00,1,True,Nintendo Switch,Title/platform heuristic,13.53,mbop_fifo
112-4412427-1262645,163677756951121,B01N03NM02,1058392679,"Harmony Good Dog Ceramic Dog Bowl, 1 Cup",2026-06-28 09:26:12+00,1,False,Unclassified,No reliable game match,5.99,inventorylab_legacy
112-4418172-8999435,166115549787881,B098Y96VKP,1068329369,NBA 2K22 - Nintendo Switch [Nintendo Switch],2026-08-02 00:55:36+00,1,True,Nintendo Switch,Title/platform heuristic,14.23,inventorylab_legacy
112-4481276-8954649,155543362514241,B003S2JI6O,JS-1DC1-9X53,Wheel of Fortune,2026-03-10 16:44:18+00,1,True,Nintendo Wii,Title/platform heuristic,15.99,mbop_fifo
112-4483514-4153028,166159296296441,B0006ACWEQ,1070175672,Ranchmark OpenX Dual Blade Universal Package Opener 7L x 1 1/2H inches,2026-08-02 15:49:33+00,1,False,Unclassified,No reliable game match,7.69,inventorylab_legacy
112-4501000-2888263,165532813543241,B09GCXZKBZ,1071379580,My Universe: Puppies and Kittens - PlayStation 4 [PlayStation 4],2026-07-25 15:35:32+00,1,True,PlayStation 4,Title/platform heuristic,9.55,inventorylab_legacy
112-4508675-3281867,164345419342521,B08FS6BB8W,1071379586,Far Cry 6 PlayStation 5 Standard Edition [PlayStation 5],2026-07-09 01:25:22+00,1,True,PlayStation 5,Title/platform heuristic,,missing
112-4514886-7107441,158896846286161,B01G2E4DV4,1066393117,Birds Choice Oriole Feeder Replacement Cup,2026-04-30 08:38:42+00,1,False,Unclassified,No reliable game match,4.09,mbop_fifo
112-4531547-1367405,146036086676561,B0050SYY5E,1069890528,Halo: Combat Evolved Anniversary,2025-11-11 12:43:28+00,1,False,Unclassified,No reliable game match,28.99,mbop_fifo
112-4575982-1732247,157962345154841,B00SXEONXK,1051885016,LEGO Jurassic World - Nintendo 3DS,2026-04-16 20:23:20+00,1,True,Nintendo 3DS,Title/platform heuristic,16.04,mbop_fifo
112-4588837-4600223,145035862919681,B07SMBNTSJ,1070280046,Elden Ring - Xbox Series X,2025-10-30 23:16:00+00,1,True,Xbox Series X,Title/platform heuristic,20.00,mbop_fifo
112-4600822-9181821,153687141983601,B00T57U7V6,1070625068,LEGO Marvel's Avengers - Xbox 360,2026-02-14 02:52:24+00,1,True,Xbox 360,Title/platform heuristic,19.15,mbop_fifo
112-4619418-5880231,167224237731041,B0002IQOOQ,1071881579,Dance Dance Revolution Extreme [PlayStation2],2026-08-15 20:07:10+00,1,False,Unclassified,No reliable game match,,missing
112-4626761-6637067,138430384753521,B07THWLT73,1042456740,NBA 2K20 Nintendo Switch,2025-09-06 00:10:49+00,1,True,Nintendo Switch,Title/platform heuristic,15.07,inventorylab_legacy
112-4654736-8047436,167345306016321,B00I6E6SH6,1063375674,Minecraft - Xbox One [Xbox One],2026-08-17 16:57:54+00,1,True,Xbox One,Title/platform heuristic,,missing
112-4676161-0269062,150772470964641,B09R1T4G9P,1059898575,Comfortiva Alesha Gold 8.5 M (B),2026-01-01 22:29:48+00,1,False,Unclassified,No reliable game match,29.00,inventorylab_legacy
112-4684184-7172250,145513420861881,B07DDD9CPN,1041418871,Just Dance 2019 - Wii Standard Edition,2025-11-06 20:15:02+00,1,True,Nintendo Wii,Title/platform heuristic,27.80,inventorylab_legacy
112-4697117-2783411,168430012451201,B008J16APQ,1072047475,The Walking Dead: Survival Instinct - Playstation 3 [PlayStation 3],2026-08-30 23:17:42+00,1,True,PlayStation 3,Title/platform heuristic,,missing
112-4758524-2663439,160585255006041,B00I9UVY30,1070891227,EA Sports 2014 FIFA World Cup Brazil - PlayStation 3,2026-05-23 00:53:49+00,1,True,PlayStation 3,Title/platform heuristic,17.47,inventorylab_legacy
112-4763334-7860242,165256674215121,B07SK37PK2,1033292481,Just Dance 2020 for Nintendo Switch [Nintendo Switch],2026-07-22 05:24:45+00,1,True,Nintendo Switch,Title/platform heuristic,,missing
112-4769704-6193038,153497439745961,B07DLM26P5,1038682427,Anthem: Legion of Dawn Edition - Xbox One,2026-02-11 16:34:56+00,1,True,Xbox One,Title/platform heuristic,18.75,inventorylab_legacy
112-4813053-3440233,150388972079041,B0009WPZPY,1069286297,Mortal Kombat Unchained - Sony PSP,2025-12-27 04:22:26+00,1,True,PSP,Title/platform heuristic,48.00,mbop_fifo
112-4864614-3870636,149179466836481,B07XGW61PX,1063375936,Plants Vs. Zombies: Battle for Neighborville - Xbox One,2025-12-11 22:20:50+00,1,True,Xbox One,Title/platform heuristic,13.87,inventorylab_legacy
112-4877028-7878607,163097809099321,B0060ZN5T2,1044972247,NEW Just Dance 3 Wii (Videogame Software),2026-06-23 07:58:35+00,1,True,Nintendo Wii,Title/platform heuristic,17.60,inventorylab_legacy
112-4878491-2135451,158971850235921,B01N54QSH6,1052907525,"Harmony Good Dog Ceramic Dog Bowl, 3 Cups",2026-05-01 20:11:10+00,1,False,Unclassified,No reliable game match,7.99,mbop_fifo
112-4882400-4458666,146808169780241,B08NMQNSX3,1068329365,Madden NFL 21 Next Level Edition - PlayStation 5,2025-11-19 21:49:01+00,1,True,PlayStation 5,Title/platform heuristic,7.19,mbop_fifo
112-4901361-0077046,158554448667841,B08JDTJ9V5,1071379592,Fitness Boxing 2: Rhythm & Exercise - Nintendo Switch,2026-04-25 16:20:18+00,1,True,Nintendo Switch,Title/platform heuristic,29.00,mbop_fifo
112-4912572-1253006,140157604879401,B007MM9E42,1034379408,Disney Epic Mickey 2: The Power of Two - Nintendo Wii,2025-09-23 17:19:40+00,1,True,Nintendo Wii,Title/platform heuristic,8.50,mbop_fifo
112-4929001-5276214,158050511087361,B01E6239QY,1049720080,NBA 2K17 - Early Tip Off Edition - Xbox One,2026-04-18 06:54:32+00,1,True,Xbox One,Title/platform heuristic,14.64,inventorylab_legacy
112-4964079-5805011,156916745791841,B01N1GRUUC,1051249032,"Harmony Good Dog Ceramic Dog Bowl, 6 Cups",2026-03-31 20:51:03+00,1,False,Unclassified,No reliable game match,10.99,inventorylab_legacy
112-4980581-9105041,147149323658561,B098Y94S29,1064186291,NBA 2K22 - PlayStation 4,2025-11-23 18:15:49+00,1,True,PlayStation 4,Title/platform heuristic,16.99,mbop_fifo
112-5011730-9726620,149600962413841,B08NMQNSX3,1068329365,Madden NFL 21 Next Level Edition - PlayStation 5,2025-12-16 01:11:51+00,1,True,PlayStation 5,Title/platform heuristic,8.49,mbop_fifo
112-5065141-4555404,156805153040601,B06XDN21W5,1031051552,Paradise Treasure Trove Brown White Football Coin Piggy Bank Sports Stitching,2026-03-30 03:10:36+00,1,False,Unclassified,No reliable game match,9.99,mbop_fifo
112-5102388-1705814,147017921523561,B0CFTFG12B,1069890477,Call of Duty Modern Warfare III - Xbox,2025-11-22 03:13:41+00,1,True,Xbox,Title/platform heuristic,24.00,mbop_fifo
112-5105335-1880235,152117337433521,B003S2JI6O,JS-1DC1-9X53,Wheel of Fortune - Nintendo Wii,2026-01-21 01:00:18+00,1,True,Nintendo Wii,Title/platform heuristic,14.90,mbop_fifo
112-5114552-4237865,148623849078281,B0056GJVQW,RU-S010-ZVBY,Just Dance Summer Party - Nintendo Wii,2025-12-06 03:36:16+00,1,True,Nintendo Wii,Title/platform heuristic,14.00,mbop_fifo
112-5122650-2215442,149871496379721,B0D3P4HV27,1068866835,Madden NFL 25 - Xbox Series X,2025-12-19 17:18:28+00,1,True,Xbox Series X,Title/platform heuristic,15.19,mbop_fifo
112-5124774-3773046,166376602609481,B07HH8ZSMM,1071047889,Sid Meier's Civilization VI - Nintendo Switch [Nintendo Switch],2026-08-05 03:02:09+00,1,True,Nintendo Switch,Title/platform heuristic,,missing
112-5135485-8014639,158083187908321,B091DBFGWF,1071047176,RBI BASEBALL 21 NINTENDO SWITCH - NINTENDO SWITCH,2026-04-18 23:17:21+00,1,True,Nintendo Switch,Title/platform heuristic,13.53,mbop_fifo
112-5166531-6760238,159269187616361,B086G788Y2,1065946889,Bravely Default II - Nintendo Switch,2026-05-06 01:16:25+00,1,True,Nintendo Switch,Title/platform heuristic,24.84,mbop_fifo
112-5172014-5801052,145141225787761,B08F3CXZJQ,1066663861,Minecraft Dungeons Hero Edition - Nintendo Switch,2025-11-02 01:23:06+00,1,True,Nintendo Switch,Title/platform heuristic,29.67,mbop_fifo
112-5173767-1633839,161906974322561,B01G2E4DV4,1066393117,Birds Choice Oriole Feeder Replacement Cup,2026-06-08 22:15:33+00,1,False,Unclassified,No reliable game match,,missing
112-5191228-2088250,153370030937481,B07DKT3WJ2,1070891183,Assassin's Creed Odyssey Standard Edition - Xbox One,2026-02-09 07:01:31+00,1,True,Xbox One,Title/platform heuristic,11.82,mbop_fifo
112-5223157-9047409,165063415210241,B09GJP8BPZ,1067108753,Fortnite Minty Legends Pack(code in Box) [Nintendo Switch],2026-07-19 15:04:06+00,1,True,Nintendo Switch,Title/platform heuristic,39.99,inventorylab_legacy
112-5276165-1135464,154282328208721,B098Y96VKP,1068329369,NBA 2K22 for Nintendo Switch,2026-02-22 04:51:15+00,1,True,Nintendo Switch,Title/platform heuristic,14.23,inventorylab_legacy
112-5307038-2468222,153163897857481,B0050SZ980,1070891239,Mass Effect Trilogy - PC,2026-02-05 18:14:27+00,1,True,PC,Title/platform heuristic,25.54,mbop_fifo
112-5316168-3285034,156265428017121,B00CD90R72,1071133160,FIFA 14 - Playstation 3,2026-03-21 19:21:17+00,1,True,PlayStation 3,Title/platform heuristic,8.67,mbop_fifo
112-5318670-8785834,158971676431561,B07VYFV84L,1049390505,WWE 2K20 - Xbox One,2026-05-01 19:38:36+00,1,True,Xbox One,Title/platform heuristic,9.46,mbop_fifo
112-5330939-5089806,166344525443121,B0748VH8ZF,1039345443,The Sims 4 - Xbox One [Xbox One],2026-08-04 17:13:13+00,1,True,Xbox One,Title/platform heuristic,13.72,inventorylab_legacy
112-5331254-1960257,147170038905681,B0009WPZPY,1069286297,Mortal Kombat Unchained - Sony PSP,2025-11-23 21:34:02+00,1,True,PSP,Title/platform heuristic,48.00,mbop_fifo
112-5335726-3497052,159666344131841,B075MSL3BV,1047886637,ARK: Survival Evolved - Xbox One,2026-05-11 20:03:13+00,1,True,Xbox One,Title/platform heuristic,17.50,inventorylab_legacy
112-5381116-8047450,150961299527881,B01AC3ZD06,1048894668,Nintendo Selects: Super Mario 3D World - Wii U Standard Edition,2026-01-05 01:42:58+00,1,True,Nintendo Wii U,Title/platform heuristic,15.71,mbop_fifo
112-5381637-5879423,149373291891401,B06XDN21W5,1031051552,Paradise Treasure Trove Brown White Football Coin Piggy Bank Sports Stitching,2025-12-13 14:06:26+00,1,False,Unclassified,No reliable game match,8.99,mbop_fifo
112-5385480-0502640,165942637150361,B08MG4PK68,1071283749,Hitman 3 - Xbox One Standard Edition [Xbox One],2026-07-31 03:25:47+00,1,True,Xbox Series X/Xbox One,Title/platform heuristic,,missing
112-5417242-4622602,142113364648241,B0DHHM6BZ2,1070280186,LEGO Horizon Adventures,2025-10-11 15:48:23+00,1,False,Unclassified,No reliable game match,,missing
112-5438667-6755445,158295736516681,B000HGOHWO,1028572185,Tom Clancy's Rainbow Six Vegas - Playstation 3,2026-04-22 04:32:25+00,1,True,PlayStation 3,Title/platform heuristic,12.52,mbop_fifo
112-5474303-6017855,141203396415881,B00005QI53,1063376373,Freddi Fish Water Worries (Jewel Case) - PC,2025-10-03 16:23:21+00,1,True,PC,Title/platform heuristic,,missing
112-5474901-3914666,147481279443521,B09K2FBZDX,1062959209,"Columbia Women's Facet Sierra Outdry, Black/Black, 8",2025-11-25 15:46:04+00,1,False,Unclassified,No reliable game match,,missing
112-5476151-0528207,167229057705161,B00KLMOY4K,1048220574,Plants vs Zombies Garden Warfare(Online Play Required) - PlayStation 4 [PlayStation 4],2026-08-16 02:09:09+00,1,True,PlayStation 4,Title/platform heuristic,12.50,inventorylab_legacy
112-5490228-5401019,157734075912041,B01G2E4DV4,1066393117,Birds Choice Oriole Feeder Replacement Cup,2026-04-12 23:01:00+00,1,False,Unclassified,No reliable game match,4.09,mbop_fifo
112-5502486-6720249,149220344956201,B08NMQNSX3,1068329365,Madden NFL 21 Next Level Edition - PlayStation 5,2025-12-12 05:50:12+00,1,True,PlayStation 5,Title/platform heuristic,8.99,mbop_fifo
112-5514259-1743402,162556630593361,B00337KBZG,1070891202,How To Train Your Dragon - Nintendo Wii,2026-06-17 15:33:17+00,1,True,Nintendo Wii,Title/platform heuristic,25.00,inventorylab_legacy
112-5530761-8033023,163509995076841,B01N03NM02,1058392679,"Harmony Good Dog Ceramic Dog Bowl, 1 Cup",2026-06-26 23:55:45+00,1,False,Unclassified,No reliable game match,5.99,inventorylab_legacy
112-5535053-7706652,148181776827001,B0B359B45Q,1069890493,Little League World Series PS4,2025-12-01 15:48:16+00,1,True,PlayStation 4,Title/platform heuristic,19.89,mbop_fifo
112-5554446-9096237,153659497619641,B06XDN21W5,1031051552,Paradise Treasure Trove Brown White Football Coin Piggy Bank Sports Stitching,2026-02-13 16:40:47+00,1,False,Unclassified,No reliable game match,8.99,mbop_fifo
112-5567914-7737030,158110265677481,B0C7PN2L5V,1068811427,Starfield: Standard Edition - Xbox Series X,2026-04-19 07:43:14+00,1,True,Xbox Series X,Title/platform heuristic,30.00,mbop_fifo
112-5568178-2773866,146898503687881,B098Y94S29,1064186291,NBA 2K22 - PlayStation 4,2025-11-20 21:46:30+00,1,True,PlayStation 4,Title/platform heuristic,12.68,mbop_fifo
112-5569629-8321027,153465883720961,B01N9QA6LY,1071047166,LEGO City Undercover - PlayStation 4,2026-02-11 01:29:36+00,1,True,PlayStation 4,Title/platform heuristic,19.98,mbop_fifo
112-5580286-7499463,144012407906881,B01N03NM02,1058392679,"Harmony Good Dog Ceramic Dog Bowl, 1 Cup",2025-10-19 18:44:44+00,2,False,Unclassified,No reliable game match,11.98,inventorylab_legacy
112-5620736-2012202,147861287329841,B0B359B45Q,1069890493,Little League World Series PS4,2025-11-28 21:01:03+00,1,True,PlayStation 4,Title/platform heuristic,19.89,mbop_fifo
112-5622470-9149808,157869117672721,B01G2E4DV4,1066393117,Birds Choice Oriole Feeder Replacement Cup,2026-04-15 06:13:22+00,1,False,Unclassified,No reliable game match,4.09,mbop_fifo
112-5627449-4197053,138121207262041,B06XDN21W5,1031051552,Paradise Treasure Trove Brown White Football Coin Piggy Bank Sports Stitching,2025-09-02 01:51:34+00,1,False,Unclassified,No reliable game match,9.99,mbop_fifo
112-5648166-7702648,159203568710681,B0B9H3JDL5,1071517350,Miraculous: Rise of the Sphinx - PlayStation 4,2026-05-04 19:15:39+00,1,True,PlayStation 4,Title/platform heuristic,9.00,inventorylab_legacy
112-5673556-6069854,160488408890001,B0B9H39Q9Q,1071379588,Miraculous: Rise of the Sphinx - PlayStation 5,2026-05-21 14:36:17+00,1,True,PlayStation 5,Title/platform heuristic,14.94,inventorylab_legacy
112-5697878-5933043,153149122323121,B07DF43L23,1053914224,Starlink Battle for Atlas - Nintendo Switch Starter Edition,2026-02-05 13:32:22+00,1,True,Nintendo Switch,Title/platform heuristic,16.50,mbop_fifo
112-5700053-7980217,162975318665681,B01AC3ZD06,1048894668,Nintendo Selects: Super Mario 3D World - Wii U Standard Edition,2026-06-21 23:48:52+00,1,True,Nintendo Wii U,Title/platform heuristic,,missing
112-5701371-3403462,139562544350161,B005EHAFTA,1059113393,Advance Tabco K-00 Faucet Repair Kit,2025-09-17 18:21:09+00,1,False,Unclassified,No reliable game match,45.00,mbop_fifo
112-5740482-9856213,159036307131881,B016KAKD7S,1030912249,"18"" Bendable Muslin DollNew by: CC",2026-05-02 02:25:22+00,1,False,Unclassified,No reliable game match,8.99,inventorylab_legacy
112-5740822-5235461,158896465334081,B0BBXD3P63,1070474320,God of Rock (PS5),2026-04-30 05:21:27+00,1,True,PlayStation 5,Title/platform heuristic,31.99,mbop_fifo
112-5744900-1721850,157804404798601,B07HFMJ4R5,1068329410,Minecraft: Starter Collection - Xbox One,2026-04-14 01:58:22+00,1,True,Xbox One,Title/platform heuristic,23.49,inventorylab_legacy
112-5757991-3369824,157608847558801,B0CTKX44NG,1069286305,MLB The Show 24 - Nintendo Switch,2026-04-10 18:45:06+00,2,True,Nintendo Switch,Title/platform heuristic,60.70,mbop_fifo
112-5810212-5169035,157744606520961,B07HFMJ4R5,1068329410,Minecraft: Starter Collection - Xbox One,2026-04-13 02:08:29+00,1,True,Xbox One,Title/platform heuristic,23.49,inventorylab_legacy
112-5819209-5141051,161015455476001,B071G5JJDW,1035764639,Monster Hunter: World - Xbox One Standard Edition,2026-05-28 20:17:39+00,1,True,Xbox One,Title/platform heuristic,17.97,inventorylab_legacy
112-5854980-6897822,157602763981721,B0C7PN2L5V,1068811427,Starfield: Standard Edition - Xbox Series X,2026-04-10 16:06:32+00,1,True,Xbox Series X,Title/platform heuristic,30.00,mbop_fifo
112-5877433-8623400,160193115265321,B00ZE360GG,1043651644,Just Dance 2016 - Wii,2026-05-18 18:02:51+00,1,True,Nintendo Wii,Title/platform heuristic,19.54,mbop_fifo
112-5895034-0529065,161153209173561,B00182QCXS,1034679220,DEAL OR NO DEAL WII,2026-05-31 02:14:00+00,1,True,Nintendo Wii,Title/platform heuristic,10.50,inventorylab_legacy
112-5920728-8343432,159274247990241,B008QLUTHO,1071517334,The Sims 3 Seasons,2026-05-05 21:57:44+00,1,False,Unclassified,No reliable game match,13.18,mbop_fifo
112-5949006-4761828,148719807729881,B01N9QVIRV,1065946902,Switch Title 3 -,2025-12-07 07:43:40+00,1,True,Nintendo Switch,Title/platform heuristic,25.02,inventorylab_legacy
112-5950320-2144265,148714446152641,B01N9QVIRV,1065946902,Switch Title 3 -,2025-12-07 04:20:26+00,1,True,Nintendo Switch,Title/platform heuristic,25.02,inventorylab_legacy
112-5965080-6310609,148594419331961,B001LJPAAO,1070625065,AC/DC Live: Rock Band Track Pack - Nintendo Wii,2025-12-05 17:21:54+00,1,True,Nintendo Wii,Title/platform heuristic,15.60,inventorylab_legacy
112-5966732-1158633,157626423289881,B087XRPCBD,1070625069,NASCAR Heat 5 - Xbox One,2026-04-11 00:42:29+00,1,True,Xbox One,Title/platform heuristic,43.00,mbop_fifo
112-5968917-3677003,158034611660481,B01CVS3424,1071133140,Ghostbusters - PlayStation 4,2026-04-17 23:14:19+00,1,True,PlayStation 4,Title/platform heuristic,14.00,mbop_fifo
112-5976521-4328219,146354939593121,B098V87FNX,1069890483,Among Us: Crewmate Edition (PS4) - PlayStation 4,2025-11-15 23:39:06+00,1,True,PlayStation 4,Title/platform heuristic,14.45,inventorylab_legacy
112-5980589-2859443,164313808950761,B01G2E4DV4,1066393117,Birds Choice Oriole Feeder Replacement Cup,2026-07-09 01:08:58+00,1,False,Unclassified,No reliable game match,,missing
112-5989017-2157065,144890631838201,B007MM9E42,1034379408,Disney Epic Mickey 2: The Power of Two - Nintendo Wii,2025-10-28 16:45:21+00,1,True,Nintendo Wii,Title/platform heuristic,8.50,mbop_fifo
112-5995494-8593857,139099995251801,B07VWCR94W,1033469061,WWE 2K20 - PlayStation 4,2025-09-12 22:28:20+00,1,True,PlayStation 4,Title/platform heuristic,16.19,inventorylab_legacy
112-6002943-4463437,163821630130281,B01IW7Z746,1033468979,Nintendo Selects: Nintendo Land - Wii U,2026-06-30 16:54:02+00,1,True,Nintendo Wii U,Title/platform heuristic,,missing
112-6004718-1650655,165487446810001,B01N1GRUUC,1051249032,"Harmony Good Dog Ceramic Dog Bowl, 6 Cups",2026-07-25 00:08:23+00,1,False,Unclassified,No reliable game match,10.99,inventorylab_legacy
112-6011538-7123406,154843868641041,B00I9UVY30,1070891227,EA Sports 2014 FIFA World Cup Brazil - PlayStation 3,2026-03-01 02:19:59+00,1,True,PlayStation 3,Title/platform heuristic,17.47,inventorylab_legacy
112-6012238-3176203,159506720991401,B00DB9JV5W,1071283747,Halo 5: Guardians - Xbox One,2026-05-09 03:53:12+00,1,True,Xbox One,Title/platform heuristic,17.00,mbop_fifo
112-6018337-1825819,163833944218121,B0030GBU2I,1070891232,Prince of Persia: The Forgotten Sands - Playstation 3,2026-06-30 20:53:38+00,1,True,PlayStation 3,Title/platform heuristic,15.99,inventorylab_legacy
112-6022592-0225008,162420119079361,B01G2E4DV4,1066393117,Birds Choice Oriole Feeder Replacement Cup,2026-06-15 20:21:30+00,1,False,Unclassified,No reliable game match,,missing
112-6031769-0429014,146547648524641,B0CFTFG12B,1069890477,Call of Duty Modern Warfare III - Xbox,2025-11-17 19:04:13+00,1,True,Xbox,Title/platform heuristic,,missing
112-6032369-7198642,147755664940481,B0028ZNWWS,AM-7WM4-C01R,Band Hero featuring Taylor Swift - Stand Alone Software - Nintendo Wii,2025-11-28 00:37:35+00,1,True,Nintendo Wii,Title/platform heuristic,11.78,mbop_fifo
112-6035873-3114659,159593205005401,B00498RQEW,1071290871,You Don't Know Jack,2026-05-10 19:24:54+00,1,False,Unclassified,No reliable game match,14.77,mbop_fifo
112-6040926-0953053,166918547138881,B072JSM93F,1071744024,Just Dance 2018 - Nintendo Switch [Nintendo Switch],2026-08-12 01:47:26+00,1,True,Nintendo Switch,Title/platform heuristic,,missing
112-6046254-4441852,142737298418681,B0B8JH4CTN,1070280053,World of Outlaws - Dirt Racing,2025-10-16 05:43:31+00,1,True,Xbox Series X,Title/platform heuristic,23.37,inventorylab_legacy
112-6058450-3139442,142070077708881,B0BDT4CQJD,1068811463,Fortnite - Anime Legends- PlayStation 4,2025-10-11 03:26:50+00,1,True,PlayStation 4,Title/platform heuristic,29.74,inventorylab_legacy
112-6089234-4449825,154888907893041,B002I0K3M0,1036663415,Nintendo Land,2026-03-01 20:56:16+00,1,False,Unclassified,No reliable game match,19.34,inventorylab_legacy
112-6103729-8209019,150746576367481,B01AC3ZD06,1048894668,Nintendo Selects: Super Mario 3D World - Wii U Standard Edition,2026-01-01 15:56:17+00,1,True,Nintendo Wii U,Title/platform heuristic,15.71,mbop_fifo
112-6116217-3133031,156542080222641,B08CGCZTYQ,1070891175,Cobra Kai Karate Kid Saga - PS4 - PlayStation 4,2026-03-26 01:29:14+00,1,True,PlayStation 4,Title/platform heuristic,11.04,inventorylab_legacy
112-6130329-5492258,142129958973561,B01N03NM02,1058392679,"Harmony Good Dog Ceramic Dog Bowl, 1 Cup",2025-10-11 18:48:26+00,1,False,Unclassified,No reliable game match,5.99,inventorylab_legacy
112-6197771-0918661,159259926027681,B002I0K5W8,1071517329,SSX - Playstation 3,2026-05-05 17:44:30+00,1,True,PlayStation 3,Title/platform heuristic,18.61,mbop_fifo
112-6200791-7599412,162545481290081,B01N1GRUUC,1051249032,"Harmony Good Dog Ceramic Dog Bowl, 6 Cups",2026-06-17 10:08:53+00,2,False,Unclassified,No reliable game match,21.98,inventorylab_legacy
112-6208814-9759420,148306353666881,B00009VE6E,1070474331,Lord of The Rings: The Return of The King,2025-12-02 18:29:31+00,1,False,Unclassified,No reliable game match,35.00,mbop_fifo
112-6223944-1925860,154757820073481,B003AMOK9M,1071047154,The Sims 3: Ambitions,2026-02-27 14:43:37+00,1,False,Unclassified,No reliable game match,14.74,mbop_fifo
112-6238803-8821013,154300127985761,B000X44XTM,1071047179,Sega Bass Fishing - Nintendo Wii,2026-02-22 15:56:50+00,1,True,Nintendo Wii,Title/platform heuristic,11.94,inventorylab_legacy
112-6253387-0866642,147994163183601,B01N9QVIRV,1065946902,Switch Title 3 -,2025-11-29 20:25:44+00,1,True,Nintendo Switch,Title/platform heuristic,25.02,inventorylab_legacy
112-6255397-3473022,162352828030881,B0B9H3JDL5,1071517350,Miraculous: Rise of the Sphinx - PlayStation 4,2026-06-14 19:13:06+00,1,True,PlayStation 4,Title/platform heuristic,9.00,inventorylab_legacy
112-6259242-7522656,152683060480121,B07D77HYR5,1070891220,Madden NFL 19 - PlayStation 4,2026-01-29 13:20:06+00,1,True,PlayStation 4,Title/platform heuristic,4.49,mbop_fifo
112-6305694-9758638,165316897679681,B071Y1RXHG,1064185802,Star Wars Battlefront II - Xbox One [Xbox One],2026-07-23 03:59:32+00,1,True,Xbox One,Title/platform heuristic,,missing
112-6312015-0641811,148541122184121,B0B57TXPTH,1070280031,PAC-MAN World Re-PAC - PlayStation 4,2025-12-04 21:31:01+00,1,True,PlayStation 4,Title/platform heuristic,14.92,inventorylab_legacy
112-6320638-4103455,149117639256361,B000FII8KQ,1070625053,Tekken 6 (Greatest Hits) - Playstation 3,2025-12-11 04:09:41+00,1,True,PlayStation 3,Title/platform heuristic,24.66,inventorylab_legacy
112-6344274-1402669,156329155684881,B014N4RTS4,1045692341,YO-KAI WATCH - 3DS,2026-03-22 19:34:11+00,1,True,Nintendo 3DS,Title/platform heuristic,25.00,mbop_fifo
112-6405169-7445832,141354106500441,B0B6SMNLQ8,1063162578,Taos Footwear Women's Starline Blue Sneaker 8 W,2025-10-05 14:34:10+00,1,False,Unclassified,No reliable game match,22.00,mbop_fifo
112-6406080-2672211,148779613127721,B07SMBNTSJ,1070280046,Elden Ring - Xbox Series X,2025-12-07 23:49:19+00,1,True,Xbox Series X,Title/platform heuristic,24.00,mbop_fifo
112-6417917-9121066,150055036797241,B06XDN21W5,1031051552,Paradise Treasure Trove Brown White Football Coin Piggy Bank Sports Stitching,2025-12-22 04:18:31+00,1,False,Unclassified,No reliable game match,8.99,mbop_fifo
112-6436620-6436226,156956137928801,B096TBJC6Z,1071047168,Paw Patrol The Movie Adventure City Calls - PlayStation 4,2026-04-01 11:48:38+00,1,True,PlayStation 4,Title/platform heuristic,14.38,inventorylab_legacy
112-6463542-5222648,140861178995121,B09YMP944F,1066393104,"Cora Organic Applicator Tampons | Super Absorbency | 100% Cotton Core, Unscented, BPA-Free Compact Applicator | Leak Protection, Easy Insertion and Re",2025-09-30 04:09:35+00,1,False,Unclassified,No reliable game match,7.65,mbop_fifo
112-6477049-7758628,148606916454881,B00KLMOY4K,1048220574,Plants vs Zombies Garden Warfare(Online Play Required) - PlayStation 4,2025-12-05 19:27:14+00,1,True,PlayStation 4,Title/platform heuristic,12.50,inventorylab_legacy
112-6489637-3317865,146987780933881,B01N1GRUUC,1051249032,"Harmony Good Dog Ceramic Dog Bowl, 6 Cups",2025-11-21 20:29:13+00,1,False,Unclassified,No reliable game match,10.99,inventorylab_legacy
112-6499365-9073803,163944406003681,B00ZGPJ30M,1070625055,Plants vs. Zombies Garden Warfare 2 - PlayStation 4,2026-07-02 13:30:10+00,1,True,PlayStation 4,Title/platform heuristic,,missing
112-6520236-6883461,157304728125721,B003S2JI6O,JS-1DC1-9X53,Wheel of Fortune,2026-04-07 13:59:29+00,1,True,Nintendo Wii,Title/platform heuristic,15.95,mbop_fifo
112-6528553-7549034,142321671372401,B07D767FMV,1056263378,Battlefield V - PlayStation 4,2025-10-13 19:29:29+00,1,True,PlayStation 4,Title/platform heuristic,19.99,inventorylab_legacy
112-6545399-0527423,162946391127761,B01N54QSH6,1052907525,"Harmony Good Dog Ceramic Dog Bowl, 3 Cups",2026-06-21 02:46:43+00,1,False,Unclassified,No reliable game match,,missing
112-6582537-5761837,160537457099921,B00D8S4GNS,1035888642,Just Dance 2014 - Xbox 360,2026-05-22 05:08:20+00,1,True,Xbox 360,Title/platform heuristic,13.99,inventorylab_legacy
112-6596217-2993007,163867790900361,B07NZVN8T7,1059738979,World War Z - PlayStation 4,2026-07-01 06:00:40+00,1,True,PlayStation 4,Title/platform heuristic,15.00,inventorylab_legacy
112-6650701-2422654,138949148782481,B007MM9E42,1034379408,Disney Epic Mickey 2: The Power of Two - Nintendo Wii,2025-09-11 18:41:44+00,1,True,Nintendo Wii,Title/platform heuristic,8.50,mbop_fifo
112-6653568-2237835,153385998056801,B002I0K3M0,1036663415,Nintendo Land,2026-02-09 17:22:19+00,1,False,Unclassified,No reliable game match,19.34,inventorylab_legacy
112-6681999-4606649,157301672058321,B00GMFKYH6,1070891198,Middle Earth: Shadow of Mordor - Xbox 360,2026-04-07 12:21:28+00,1,True,Xbox 360,Title/platform heuristic,10.00,mbop_fifo
112-6685917-4037828,156157839856841,B001LJPAAO,1070625065,AC/DC Live: Rock Band Track Pack - Nintendo Wii,2026-03-19 20:18:50+00,1,True,Nintendo Wii,Title/platform heuristic,15.60,inventorylab_legacy
112-6689795-1742627,151961615677321,B08HTHJ9L2,1053590124,Riders Republic PlayStation 4 Standard Edition with free upgrade to the digital PS5 version,2026-01-18 15:54:07+00,1,True,PlayStation 4/PlayStation 5,Title/platform heuristic,6.84,mbop_fifo
112-6690702-0906653,155571262026801,B07SL77MHX,1068811473,No More Heroes 3,2026-03-11 01:46:46+00,1,False,Unclassified,No reliable game match,17.50,inventorylab_legacy
112-6731739-3755437,167402785735761,B01N1GRUUC,1051249032,"Harmony Good Dog Ceramic Dog Bowl, 6 Cups",2026-08-18 17:34:32+00,1,False,Unclassified,No reliable game match,10.99,inventorylab_legacy
112-6744769-0684246,143915141063881,B01N9QVIRV,1065946902,Switch Title 3 -,2025-10-18 15:10:46+00,1,True,Nintendo Switch,Title/platform heuristic,25.02,inventorylab_legacy
112-6749944-9825805,140627971028441,B01N1GRUUC,1051249032,"Harmony Good Dog Ceramic Dog Bowl, 6 Cups",2025-09-27 17:18:47+00,2,False,Unclassified,No reliable game match,21.98,inventorylab_legacy
112-6799778-7190649,141436183991201,B0B3H227Z5,1066663071,Call of Duty: Modern Warfare II - PlayStation 5,2025-10-06 08:14:16+00,1,True,PlayStation 5,Title/platform heuristic,19.99,mbop_fifo
112-6802559-6517800,142702447093081,B08CV5DL45,1069890457,Bakugan: Champions of Vestroia - Nintendo Switch,2025-10-15 23:29:07+00,1,True,Nintendo Switch,Title/platform heuristic,29.74,mbop_fifo
112-6815421-5654663,146126263481441,B07SHJ3ZQR,1064186268,FIFA 20 Standard Edition - PlayStation 4,2025-11-12 17:54:38+00,1,True,PlayStation 4,Title/platform heuristic,12.84,mbop_fifo
112-6818965-4542611,164500832748001,B08NDYPWK7,1056263472,DEATHLOOP Standard Edition - PlayStation 5,2026-07-11 15:23:39+00,1,True,PlayStation 5,Title/platform heuristic,14.29,inventorylab_legacy
112-6865909-9649850,154828214784161,B0DCMT516X,1070891181,Dragon Age: The Veilguard Deluxe - Xbox Series X,2026-02-28 22:11:43+00,1,True,Xbox Series X,Title/platform heuristic,10.71,mbop_fifo
112-6874070-0653010,154883681695721,B0048C8VKM,1023501391,NASCAR The Game 2011 - Xbox 360,2026-03-01 20:26:02+00,1,True,Xbox 360,Title/platform heuristic,23.70,mbop_fifo
112-6881848-2641065,157164898990881,B0BPYW4DDB,1065749622,Rustic Pistol Table Lamp - Realistic Novelty Outdoor Lamp - Tabletop Lantern w/ Brushed Black Finish & Gold Detailing - Gun Decorations for Man Cave -,2026-04-04 21:53:44+00,2,False,Unclassified,No reliable game match,47.98,mbop_fifo
112-6894486-6584267,155075324661201,B098Y96VKP,1068329369,NBA 2K22 - Nintendo Switch,2026-03-04 01:43:18+00,1,True,Nintendo Switch,Title/platform heuristic,14.23,inventorylab_legacy
112-6899953-8032217,157832025839161,B07HFMJ4R5,1068329410,Minecraft: Starter Collection - Xbox One,2026-04-14 15:32:03+00,1,True,Xbox One,Title/platform heuristic,23.49,inventorylab_legacy
112-6917340-7501838,148977496830961,B01N54QSH6,1052907525,"Harmony Good Dog Ceramic Dog Bowl, 3 Cups",2025-12-09 13:01:32+00,1,False,Unclassified,No reliable game match,,missing
112-6918232-3017843,156113089922441,B07MTZN8P3,1042884901,B07MTZN8P3 AmazonUs/BETH3,2026-03-19 02:27:24+00,1,True,PlayStation 4,Title/platform heuristic,17.15,inventorylab_legacy
112-6921876-1740243,146856054992641,B0B57TXPTH,1070280031,PAC-MAN World Re-PAC - PlayStation 4,2025-11-20 13:57:30+00,1,True,PlayStation 4,Title/platform heuristic,14.92,inventorylab_legacy
112-6934010-0689065,146184779242441,B07HFMJ4R5,1068329410,Minecraft: Starter Collection - Xbox One,2025-11-13 14:48:21+00,1,True,Xbox One,Title/platform heuristic,23.49,inventorylab_legacy
112-6949283-1869065,148324342091441,B0B92459CC,1067108752,Dragon Quest Treasures - Nintendo Switch,2025-12-02 21:14:58+00,1,True,Nintendo Switch,Title/platform heuristic,24.00,mbop_fifo
112-6959101-0396231,145806107259001,B075MSRBVC,1058202955,MX vs ATV All Out - Xbox One,2025-11-09 00:53:56+00,1,True,Xbox One,Title/platform heuristic,18.52,inventorylab_legacy
112-6989383-9453846,156697704514601,B01AC3ZD06,1048894668,Nintendo Selects: Super Mario 3D World - Wii U Standard Edition,2026-03-28 15:54:24+00,1,True,Nintendo Wii U,Title/platform heuristic,15.71,mbop_fifo
112-6995531-6127415,166352708705641,B07YZ4QVZY,1068949078,Sniper Ghost Warrior: Contracts PS4 [PlayStation 4],2026-08-04 18:03:49+00,1,True,PlayStation 4,Title/platform heuristic,14.00,inventorylab_legacy
112-6999814-5980208,149089029027601,B0BDT654XQ,1069890474,Fortnite - Anime Legends- Xbox Series X,2025-12-10 20:58:29+00,1,True,Xbox Series X,Title/platform heuristic,16.95,mbop_fifo
112-7014352-4366667,139267917946401,B08GSP1HBM,1067108754,"Goosebumps: Dead of Night, Cosmic Forces - Nintendo Switch",2025-09-14 23:30:10+00,1,True,Nintendo Switch,Title/platform heuristic,16.47,mbop_fifo
112-7037018-5429836,166044384805721,B01N54QSH6,1052907525,"Harmony Good Dog Ceramic Dog Bowl, 3 Cups",2026-07-31 17:37:12+00,1,False,Unclassified,No reliable game match,,missing
112-7041264-0732220,146319660581001,B07D767FMV,1056263378,Battlefield V - PlayStation 4,2025-11-15 15:21:14+00,1,True,PlayStation 4,Title/platform heuristic,19.99,inventorylab_legacy
112-7041908-2644224,138477390399801,B07YFF2KWG,1061145216,The Sims 4 Plus Island Living Bundle - PlayStation 4,2025-09-06 19:53:41+00,1,True,PlayStation 4,Title/platform heuristic,13.31,mbop_fifo
112-7049603-3919440,158441912235721,B084B1HT8F,1071453879,Dragon Quest Builders - PlayStation 4,2026-04-23 19:50:47+00,1,True,PlayStation 4,Title/platform heuristic,15.62,mbop_fifo
112-7053405-5651440,152915575549081,B005EW6BU2,1070891203,Monster High: Ghoul Spirit - Nintendo Wii,2026-02-02 04:58:14+00,1,True,Nintendo Wii,Title/platform heuristic,9.00,mbop_fifo
112-7064235-1422657,164745032630441,B0B8VV9VXW,1063162590,Taos Footwear Women's Captain Brown Boot 9-9.5 (M) US,2026-07-15 04:49:46+00,1,False,Unclassified,No reliable game match,58.29,inventorylab_legacy
112-7077580-5103465,160156545159601,B01AC3ZD06,1048894668,Nintendo Selects: Super Mario 3D World - Wii U Standard Edition,2026-05-18 02:38:21+00,1,True,Nintendo Wii U,Title/platform heuristic,20.76,mbop_fifo
112-7099919-7671411,143145061375121,B01N9QVIRV,1065946902,Switch Title 3 -,2025-10-17 14:29:01+00,1,True,Nintendo Switch,Title/platform heuristic,25.02,inventorylab_legacy
112-7105489-8059420,159396756877281,B01N03NM02,1058392679,"Harmony Good Dog Ceramic Dog Bowl, 1 Cup",2026-05-07 18:59:35+00,1,False,Unclassified,No reliable game match,5.99,inventorylab_legacy
112-7113236-3551458,159838212686121,B01N54QSH6,1052907525,"Harmony Good Dog Ceramic Dog Bowl, 3 Cups",2026-05-13 17:13:39+00,1,False,Unclassified,No reliable game match,7.99,mbop_fifo
112-7136323-7922641,149023100696481,B0B6JQHB4P,1063376893,FIFA 23 - PlayStation 4,2025-12-10 00:29:07+00,1,True,PlayStation 4,Title/platform heuristic,19.99,mbop_fifo
112-7182737-9798658,159428558626801,B000QD7BBM,1032068466,Carnival Games - Nintendo Wii,2026-05-08 01:03:28+00,1,True,Nintendo Wii,Title/platform heuristic,11.76,mbop_fifo
112-7186895-6477825,153728251771281,B00GMFKYH6,1070891198,Middle Earth: Shadow of Mordor - Xbox 360,2026-02-15 01:23:11+00,1,True,Xbox 360,Title/platform heuristic,10.95,mbop_fifo
112-7215928-8213845,144905705161921,B0BDT654XQ,1069890474,Fortnite - Anime Legends- Xbox Series X,2025-10-29 15:40:39+00,2,True,Xbox Series X,Title/platform heuristic,33.90,mbop_fifo
112-7222588-5965843,147827679085001,B0B57TXPTH,1070280031,PAC-MAN World Re-PAC - PlayStation 4,2025-11-28 17:40:57+00,1,True,PlayStation 4,Title/platform heuristic,14.92,inventorylab_legacy
112-7240359-9422604,158540927822881,B07DLSQFL8,1068811425,Hitman 2 - PlayStation 4,2026-04-25 06:59:41+00,1,True,PlayStation 4,Title/platform heuristic,19.72,inventorylab_legacy
112-7250728-1875450,148867286232241,B0B57TXPTH,1070280031,PAC-MAN World Re-PAC - PlayStation 4,2025-12-08 23:03:35+00,1,True,PlayStation 4,Title/platform heuristic,14.92,inventorylab_legacy
112-7278603-6411456,147986022280241,B003O6E986,1067108762,Forza Motorsport 4 - Xbox 360,2025-11-29 19:07:01+00,1,True,Xbox 360,Title/platform heuristic,25.76,inventorylab_legacy
112-7280987-3689049,147251493745841,B0BPYW4DDB,1065749622,Rustic Pistol Table Lamp - Realistic Novelty Outdoor Lamp - Tabletop Lantern w/ Brushed Black Finish & Gold Detailing - Gun Decorations for Man Cave -,2025-11-24 19:33:07+00,1,False,Unclassified,No reliable game match,19.99,mbop_fifo
112-7281492-9215433,156561190392361,B01N03NM02,1058392679,"Harmony Good Dog Ceramic Dog Bowl, 1 Cup",2026-03-26 12:42:50+00,1,False,Unclassified,No reliable game match,5.99,inventorylab_legacy
112-7302400-0230630,146834552640721,B098Y94S29,1064186291,NBA 2K22 - PlayStation 4,2025-11-20 06:23:02+00,1,True,PlayStation 4,Title/platform heuristic,13.99,mbop_fifo
112-7318757-8030616,149189689985761,B07XGW61PX,1063375936,Plants Vs. Zombies: Battle for Neighborville - Xbox One,2025-12-12 00:18:13+00,1,True,Xbox One,Title/platform heuristic,13.87,inventorylab_legacy
112-7341457-9393853,162559181575001,B09S65Q9XV,1071453881,MLB The Show 22 for PlayStation 4,2026-06-17 13:09:56+00,1,True,PlayStation 4,Title/platform heuristic,22.04,inventorylab_legacy
112-7347662-2928223,163027047703001,B01N1GRUUC,1051249032,"Harmony Good Dog Ceramic Dog Bowl, 6 Cups",2026-06-22 11:18:22+00,1,False,Unclassified,No reliable game match,10.99,inventorylab_legacy
112-7348551-2189011,165240547100321,B0052VPDMM,1071047184,Family Game Night 4: The Game Show - Xbox 360 [Xbox 360],2026-07-22 00:15:46+00,1,True,Xbox 360,Title/platform heuristic,13.98,inventorylab_legacy
112-7405165-8201863,157047398321921,B09YD56K12,1071283723,Way of the Hunter - PlayStation 5,2026-04-02 23:39:36+00,1,True,PlayStation 5,Title/platform heuristic,15.30,inventorylab_legacy
112-7411526-4233864,146313765235681,B0B57TXPTH,1070280031,PAC-MAN World Re-PAC - PlayStation 4,2025-11-15 16:13:26+00,1,True,PlayStation 4,Title/platform heuristic,14.92,inventorylab_legacy
112-7460444-9712252,153318649107921,B09RQ79V7R,1070891222,Sifu: Vengeance Edition (PS4),2026-02-08 13:06:45+00,1,True,PlayStation 4,Title/platform heuristic,24.99,mbop_fifo
112-7467377-9201060,158614712843921,B01AC3ZD06,1048894668,Nintendo Selects: Super Mario 3D World - Wii U Standard Edition,2026-04-26 17:21:47+00,1,True,Nintendo Wii U,Title/platform heuristic,22.00,mbop_fifo
112-7476168-1102626,142788048586961,B0CFTFG12B,1069890477,Call of Duty Modern Warfare III - Xbox,2025-10-16 19:21:26+00,1,True,Xbox,Title/platform heuristic,28.99,mbop_fifo
112-7508268-2950606,162612287177281,B09Q3Q893F,1071133144,Monster Energy Supercross 5 - PlayStation 5,2026-06-18 14:15:10+00,1,True,PlayStation 5,Title/platform heuristic,16.95,inventorylab_legacy
112-7508326-2649056,149125331125361,B006ZPAYMI,1068811430,Kinect Rush: A Disney Pixar Adventure - Xbox 360,2025-12-11 04:14:32+00,1,True,Xbox 360,Title/platform heuristic,22.32,inventorylab_legacy
112-7563625-2285005,149341517936321,B01N54QSH6,1052907525,"Harmony Good Dog Ceramic Dog Bowl, 3 Cups",2025-12-13 00:10:03+00,4,False,Unclassified,No reliable game match,38.96,mbop_fifo
112-7628166-7819453,159194746135881,B01AC3ZD06,1048894668,Nintendo Selects: Super Mario 3D World - Wii U Standard Edition,2026-05-04 23:01:10+00,1,True,Nintendo Wii U,Title/platform heuristic,24.99,mbop_fifo
112-7648334-6325852,151671655460001,B01N54QSH6,1052907525,"Harmony Good Dog Ceramic Dog Bowl, 3 Cups",2026-01-14 01:19:28+00,2,False,Unclassified,No reliable game match,19.48,mbop_fifo
112-7658395-2128258,168346641803761,B09YMGZC96,1071133149,art of rally collector's edition - Nintendo Switch [Nintendo Switch],2026-08-29 16:40:44+00,1,True,Nintendo Switch,Title/platform heuristic,33.00,inventorylab_legacy
112-7668621-7140234,160214436142641,B01BXAFRT4,1033469009,Tales from the Borderlands - PlayStation 4,2026-05-18 21:28:20+00,1,True,PlayStation 4,Title/platform heuristic,29.95,mbop_fifo
112-7669073-4248251,144704424622121,B01N1GRUUC,1051249032,"Harmony Good Dog Ceramic Dog Bowl, 6 Cups",2025-10-26 21:17:51+00,1,False,Unclassified,No reliable game match,10.99,inventorylab_legacy
112-7673598-1276261,156096220772681,B07SL77MHX,1068811473,No More Heroes 3,2026-03-18 19:09:18+00,1,False,Unclassified,No reliable game match,17.50,inventorylab_legacy
112-7698261-6117022,157307218808481,B014N4RTS4,1045692341,YO-KAI WATCH - 3DS,2026-04-07 14:39:54+00,1,True,Nintendo 3DS,Title/platform heuristic,22.94,mbop_fifo
112-7712068-3946633,151653706399001,B01N54QSH6,1052907525,"Harmony Good Dog Ceramic Dog Bowl, 3 Cups",2026-01-13 19:50:43+00,1,False,Unclassified,No reliable game match,9.74,mbop_fifo
112-7767341-3341833,152009675478801,B082QL63JB,1037691479,Fast & Furious Crossroads - Xbox One,2026-01-19 05:41:14+00,1,True,Xbox One,Title/platform heuristic,14.99,mbop_fifo
112-7767775-9930606,161419632912281,B01G2E4DV4,1066393117,Birds Choice Oriole Feeder Replacement Cup,2026-06-03 11:55:23+00,1,False,Unclassified,No reliable game match,,missing
112-7794497-2061811,141145135237601,B0924651ZP,1069890456,Alex Kidd In Miracle World Dx - Nintendo Switch Standard Edition,2025-10-02 23:45:37+00,1,True,Nintendo Switch,Title/platform heuristic,11.04,mbop_fifo
112-7799755-5024248,157442651519161,B001DO3NEW,1038680538,Wii Music,2026-04-08 21:50:09+00,1,True,Nintendo Wii,Title/platform heuristic,17.54,inventorylab_legacy
112-7823148-6061834,167560607108721,B01N54QSH6,1052907525,"Harmony Good Dog Ceramic Dog Bowl, 3 Cups",2026-08-20 00:55:57+00,1,False,Unclassified,No reliable game match,,missing
112-7837305-9153047,159579110994281,B00CD90R72,1071133160,FIFA 14 - Playstation 3,2026-05-10 12:30:49+00,1,True,PlayStation 3,Title/platform heuristic,8.67,mbop_fifo
112-7858501-9337057,141389456309121,B0DHHM6BZ2,1070280186,LEGO Horizon Adventures,2025-10-05 19:51:43+00,1,False,Unclassified,No reliable game match,,missing
112-7861659-7389040,148998564453241,B00KLMOY4K,1048220574,Plants vs Zombies Garden Warfare(Online Play Required) - PlayStation 4,2025-12-09 19:43:03+00,1,True,PlayStation 4,Title/platform heuristic,12.50,inventorylab_legacy
112-7885156-3541865,166657811304721,B07YZ4QVZY,1068949078,Sniper Ghost Warrior: Contracts PS4 [PlayStation 4],2026-08-09 02:01:05+00,1,True,PlayStation 4,Title/platform heuristic,14.00,inventorylab_legacy
112-7891570-0513820,162294555138081,B00D3RBZHY,1068811423,Need for Speed: Rivals,2026-06-13 19:19:00+00,1,True,PlayStation 4,Title/platform heuristic,,missing
112-7918046-0128202,147168259122841,B07S2245D3,1067108770,NASCAR Heat 4 - Xbox One,2025-11-23 21:16:55+00,1,True,Xbox One,Title/platform heuristic,15.00,mbop_fifo
112-7933245-8302607,141472585521961,B0DHHM6BZ2,1070280186,LEGO Horizon Adventures,2025-10-06 15:54:47+00,1,False,Unclassified,No reliable game match,,missing
112-7937142-6773823,147862052516361,B09D2J1Y9G,1069286306,Game Mill Nerf Legends Nintendo Switch,2025-11-28 21:00:48+00,1,True,Nintendo Switch,Title/platform heuristic,19.88,mbop_fifo
112-7941179-3339436,158318763481561,B07SL77MHX,1068811473,No More Heroes 3,2026-04-22 17:58:27+00,1,False,Unclassified,No reliable game match,17.50,inventorylab_legacy
112-7980589-1810601,167981907897281,B01N1GRUUC,1051249032,"Harmony Good Dog Ceramic Dog Bowl, 6 Cups",2026-08-24 22:38:44+00,1,False,Unclassified,No reliable game match,10.99,inventorylab_legacy
112-7980898-6953045,151348368690081,B0BPYW4DDB,1065749622,Rustic Pistol Table Lamp - Realistic Novelty Outdoor Lamp - Tabletop Lantern w/ Brushed Black Finish & Gold Detailing - Gun Decorations for Man Cave -,2026-01-09 11:54:23+00,1,False,Unclassified,No reliable game match,23.99,mbop_fifo
112-7983838-0332223,154881750213921,B002I0K3M0,1036663415,Nintendo Land,2026-03-01 19:42:27+00,1,False,Unclassified,No reliable game match,19.34,inventorylab_legacy
112-7985054-4709039,162427149435361,B01AC3ZD06,1048894668,Nintendo Selects: Super Mario 3D World - Wii U Standard Edition,2026-06-15 21:07:19+00,1,True,Nintendo Wii U,Title/platform heuristic,,missing
112-8057277-8072254,145653070531281,B0B8JH4CTN,1070280053,World of Outlaws - Dirt Racing,2025-11-07 19:39:57+00,1,True,Xbox Series X,Title/platform heuristic,23.37,inventorylab_legacy
112-8062336-8347445,146404615535761,B0B57TXPTH,1070280031,PAC-MAN World Re-PAC - PlayStation 4,2025-11-16 20:11:02+00,1,True,PlayStation 4,Title/platform heuristic,14.92,inventorylab_legacy
112-8091641-0857864,164357644068041,B09GCXZKBZ,1071379580,My Universe: Puppies and Kittens - PlayStation 4,2026-07-09 00:57:15+00,1,True,PlayStation 4,Title/platform heuristic,9.55,inventorylab_legacy
112-8096221-3956205,138736119096881,B08GSP1HBM,1067108754,"Goosebumps: Dead of Night, Cosmic Forces - Nintendo Switch",2025-09-09 22:57:24+00,1,True,Nintendo Switch,Title/platform heuristic,16.82,mbop_fifo
112-8122117-9380239,152791293785681,B003S2JI6O,JS-1DC1-9X53,Wheel of Fortune,2026-01-31 04:06:17+00,1,True,Nintendo Wii,Title/platform heuristic,14.00,mbop_fifo
112-8128573-3333067,159548379648281,B002CZ7P04,1070891205,Walk It Out - Nintendo Wii,2026-05-09 21:26:52+00,1,True,Nintendo Wii,Title/platform heuristic,18.00,mbop_fifo
112-8128670-2993019,166357162055801,B00X87MH0I,1068811437,Assassin's Creed Syndicate - Xbox One [Xbox One],2026-08-04 19:55:43+00,1,True,Xbox One,Title/platform heuristic,12.50,inventorylab_legacy
112-8135553-1621830,160116914755281,B01N03NM02,1058392679,"Harmony Good Dog Ceramic Dog Bowl, 1 Cup",2026-05-17 15:30:29+00,1,False,Unclassified,No reliable game match,5.99,inventorylab_legacy
112-8164368-7424261,157989706492961,B0BFHY5FCP,1070474321,Persona 5 Royal: Steelbook Launch Edition - PlayStation 5,2026-04-17 04:26:24+00,1,True,PlayStation 5,Title/platform heuristic,44.24,mbop_fifo
112-8171130-5645049,138092732955841,B01N9QVIRV,1065946902,Switch Title 3 -,2025-09-01 20:14:56+00,1,True,Nintendo Switch,Title/platform heuristic,25.02,inventorylab_legacy
112-8175383-7472206,163944474605321,B0030GBU2I,1070891232,Prince of Persia: The Forgotten Sands - Playstation 3,2026-07-02 13:42:20+00,1,True,PlayStation 3,Title/platform heuristic,15.99,inventorylab_legacy
112-8218021-4908252,164100617666001,B00YC7ED0K,1041856993,FIFA 16 - Standard Edition - PlayStation 3,2026-07-04 23:02:42+00,1,True,PlayStation 3,Title/platform heuristic,14.82,inventorylab_legacy
112-8224132-7920244,163246138225481,B09S65Q9XV,1071453881,MLB The Show 22 for PlayStation 4,2026-06-24 19:25:51+00,1,True,PlayStation 4,Title/platform heuristic,22.04,inventorylab_legacy
112-8224372-6921856,163690735240361,B01N54QSH6,1052907525,"Harmony Good Dog Ceramic Dog Bowl, 3 Cups",2026-06-28 18:02:29+00,1,False,Unclassified,No reliable game match,,missing
112-8270207-2317868,148785280655641,B07D8KZ5NK,1069890497,Team Sonic Racing - PlayStation 4,2025-12-08 00:47:51+00,1,True,PlayStation 4,Title/platform heuristic,22.39,inventorylab_legacy
112-8315973-3133853,157858358575401,B00ZJBSW2S,1063375686,TrackMania Turbo - Xbox One,2026-04-14 23:22:00+00,1,True,Xbox One,Title/platform heuristic,10.42,inventorylab_legacy
112-8319509-0917007,149013803173721,B0013E9HP6,1034678931,Wii Play,2025-12-09 22:15:40+00,1,True,Nintendo Wii,Title/platform heuristic,15.02,mbop_fifo
112-8350582-0361852,152767735411361,B01AC3ZD06,1048894668,Nintendo Selects: Super Mario 3D World - Wii U Standard Edition,2026-01-30 23:09:08+00,1,True,Nintendo Wii U,Title/platform heuristic,15.71,mbop_fifo
112-8352051-2136228,164543274892201,B003LDKIUA,1041266555,Pac-Man Party - Nintendo Wii,2026-07-12 03:44:01+00,1,True,Nintendo Wii,Title/platform heuristic,24.36,inventorylab_legacy
112-8352862-9433049,150072635841641,B000L422L0,1068811450,Brooktown High: Senior Year - Sony PSP,2025-12-22 15:11:33+00,1,True,PSP,Title/platform heuristic,5.10,inventorylab_legacy
112-8381990-2799468,147087888421081,B00KLMOY4K,1048220574,Plants vs Zombies Garden Warfare(Online Play Required) - PlayStation 4,2025-11-23 01:14:02+00,1,True,PlayStation 4,Title/platform heuristic,12.50,inventorylab_legacy
112-8391147-4884208,157945570929361,B01G2E4DV4,1066393117,Birds Choice Oriole Feeder Replacement Cup,2026-04-16 12:35:24+00,1,False,Unclassified,No reliable game match,4.09,mbop_fifo
112-8429873-6162619,158604795265041,B07SL77MHX,1068811473,No More Heroes 3,2026-04-26 15:38:37+00,1,False,Unclassified,No reliable game match,17.50,inventorylab_legacy
112-8436699-6262649,148223541921361,B0D3P4HV27,1068866835,Madden NFL 25 - Xbox Series X,2025-12-01 22:50:48+00,1,True,Xbox Series X,Title/platform heuristic,15.40,mbop_fifo
112-8437589-5368247,145298374159401,B06XWXF5WK,1069890463,Cars 3: Driven to Win - Xbox One,2025-11-04 15:19:11+00,1,True,Xbox One,Title/platform heuristic,12.00,mbop_fifo
112-8441092-9108206,157165242058361,B01N54QSH6,1052907525,"Harmony Good Dog Ceramic Dog Bowl, 3 Cups",2026-04-04 21:44:02+00,1,False,Unclassified,No reliable game match,7.99,mbop_fifo
112-8461587-4589802,158519825208481,B08NDYPWK7,1056263472,DEATHLOOP Standard Edition - PlayStation 5,2026-04-24 22:43:45+00,1,True,PlayStation 5,Title/platform heuristic,14.29,inventorylab_legacy
112-8497171-9188211,163873258612281,B01N54QSH6,1052907525,"Harmony Good Dog Ceramic Dog Bowl, 3 Cups",2026-07-01 11:36:32+00,1,False,Unclassified,No reliable game match,,missing
112-8521883-9940262,152035307863161,B074B5F8LD,1038148525,Wolfenstein: The Two-Pack - Xbox One,2026-01-19 18:45:29+00,1,True,Xbox One,Title/platform heuristic,25.85,mbop_fifo
112-8531080-6673007,139453227074761,B007MM9E42,1034379408,Disney Epic Mickey 2: The Power of Two - Nintendo Wii,2025-09-16 18:49:00+00,1,True,Nintendo Wii,Title/platform heuristic,8.50,mbop_fifo
112-8555746-7001855,149706136730521,B0833XB257,1070625057,Snowrunner - PlayStation 4,2025-12-17 13:35:40+00,1,True,PlayStation 4,Title/platform heuristic,18.08,mbop_fifo
112-8558431-2814651,154867671255681,B08CGDMP2Z,1037856648,Cobra Kai Karate Kid Saga - One - Xbox One,2026-03-01 15:26:37+00,1,True,Xbox One,Title/platform heuristic,8.95,mbop_fifo
112-8565551-2230606,148758887068081,B000FII8KQ,1070625053,Tekken 6 (Greatest Hits) - Playstation 3,2025-12-07 20:49:15+00,1,True,PlayStation 3,Title/platform heuristic,24.66,inventorylab_legacy
112-8574828-7457051,153725679083841,B0167HR2OG,1071047182,Borderlands Triple Pack - Xbox 360,2026-02-14 23:53:49+00,1,True,Xbox 360,Title/platform heuristic,24.09,mbop_fifo
112-8592646-1787451,159592397195601,B07DQ43VFQ,1041419281,NBA 2K19 - Nintendo Switch,2026-05-10 17:53:01+00,1,True,Nintendo Switch,Title/platform heuristic,,missing
112-8598509-8012226,159533777780081,B01G2E4DV4,1066393117,Birds Choice Oriole Feeder Replacement Cup,2026-05-09 17:07:16+00,1,False,Unclassified,No reliable game match,5.31,mbop_fifo
112-8603077-0222665,149337565798441,B0B6JQHB4P,1063376893,FIFA 23 - PlayStation 4,2025-12-12 22:58:22+00,1,True,PlayStation 4,Title/platform heuristic,19.99,mbop_fifo
112-8624942-2831416,141003655611721,B000L422L0,1068811450,Brooktown High: Senior Year - Sony PSP,2025-10-01 14:27:13+00,1,True,PSP,Title/platform heuristic,5.10,inventorylab_legacy
112-8636155-3437849,158205427840521,B01N54QSH6,1052907525,"Harmony Good Dog Ceramic Dog Bowl, 3 Cups",2026-04-20 22:50:39+00,1,False,Unclassified,No reliable game match,7.99,mbop_fifo
112-8660036-5458610,156954990232401,B01G2E4DV4,1066393117,Birds Choice Oriole Feeder Replacement Cup,2026-04-01 15:22:33+00,1,False,Unclassified,No reliable game match,4.09,mbop_fifo
112-8684190-5028206,159781326462041,B00DB9JV5W,1071283747,Halo 5: Guardians - Xbox One,2026-05-12 21:51:30+00,1,True,Xbox One,Title/platform heuristic,13.50,mbop_fifo
112-8689922-6329060,165291146361641,B008J16AG0,1034379345,The Hip Hop Dance Experience - Nintendo Wii [Nintendo Wii],2026-07-22 20:49:08+00,1,True,Nintendo Wii,Title/platform heuristic,,missing
112-8717211-5629010,159538053411241,B08WWHTM61,1071283727,DC Super Hero Girls: Teen Power - Nintendo Switch,2026-05-10 02:41:21+00,1,True,Nintendo Switch,Title/platform heuristic,15.87,mbop_fifo
112-8739970-6187450,140176799808081,B0C9VW1KGR,1068811444,EA SPORTS FC 24 - Nintendo Switch,2025-09-23 22:33:38+00,1,True,Nintendo Switch,Title/platform heuristic,,missing
112-8747366-5075466,153263714680841,B00CX6XKK6,1049720229,Call of Duty: Ghosts - Xbox One,2026-02-07 15:48:57+00,1,True,Xbox One,Title/platform heuristic,19.99,mbop_fifo
112-8755982-5026646,160350812380521,B01N54QSH6,1052907525,"Harmony Good Dog Ceramic Dog Bowl, 3 Cups",2026-05-19 15:04:55+00,2,False,Unclassified,No reliable game match,15.98,mbop_fifo
112-8760793-7989830,163959370758881,B01N03NM02,1058392679,"Harmony Good Dog Ceramic Dog Bowl, 1 Cup",2026-07-02 17:03:53+00,1,False,Unclassified,No reliable game match,5.99,inventorylab_legacy
112-8778752-9905031,156454830023841,B07SL77MHX,1068811473,No More Heroes 3,2026-03-24 21:46:11+00,1,False,Unclassified,No reliable game match,17.50,inventorylab_legacy
112-8810340-9482664,158069937738841,B0B94THZRT,1065946220,Dead Island 2: Day 1 Edition - PlayStation 5,2026-04-18 16:47:14+00,1,True,PlayStation 5,Title/platform heuristic,22.51,mbop_fifo
112-8829704-8735419,156595801209481,B074B5F8LD,1038148525,Wolfenstein: The Two-Pack - Xbox One,2026-03-26 23:15:13+00,1,True,Xbox One,Title/platform heuristic,24.94,mbop_fifo
112-8833257-3803449,162645489050641,B01N03NM02,1058392679,"Harmony Good Dog Ceramic Dog Bowl, 1 Cup",2026-06-18 19:09:24+00,1,False,Unclassified,No reliable game match,5.99,inventorylab_legacy
112-8860975-1817067,145408043275521,B08QV493TK,1063379720,Calvin Klein Pure Ribbed Lightly Lined Bralette White,2025-11-05 10:05:00+00,1,False,Unclassified,No reliable game match,8.74,mbop_fifo
112-8869617-4744223,148178992982881,B08LNFTXN4,1070625060,Spirit of The North - PlayStation 5 Standard Edition,2025-12-01 15:18:34+00,1,True,PlayStation 5,Title/platform heuristic,8.95,mbop_fifo
112-8895711-6303402,148658488391001,B072JY7NX5,ZU-L43O-EVLC,Wolfenstein II: The New Colossus - PlayStation 4,2025-12-06 17:24:37+00,1,True,PlayStation 4,Title/platform heuristic,23.02,mbop_fifo
112-8905541-7981817,148091091126281,B00KG5HSSG,1068329408,Sherlock Holmes: Crimes & Punishments - Xbox One,2025-11-30 20:23:05+00,1,True,Xbox One,Title/platform heuristic,19.99,mbop_fifo
112-8911821-4697069,156219609090561,B008HHTEE6,1071047178,Cabela's Hunting Expeditions - Nintendo Wii,2026-03-20 21:45:04+00,1,True,Nintendo Wii,Title/platform heuristic,13.37,inventorylab_legacy
112-8916418-5646604,166069744407761,B01N1GRUUC,1051249032,"Harmony Good Dog Ceramic Dog Bowl, 6 Cups",2026-08-01 06:31:43+00,1,False,Unclassified,No reliable game match,10.99,inventorylab_legacy
112-8934126-6062649,144592941510681,B0042YM9GI,1029050592,Michael Jackson: The Experience,2025-10-24 22:53:38+00,1,False,Unclassified,No reliable game match,11.01,mbop_fifo
112-8945919-0941021,155496431695001,B01GW8Y9SM,1071047194,Prey - PlayStation 4,2026-03-09 20:07:26+00,1,True,PlayStation 4,Title/platform heuristic,25.00,inventorylab_legacy
112-8950511-6678640,155122853533441,B07F3ZDD83,1071133147,Carnival Games (Nintendo Switch),2026-03-04 22:48:16+00,1,True,Nintendo Switch,Title/platform heuristic,8.00,mbop_fifo
112-8956959-1188225,167605791772121,B08GR4GNRK,1066662845,Call of Duty: Black Ops Cold War (PS5),2026-08-20 18:35:22+00,1,True,PlayStation 5,Title/platform heuristic,35.46,inventorylab_legacy
112-9005666-0723400,164351009017641,B071FK2WRT,1071379583,Pro Evolution Soccer 2018 - PlayStation 4 Standard Edition [PlayStation 4],2026-07-09 02:12:33+00,1,True,PlayStation 4,Title/platform heuristic,24.95,inventorylab_legacy
112-9068083-2435438,154661159757641,B08LX14TGL,1071047189,Dying Light Anniversary Edition - Xbox One,2026-02-26 19:31:37+00,1,True,Xbox One,Title/platform heuristic,19.79,mbop_fifo
112-9068848-5612249,163747221317721,B09HVVCTQM,1071744020,MechWarrior 5: Mercenaries - PlayStation 5,2026-06-29 16:00:08+00,1,True,PlayStation 5,Title/platform heuristic,,missing
112-9077084-1937057,159014970567681,B07S2245D3,1067108770,NASCAR Heat 4 - Xbox One,2026-05-02 01:30:48+00,1,True,Xbox One,Title/platform heuristic,14.84,mbop_fifo
112-9103039-3317858,160453668080601,B00ZE360GG,1043651644,Just Dance 2016 - Wii,2026-05-20 22:02:43+00,1,True,Nintendo Wii,Title/platform heuristic,20.00,mbop_fifo
112-9114503-6225061,159959618418161,B0050SZE2G,1071379573,Far Cry 3 - PC,2026-05-15 01:23:18+00,1,True,PC,Title/platform heuristic,13.74,mbop_fifo
112-9120269-6810611,151391202033841,B06XDN21W5,1031051552,Paradise Treasure Trove Brown White Football Coin Piggy Bank Sports Stitching,2026-01-10 02:16:59+00,1,False,Unclassified,No reliable game match,8.99,mbop_fifo
112-9133090-9877853,158888728836161,B0050SYZ2G,1068811467,Kinect Sports Season Two,2026-04-30 02:33:30+00,1,False,Unclassified,No reliable game match,9.77,mbop_fifo
112-9140475-3709000,159677115900041,B075MSL3BV,1047886637,ARK: Survival Evolved - Xbox One,2026-05-12 00:31:12+00,1,True,Xbox One,Title/platform heuristic,17.50,inventorylab_legacy
112-9147260-2447412,167992810210561,B0081AWU4A,1027773901,Just Dance Greatest Hits - Nintendo Wii [Nintendo Wii],2026-08-25 02:06:07+00,1,True,Nintendo Wii,Title/platform heuristic,,missing
112-9147575-9311408,158612905354361,B01B298Q0S,1070625076,Teenage Mutant Ninja Turtles: Mutants in Manhattan - Xbox One,2026-04-26 16:53:26+00,1,True,Xbox One,Title/platform heuristic,30.36,mbop_fifo
112-9151096-9175458,159246149205921,B06XDN21W5,1031051552,Paradise Treasure Trove Brown White Football Coin Piggy Bank Sports Stitching,2026-05-05 12:46:04+00,1,False,Unclassified,No reliable game match,10.99,mbop_fifo
112-9170380-3635440,165190258457961,B01N1GRUUC,1051249032,"Harmony Good Dog Ceramic Dog Bowl, 6 Cups",2026-07-21 07:53:47+00,1,False,Unclassified,No reliable game match,10.99,inventorylab_legacy
112-9182210-5681048,167198619655881,B072JY7NX5,ZU-L43O-EVLC,Wolfenstein II: The New Colossus - PlayStation 4 [PlayStation 4],2026-08-15 14:24:23+00,1,True,PlayStation 4,Title/platform heuristic,,missing
112-9187483-5989019,164617533869681,B098Y96VKP,1068329369,NBA 2K22 - Nintendo Switch,2026-07-13 12:51:26+00,1,True,Nintendo Switch,Title/platform heuristic,14.23,inventorylab_legacy
112-9215919-6537061,139469081511761,B01FEHJYUU,1063376478,Sid Meier's Civilization VI - PC,2025-09-16 22:09:12+00,1,True,PC,Title/platform heuristic,9.99,mbop_fifo
112-9230008-2773802,157257667760521,B01EZA0D8O,1063375652,Call of Duty: Infinite Warfare - Standard Edition - Xbox One,2026-04-06 16:30:37+00,1,True,Xbox One,Title/platform heuristic,12.97,mbop_fifo
112-9231503-8417038,157961965179521,B001DO3NEW,1038680538,Wii Music,2026-04-16 19:40:48+00,1,True,Nintendo Wii,Title/platform heuristic,17.54,inventorylab_legacy
112-9251025-2075456,157751745487521,B0088I8M10,1041721114,Just Dance: Disney Party - Nintendo Wii,2026-04-13 03:23:36+00,1,True,Nintendo Wii,Title/platform heuristic,16.99,mbop_fifo
112-9266463-1861830,148206669140641,B08HTP8BKG,1069890501,Riders Republic PlayStation 5 Standard Edition,2025-12-01 20:02:51+00,1,True,PlayStation 5,Title/platform heuristic,14.98,mbop_fifo
112-9272121-2756239,165547356721801,B071WPL1L8,SL-PUBB-W1F6,The Evil Within 2 - PlayStation 4 [PlayStation 4],2026-07-25 20:08:53+00,1,True,PlayStation 4,Title/platform heuristic,18.50,inventorylab_legacy
112-9295910-5519431,168537610347521,B00I6E6SH6,1063375674,Minecraft - Xbox One [Xbox One],2026-08-31 21:56:27+00,1,True,Xbox One,Title/platform heuristic,,missing
112-9307036-9686630,159280646389321,B07DQ43VFQ,1041419281,NBA 2K19 - Nintendo Switch,2026-05-06 00:23:18+00,1,True,Nintendo Switch,Title/platform heuristic,19.36,mbop_fifo
112-9316150-6663404,162787628637681,B08JJ37XVW,1070280039,Monster Hunter Rise - Nintendo Switch Standard Edition,2026-06-19 16:42:32+00,1,True,Nintendo Switch,Title/platform heuristic,16.47,inventorylab_legacy
112-9325033-2753043,161505221248841,B00ZS80PC2,1067893319,Final Fantasy VII: Remake - PlayStation 4,2026-06-04 16:50:03+00,1,True,PlayStation 4,Title/platform heuristic,18.15,inventorylab_legacy
112-9344503-3934653,159145485530041,B01G2E4DV4,1066393117,Birds Choice Oriole Feeder Replacement Cup,2026-05-03 21:39:51+00,1,False,Unclassified,No reliable game match,5.31,mbop_fifo
112-9371464-3122647,147028064675481,B07S5BRQX4,1070280038,Killer Queen Black - Nintendo Switch,2025-11-22 06:18:24+00,1,True,Nintendo Switch,Title/platform heuristic,20.60,mbop_fifo
112-9374697-5289823,139844577680201,B01N1GRUUC,1051249032,"Harmony Good Dog Ceramic Dog Bowl, 6 Cups",2025-09-19 21:52:03+00,2,False,Unclassified,No reliable game match,21.98,inventorylab_legacy
112-9383848-1593010,163631748099561,B0794QSXP5,1071133179,Dragon Ball Fighterz - Xbox One,2026-06-27 16:18:15+00,1,True,Xbox One,Title/platform heuristic,21.38,inventorylab_legacy
112-9387839-4478647,151877005152321,B01N1GRUUC,1051249032,"Harmony Good Dog Ceramic Dog Bowl, 6 Cups",2026-01-17 00:15:30+00,2,False,Unclassified,No reliable game match,21.98,inventorylab_legacy
112-9400128-8814619,160692362306881,B01N03NM02,1058392679,"Harmony Good Dog Ceramic Dog Bowl, 1 Cup",2026-05-24 23:53:13+00,1,False,Unclassified,No reliable game match,5.99,inventorylab_legacy
112-9400551-7736227,153814392322641,B0087OXXGY,1071047186,Harry Potter for Kinect - Xbox 360,2026-02-16 16:40:26+00,1,True,Xbox 360,Title/platform heuristic,11.98,mbop_fifo
112-9418026-7365859,166336152867801,B09C1167RV,1068329432,Street Outlaws 2: Winner Takes All (Xbox Series X/) [Video Game] Xbox One / Xbox Series X,2026-08-04 19:17:34+00,1,True,Xbox Series X,Title/platform heuristic,,missing
112-9454558-9408225,146144642582561,B01N03NM02,1058392679,"Harmony Good Dog Ceramic Dog Bowl, 1 Cup",2025-11-13 00:10:23+00,1,False,Unclassified,No reliable game match,5.99,inventorylab_legacy
112-9489636-7471410,138178764828921,B01N03NM02,1058392679,"Harmony Good Dog Ceramic Dog Bowl, 1 Cup",2025-09-02 23:14:10+00,1,False,Unclassified,No reliable game match,5.99,inventorylab_legacy
112-9531860-5821818,156695906533241,B07KN77NXY,1068329356,FIFA 19/NHL 19 Bundle PlayStation 4,2026-03-28 17:16:45+00,1,True,PlayStation 4,Title/platform heuristic,11.16,inventorylab_legacy
112-9554080-0019458,156590854698841,B00K1JBLO4,1033822335,NBA 2K15 - PlayStation 4,2026-03-26 20:58:31+00,1,True,PlayStation 4,Title/platform heuristic,10.54,mbop_fifo
112-9556378-4333041,144084419411841,B06XDN21W5,1031051552,Paradise Treasure Trove Brown White Football Coin Piggy Bank Sports Stitching,2025-10-20 11:57:42+00,1,False,Unclassified,No reliable game match,8.99,mbop_fifo
112-9565500-4173058,159462638287721,B001LJPAAO,1070625065,AC/DC Live: Rock Band Track Pack - Nintendo Wii,2026-05-08 21:29:47+00,1,True,Nintendo Wii,Title/platform heuristic,15.60,inventorylab_legacy
112-9582089-2829859,144187025784721,B07795WNJV,1062959199,"Calvin Klein Women's Form Lightly Lined Demi Bra, -black, 38B",2025-10-21 17:39:09+00,1,False,Unclassified,No reliable game match,11.52,mbop_fifo
112-9586912-4641044,146302202424761,B0BDT4CQJD,1068811463,Fortnite - Anime Legends- PlayStation 4,2025-11-15 05:16:30+00,1,True,PlayStation 4,Title/platform heuristic,29.74,inventorylab_legacy
112-9593847-3285051,149778301202881,B00D7UHT0E,QZ-C9CY-Q1FM,Just Dance 2014 - Nintendo Wii,2025-12-18 06:07:58+00,1,True,Nintendo Wii,Title/platform heuristic,19.99,mbop_fifo
112-9624194-4943467,151203624505841,B09RRHYD97,1065946288,Ghostwire: Tokyo Standard Edition - PlayStation 5,2026-01-08 07:48:39+00,1,True,PlayStation 5,Title/platform heuristic,15.43,mbop_fifo
112-9642380-2120254,157134618293161,B08MG4PK68,1071283749,Hitman 3 for Xbox One & Xbox Series X,2026-04-04 12:23:59+00,1,True,Xbox Series X/Xbox One,Title/platform heuristic,24.42,mbop_fifo
112-9649274-8653823,158689148925321,B072MKR1P5,1068811448,Forza Motorsport 7 - Standard Edition - Xbox One,2026-04-27 22:36:11+00,1,True,Xbox One,Title/platform heuristic,39.24,mbop_fifo
112-9675644-5050638,147887265798081,B096WVJ9Q4,1068329357,Marvel's Guardians of the Galaxy PlayStation 4 with Free Upgrade to the Digital PS5 Version,2025-11-29 00:12:05+00,1,True,PlayStation 4/PlayStation 5,Title/platform heuristic,15.95,mbop_fifo
112-9723557-4492219,162498502042201,B0D187PJHJ,1071744021,"Star Wars Outlaws - Limited Edition (Amazon Exclusive), PlayStation 5",2026-06-16 23:32:03+00,1,True,PlayStation 5,Title/platform heuristic,,missing
112-9727055-0467456,157662984062361,B07DJY4FRP,1045507690,Gears 5: Standard Edition - Xbox One,2026-04-11 19:50:45+00,1,True,Xbox One,Title/platform heuristic,19.35,inventorylab_legacy
112-9751397-9125869,164423008657521,B0BSJZQK5L,1069286287,"Anno 1800 - Standard Edition, PlayStation 5",2026-07-10 00:36:08+00,1,True,PlayStation 5,Title/platform heuristic,16.04,inventorylab_legacy
112-9756701-1877013,157325079447121,B01G2E4DV4,1066393117,Birds Choice Oriole Feeder Replacement Cup,2026-04-07 20:19:28+00,1,False,Unclassified,No reliable game match,4.09,mbop_fifo
112-9767483-0696207,144467005151241,B07THWLT73,1042456740,NBA 2K20 Nintendo Switch,2025-10-24 03:56:49+00,1,True,Nintendo Switch,Title/platform heuristic,15.07,inventorylab_legacy
112-9771536-9031448,157412665818361,B091DBFGWF,1071047176,RBI BASEBALL 21 NINTENDO SWITCH - NINTENDO SWITCH,2026-04-08 11:50:14+00,1,True,Nintendo Switch,Title/platform heuristic,13.53,mbop_fifo
112-9772772-3303417,158637822135161,B08JJ37XVW,1070280039,Monster Hunter Rise - Nintendo Switch Standard Edition,2026-04-26 23:33:13+00,1,True,Nintendo Switch,Title/platform heuristic,16.47,inventorylab_legacy
112-9786002-9775420,153519556163721,B08CGCZTYQ,1070891175,Cobra Kai Karate Kid Saga - PS4 - PlayStation 4,2026-02-12 01:17:47+00,1,True,PlayStation 4,Title/platform heuristic,11.04,inventorylab_legacy
112-9796497-6536265,159833238596481,B006D3JT1E,1029788766,Tiger Woods PGA TOUR 13 - Playstation 3,2026-05-13 16:13:31+00,1,True,PlayStation 3,Title/platform heuristic,16.00,inventorylab_legacy
112-9889271-3983462,152895814243561,B01N54QSH6,1052907525,"Harmony Good Dog Ceramic Dog Bowl, 3 Cups",2026-02-02 02:13:45+00,1,False,Unclassified,No reliable game match,7.99,mbop_fifo
112-9895075-1853031,144697067701681,B00SXEOOHU,1042711537,LEGO Jurassic World - Xbox 360 Standard Edition,2025-10-26 14:51:40+00,1,True,Xbox 360,Title/platform heuristic,24.62,inventorylab_legacy
112-9910644-9114615,165080052681801,B01AC3ZD06,1048894668,Nintendo Selects: Super Mario 3D World - Wii U Standard Edition [Nintendo Wii U],2026-07-20 08:46:03+00,1,True,Nintendo Wii U,Title/platform heuristic,,missing
112-9922668-9651419,147649239863761,B0C7PN2L5V,1068811427,Starfield: Standard Edition - Xbox Series X,2025-11-26 18:41:02+00,1,True,Xbox Series X,Title/platform heuristic,26.80,mbop_fifo
112-9928625-1037033,162321200729361,B07DJY4FRP,1045507690,Gears 5: Standard Edition - Xbox One,2026-06-14 14:15:40+00,1,True,Xbox One,Title/platform heuristic,19.35,inventorylab_legacy
112-9979105-1143407,149616379445281,B07KYYZZFR,1066665177,Crash Team Racing - Nitro Fueled - Xbox One,2025-12-16 05:17:47+00,1,True,Xbox One,Title/platform heuristic,13.99,mbop_fifo
112-9990157-5204201,164747454774641,B008QLUTHO,1071517334,The Sims 3 Seasons,2026-07-15 03:02:17+00,1,False,Unclassified,No reliable game match,,missing
113-0008347-9336236,156999323137721,B071X7QQKZ,1070474323,Fire Emblem Warriors - Nintendo Switch,2026-04-02 03:06:24+00,1,True,Nintendo Switch,Title/platform heuristic,26.00,mbop_fifo
113-0011334-4509843,158079304797241,B0C6NLXMB8,1071453880,Madden NFL 24 - PlayStation 4,2026-04-18 19:54:36+00,1,True,PlayStation 4,Title/platform heuristic,18.00,mbop_fifo
113-0016336-6909018,153282791367801,B09GCQNP2B,1070891172,Beyond A Steel Sky: Beyond A SteelBook Edition Nintendo Switch,2026-02-07 20:40:04+00,1,True,Nintendo Switch,Title/platform heuristic,20.77,inventorylab_legacy
113-0016985-7094652,146047849515801,B0973KMCFG,1070474324,Just Dance 2022 - Nintendo Switch,2025-11-11 16:00:07+00,1,True,Nintendo Switch,Title/platform heuristic,14.00,mbop_fifo
113-0025296-1454662,145799319474641,B07T3Y9GKN,1067489114,St. Nicholas Square Red and White 21 Inches Christmas Knit Stocking Letter F,2025-11-08 22:09:18+00,1,False,Unclassified,No reliable game match,,missing
113-0037093-0997810,145677532462201,B07SHJ3ZQR,1064186268,FIFA 20 Standard Edition - PlayStation 4,2025-11-08 04:13:37+00,1,True,PlayStation 4,Title/platform heuristic,13.84,mbop_fifo
113-0048176-6737836,157859786440801,B00MU1YEYU,1037516548,Call of Duty: Advanced Warfare - PlayStation 3,2026-04-15 00:21:42+00,1,True,PlayStation 3,Title/platform heuristic,14.99,mbop_fifo
113-0077721-1549071,146340584862361,B0CFTFG12B,1069890477,Call of Duty Modern Warfare III - Xbox,2025-11-15 21:55:03+00,1,True,Xbox,Title/platform heuristic,24.00,mbop_fifo
113-0105382-0833041,165320812452881,B09Q3Q893F,1071133144,Monster Energy Supercross 5 - PlayStation 5 [PlayStation 5],2026-07-23 14:28:27+00,1,True,PlayStation 5,Title/platform heuristic,16.95,inventorylab_legacy
113-0108897-0633857,152263349819161,B06XDN21W5,1031051552,Paradise Treasure Trove Brown White Football Coin Piggy Bank Sports Stitching,2026-01-23 14:57:39+00,1,False,Unclassified,No reliable game match,8.99,mbop_fifo
113-0118546-0189015,159279383259881,B07BVTTLGX,1023501319,No Man's Sky - Xbox One,2026-05-05 21:39:35+00,1,True,Xbox One,Title/platform heuristic,30.77,mbop_fifo
113-0130854-2792219,141537174825241,B09TCCF84R,1069286286,A Plague Tale: Requiem PS5,2025-10-07 06:22:07+00,1,True,PlayStation 5,Title/platform heuristic,19.00,mbop_fifo
113-0138454-3207433,167604579461361,B01N54QSH6,1052907525,"Harmony Good Dog Ceramic Dog Bowl, 3 Cups",2026-08-20 18:15:43+00,1,False,Unclassified,No reliable game match,,missing
113-0140508-2378609,159508049924321,B00182QCXS,1034679220,DEAL OR NO DEAL WII,2026-05-09 04:54:37+00,1,True,Nintendo Wii,Title/platform heuristic,10.50,inventorylab_legacy
113-0144385-3248254,157658351148801,B01G2E4DV4,1066393117,Birds Choice Oriole Feeder Replacement Cup,2026-04-11 17:56:36+00,1,False,Unclassified,No reliable game match,4.09,mbop_fifo
113-0161535-5059454,145934143460601,B07DF43L23,1053914224,Starlink Battle for Atlas - Nintendo Switch Starter Edition,2025-11-11 00:11:53+00,1,True,Nintendo Switch,Title/platform heuristic,20.00,mbop_fifo
113-0161993-9929004,157921827344681,B000QJLQCQ,1071379596,Pinball Hall of Fame: The Williams Collection - Nintendo Wii,2026-04-16 01:40:19+00,1,True,Nintendo Wii,Title/platform heuristic,10.77,mbop_fifo
113-0167260-9985049,139847749979841,B00DC7G0GG,1052572572,Super Mario 3D World,2025-09-19 21:58:58+00,1,True,Nintendo Wii U,Title/platform heuristic,22.79,mbop_fifo
113-0186508-5440276,157884289024081,B01G2E4DV4,1066393117,Birds Choice Oriole Feeder Replacement Cup,2026-04-15 13:24:00+00,1,False,Unclassified,No reliable game match,4.09,mbop_fifo
113-0193340-1096236,153574626196601,B01G2E4DV4,1066393117,Birds Choice Oriole Feeder Replacement Cup,2026-02-13 00:43:43+00,1,False,Unclassified,No reliable game match,4.09,mbop_fifo
113-0194515-8681800,146351767576401,B0CFTFG12B,1069890477,Call of Duty Modern Warfare III - Xbox,2025-11-16 01:38:46+00,1,True,Xbox,Title/platform heuristic,24.00,mbop_fifo
113-0196132-0977017,154006934846201,B008QLUS16,1071047153,The Sims 3 Plus Seasons,2026-02-19 03:50:21+00,1,False,Unclassified,No reliable game match,13.79,mbop_fifo
113-0196483-7623410,159820161050401,B07CDSX3Z5,1070474335,Spyro Reignited Trilogy - Xbox One,2026-05-13 12:14:08+00,1,True,Xbox One,Title/platform heuristic,12.50,inventorylab_legacy
113-0205046-9109840,156809391690361,B07SL77MHX,1068811473,No More Heroes 3,2026-03-30 03:56:18+00,1,False,Unclassified,No reliable game match,17.50,inventorylab_legacy
113-0206002-6934639,155067674076881,B07ZWBF157,1070891176,Doom Slayers Collection - PlayStation 4 Standard Edition,2026-03-04 00:07:09+00,1,True,PlayStation 4,Title/platform heuristic,30.74,mbop_fifo
113-0206934-6253007,148694809513481,B07XGW61PX,1063375936,Plants Vs. Zombies: Battle for Neighborville - Xbox One,2025-12-06 23:29:59+00,1,True,Xbox One,Title/platform heuristic,13.87,inventorylab_legacy
113-0244234-9113011,158529199371721,B003OZZJGS,1028571739,Gold's Gym Dance Workout - Nintendo Wii,2026-04-25 01:13:49+00,1,True,Nintendo Wii,Title/platform heuristic,10.09,mbop_fifo
113-0256924-6383469,151119894447401,B08S2SNBTH,1069890517,The Last Kids On Earth and the Staff of Doom - Nintendo Switch,2026-01-06 20:43:57+00,1,True,Nintendo Switch,Title/platform heuristic,15.22,mbop_fifo
113-0275446-1617077,148842281668081,B00ZJBSCJQ,1066663084,South Park: The Fractured but Whole - PlayStation 4,2025-12-08 18:34:11+00,1,True,PlayStation 4,Title/platform heuristic,,missing
113-0280137-4140277,157306714113441,B0C7PN2L5V,1068811427,Starfield: Standard Edition - Xbox Series X,2026-04-07 12:50:39+00,1,True,Xbox Series X,Title/platform heuristic,30.00,mbop_fifo
113-0286774-5098648,147825437694601,B07S5BRQX4,1070280038,Killer Queen Black - Nintendo Switch,2025-11-28 16:48:02+00,1,True,Nintendo Switch,Title/platform heuristic,25.00,mbop_fifo
113-0289975-7460243,147940441908481,B09ZZ9L123,1069890500,Gotham Knights Deluxe Edition - PlayStation 5,2025-11-29 06:14:16+00,1,True,PlayStation 5,Title/platform heuristic,35.36,mbop_fifo
113-0292356-2526611,155831915518241,B01FEHJYUU,1063376478,Sid Meier's Civilization VI - PC,2026-03-14 14:21:27+00,1,True,PC,Title/platform heuristic,,missing
113-0305036-1386611,156979436177041,B00PB9LZQI,1071283702,The Legend of Zelda: Majora's Mask 3D,2026-04-01 20:04:09+00,1,False,Unclassified,No reliable game match,29.00,mbop_fifo
113-0306913-9721056,146153729432001,B07HFMJ4R5,1068329410,Minecraft: Starter Collection - Xbox One,2025-11-13 01:04:03+00,1,True,Xbox One,Title/platform heuristic,23.49,inventorylab_legacy
113-0321437-1589877,138371517490481,B07DL2SY2B,1057774619,FIFA 19 - Standard - PlayStation 4,2025-09-05 03:53:37+00,1,True,PlayStation 4,Title/platform heuristic,14.30,mbop_fifo
113-0331496-0353872,156251248172121,B01AC3ZD06,1048894668,Nintendo Selects: Super Mario 3D World - Wii U Standard Edition,2026-03-21 12:35:59+00,1,True,Nintendo Wii U,Title/platform heuristic,15.71,mbop_fifo
113-0342752-6377809,164390927731761,B072JZ7HJR,1071283713,FIFA 18 Legacy Edition (PS3),2026-07-09 19:01:04+00,1,True,PlayStation 3,Title/platform heuristic,33.75,inventorylab_legacy
113-0346041-3824268,160793554952681,B095ZS64GT,1071453896,Sonic Colors Ultimate: Launch Edition - Xbox Series X,2026-05-26 11:21:28+00,1,True,Xbox Series X,Title/platform heuristic,16.16,inventorylab_legacy
113-0350892-3305000,147061251895921,B01LDFGIT2,1058619763,Livewire Advantage Instrument Cable 10 ft. Black,2025-11-22 18:29:21+00,1,False,Unclassified,No reliable game match,10.48,inventorylab_legacy
113-0351885-6601079,161084052411401,B0794QSXP5,1071133179,Dragon Ball Fighterz - Xbox One,2026-05-30 01:28:40+00,1,True,Xbox One,Title/platform heuristic,21.38,inventorylab_legacy
113-0363393-7837852,160533099759281,B01LDFGIT2,1058619763,Livewire Advantage Instrument Cable 10 ft. Black,2026-05-22 03:37:28+00,1,False,Unclassified,No reliable game match,10.48,inventorylab_legacy
113-0365959-6213817,144088150274801,B08PCN2Y3G,1068866834,Monster Energy Supercross 4 - PlayStation 5,2025-10-20 17:17:58+00,1,True,PlayStation 5,Title/platform heuristic,13.99,inventorylab_legacy
113-0393573-7289050,143956772692281,B079P7T594,1070280037,Hello Neighbor - Nintendo Switch,2025-10-19 03:33:10+00,1,True,Nintendo Switch,Title/platform heuristic,9.04,mbop_fifo
113-0414174-6233826,141447991639161,B0DHHM6BZ2,1070280186,LEGO Horizon Adventures,2025-10-06 07:29:15+00,1,False,Unclassified,No reliable game match,,missing
113-0420076-6358658,138192943964081,B01IH3T6BA,1068811455,Pro Evolution Soccer 2017 - Xbox One Standard Edition,2025-09-02 23:42:37+00,1,True,Xbox One,Title/platform heuristic,5.00,mbop_fifo
113-0427201-6695444,147271458490241,B097FP294Y,1070280033,Aliens Fireteam Elite - PlayStation 5,2025-11-25 00:50:43+00,1,True,PlayStation 5,Title/platform heuristic,15.99,mbop_fifo
113-0444131-9728216,148248300451841,B0D3P4HV27,1068866835,Madden NFL 25 - Xbox Series X,2025-12-02 02:01:32+00,1,True,Xbox Series X,Title/platform heuristic,14.99,mbop_fifo
113-0445870-8133037,164017863815361,B07L69TMY4,1070891219,Judgment - PlayStation 4,2026-07-03 16:45:36+00,1,True,PlayStation 4,Title/platform heuristic,23.35,inventorylab_legacy
113-0453519-2467404,147033469569841,B002I0IIPY,1049391798,Sonic Colors - Nintendo Wii,2025-11-22 09:59:06+00,1,True,Nintendo Wii,Title/platform heuristic,20.02,mbop_fifo
113-0455352-5417848,166075019566921,B07DLSQFL8,1068811425,Hitman 2 - PlayStation 4 [PlayStation 4],2026-08-01 17:59:53+00,1,True,PlayStation 4,Title/platform heuristic,19.72,inventorylab_legacy
113-0469214-3873050,153118446558401,B071Z6HJQY,1070474328,Portal Knights - Nintendo Switch,2026-02-04 20:46:47+00,1,True,Nintendo Switch,Title/platform heuristic,10.97,mbop_fifo
113-0474349-9726645,149692455291561,B07D8LQR6Q,1069890516,Team Sonic Racing - Nintendo Switch,2025-12-17 04:01:05+00,1,True,Nintendo Switch,Title/platform heuristic,14.99,mbop_fifo
113-0489174-1629817,149127209753201,B00KLMOY4K,1048220574,Plants vs Zombies Garden Warfare(Online Play Required) - PlayStation 4,2025-12-11 03:10:03+00,1,True,PlayStation 4,Title/platform heuristic,12.50,inventorylab_legacy
113-0505835-8055440,151880176587641,B01FEHJYUU,1063376478,Sid Meier's Civilization VI - PC,2026-01-17 04:01:42+00,1,True,PC,Title/platform heuristic,9.99,mbop_fifo
113-0558181-5097023,148030809038441,B089DFJJGR,1064186110,Madden NFL 21 - PlayStation 4,2025-11-30 03:31:09+00,1,True,PlayStation 4,Title/platform heuristic,5.69,mbop_fifo
113-0587817-6897023,164395479751681,B01N1GRUUC,1051249032,"Harmony Good Dog Ceramic Dog Bowl, 6 Cups",2026-07-10 13:10:19+00,1,False,Unclassified,No reliable game match,10.99,inventorylab_legacy
113-0606617-6492258,145197895928641,B07DDD9CPN,1041418871,Just Dance 2019 - Wii Standard Edition,2025-11-03 02:44:33+00,1,True,Nintendo Wii,Title/platform heuristic,27.80,inventorylab_legacy
113-0616019-8067407,167956884087961,B08SZ1F5FB,1046305951,Control Ultimate Edition - Xbox Series X [Xbox Series X],2026-08-24 17:11:19+00,1,True,Xbox Series X,Title/platform heuristic,,missing
113-0622919-1487459,152023385582241,B01N1GRUUC,1051249032,"Harmony Good Dog Ceramic Dog Bowl, 6 Cups",2026-01-19 12:40:36+00,1,False,Unclassified,No reliable game match,10.99,inventorylab_legacy
113-0629043-1766642,155040940400801,B0B94SHMRP,1068329416,Dead Island 2: Day 1 Edition - PlayStation 4,2026-03-03 19:13:18+00,1,True,PlayStation 4,Title/platform heuristic,13.14,mbop_fifo
113-0644851-1842659,155116332956121,B001DO3NEW,1038680538,Wii Music,2026-03-04 18:27:58+00,1,True,Nintendo Wii,Title/platform heuristic,17.54,inventorylab_legacy
113-0647504-4420234,149219691926241,B07XGW61PX,1063375936,Plants Vs. Zombies: Battle for Neighborville - Xbox One,2025-12-12 05:13:17+00,1,True,Xbox One,Title/platform heuristic,13.87,inventorylab_legacy
113-0668806-8213806,159494825367881,B01N1GRUUC,1051249032,"Harmony Good Dog Ceramic Dog Bowl, 6 Cups",2026-05-08 23:18:10+00,1,False,Unclassified,No reliable game match,10.99,inventorylab_legacy
113-0683226-0283424,142251057716361,B096WZFCHR,1070280034,Marvel's Guardians of the Galaxy - PlayStation 5,2025-10-13 03:04:39+00,1,True,PlayStation 5,Title/platform heuristic,23.52,mbop_fifo
113-0692084-7479433,164512527375801,B01N1GRUUC,1051249032,"Harmony Good Dog Ceramic Dog Bowl, 6 Cups",2026-07-12 01:53:36+00,1,False,Unclassified,No reliable game match,10.99,inventorylab_legacy
113-0731168-9866668,142822303393001,B07DF43L23,1053914224,Starlink Battle for Atlas - Nintendo Switch Starter Edition,2025-10-17 01:17:21+00,1,True,Nintendo Switch,Title/platform heuristic,20.68,mbop_fifo
113-0764447-0139432,148247103024921,B0039XZGXG,GM-FVCC-QX0U,WipeOut: The Game,2025-12-02 01:51:10+00,1,False,Unclassified,No reliable game match,9.95,mbop_fifo
113-0770249-9745019,160152008368721,B01AC3ZD06,1048894668,Nintendo Selects: Super Mario 3D World - Wii U Standard Edition,2026-05-18 01:33:55+00,1,True,Nintendo Wii U,Title/platform heuristic,22.77,mbop_fifo
113-0786471-2337026,146642455641281,B003S2JI82,OK-7Q67-6J4G,Jeopardy - Nintendo Wii,2025-11-18 15:56:06+00,1,True,Nintendo Wii,Title/platform heuristic,10.39,mbop_fifo
113-0792749-0794635,163890378994641,B001IX4CM0,1071290895,Trivial Pursuit - Nintendo Wii,2026-07-01 17:28:22+00,1,True,Nintendo Wii,Title/platform heuristic,11.04,inventorylab_legacy
113-0793247-3570604,145250055417481,B0B8JH4CTN,1070280053,World of Outlaws - Dirt Racing,2025-11-03 21:53:18+00,1,True,Xbox Series X,Title/platform heuristic,23.37,inventorylab_legacy
113-0795802-2162656,149459277253721,B00ZPT59YS,1045151360,Sea of Thieves: Standard Edition - Xbox One,2025-12-14 15:33:36+00,1,True,Xbox One,Title/platform heuristic,21.84,mbop_fifo
113-0799761-6725826,148598549996161,B00KLMOY4K,1048220574,Plants vs Zombies Garden Warfare(Online Play Required) - PlayStation 4,2025-12-05 18:08:35+00,1,True,PlayStation 4,Title/platform heuristic,12.50,inventorylab_legacy
113-0808134-8374639,146273634975681,B0B3GHCTQB,1069286280,Call of Duty: Modern Warfare II - PlayStation 4,2025-11-14 22:01:10+00,1,True,PlayStation 4,Title/platform heuristic,22.10,mbop_fifo
113-0826172-2161853,152108585963521,B09FCXXGT5,1068811453,Big Brain Academy: Brain vs. Brain - Nintendo Switch,2026-01-20 21:42:52+00,1,True,Nintendo Switch,Title/platform heuristic,20.00,mbop_fifo
113-0830441-0077806,162328117281401,B08NDYPWK7,1056263472,DEATHLOOP Standard Edition - PlayStation 5,2026-06-14 03:40:29+00,1,True,PlayStation 5,Title/platform heuristic,14.29,inventorylab_legacy
113-0833040-0904238,148233309482441,B06XDN21W5,1031051552,Paradise Treasure Trove Brown White Football Coin Piggy Bank Sports Stitching,2025-12-02 00:12:32+00,1,False,Unclassified,No reliable game match,,missing
113-0833731-7555438,140859067793241,B01N03NM02,1058392679,"Harmony Good Dog Ceramic Dog Bowl, 1 Cup",2025-09-30 09:08:13+00,1,False,Unclassified,No reliable game match,5.99,inventorylab_legacy
113-0836661-1189817,156432690535881,B00CMQTTZ2,1071283754,Quantum Break - Xbox One,2026-03-24 14:49:39+00,1,True,Xbox One,Title/platform heuristic,22.00,mbop_fifo
113-0845929-9966665,146991832433721,B00KLMOY4K,1048220574,Plants vs Zombies Garden Warfare(Online Play Required) - PlayStation 4,2025-11-21 22:30:28+00,1,True,PlayStation 4,Title/platform heuristic,12.50,inventorylab_legacy
113-0858454-5513826,153099439461361,B071L89ZGC,KZ-EFEA-O4WE,Madden NFL 18: G.O.A.T. Edition - Xbox One,2026-02-04 16:37:10+00,1,True,Xbox One,Title/platform heuristic,13.24,mbop_fifo
113-0861006-0558610,148046175863841,B089DFJJGR,1064186110,Madden NFL 21 - PlayStation 4,2025-11-30 06:20:02+00,1,True,PlayStation 4,Title/platform heuristic,5.69,mbop_fifo
113-0877401-1694643,158345944155481,B000P0SETO,1035888955,Madden NFL 08 - Playstation 3,2026-04-23 02:04:43+00,1,True,PlayStation 3,Title/platform heuristic,12.88,mbop_fifo
113-0896230-3465018,163274491415241,B008AT68UE,1071453873,The Sims 3 Supernatural,2026-06-24 17:08:56+00,1,False,Unclassified,No reliable game match,,missing
113-0900545-3911407,163863603258161,B09HVVCTQM,1071744020,MechWarrior 5: Mercenaries - PlayStation 5,2026-07-01 20:34:24+00,1,True,PlayStation 5,Title/platform heuristic,,missing
113-0901636-6281864,167910875572641,B072JY7NX5,ZU-L43O-EVLC,Wolfenstein II: The New Colossus - PlayStation 4 [PlayStation 4],2026-08-23 21:07:27+00,1,True,PlayStation 4,Title/platform heuristic,,missing
113-0916175-8621033,155568796213321,B009716CFK,1070891245,Activision Skylanders Giants 3 Pack Sonic Boom Sprocket Stump Smash,2026-03-10 23:31:39+00,1,False,Unclassified,No reliable game match,19.95,mbop_fifo
113-0932246-6173001,161183662144281,B07DLSQFL8,1068811425,Hitman 2 - PlayStation 4,2026-05-31 16:11:44+00,1,True,PlayStation 4,Title/platform heuristic,19.72,inventorylab_legacy
113-0940087-7101856,154492393741121,B0DCMT516X,1070891181,Dragon Age: The Veilguard Deluxe - Xbox Series X,2026-02-24 21:34:00+00,1,True,Xbox Series X,Title/platform heuristic,10.71,mbop_fifo
113-0942804-4254627,156043913052201,B0CVSJ1JVC,1071283721,Elden Ring Shadow of the Erdtree - PlayStation 5,2026-03-17 22:27:49+00,1,True,PlayStation 5,Title/platform heuristic,40.00,mbop_fifo
113-0947936-2958660,157656241397001,B0088I8M10,1041721114,Just Dance: Disney Party - Nintendo Wii,2026-04-11 18:44:17+00,1,True,Nintendo Wii,Title/platform heuristic,23.00,mbop_fifo
113-0996843-7395453,155890967804881,B01GOK4FX2,G1-OVCC-U1L5,NHL 17 Deluxe Edition - PlayStation 4,2026-03-15 14:38:25+00,1,True,PlayStation 4,Title/platform heuristic,9.99,mbop_fifo
113-1003324-7825021,141400075640761,B0DHHM6BZ2,1070280186,LEGO Horizon Adventures,2025-10-05 21:59:59+00,1,False,Unclassified,No reliable game match,,missing
113-1005700-6684263,156794553718521,B071Y1RXHG,1064185802,Star Wars Battlefront II - Xbox One,2026-03-29 23:50:18+00,1,True,Xbox One,Title/platform heuristic,15.26,mbop_fifo
113-1010558-5258604,148639964802401,B096WVJ9Q4,1068329357,Marvel's Guardians of the Galaxy PlayStation 4 with Free Upgrade to the Digital PS5 Version,2025-12-06 06:38:27+00,1,True,PlayStation 4/PlayStation 5,Title/platform heuristic,15.95,mbop_fifo
113-1016377-5994655,152958266504641,B00B98HF1O,1039988827,"Lego: Marvel Super Heroes, XBOX 360",2026-02-02 23:24:01+00,1,True,Xbox 360,Title/platform heuristic,15.16,mbop_fifo
113-1023093-3832223,145949264856921,B0B3GHCTQB,1069286280,Call of Duty: Modern Warfare II - PlayStation 4,2025-11-11 03:11:13+00,1,True,PlayStation 4,Title/platform heuristic,22.10,mbop_fifo
113-1029142-0758669,153524334731001,B0CHN2DVSX,1069261942,Hobby Lobby Fudge Brownie Candle Tin,2026-02-12 01:04:08+00,1,False,Unclassified,No reliable game match,8.99,inventorylab_legacy
113-1046858-5896262,155790903614761,B0794QSXP5,1071133179,Dragon Ball Fighterz - Xbox One,2026-03-13 21:23:53+00,1,True,Xbox One,Title/platform heuristic,21.38,inventorylab_legacy
113-1048163-6336244,159807195667281,B00D3RBZHY,1068811423,Need for Speed: Rivals,2026-05-13 03:34:28+00,1,True,PlayStation 4,Title/platform heuristic,20.62,mbop_fifo
113-1064030-9669004,163975045335201,B01N03NM02,1058392679,"Harmony Good Dog Ceramic Dog Bowl, 1 Cup",2026-07-03 17:54:06+00,1,False,Unclassified,No reliable game match,11.98,inventorylab_legacy
113-1064030-9669004,164887798750681,B01N03NM02,1058392679,"Harmony Good Dog Ceramic Dog Bowl, 1 Cup",2026-07-03 17:54:06+00,0,False,Unclassified,No reliable game match,,
113-1065768-4271408,153221900792801,B00I9UVY30,1070891227,EA Sports 2014 FIFA World Cup Brazil - PlayStation 3,2026-02-06 18:08:24+00,1,True,PlayStation 3,Title/platform heuristic,17.47,inventorylab_legacy
113-1067742-6608257,147170817347481,B01FEHJYUU,1063376478,Sid Meier's Civilization VI - PC,2025-11-23 21:27:40+00,1,True,PC,Title/platform heuristic,6.17,mbop_fifo
113-1071359-0891422,158529036659161,B08GR2SCLF,1071283722,Puyo Puyo Tetris 2: Launch Edition - PlayStation 5,2026-04-25 01:19:59+00,1,True,PlayStation 5,Title/platform heuristic,13.06,mbop_fifo
113-1077149-3392257,145095981193201,B00R9NWEFK,1032068846,EA SPORTS Rory McIlroy PGA TOUR - PlayStation 4,2025-11-01 11:21:24+00,1,True,PlayStation 4,Title/platform heuristic,22.49,mbop_fifo
113-1089790-6697863,146986355972121,B07DDD9CPN,1041418871,Just Dance 2019 - Wii Standard Edition,2025-11-21 21:37:09+00,1,True,Nintendo Wii,Title/platform heuristic,27.80,inventorylab_legacy
113-1113302-3128218,164663930605401,B09CQQ7T2L,1071283748,Halo Infinite - Xbox Series X & Xbox One [Xbox Series X],2026-07-13 23:24:37+00,1,True,Xbox Series X/Xbox One,Title/platform heuristic,,missing
113-1117110-7828247,157158156241401,B08X8NTNYY,1064185632,Tony Hawk Pro Skater 1+2 - Xbox Series X Standard Edition,2026-04-04 20:49:38+00,1,True,Xbox Series X,Title/platform heuristic,16.44,inventorylab_legacy
113-1117731-2633818,159775658169321,B082QL63JB,1037691479,Fast & Furious Crossroads - Xbox One,2026-05-12 19:28:05+00,2,True,Xbox One,Title/platform heuristic,31.84,mbop_fifo
113-1148745-4389062,146319707822641,B0B359B45Q,1069890493,Little League World Series PS4,2025-11-15 14:43:26+00,1,True,PlayStation 4,Title/platform heuristic,17.99,mbop_fifo
113-1152610-9098602,150229847885121,B01FEHJYUU,1063376478,Sid Meier's Civilization VI - PC,2025-12-23 20:04:23+00,1,True,PC,Title/platform heuristic,10.00,mbop_fifo
113-1154421-3569065,158323068439121,B0060ZN5T2,1044972247,NEW Just Dance 3 Wii (Videogame Software),2026-04-22 18:25:16+00,1,True,Nintendo Wii,Title/platform heuristic,17.60,inventorylab_legacy
113-1167037-2485845,167198855560161,B0053BQQ6I,1072047485,WWE '12 [Nintendo Wii],2026-08-15 14:51:07+00,1,True,Nintendo Wii,Title/platform heuristic,,missing
113-1174992-7573854,155983652215961,B08L9569L4,1064901365,Family Feud - PlayStation 4 Standard Edition,2026-03-16 22:30:22+00,1,True,PlayStation 4,Title/platform heuristic,14.95,mbop_fifo
113-1179863-8740200,147882493406401,B096WVJ9Q4,1068329357,Marvel's Guardians of the Galaxy PlayStation 4 with Free Upgrade to the Digital PS5 Version,2025-11-28 23:57:04+00,1,True,PlayStation 4/PlayStation 5,Title/platform heuristic,15.95,mbop_fifo
113-1203939-6397051,152872355019401,B07DJZB39M,1049720487,Kingdom Hearts III - PlayStation 4 Deluxe Edition,2026-02-01 17:59:34+00,1,True,PlayStation 4,Title/platform heuristic,48.99,mbop_fifo
113-1228804-9421805,155135508424801,B08MXTDGN6,1068329361,Mass Effect Legendary Edition - PlayStation 4,2026-03-05 03:08:17+00,1,True,PlayStation 4,Title/platform heuristic,32.00,mbop_fifo
113-1244134-0311426,163116904376161,B0D9MKMN6Y,1071744037,Barbie Project Friendship - Xbox Series X/Xbox One,2026-06-23 12:55:03+00,1,True,Xbox Series X/Xbox One,Title/platform heuristic,,missing
113-1257942-7384222,167099303450481,B0B94XBQZ6,1071283757,Dead Island 2: Day 1 Edition - Xbox Series X [Xbox Series X],2026-08-14 01:01:31+00,1,True,Xbox Series X,Title/platform heuristic,,missing
113-1300858-9654614,156391633192881,B0088I7KYU,1029050576,Injustice: Gods Among Us - Xbox 360,2026-03-23 19:27:56+00,1,True,Xbox 360,Title/platform heuristic,15.95,mbop_fifo
113-1312133-9717852,148020174440041,B01GVN0D1U,1070474333,Resident Evil 7 Biohazard (Xbox One),2025-11-30 01:00:56+00,1,True,Xbox One,Title/platform heuristic,14.50,mbop_fifo
113-1319239-9896265,153919687333961,B072JZB85B,1071047165,FIFA 18 (PS4),2026-02-17 17:27:49+00,1,True,PlayStation 4,Title/platform heuristic,14.37,mbop_fifo
113-1322123-3165006,163266153024561,B00YC7ECXS,1069286283,FIFA 16 - Standard Edition - PlayStation 4,2026-06-24 15:30:26+00,1,True,PlayStation 4,Title/platform heuristic,,missing
113-1336992-3782667,147911677669321,B09D643D8F,1064901190,Call of Duty: Vanguard,2025-11-29 03:04:41+00,1,True,PlayStation 5,Title/platform heuristic,,missing
113-1356670-7629866,156139200427561,B00I9UVY30,1070891227,EA Sports 2014 FIFA World Cup Brazil - PlayStation 3,2026-03-19 14:10:24+00,1,True,PlayStation 3,Title/platform heuristic,17.47,inventorylab_legacy
113-1362769-8409039,151525018463801,B0BV9NKGJ4,1068811478,The Legend of Zelda: Tears of the Kingdom Collector's Edition,2026-01-11 17:16:55+00,1,False,Unclassified,No reliable game match,85.00,mbop_fifo
113-1374334-1374669,159406470559681,B00KTNU40E,1068811461,Just Dance 2015 - Xbox One,2026-05-07 21:11:52+00,1,True,Xbox One,Title/platform heuristic,11.16,inventorylab_legacy
113-1385385-1729030,159182141843361,B01G2E4DV4,1066393117,Birds Choice Oriole Feeder Replacement Cup,2026-05-04 14:09:10+00,1,False,Unclassified,No reliable game match,5.31,mbop_fifo
113-1401078-1133824,151578345734561,B074RYSTNS,1031051620,"Chevrolet 20"" Genuine Distressed Vintage Style Bowtie Chevy Red White and Blue American Flag Oval Metal Embossed Sign",2026-01-12 11:27:10+00,1,False,Unclassified,No reliable game match,12.99,inventorylab_legacy
113-1436575-9117851,144850163498321,B007MM9E42,1034379408,Disney Epic Mickey 2: The Power of Two - Nintendo Wii,2025-10-28 04:17:09+00,1,True,Nintendo Wii,Title/platform heuristic,8.50,mbop_fifo
113-1467088-2046627,156012952119041,B09YD56K12,1071283723,Way of the Hunter - PlayStation 5,2026-03-17 14:32:11+00,1,True,PlayStation 5,Title/platform heuristic,15.30,inventorylab_legacy
113-1467550-1739402,142764289943001,B003S2JI6O,JS-1DC1-9X53,Wheel of Fortune - Nintendo Wii,2025-10-16 13:53:01+00,1,True,Nintendo Wii,Title/platform heuristic,14.84,mbop_fifo
113-1477456-5958663,149183706041441,B08NMQNSX3,1068329365,Madden NFL 21 Next Level Edition - PlayStation 5,2025-12-11 22:22:49+00,1,True,PlayStation 5,Title/platform heuristic,9.95,mbop_fifo
113-1487154-7663413,148844520943601,B07T3Y9GKN,1067489114,St. Nicholas Square Red and White 21 Inches Christmas Knit Stocking Letter F,2025-12-08 18:59:52+00,1,False,Unclassified,No reliable game match,,missing
113-1500948-7944207,148085452591481,B00YC7ED0K,1041856993,FIFA 16 - Standard Edition - PlayStation 3,2025-11-30 19:17:04+00,1,True,PlayStation 3,Title/platform heuristic,14.82,inventorylab_legacy
113-1501284-4819429,155227578435561,B00I9UVY30,1070891227,EA Sports 2014 FIFA World Cup Brazil - PlayStation 3,2026-03-05 22:59:24+00,1,True,PlayStation 3,Title/platform heuristic,17.47,inventorylab_legacy
113-1520242-1721049,164768618570281,B003O6E986,1067108762,Forza 4 [Xbox 360],2026-07-15 15:53:53+00,1,True,Xbox 360,Title/platform heuristic,25.76,inventorylab_legacy
113-1524167-2313065,163731860874561,B071JCYKK4,1068329376,Need for Speed Payback - XBOX One,2026-06-29 05:53:02+00,1,True,Xbox One,Title/platform heuristic,12.77,inventorylab_legacy
113-1525722-2461037,164387888246201,B00DC7G0GG,1052572572,Super Mario 3D World [Nintendo Wii U],2026-07-09 17:26:51+00,1,True,Nintendo Wii U,Title/platform heuristic,,missing
113-1537634-4948240,148047453989241,B089DFJJGR,1064186110,Madden NFL 21 - PlayStation 4,2025-11-30 08:29:19+00,1,True,PlayStation 4,Title/platform heuristic,5.69,mbop_fifo
113-1576582-7542601,152762235592761,B07D77HYR5,1070891220,Madden NFL 19 - PlayStation 4,2026-01-30 20:09:58+00,1,True,PlayStation 4,Title/platform heuristic,4.49,mbop_fifo
113-1592867-8461863,151670483896281,B06XDN21W5,1031051552,Paradise Treasure Trove Brown White Football Coin Piggy Bank Sports Stitching,2026-01-13 22:44:33+00,1,False,Unclassified,No reliable game match,8.99,mbop_fifo
113-1594630-6709035,146535562854041,B0C5S29VWZ,1070474336,Mortal Kombat 1 - Xbox Series X,2025-11-17 16:26:51+00,1,True,Xbox Series X,Title/platform heuristic,14.99,mbop_fifo
113-1596731-7943431,155298836803161,B00K2O54V4,ST-6IIK-MCII,The Walking Dead: The Complete First Season - PlayStation 4,2026-03-06 11:16:54+00,1,True,PlayStation 4,Title/platform heuristic,40.36,mbop_fifo
113-1600695-3803455,147819165680401,B09D643D8F,1064901190,Call of Duty: Vanguard,2025-11-28 16:34:36+00,1,True,PlayStation 5,Title/platform heuristic,,missing
113-1627378-9262634,157143286551041,B078HH451K,1071283716,Adventure Time: Pirates of the Enchiridion - PlayStation 4 Edition,2026-04-04 14:07:09+00,1,True,PlayStation 4,Title/platform heuristic,,missing
113-1641435-9310642,141904123236041,B0CGY12KNV,1068811449,EA SPORTS WRC - PS5,2025-10-09 14:02:28+00,1,True,PlayStation 5,Title/platform heuristic,16.00,mbop_fifo
113-1643314-4514630,147107568059921,B08D7DX16N,1068329367,NBA 2K21 Mamba Forever Edition - PlayStation 5 Mamba Forever Edition,2025-11-23 03:45:03+00,1,True,PlayStation 5,Title/platform heuristic,13.99,mbop_fifo
113-1644040-1193836,157527081053921,B000CEXDVW,1071379599,Blazing Angels Squadrons of WWII - Xbox 360,2026-04-10 03:55:35+00,1,True,Xbox 360,Title/platform heuristic,21.77,mbop_fifo
113-1653972-2068234,161771402297881,B08JDTR143,1071283725,Balan Wonderworld - Nintendo Switch,2026-06-07 01:55:51+00,1,True,Nintendo Switch,Title/platform heuristic,11.96,inventorylab_legacy
113-1670449-1938644,167150605604521,B00YI79BJC,1072047484,Skylanders SuperChargers Racing Starter Pack - Wii [Nintendo Wii],2026-08-14 17:59:38+00,1,True,Nintendo Wii,Title/platform heuristic,,missing
113-1721297-4631435,158646364976601,B003ZHMMEM,1028571825,Donkey Kong Country Returns,2026-04-27 01:33:55+00,1,True,Nintendo Wii,Title/platform heuristic,26.77,mbop_fifo
113-1742915-3853018,156954407314761,B0131M675K,1048384790,Just Dance Disney Party 2 - Wii U Standard Edition,2026-04-01 14:02:08+00,1,True,Nintendo Wii U,Title/platform heuristic,9.23,mbop_fifo
113-1744799-6004201,146674736895721,B0CFTFG12B,1069890477,Call of Duty Modern Warfare III - Xbox,2025-11-18 23:39:36+00,1,True,Xbox,Title/platform heuristic,24.00,mbop_fifo
113-1752528-9383414,152906952151681,B01N03NM02,1058392679,"Harmony Good Dog Ceramic Dog Bowl, 1 Cup",2026-02-02 02:42:52+00,1,False,Unclassified,No reliable game match,5.99,inventorylab_legacy
113-1752528-9383414,153006725977881,B01N03NM02,1058392679,"Harmony Good Dog Ceramic Dog Bowl, 1 Cup",2026-02-02 02:42:52+00,1,False,Unclassified,No reliable game match,5.99,inventorylab_legacy
113-1767283-5447433,159206286313161,B081W4X9RW,1071379582,Persona 5 Royal: Phantom Thieves,2026-05-04 23:10:30+00,1,False,Unclassified,No reliable game match,81.29,mbop_fifo
113-1768487-3861857,151468411059481,B07HFMJ4R5,1068329410,Minecraft: Starter Collection - Xbox One,2026-01-10 17:11:40+00,1,True,Xbox One,Title/platform heuristic,23.49,inventorylab_legacy
113-1785509-5436267,142555252781481,B01N1GRUUC,1051249032,"Harmony Good Dog Ceramic Dog Bowl, 6 Cups",2025-10-15 02:05:11+00,1,False,Unclassified,No reliable game match,10.99,inventorylab_legacy
113-1789416-1229819,146068263957041,B0B57TXPTH,1070280031,PAC-MAN World Re-PAC - PlayStation 4,2025-11-11 20:29:15+00,1,True,PlayStation 4,Title/platform heuristic,14.92,inventorylab_legacy
113-1790684-2457045,163759693083241,B01N03NM02,1058392679,"Harmony Good Dog Ceramic Dog Bowl, 1 Cup",2026-06-29 19:31:11+00,1,False,Unclassified,No reliable game match,5.99,inventorylab_legacy
113-1810648-1522661,146204444827681,B0CBNJ3QPK,1070280042,Wildshade: Unicorn Champions Nintendo Switch,2025-11-13 20:40:01+00,1,True,Nintendo Switch,Title/platform heuristic,22.50,mbop_fifo
113-1826920-5569818,141539251565801,B093B218BN,1070280036,Tales of Arise - PlayStation 5,2025-10-07 03:29:54+00,1,True,PlayStation 5,Title/platform heuristic,13.00,mbop_fifo
113-1842871-4309067,145514399053281,B007MM9E42,1034379408,Disney Epic Mickey 2: The Power of Two - Nintendo Wii,2025-11-06 20:15:52+00,1,True,Nintendo Wii,Title/platform heuristic,8.50,mbop_fifo
113-1844489-1278638,151699982988041,B09K2FBZDX,1062959209,"Columbia Women's Facet Sierra Outdry, Black/Black, 8",2026-01-14 13:02:25+00,1,False,Unclassified,No reliable game match,39.00,mbop_fifo
113-1848247-4850631,141895685218321,B0065NP6NC,1068929498,Fallout: New Vegas - Xbox 360 Ultimate Edition,2025-10-09 13:13:24+00,1,True,Xbox 360,Title/platform heuristic,55.02,mbop_fifo
113-1849119-5788203,155812558244801,B08L91Z6VK,1037691306,Family Feud - Nintendo Switch Standard Edition,2026-03-14 03:42:16+00,1,True,Nintendo Switch,Title/platform heuristic,14.75,mbop_fifo
113-1852370-2627408,153722782019681,B00I9UVY30,1070891227,EA Sports 2014 FIFA World Cup Brazil - PlayStation 3,2026-02-14 21:54:31+00,1,True,PlayStation 3,Title/platform heuristic,17.47,inventorylab_legacy
113-1858991-5337805,147626221423881,B08GSP1HBM,1067108754,"Goosebumps: Dead of Night, Cosmic Forces - Nintendo Switch",2025-11-26 15:05:37+00,1,True,Nintendo Switch,Title/platform heuristic,14.49,mbop_fifo
113-1892882-8412208,146053005779801,B096WZFCHR,1070280034,Marvel's Guardians of the Galaxy - PlayStation 5,2025-11-11 15:38:19+00,1,True,PlayStation 5,Title/platform heuristic,17.95,mbop_fifo
113-1893490-8086612,144611719818241,B003VN0U1M,1064901508,Dora Big Birthday Adventure,2025-10-25 03:37:53+00,1,False,Unclassified,No reliable game match,6.50,inventorylab_legacy
113-1900689-8673832,144890053588721,B017W16ZUI,1070280044,Dragon Quest VIII: Journey of the Cursed King - Nintendo 3DS Standard Edition,2025-10-28 19:38:39+00,1,True,Nintendo 3DS,Title/platform heuristic,49.69,mbop_fifo
113-1901656-7429829,152969166188641,B01N03NM02,1058392679,"Harmony Good Dog Ceramic Dog Bowl, 1 Cup",2026-02-03 02:43:28+00,1,False,Unclassified,No reliable game match,5.99,inventorylab_legacy
113-1911231-8805017,143903820240961,B08GSP1HBM,1067108754,"Goosebumps: Dead of Night, Cosmic Forces - Nintendo Switch",2025-10-18 19:12:14+00,1,True,Nintendo Switch,Title/platform heuristic,14.99,mbop_fifo
113-1914372-5060213,161264214248241,B000FII8KQ,1070625053,Tekken 6,2026-06-01 22:29:38+00,1,True,PlayStation 3,Title/platform heuristic,24.66,inventorylab_legacy
113-1921818-3171446,158915475018841,B071Z6HJQY,1070474328,Portal Knights - Nintendo Switch,2026-04-29 18:48:33+00,1,True,Nintendo Switch,Title/platform heuristic,18.67,mbop_fifo
113-1925269-3625043,142288988801041,B0787NN56S,1070280050,Street Fighter 30th Anniversary Collection - Xbox One Standard Edition,2025-10-13 13:46:22+00,1,True,Xbox One,Title/platform heuristic,18.10,mbop_fifo
113-1941574-9496255,138955367029561,B007MM9E42,1034379408,Disney Epic Mickey 2: The Power of Two - Nintendo Wii,2025-09-11 17:47:25+00,1,True,Nintendo Wii,Title/platform heuristic,8.50,mbop_fifo
113-1942500-7067443,141928114939161,B07GVWXRBP,1069890507,Goosebumps The Game - Nintendo Switch,2025-10-09 17:40:12+00,1,True,Nintendo Switch,Title/platform heuristic,14.22,mbop_fifo
113-1942584-9007439,166433051626081,B01JCUV50W,1071453893,"Dead Rising 2 - Xbox One, Standard Edition [Xbox One]",2026-08-05 17:46:18+00,1,True,Xbox One,Title/platform heuristic,19.99,inventorylab_legacy
113-1955075-8079428,160952773729041,B01N03NM02,1058392679,"Harmony Good Dog Ceramic Dog Bowl, 1 Cup",2026-05-27 21:23:43+00,1,False,Unclassified,No reliable game match,5.99,inventorylab_legacy
113-1974707-7916269,153560967748601,B003S2JI6O,JS-1DC1-9X53,Wheel of Fortune,2026-02-12 19:16:54+00,1,True,Nintendo Wii,Title/platform heuristic,14.77,mbop_fifo
113-1984578-0854627,154387020047121,B077ZNDMST,1071133146,Wolfenstein II: The New Colossus - Nintendo Switch,2026-02-24 00:21:56+00,1,True,Nintendo Switch,Amazon product type,47.99,mbop_fifo
113-1995736-0881800,146158449081641,B08NMQNSX3,1068329365,Madden NFL 21 Next Level Edition - PlayStation 5,2025-11-13 02:17:33+00,1,True,PlayStation 5,Title/platform heuristic,7.19,mbop_fifo
113-2016713-7933067,161499640296681,B01N03NM02,1058392679,"Harmony Good Dog Ceramic Dog Bowl, 1 Cup",2026-06-04 13:47:53+00,1,False,Unclassified,No reliable game match,5.99,inventorylab_legacy
113-2017546-6641037,147767029645801,B096WVJ9Q4,1068329357,Marvel's Guardians of the Galaxy PlayStation 4 with Free Upgrade to the Digital PS5 Version,2025-11-28 03:20:03+00,1,True,PlayStation 4/PlayStation 5,Title/platform heuristic,15.95,mbop_fifo
113-2025434-6734605,147970665045561,B01GVN0D1U,1070474333,Resident Evil 7 Biohazard (Xbox One),2025-11-29 16:24:08+00,1,True,Xbox One,Title/platform heuristic,14.50,mbop_fifo
113-2050978-3699408,142597667888121,B00EFRN2IQ,1032600402,The Sims 4 - PC/Mac,2025-10-15 09:17:48+00,1,True,PC,Title/platform heuristic,20.00,mbop_fifo
113-2060673-7463467,145854400584121,B07GVWXRBP,1069890507,Goosebumps The Game - Nintendo Switch,2025-11-09 18:39:35+00,1,True,Nintendo Switch,Title/platform heuristic,19.49,mbop_fifo
113-2100863-7454641,157596215481521,B00YX0Z3XW,1071379574,Call of Duty: Black Ops III - Multiplayer Edition - PlayStation 3,2026-04-10 14:43:07+00,1,True,PlayStation 3,Title/platform heuristic,20.30,inventorylab_legacy
113-2129918-8762663,142065219977121,B0DHHM6BZ2,1070280186,LEGO Horizon Adventures,2025-10-11 01:46:22+00,1,False,Unclassified,No reliable game match,,missing
113-2161803-1073846,148262255574041,B09GJP8BPZ,1067108753,Fortnite Minty Legends Pack(code in Box),2025-12-02 03:16:08+00,1,True,Nintendo Switch,Title/platform heuristic,39.99,inventorylab_legacy
113-2168468-3373050,164048941933321,B09GCXZKBZ,1071379580,My Universe: Puppies and Kittens - PlayStation 4,2026-07-03 23:58:48+00,1,True,PlayStation 4,Title/platform heuristic,9.55,inventorylab_legacy
113-2181178-7569020,157304715422881,B00NGXUBR0,1071133139,Assassin's Creed: The Americas Collection - PlayStation 3 Standard Edition,2026-04-07 13:57:23+00,1,True,PlayStation 3,Title/platform heuristic,22.97,mbop_fifo
113-2184943-7152255,161805774472881,B003O6E986,1067108762,Forza 4,2026-06-07 12:53:06+00,1,True,Xbox 360,Title/platform heuristic,25.76,inventorylab_legacy
113-2187949-1637823,159755524209801,B07PBKLFWV,1071453883,Trine Ultimate Collection (PS4) - PlayStation 4,2026-05-12 14:41:49+00,1,True,PlayStation 4,Title/platform heuristic,38.73,inventorylab_legacy
113-2193155-8021014,143977531440721,B09YMP944F,1066393104,"Cora Organic Applicator Tampons | Super Absorbency | 100% Cotton Core, Unscented, BPA-Free Compact Applicator | Leak Protection, Easy Insertion and Re",2025-10-19 14:13:56+00,1,False,Unclassified,No reliable game match,7.65,mbop_fifo
113-2198450-3010618,146277780487081,B07RP42TMG,1070280052,Tom Clancy's Ghost Recon Breakpoint - Xbox One,2025-11-14 21:46:26+00,1,True,Xbox One,Title/platform heuristic,7.44,mbop_fifo
113-2215390-4009055,153143051542961,B000930DQ4,1070625051,Harry Potter and the Goblet of Fire - PlayStation 2,2026-02-05 04:34:57+00,1,True,PlayStation 2,Title/platform heuristic,16.96,inventorylab_legacy
113-2229828-4793846,145645824091001,B01N03NM02,1058392679,"Harmony Good Dog Ceramic Dog Bowl, 1 Cup",2025-11-07 18:08:52+00,1,False,Unclassified,No reliable game match,5.99,inventorylab_legacy
113-2234200-3025030,166145296407241,B01GKGVIDK,1026856831,Titanfall 2 Deluxe Edition - PlayStation 4 [PlayStation 4],2026-08-02 11:25:13+00,1,True,PlayStation 4,Title/platform heuristic,30.00,inventorylab_legacy
113-2247000-0202644,160042359742481,B0794QSXP5,1071133179,Dragon Ball Fighterz - Xbox One,2026-05-16 15:02:11+00,1,True,Xbox One,Title/platform heuristic,21.38,inventorylab_legacy
113-2250612-5781854,159247190321001,B08X8NTNYY,1064185632,Tony Hawk Pro Skater 1+2 - Xbox Series X Standard Edition,2026-05-05 16:00:00+00,1,True,Xbox Series X,Title/platform heuristic,16.44,inventorylab_legacy
113-2280463-7824209,160065237964881,B097PJX3Z9,1065946896,Shin Megami Tensei V: Steelbook Launch Edition - Nintendo Switch,2026-05-16 21:41:29+00,1,True,Nintendo Switch,Title/platform heuristic,,missing
113-2295458-1493067,146213756165121,B00GANWVJE,1070280029,The Legend of Zelda: A Link Between Worlds,2025-11-13 23:12:44+00,1,False,Unclassified,No reliable game match,28.00,mbop_fifo
113-2304417-9881801,146659873339201,B098V87FNX,1069890483,Among Us: Crewmate Edition (PS4) - PlayStation 4,2025-11-18 20:16:51+00,1,True,PlayStation 4,Title/platform heuristic,14.45,inventorylab_legacy
113-2332641-8309060,162112290846681,B07PK5MYPR,1068811428,Nintendo Labo Toy-Con 04: VR Kit - Starter Set + Blaster - Switch,2026-06-11 21:43:05+00,1,True,Nintendo Switch,Title/platform heuristic,,missing
113-2352456-5715448,155989640322441,B06XDN21W5,1031051552,Paradise Treasure Trove Brown White Football Coin Piggy Bank Sports Stitching,2026-03-16 23:57:40+00,1,False,Unclassified,No reliable game match,9.99,mbop_fifo
113-2365220-0714624,160143442891641,B08WWHTM61,1071283727,DC Super Hero Girls: Teen Power - Nintendo Switch,2026-05-18 01:34:31+00,1,True,Nintendo Switch,Title/platform heuristic,15.87,mbop_fifo
113-2385317-8690661,152298809718001,B0C9VW1KGR,1068811444,EA SPORTS FC 24 - Nintendo Switch,2026-01-24 04:18:44+00,1,True,Nintendo Switch,Title/platform heuristic,19.84,mbop_fifo
113-2389723-1431465,159090779789161,B003ZHMMEM,1028571825,Donkey Kong Country Returns,2026-05-02 22:04:20+00,1,True,Nintendo Wii,Title/platform heuristic,26.78,mbop_fifo
113-2394144-8957010,149203345564401,B07XGW61PX,1063375936,Plants Vs. Zombies: Battle for Neighborville - Xbox One,2025-12-12 03:21:09+00,1,True,Xbox One,Title/platform heuristic,13.87,inventorylab_legacy
113-2404707-2250628,159328740748441,B01G2E4DV4,1066393117,Birds Choice Oriole Feeder Replacement Cup,2026-05-06 15:51:07+00,1,False,Unclassified,No reliable game match,5.31,mbop_fifo
113-2425258-4481047,160040703705961,B08MXTDGN6,1068329361,Mass Effect Legendary Edition - PlayStation 4,2026-05-16 05:19:49+00,1,True,PlayStation 4,Title/platform heuristic,32.98,mbop_fifo
113-2429491-4757807,159832322484081,B0C7SM1W4K,1071379585,"Avatar: Frontiers of Pandora - Limited Edition, PlayStation 5",2026-05-13 16:51:04+00,1,True,PlayStation 5,Title/platform heuristic,22.99,mbop_fifo
113-2439292-9936267,159184769310001,B089F8V86C,1071517345,FIFA 21 Legacy Edition - Nintendo Switch,2026-05-04 12:03:45+00,1,True,Nintendo Switch,Title/platform heuristic,28.00,mbop_fifo
113-2440377-6829868,149161141251321,B07XGW61PX,1063375936,Plants Vs. Zombies: Battle for Neighborville - Xbox One,2025-12-11 18:11:40+00,1,True,Xbox One,Title/platform heuristic,13.87,inventorylab_legacy
113-2445748-3118657,164777064495241,B07HFMJ4R5,1068329410,Minecraft: Starter Collection - Xbox One [Xbox One],2026-07-15 16:40:41+00,1,True,Xbox One,Title/platform heuristic,23.49,inventorylab_legacy
113-2466347-2468206,154888316562841,B0038TT8QM,1070891240,Sid Meier's Civilization V - PC,2026-03-01 20:59:51+00,1,True,PC,Title/platform heuristic,10.20,mbop_fifo
113-2469701-3653846,167847284326961,B000FII8KQ,1070625053,Tekken 6 [PlayStation 3],2026-08-23 16:44:03+00,1,True,PlayStation 3,Title/platform heuristic,24.66,inventorylab_legacy
113-2490800-6613844,159959919713281,B08DD5559K,1057774272,Minecraft Dungeons: Hero Edition - Xbox Series X & Xbox One,2026-05-15 01:57:13+00,1,True,Xbox Series X/Xbox One,Title/platform heuristic,18.25,inventorylab_legacy
113-2513734-5051416,149363231794721,B01NAGTKX3,1068866833,Crash Bandicoot N. Sane Trilogy - PlayStation 4 Standard Edition,2025-12-13 06:50:20+00,1,True,PlayStation 4,Title/platform heuristic,23.50,mbop_fifo
113-2518953-9678615,149874905474361,B09FCXXGT5,1068811453,Big Brain Academy: Brain vs. Brain - Nintendo Switch,2025-12-19 17:41:14+00,1,True,Nintendo Switch,Title/platform heuristic,26.09,mbop_fifo
113-2529719-1156245,153268585072281,B07CDSX3Z5,1070474335,Spyro Reignited Trilogy - Xbox One,2026-02-07 15:02:23+00,1,True,Xbox One,Title/platform heuristic,12.50,inventorylab_legacy
113-2544392-4846653,160789713880281,B00ZJ211Q6,1071517336,Destiny: The Taken King - Legendary Edition - Xbox One,2026-05-26 06:36:30+00,1,True,Xbox One,Title/platform heuristic,12.51,inventorylab_legacy
113-2551124-1469055,155227895221721,B002I0K3M0,1036663415,Nintendo Land,2026-03-05 22:28:33+00,1,False,Unclassified,No reliable game match,19.34,inventorylab_legacy
113-2580085-9745859,150212948378961,B0BPPQWQW2,1069286282,Diablo IV - PlayStation 4,2025-12-23 17:27:33+00,1,True,PlayStation 4,Title/platform heuristic,16.66,mbop_fifo
113-2592776-7833058,147941643050681,B07S5BRQX4,1070280038,Killer Queen Black - Nintendo Switch,2025-11-29 09:36:45+00,1,True,Nintendo Switch,Title/platform heuristic,24.68,mbop_fifo
113-2601209-7019463,160521088182241,B00HD4R5WC,1070891189,Metal Gear Solid V: Ground Zeroes - Xbox One Standard Edition,2026-05-21 22:46:48+00,1,True,Xbox One,Title/platform heuristic,20.37,mbop_fifo
113-2601391-6005059,151912416700521,B01AC3ZD06,1048894668,Nintendo Selects: Super Mario 3D World - Wii U Standard Edition,2026-01-17 18:25:44+00,1,True,Nintendo Wii U,Title/platform heuristic,15.71,mbop_fifo
113-2633304-4797055,157591960485441,B0C8VHKLTM,1071283730,Persona 5 Tactica - Nintendo Switch,2026-04-10 13:43:29+00,1,True,Nintendo Switch,Title/platform heuristic,19.71,mbop_fifo
113-2642637-1972242,151586674659361,B0BPPQWQW2,1069286282,Diablo IV - PlayStation 4,2026-01-12 16:58:32+00,1,True,PlayStation 4,Title/platform heuristic,16.66,mbop_fifo
113-2651788-9278659,160361882443681,B0014FMHDS,1071283714,Kung Fu Panda - Playstation 3,2026-05-20 06:59:56+00,1,True,PlayStation 3,Title/platform heuristic,21.77,inventorylab_legacy
113-2671528-0929816,148006917105961,B01GVN0D1U,1070474333,Resident Evil 7 Biohazard (Xbox One),2025-11-29 22:35:43+00,1,True,Xbox One,Title/platform heuristic,14.50,mbop_fifo
113-2683535-1180236,158665588738721,B09GCPH2HR,1071133143,Beyond A Steel Sky: Beyond A SteelBook Edition (PS5),2026-04-27 15:15:57+00,1,True,PlayStation 5,Title/platform heuristic,16.43,inventorylab_legacy
113-2684317-8489861,162780399706601,B002I0K3M0,1036663415,Nintendo Land,2026-06-19 10:48:07+00,1,False,Unclassified,No reliable game match,19.34,inventorylab_legacy
113-2690008-0226628,159636072230481,B0794QSXP5,1071133179,Dragon Ball Fighterz - Xbox One,2026-05-11 13:08:53+00,1,True,Xbox One,Title/platform heuristic,21.38,inventorylab_legacy
113-2692100-6112203,145915032405521,B07DF43L23,1053914224,Starlink Battle for Atlas - Nintendo Switch Starter Edition,2025-11-10 17:24:39+00,1,True,Nintendo Switch,Title/platform heuristic,20.68,mbop_fifo
113-2704428-6597841,152678563448601,B00FS2XRIC,1028912086,Kingdom Hearts HD 2.5 ReMIX Limited Edition,2026-01-29 11:57:50+00,1,False,Unclassified,No reliable game match,32.05,mbop_fifo
113-2727556-4261818,142027243086601,B0B57TXPTH,1070280031,PAC-MAN World Re-PAC - PlayStation 4,2025-10-10 20:20:09+00,1,True,PlayStation 4,Title/platform heuristic,14.92,inventorylab_legacy
113-2739702-3270617,163953936423841,B01MTJ0TA9,1029946683,Mass Effect Andromeda Deluxe - PlayStation 4,2026-07-02 16:23:52+00,1,True,PlayStation 4,Title/platform heuristic,,missing
113-2775491-4197808,159068393042361,B01N54QSH6,1052907525,"Harmony Good Dog Ceramic Dog Bowl, 3 Cups",2026-05-02 16:30:13+00,1,False,Unclassified,No reliable game match,7.99,mbop_fifo
113-2811686-0001811,141643758730561,B017W16ZNA,1068811468,Bravely Second: End Layer - Nintendo 3DS,2025-10-07 21:15:00+00,1,True,Nintendo 3DS,Title/platform heuristic,25.15,inventorylab_legacy
113-2821991-5383435,158631609551921,B016KAKD7S,1030912249,"18"" Bendable Muslin DollNew by: CC",2026-04-26 23:22:44+00,1,False,Unclassified,No reliable game match,8.99,inventorylab_legacy
113-2845847-7733048,160679980134321,B0CTKX44NG,1069286305,MLB The Show 24 - Nintendo Switch,2026-05-24 17:43:46+00,1,True,Nintendo Switch,Title/platform heuristic,30.35,mbop_fifo
113-2865479-9009024,142281138449121,B0B3GHCTQB,1069286280,Call of Duty: Modern Warfare II - PlayStation 4,2025-10-13 14:49:20+00,1,True,PlayStation 4,Title/platform heuristic,22.10,mbop_fifo
113-2865742-6773817,157775093017641,B01N54QSH6,1052907525,"Harmony Good Dog Ceramic Dog Bowl, 3 Cups",2026-04-13 17:02:43+00,1,False,Unclassified,No reliable game match,7.99,mbop_fifo
113-2871787-3918615,148033426632521,B00KLMOY4K,1048220574,Plants vs Zombies Garden Warfare(Online Play Required) - PlayStation 4,2025-11-30 04:08:05+00,1,True,PlayStation 4,Title/platform heuristic,12.50,inventorylab_legacy
113-2883647-1166640,155675439422521,B072QG6SWN,1070891186,FIFA 18 Ronaldo Edition - Xbox One,2026-03-11 21:02:52+00,1,True,Xbox One,Title/platform heuristic,14.00,mbop_fifo
113-2889681-4325826,139460501319001,B01LDFGIT2,1058619763,Livewire Advantage Instrument Cable 10 ft. Black,2025-09-17 01:27:29+00,1,False,Unclassified,No reliable game match,10.48,inventorylab_legacy
113-2895402-5810651,168477792951761,B0BRNY8987,1069288408,The Witcher 3: Wild Hunt Complete Edition - Xbox Series X [Xbox Series X],2026-08-31 13:36:10+00,1,True,Xbox Series X,Title/platform heuristic,21.00,inventorylab_legacy
113-2929873-6286630,164114982434401,B01K63R7EW,CL-3FZI-8LNN,Destiny The Collection - Xbox One Standard Edition,2026-07-05 07:32:04+00,1,True,Xbox One,Title/platform heuristic,,missing
113-2943505-3770669,146565915282241,B07HFMJ4R5,1068329410,Minecraft: Starter Collection - Xbox One,2025-11-17 23:56:46+00,1,True,Xbox One,Title/platform heuristic,23.49,inventorylab_legacy
113-2959116-2413815,144102507166321,B07DDD9CPN,1041418871,Just Dance 2019 - Wii Standard Edition,2025-10-20 20:14:50+00,1,True,Nintendo Wii,Title/platform heuristic,27.80,inventorylab_legacy
113-2978364-1732269,156888244967481,B005EHAFTA,1059113393,Advance Tabco K-00 Faucet Repair Kit,2026-03-31 13:52:02+00,1,False,Unclassified,No reliable game match,45.00,mbop_fifo
113-3002591-8720206,154357521385481,B0B94SHMRP,1068329416,Dead Island 2: Day 1 Edition - PlayStation 4,2026-02-23 15:22:29+00,1,True,PlayStation 4,Title/platform heuristic,13.14,mbop_fifo
113-3003928-7360220,159136890247841,B071Y1RXHG,1064185802,Star Wars Battlefront II - Xbox One,2026-05-03 21:48:19+00,1,True,Xbox One,Title/platform heuristic,15.26,mbop_fifo
113-3017607-6835459,148853169512681,B07SMBNTSJ,1070280046,Elden Ring - Xbox Series X,2025-12-08 21:04:29+00,1,True,Xbox Series X,Title/platform heuristic,24.00,mbop_fifo
113-3023150-7935421,157633037524921,B001D8PFIK,1044639018,Sonic and the Black Knight - Nintendo Wii,2026-04-11 06:19:13+00,1,True,Nintendo Wii,Title/platform heuristic,30.27,mbop_fifo
113-3069424-4919467,153712475296441,B0B94SHMRP,1068329416,Dead Island 2: Day 1 Edition - PlayStation 4,2026-02-14 18:32:58+00,1,True,PlayStation 4,Title/platform heuristic,19.99,mbop_fifo
113-3082663-8677022,153838730380081,B08WWQ382K,1057421100,"La Blanca Women's Rouched Body Lingerie Mio One Piece Swimsuit, White/Linea Costa, 10",2026-02-17 02:10:56+00,1,False,Unclassified,No reliable game match,29.37,mbop_fifo
113-3089991-2183463,151945520988761,B07S5BRQX4,1070280038,Killer Queen Black - Nintendo Switch,2026-01-18 04:04:37+00,1,True,Nintendo Switch,Title/platform heuristic,22.00,mbop_fifo
113-3116371-8690602,164350268324961,B01N54QSH6,1052907525,"Harmony Good Dog Ceramic Dog Bowl, 3 Cups",2026-07-09 00:48:53+00,1,False,Unclassified,No reliable game match,,missing
113-3121878-9341029,138925605139721,B07H4DZD1B,1065946885,NBA 2K Playgrounds 2 - Nintendo Switch,2025-09-11 16:17:59+00,1,True,Nintendo Switch,Title/platform heuristic,24.62,mbop_fifo
113-3123227-7873021,167403785397841,B072JY7NX5,ZU-L43O-EVLC,Wolfenstein II: The New Colossus - PlayStation 4 [PlayStation 4],2026-08-18 14:31:15+00,1,True,PlayStation 4,Title/platform heuristic,,missing
113-3131944-5009827,161833714804201,B005VBVQDI,1071047158,Devil May Cry HD Collection - Playstation 3,2026-06-07 18:36:58+00,1,True,PlayStation 3,Title/platform heuristic,22.99,inventorylab_legacy
113-3133071-8123423,138492520629561,B0062KIC2A,1069286313,Take 2 GTA V Grand Theft Auto 5 Xbox 360,2025-09-06 21:22:06+00,1,True,Xbox 360,Title/platform heuristic,14.24,mbop_fifo
113-3142346-4438636,146938213693641,B098Y94S29,1064186291,NBA 2K22 - PlayStation 4,2025-11-21 05:42:13+00,1,True,PlayStation 4,Title/platform heuristic,13.62,mbop_fifo
113-3165116-6919419,149117985864201,B07XGW61PX,1063375936,Plants Vs. Zombies: Battle for Neighborville - Xbox One,2025-12-11 02:34:03+00,1,True,Xbox One,Title/platform heuristic,13.87,inventorylab_legacy
113-3176993-9684227,149279577852321,B07XGW61PX,1063375936,Plants Vs. Zombies: Battle for Neighborville - Xbox One,2025-12-12 10:11:52+00,1,True,Xbox One,Title/platform heuristic,13.87,inventorylab_legacy
113-3178802-3772269,159090805277481,B01G2E4DV4,1066393117,Birds Choice Oriole Feeder Replacement Cup,2026-05-02 23:11:24+00,1,False,Unclassified,No reliable game match,4.09,mbop_fifo
113-3183904-4018632,153708307794041,B01GKH5QMI,1039345844,FIFA 17 - PlayStation 3,2026-02-14 17:39:18+00,1,True,PlayStation 3,Title/platform heuristic,17.88,mbop_fifo
113-3184925-4977846,146531856092561,B09D643D8F,1064901190,Call of Duty: Vanguard,2025-11-17 15:29:23+00,1,True,PlayStation 5,Title/platform heuristic,22.99,mbop_fifo
113-3203357-0747468,151808028256361,B07ZWBF157,1070891176,Doom Slayers Collection - PlayStation 4 Standard Edition,2026-01-16 09:17:25+00,1,True,PlayStation 4,Title/platform heuristic,29.37,mbop_fifo
113-3208201-7381004,166059513739721,B00DHF39KS,RI-PBEM-71IY,Wolfenstein: The New Order - PlayStation 4 [PlayStation 4],2026-08-01 01:10:49+00,1,True,PlayStation 4,Title/platform heuristic,25.32,inventorylab_legacy
113-3216030-0700260,147472601360641,B0B9XFCXSG,1063162591,Taos Footwear Women's Captain Brown Boot 11-11.5 (M) US,2025-11-25 14:27:04+00,1,False,Unclassified,No reliable game match,58.29,mbop_fifo
113-3218410-1016211,159201211681801,B004FUI84G,1070891178,Prototype 2 PS3 - PlayStation 3,2026-05-04 23:23:33+00,1,True,PlayStation 3,Title/platform heuristic,19.91,mbop_fifo
113-3220798-8374616,165435292951481,B08NDYPWK7,1056263472,DEATHLOOP Standard Edition - PlayStation 5 [PlayStation 5],2026-07-24 10:45:15+00,1,True,PlayStation 5,Title/platform heuristic,14.29,inventorylab_legacy
113-3231536-2735412,154371252530601,B08DWJDY9S,1070891206,Atelier Ryza 2: Lost Legends & The Secret Fairy - Nintendo Switch,2026-02-23 18:28:19+00,1,True,Nintendo Switch,Title/platform heuristic,36.00,mbop_fifo
113-3253917-9140226,159089706659241,B07SL77MHX,1068811473,No More Heroes 3,2026-05-03 01:28:19+00,1,False,Unclassified,No reliable game match,17.50,inventorylab_legacy
113-3258778-8960260,148545746395441,B0086V5UEG,T3-947R-WAMU,Just Dance 4,2025-12-04 23:13:20+00,1,False,Unclassified,No reliable game match,10.15,mbop_fifo
113-3264428-4885034,157781810414841,B005EHAFTA,1059113393,Advance Tabco K-00 Faucet Repair Kit,2026-04-13 19:46:26+00,1,False,Unclassified,No reliable game match,45.00,mbop_fifo
113-3268031-0280248,159602378849081,B07YZ4QVZY,1068949078,Sniper Ghost Warrior: Contracts PS4,2026-05-10 21:02:27+00,1,True,PlayStation 4,Title/platform heuristic,14.00,inventorylab_legacy
113-3283455-8069823,156675876767161,B07ZWBF157,1070891176,Doom Slayers Collection - PlayStation 4 Standard Edition,2026-03-28 04:26:58+00,1,True,PlayStation 4,Title/platform heuristic,30.37,mbop_fifo
113-3288771-7678651,154403918684001,B07DJZB39M,1049720487,Kingdom Hearts III - PlayStation 4 Deluxe Edition,2026-02-24 03:31:09+00,1,True,PlayStation 4,Title/platform heuristic,50.00,mbop_fifo
113-3305838-6901860,158985566471401,B00CD90R72,1071133160,FIFA 14 - Playstation 3,2026-04-30 03:27:58+00,1,True,PlayStation 3,Title/platform heuristic,8.67,mbop_fifo
113-3307995-1986658,148049139982721,B09GJP8BPZ,1067108753,Fortnite Minty Legends Pack(code in Box),2025-11-30 08:12:15+00,1,True,Nintendo Switch,Title/platform heuristic,39.99,inventorylab_legacy
113-3309169-9718616,160476369572001,B00WOK8YX4,VI-S22X-ODGM,Middle Earth: Shadow of Mordor Game of the Year - PlayStation 4,2026-05-21 19:58:27+00,1,True,PlayStation 4,Title/platform heuristic,35.76,mbop_fifo
113-3316335-6773043,146298641502321,B07HFMJ4R5,1068329410,Minecraft: Starter Collection - Xbox One,2025-11-15 03:19:33+00,1,True,Xbox One,Title/platform heuristic,23.49,inventorylab_legacy
113-3334226-3585065,149880432453001,B082QL63JB,1037691479,Fast & Furious Crossroads - Xbox One,2025-12-19 19:46:15+00,1,True,Xbox One,Title/platform heuristic,,missing
113-3366963-3529064,159020348000401,B09GJP8BPZ,1067108753,Fortnite Minty Legends Pack(code in Box),2026-05-01 19:05:05+00,1,True,Nintendo Switch,Title/platform heuristic,39.99,inventorylab_legacy
113-3382074-8997832,165602994866081,B0794QSXP5,1071133179,Dragon Ball Fighterz - Xbox One [Xbox One],2026-07-26 19:09:15+00,1,True,Xbox One,Title/platform heuristic,21.38,inventorylab_legacy
113-3390757-7173828,154870173056001,B00FM5IY4W,1063375943,Forza Motorsport 5,2026-03-01 17:27:40+00,1,True,Xbox One,Title/platform heuristic,27.18,mbop_fifo
113-3398846-7477067,165378559519241,B004FUI84G,1070891178,Prototype 2 PS3 - PlayStation 3 [PlayStation 3],2026-07-24 04:21:55+00,1,True,PlayStation 3,Title/platform heuristic,,missing
113-3405636-9147404,158738633305561,B0131M671Y,1048719624,Just Dance Disney Party 2 - Xbox 360 Standard Edition,2026-04-28 18:29:45+00,1,True,Xbox 360,Title/platform heuristic,9.99,mbop_fifo
113-3411540-2697837,155979060851481,B000WPY4OG,1071047187,NCAA March Madness 08 - Xbox 360,2026-03-16 22:30:05+00,1,True,Xbox 360,Title/platform heuristic,23.00,mbop_fifo
113-3452411-5697023,142243024918401,B0B5B7BMSP,1064186124,NBA 2K23 - PlayStation 5,2025-10-13 01:58:57+00,1,True,PlayStation 5,Title/platform heuristic,9.99,mbop_fifo
113-3473741-0708202,159270023758761,B00CD90R72,1071133160,FIFA 14 - Playstation 3,2026-05-06 03:57:01+00,1,True,PlayStation 3,Title/platform heuristic,8.67,mbop_fifo
113-3505035-7120267,152976709782001,B006ZPAYMI,1068811430,Kinect Rush: A Disney Pixar Adventure - Xbox 360,2026-02-03 04:58:55+00,1,True,Xbox 360,Title/platform heuristic,22.32,inventorylab_legacy
113-3541363-4413841,159625348545681,B0053BQU4G,1043024837,WWE '12,2026-05-11 07:52:28+00,1,False,Unclassified,No reliable game match,22.65,mbop_fifo
113-3542336-1000261,142825570172761,B07DF43L23,1053914224,Starlink Battle for Atlas - Nintendo Switch Starter Edition,2025-10-17 00:36:52+00,1,True,Nintendo Switch,Title/platform heuristic,20.68,mbop_fifo
113-3543085-0157844,150222637035041,B0BPPQWQW2,1069286282,Diablo IV - PlayStation 4,2025-12-23 21:44:47+00,1,True,PlayStation 4,Title/platform heuristic,16.66,mbop_fifo
113-3561785-9319418,154069486329921,B098Y96VKP,1068329369,NBA 2K22 for Nintendo Switch,2026-02-19 12:46:16+00,1,True,Nintendo Switch,Title/platform heuristic,14.23,inventorylab_legacy
113-3576402-1417843,153937087990281,B0CNDGN7DL,1070474322,Suicide Squad: Kill the Justice League Deluxe Edition - PlayStation 5,2026-02-17 21:18:48+00,1,True,PlayStation 5,Title/platform heuristic,35.00,mbop_fifo
113-3585053-5113831,148311470432281,B08S2Y128Z,1055009413,The Last Kids On Earth and the Staff of Doom - PlayStation 4,2025-12-02 19:00:38+00,1,True,PlayStation 4,Title/platform heuristic,15.02,inventorylab_legacy
113-3585572-2625010,157771793234041,B005EHAFTA,1059113393,Advance Tabco K-00 Faucet Repair Kit,2026-04-13 15:39:31+00,1,False,Unclassified,No reliable game match,45.00,mbop_fifo
113-3597943-1213035,156818126459201,B09YD56K12,1071283723,Way of the Hunter - PlayStation 5,2026-03-30 10:03:45+00,1,True,PlayStation 5,Title/platform heuristic,15.30,inventorylab_legacy
113-3629344-4189825,141668234360161,B08GR4QMC9,1068002510,Call of Duty: Black Ops Cold War (PS4),2025-10-08 00:07:13+00,1,True,PlayStation 4,Title/platform heuristic,20.00,mbop_fifo
113-3631091-9865016,142615678900081,B00EFRN2IQ,1032600402,The Sims 4 - PC/Mac,2025-10-15 10:05:17+00,1,True,PC,Title/platform heuristic,20.00,mbop_fifo
113-3649416-8117865,161279089382601,B00D8S4GNS,1035888642,Just Dance 2014 - Xbox 360,2026-06-02 02:19:12+00,1,True,Xbox 360,Title/platform heuristic,13.99,inventorylab_legacy
113-3655447-3129822,147257249541121,B0748XK1KM,1058203076,The Sims 4 - PlayStation 4,2025-11-24 21:23:50+00,1,True,PlayStation 4,Amazon product type,17.27,mbop_fifo
113-3661296-1057829,167950549077481,B005EW6BU2,1070891203,Monster High: Ghoul Spirit - Nintendo Wii [Nintendo Wii],2026-08-24 13:39:38+00,1,True,Nintendo Wii,Title/platform heuristic,,missing
113-3689248-6409036,168284249969841,B07CDSX3Z5,1070474335,Spyro Reignited Trilogy - Xbox One [Xbox One],2026-08-28 19:21:55+00,1,True,Xbox One,Title/platform heuristic,12.50,inventorylab_legacy
113-3695525-2831445,160524239068281,B00I9UVY30,1070891227,EA Sports 2014 FIFA World Cup Brazil - PlayStation 3,2026-05-22 01:36:00+00,1,True,PlayStation 3,Title/platform heuristic,17.47,inventorylab_legacy
113-3699292-8723456,158013391304401,B0CW1NRMPZ,1071379604,MX vs ATV Legends - 2024 Monster Energy Supercross Edition - Xbox Seris X,2026-04-17 19:02:36+00,1,True,Xbox,Title/platform heuristic,12.60,mbop_fifo
113-3702184-3240201,142216759539361,B00B98HBTA,1044638476,Lego: Marvel Super Heroes - PlayStation 3,2025-10-12 21:04:50+00,1,True,PlayStation 3,Title/platform heuristic,17.00,mbop_fifo
113-3705499-4126643,149000429494361,B09C1167RV,1068329432,Street Outlaws 2: Winner Takes All (Xbox Series X/),2025-12-09 19:01:51+00,1,True,Xbox Series X,Title/platform heuristic,12.00,mbop_fifo
113-3709409-5712217,152393030820881,B01N54QSH6,1052907525,"Harmony Good Dog Ceramic Dog Bowl, 3 Cups",2026-01-25 22:28:03+00,1,False,Unclassified,No reliable game match,7.99,mbop_fifo
113-3714228-7051427,162482680193441,B001IX4CM0,1071290895,Trivial Pursuit - Nintendo Wii,2026-06-16 19:20:13+00,1,True,Nintendo Wii,Title/platform heuristic,11.04,inventorylab_legacy
113-3721387-9852260,159930229614001,B00CD90R72,1071133160,FIFA 14 - Playstation 3,2026-05-14 21:11:49+00,1,True,PlayStation 3,Title/platform heuristic,8.67,mbop_fifo
113-3722894-6317835,162439242508241,B072MK1CL1,1068329355,Code Vein - PlayStation 4,2026-06-15 23:09:08+00,1,True,PlayStation 4,Title/platform heuristic,,missing
113-3730181-0011442,148991092949921,B075MSL3BV,1047886637,ARK: Survival Evolved - Xbox One,2025-12-09 15:42:09+00,1,True,Xbox One,Title/platform heuristic,17.50,inventorylab_legacy
113-3757522-5421867,144318772551921,B088HYTLRG,1066664795,Tony Hawk's Pro Skater 1 + 2 - Xbox One,2025-10-23 01:58:53+00,1,True,Xbox One,Title/platform heuristic,8.18,mbop_fifo
113-3757537-8295445,160601486863681,B002I0K3M0,1036663415,Nintendo Land,2026-05-23 07:35:07+00,1,False,Unclassified,No reliable game match,19.34,inventorylab_legacy
113-3757686-5800229,141909426755041,B07BY4CHNY,1069890455,Spyro Trilogy Reignited (Xbox One),2025-10-09 14:07:36+00,1,True,Xbox One,Title/platform heuristic,10.96,mbop_fifo
113-3772646-4276264,157009016330801,B08MXTDGN6,1068329361,Mass Effect Legendary Edition - PlayStation 4,2026-04-02 06:55:40+00,1,True,PlayStation 4,Title/platform heuristic,32.00,mbop_fifo
113-3785107-5050618,147220967887481,B074RYSTNS,1031051620,"Chevrolet 20"" Genuine Distressed Vintage Style Bowtie Chevy Red White and Blue American Flag Oval Metal Embossed Sign",2025-11-24 12:32:27+00,1,False,Unclassified,No reliable game match,12.99,inventorylab_legacy
113-3787497-0357859,148335135782481,B0BSNX28Y4,1068811441,Minecraft Legends Deluxe Edition: Xbox Series X and Xbox One,2025-12-03 02:52:01+00,1,True,Xbox Series X/Xbox One,Title/platform heuristic,17.10,inventorylab_legacy
113-3804810-2068232,157494204166881,B01G2E4DV4,1066393117,Birds Choice Oriole Feeder Replacement Cup,2026-04-09 17:52:15+00,2,False,Unclassified,No reliable game match,8.18,mbop_fifo
113-3806558-4304247,159242058704121,B097PJX3Z9,1065946896,Shin Megami Tensei V: Steelbook Launch Edition - Nintendo Switch,2026-05-05 06:37:13+00,1,True,Nintendo Switch,Title/platform heuristic,22.75,mbop_fifo
113-3811528-7235430,165824932589801,B0030GBU2I,1070891232,Prince of Persia: The Forgotten Sands - Playstation 3 [PlayStation 3],2026-07-30 00:25:26+00,1,True,PlayStation 3,Title/platform heuristic,15.99,inventorylab_legacy
113-3842617-1943420,157220684019961,B08MG4PK68,1071283749,Hitman 3 for Xbox One & Xbox Series X,2026-04-06 00:23:56+00,1,True,Xbox Series X/Xbox One,Title/platform heuristic,24.42,mbop_fifo
113-3845403-4985801,148134532351401,B007MM9E42,1034379408,Disney Epic Mickey 2: The Power of Two - Nintendo Wii,2025-12-01 02:37:46+00,1,True,Nintendo Wii,Title/platform heuristic,10.00,mbop_fifo
113-3854090-3118639,159812908365161,B0BDT4CQJD,1068811463,Fortnite - Anime Legends- PlayStation 4,2026-05-13 04:37:24+00,1,True,PlayStation 4,Title/platform heuristic,29.74,inventorylab_legacy
113-3854549-1804207,155347611478321,B002I0K3M0,1036663415,Nintendo Land,2026-03-07 04:05:35+00,1,False,Unclassified,No reliable game match,19.34,inventorylab_legacy
113-3874178-5916238,142705561835681,B07D767FMV,1056263378,Battlefield V - PlayStation 4,2025-10-15 23:24:04+00,1,True,PlayStation 4,Title/platform heuristic,19.99,inventorylab_legacy
113-3874865-1585004,148019406439801,B096WVGQMJ,1053589872,Marvel's Guardians of the Galaxy - Xbox Series X/Xbox One,2025-11-30 01:21:07+00,1,True,Xbox Series X/Xbox One,Title/platform heuristic,15.61,mbop_fifo
113-3889665-6503442,159087197196761,B01G2E4DV4,1066393117,Birds Choice Oriole Feeder Replacement Cup,2026-05-03 00:37:09+00,1,False,Unclassified,No reliable game match,5.31,mbop_fifo
113-3893336-4166636,165302860819681,B003O6E986,1067108762,Forza 4 [Xbox 360],2026-07-22 21:13:22+00,1,True,Xbox 360,Title/platform heuristic,25.76,inventorylab_legacy
113-3900086-3097025,159236147260081,B01G2E4DV4,1066393117,Birds Choice Oriole Feeder Replacement Cup,2026-05-05 15:54:40+00,1,False,Unclassified,No reliable game match,5.31,mbop_fifo
113-3927186-5360209,162812967574921,B01BYDV5M8,HY-NVG6-LCCH,Pokemon Rumble World - Nintendo 3DS Standard Edition,2026-06-20 01:32:32+00,1,True,Nintendo 3DS,Title/platform heuristic,28.66,inventorylab_legacy
113-3940377-4237026,159761235260321,B08GR2SCLF,1071283722,Puyo Puyo Tetris 2: Launch Edition - PlayStation 5,2026-05-12 18:37:23+00,1,True,PlayStation 5,Title/platform heuristic,13.06,mbop_fifo
113-3956551-2198649,144861106344881,B005N4HBE6,1070280071,Red Dead Redemption: Game of the Year Edition - Xbox One and Xbox 360,2025-10-28 03:20:54+00,1,True,Xbox One/Xbox 360,Title/platform heuristic,39.80,mbop_fifo
113-3973654-0710661,149321382034601,B075MSL3BV,1047886637,ARK: Survival Evolved - Xbox One,2025-12-12 20:00:42+00,1,True,Xbox One,Title/platform heuristic,17.50,inventorylab_legacy
113-3990368-6969054,141840914989921,B07HFMJ4R5,1068329410,Minecraft: Starter Collection - Xbox One,2025-10-09 00:55:40+00,1,True,Xbox One,Title/platform heuristic,23.49,inventorylab_legacy
113-3999915-4126651,157485950309001,B09MZQ84SR,1071379587,GRID Legends (PS5),2026-04-09 16:13:27+00,1,True,PlayStation 5,Title/platform heuristic,30.77,mbop_fifo
113-4000223-6411413,150816502293801,B01FEHJYUU,1063376478,Sid Meier's Civilization VI - PC,2026-01-02 19:44:20+00,1,True,PC,Title/platform heuristic,9.32,mbop_fifo
113-4002988-0982615,156024616806001,B008J16AG0,1034379345,The Hip Hop Dance Experience - Nintendo Wii,2026-03-17 16:35:03+00,1,True,Nintendo Wii,Title/platform heuristic,28.47,mbop_fifo
113-4011843-4705040,148147497780441,B096WVGQMJ,1053589872,Marvel's Guardians of the Galaxy - Xbox Series X/Xbox One,2025-12-01 05:33:17+00,1,True,Xbox Series X/Xbox One,Title/platform heuristic,16.95,mbop_fifo
113-4024887-9561043,164199344120681,B096HSJ6PJ,1071517346,Battlefield 2042 - PlayStation 5,2026-07-07 02:21:11+00,1,True,PlayStation 5,Title/platform heuristic,,missing
113-4038409-9255411,156833519831121,B00A39IEMY,1071283706,The Sims 3 University Life,2026-03-30 16:38:37+00,1,False,Unclassified,No reliable game match,9.99,mbop_fifo
113-4039144-6054642,146267464149801,B0026IUSXI,1034379323,Toy Story Mania! - Nintendo Wii,2025-11-14 20:39:00+00,1,True,Nintendo Wii,Title/platform heuristic,15.00,mbop_fifo
113-4044813-6490612,145891813161601,B0B3GHCTQB,1069286280,Call of Duty: Modern Warfare II - PlayStation 4,2025-11-10 08:12:27+00,1,True,PlayStation 4,Title/platform heuristic,22.10,mbop_fifo
113-4058726-5752247,157637215584401,B01E6239QY,1049720080,NBA 2K17 - Early Tip Off Edition - Xbox One,2026-04-11 03:59:03+00,1,True,Xbox One,Title/platform heuristic,14.64,inventorylab_legacy
113-4061066-8098625,142698596326561,B09D643D8F,1064901190,Call of Duty: Vanguard,2025-10-15 21:23:27+00,1,True,PlayStation 5,Title/platform heuristic,22.84,mbop_fifo
113-4076921-0621001,156849377991921,B07CDSX3Z5,1070474335,Spyro Reignited Trilogy - Xbox One,2026-03-30 21:11:40+00,1,True,Xbox One,Title/platform heuristic,12.50,inventorylab_legacy
113-4079407-0742646,156788640708921,B0CTKWX9PW,1071283758,MLB The Show 24 - Xbox Series X (For Series X only),2026-03-29 23:09:12+00,1,True,Xbox Series X,Title/platform heuristic,9.99,mbop_fifo
113-4086223-1289866,157242423488121,B0C8VHKLTM,1071283730,Persona 5 Tactica - Nintendo Switch,2026-04-06 12:17:05+00,1,True,Nintendo Switch,Title/platform heuristic,19.71,mbop_fifo
113-4090188-9295428,142546261879521,B09YMP944F,1066393104,"Cora Organic Applicator Tampons | Super Absorbency | 100% Cotton Core, Unscented, BPA-Free Compact Applicator | Leak Protection, Easy Insertion and Re",2025-10-14 23:53:55+00,1,False,Unclassified,No reliable game match,7.65,mbop_fifo
113-4092826-1285041,158772448396601,B074RYSTNS,1031051620,"Chevrolet 20"" Genuine Distressed Vintage Style Bowtie Chevy Red White and Blue American Flag Oval Metal Embossed Sign",2026-04-29 03:39:02+00,1,False,Unclassified,No reliable game match,12.99,inventorylab_legacy
113-4111701-8939459,140654200235961,B08HTP8BKG,1069890501,Riders Republic PlayStation 5 Standard Edition,2025-09-27 12:50:38+00,1,True,PlayStation 5,Title/platform heuristic,14.83,mbop_fifo
113-4123012-3881060,161281037647841,B09W39YNQV,1071453888,Teenage Mutant Ninja Turtles Cowabunga Collection NSW,2026-06-02 04:35:32+00,1,False,Unclassified,No reliable game match,17.10,inventorylab_legacy
113-4124648-3401049,159600767983001,B01N03NM02,1058392679,"Harmony Good Dog Ceramic Dog Bowl, 1 Cup",2026-05-10 22:03:00+00,1,False,Unclassified,No reliable game match,5.99,inventorylab_legacy
113-4126817-2355401,148780618097921,B0B6JQHB4P,1063376893,FIFA 23 - PlayStation 4,2025-12-07 23:58:03+00,1,True,PlayStation 4,Title/platform heuristic,19.99,mbop_fifo
113-4128664-8547454,165439904518521,B096WZFCHR,1070280034,Marvel's Guardians of the Galaxy - PlayStation 5 [PlayStation 5],2026-07-24 11:05:44+00,1,True,PlayStation 5,Title/platform heuristic,,missing
113-4140022-8171440,166647795913241,B0006ACWEQ,1070175672,Ranchmark OpenX Dual Blade Universal Package Opener 7L x 1 1/2H inches,2026-08-09 14:51:40+00,1,False,Unclassified,No reliable game match,7.69,inventorylab_legacy
113-4146526-7861020,149067335127321,B07HMGM3XS,1069890513,Sports Party (Nintendo Switch) (Nintendo Switch),2025-12-10 15:18:48+00,1,True,Nintendo Switch,Title/platform heuristic,16.99,mbop_fifo
113-4151303-8696244,138731370884201,B00DC7G0GG,1052572572,Super Mario 3D World,2025-09-09 18:21:58+00,1,True,Nintendo Wii U,Title/platform heuristic,22.79,mbop_fifo
113-4155614-4357052,158964000068161,B091DBFGWF,1071047176,RBI BASEBALL 21 NINTENDO SWITCH - NINTENDO SWITCH,2026-04-30 16:49:27+00,1,True,Nintendo Switch,Title/platform heuristic,13.53,mbop_fifo
113-4165026-8162630,163651580924201,B01IW7Z746,1033468979,Nintendo Selects: Nintendo Land - Wii U,2026-06-27 22:34:35+00,1,True,Nintendo Wii U,Title/platform heuristic,,missing
113-4178425-6339449,158571829493241,B09Q6TZT15,1068811426,WWE 2K22 - PlayStation 4,2026-04-25 21:23:50+00,1,True,PlayStation 4,Title/platform heuristic,21.24,mbop_fifo
113-4188035-4529068,161891226743201,B0014FMHDS,1071283714,Kung Fu Panda - Playstation 3,2026-06-08 19:44:44+00,1,True,PlayStation 3,Title/platform heuristic,21.77,inventorylab_legacy
113-4198079-1353868,158634493220881,B06XDN21W5,1031051552,Paradise Treasure Trove Brown White Football Coin Piggy Bank Sports Stitching,2026-04-26 22:35:03+00,1,False,Unclassified,No reliable game match,10.99,mbop_fifo
113-4232474-4805039,164237061850961,B07KYYZZFR,1066665177,Crash Team Racing - Nitro Fueled - Xbox One,2026-07-07 10:15:40+00,1,True,Xbox One,Title/platform heuristic,,missing
113-4241784-1281848,147723753195161,B0B57TXPTH,1070280031,PAC-MAN World Re-PAC - PlayStation 4,2025-11-27 17:55:48+00,1,True,PlayStation 4,Title/platform heuristic,14.92,inventorylab_legacy
113-4243191-2627405,154793182429441,B004XV9EWW,1070895340,Mario & Sonic at the London 2012 Olympic Games,2026-02-28 03:23:07+00,1,False,Unclassified,No reliable game match,25.09,mbop_fifo
113-4246018-5653857,158025881021801,B0057PERPM,1W-X1O9-BCAM,Country Dance 2 - Nintendo Wii,2026-04-17 20:52:58+00,1,True,Nintendo Wii,Title/platform heuristic,14.51,inventorylab_legacy
113-4269343-9699440,140593890752721,B007MM9E42,1034379408,Disney Epic Mickey 2: The Power of Two - Nintendo Wii,2025-09-26 23:55:37+00,1,True,Nintendo Wii,Title/platform heuristic,8.50,mbop_fifo
113-4289012-8965806,148793506703881,B09C1167RV,1068329432,Street Outlaws 2: Winner Takes All (Xbox Series X/),2025-12-08 02:16:58+00,1,True,Xbox Series X,Title/platform heuristic,11.05,mbop_fifo
113-4301840-9552254,145217494765001,B08FP5NMQV,1069890511,My Universe: School Teacher - Nintendo Switch,2025-11-03 09:33:07+00,1,True,Nintendo Switch,Title/platform heuristic,19.84,mbop_fifo
113-4306351-3245010,152699804805761,B091DBFGWF,1071047176,RBI BASEBALL 21 NINTENDO SWITCH - NINTENDO SWITCH,2026-01-29 18:53:25+00,1,True,Nintendo Switch,Title/platform heuristic,13.53,mbop_fifo
113-4319948-0907400,159467950090841,B075MSL3BV,1047886637,ARK: Survival Evolved - Xbox One,2026-05-08 14:29:53+00,1,True,Xbox One,Title/platform heuristic,17.50,inventorylab_legacy
113-4333755-7724262,160133345480441,B00XR3YBFW,1071283742,WWE 2K16 - Xbox 360,2026-05-18 10:57:16+00,1,True,Xbox 360,Title/platform heuristic,24.41,inventorylab_legacy
113-4351815-7015422,159757942015161,B078YS5X59,1071517340,South Park: The Stick of Truth - Xbox One Standard Edition,2026-05-12 16:40:44+00,1,True,Xbox One,Title/platform heuristic,14.95,mbop_fifo
113-4354002-8211419,164426799956121,B01N03NM02,1058392679,"Harmony Good Dog Ceramic Dog Bowl, 1 Cup",2026-07-10 04:08:35+00,1,False,Unclassified,No reliable game match,5.99,inventorylab_legacy
113-4356492-1647430,166624302196201,B000L422L0,1068811450,Brooktown High: Senior Year - Sony PSP [Sony PSP],2026-08-08 15:12:04+00,1,True,PSP,Title/platform heuristic,5.10,inventorylab_legacy
113-4359513-5629825,148292667738681,B096WZFCHR,1070280034,Marvel's Guardians of the Galaxy - PlayStation 5,2025-12-02 14:12:30+00,1,True,PlayStation 5,Title/platform heuristic,24.99,mbop_fifo
113-4376765-8109824,157693716356201,B01AC3ZD06,1048894668,Nintendo Selects: Super Mario 3D World - Wii U Standard Edition,2026-04-12 06:46:26+00,1,True,Nintendo Wii U,Title/platform heuristic,22.00,mbop_fifo
113-4386955-8488267,154177750260401,B001F03MY0,1071133136,Rock Band Track Pack: Vol. 2 - PlayStation 2,2026-02-20 09:58:28+00,1,True,PlayStation 2,Title/platform heuristic,12.80,mbop_fifo
113-4413627-6111458,138159908992361,B001BXA9CE,1034679025,Rock Band 2 - Nintendo Wii (Game only),2025-09-02 16:11:45+00,1,True,Nintendo Wii,Title/platform heuristic,12.98,mbop_fifo
113-4414144-2746622,160029982792001,B0CTKX44NG,1069286305,MLB The Show 24 - Nintendo Switch,2026-05-16 02:33:09+00,1,True,Nintendo Switch,Title/platform heuristic,30.35,mbop_fifo
113-4415571-1965019,155566278146041,B01N03NM02,1058392679,"Harmony Good Dog Ceramic Dog Bowl, 1 Cup",2026-03-10 22:58:54+00,1,False,Unclassified,No reliable game match,5.99,inventorylab_legacy
113-4418568-3164208,142112439073241,B099JPMZCZ,1070280041,Nickelodeon All Star Brawl - Nintendo Switch,2025-10-11 15:35:07+00,1,True,Nintendo Switch,Title/platform heuristic,8.98,mbop_fifo
113-4422837-6692268,163070412708881,B01N03NM02,1058392679,"Harmony Good Dog Ceramic Dog Bowl, 1 Cup",2026-06-22 23:18:40+00,1,False,Unclassified,No reliable game match,5.99,inventorylab_legacy
113-4429544-5889039,162257235884921,B01G2E4DV4,1066393117,Birds Choice Oriole Feeder Replacement Cup,2026-06-13 02:09:04+00,1,False,Unclassified,No reliable game match,,missing
113-4429544-5889039,162847840193481,B01G2E4DV4,1066393117,Birds Choice Oriole Feeder Replacement Cup,2026-06-13 02:09:04+00,1,False,Unclassified,No reliable game match,,missing
113-4440546-6144208,142293632863401,B07S5BRQX4,1070280038,Killer Queen Black - Nintendo Switch,2025-10-13 16:24:05+00,1,True,Nintendo Switch,Title/platform heuristic,19.69,mbop_fifo
113-4444345-6861800,150975287044121,B0BPYW4DDB,1065749622,Rustic Pistol Table Lamp - Realistic Novelty Outdoor Lamp - Tabletop Lantern w/ Brushed Black Finish & Gold Detailing - Gun Decorations for Man Cave -,2026-01-05 05:20:38+00,1,False,Unclassified,No reliable game match,19.99,mbop_fifo
113-4449908-4651411,152555434889161,B000TPTCR8,1033912576,Amf Bowling Pinbusters - Nintendo Wii,2026-01-28 01:20:33+00,1,True,Nintendo Wii,Title/platform heuristic,12.00,mbop_fifo
113-4455659-5979448,152100359933841,B01LDFGIT2,1058619763,Livewire Advantage Instrument Cable 10 ft. Black,2026-01-20 18:52:00+00,1,False,Unclassified,No reliable game match,10.48,inventorylab_legacy
113-4473785-8237862,146262105442361,B01HIZGKOE,1068329413,Air Conflicts - Double Pack - PlayStation 4,2025-11-14 17:52:18+00,1,True,PlayStation 4,Title/platform heuristic,18.00,mbop_fifo
113-4496366-8021827,140348499275121,B0924651ZP,1069890456,Alex Kidd In Miracle World Dx - Nintendo Switch Standard Edition,2025-09-25 06:16:03+00,1,True,Nintendo Switch,Title/platform heuristic,11.04,mbop_fifo
113-4497813-1728231,151862693041721,B0BPYW4DDB,1065749622,Rustic Pistol Table Lamp - Realistic Novelty Outdoor Lamp - Tabletop Lantern w/ Brushed Black Finish & Gold Detailing - Gun Decorations for Man Cave -,2026-01-16 19:08:16+00,1,False,Unclassified,No reliable game match,23.99,mbop_fifo
113-4509128-4217863,142371240968401,B07DDD9CPN,1041418871,Just Dance 2019 - Wii Standard Edition,2025-10-14 05:57:32+00,1,True,Nintendo Wii,Title/platform heuristic,27.80,inventorylab_legacy
113-4532727-1375403,167907572877801,B096HSJ6PJ,1071517346,Battlefield 2042 - PlayStation 5 [PlayStation 5],2026-08-23 21:29:49+00,1,True,PlayStation 5,Title/platform heuristic,,missing
113-4533967-7053823,147949279626521,B07L73DW8M,1070474325,Mortal Kombat 11 (Nintendo Switch),2025-11-29 11:41:46+00,1,True,Nintendo Switch,Title/platform heuristic,25.02,mbop_fifo
113-4540768-1377808,141551740311361,B07GMS9P7M,1067108756,Party Arcade - Nintendo Switch,2025-10-07 09:45:47+00,1,True,Nintendo Switch,Title/platform heuristic,12.25,mbop_fifo
113-4551697-3908227,158436899278881,B097FP294Y,1070280033,Aliens Fireteam Elite - PlayStation 5,2026-04-23 19:29:29+00,1,True,PlayStation 5,Title/platform heuristic,20.18,mbop_fifo
113-4553087-8165844,162959109869481,B0058LTE5S,1071453889,The Black Eyed Peas Experience - Nintendo Wii,2026-06-21 05:23:24+00,1,True,Nintendo Wii,Title/platform heuristic,8.77,inventorylab_legacy
113-4555493-7108225,153047651468601,B00FS2XRIC,1028912086,Kingdom Hearts HD 2.5 ReMIX Limited Edition,2026-02-03 17:02:07+00,1,False,Unclassified,No reliable game match,30.86,mbop_fifo
113-4556783-0675441,148811310487281,B07DL3763M,1032375775,NBA Live 19 - PlayStation 4,2025-12-08 06:17:53+00,1,True,PlayStation 4,Title/platform heuristic,20.37,mbop_fifo
113-4579411-4616215,153298274490801,B002I0K3M0,1036663415,Nintendo Land,2026-02-08 01:30:05+00,1,False,Unclassified,No reliable game match,19.34,inventorylab_legacy
113-4588390-5271416,158704960068001,B01N1GRUUC,1051249032,"Harmony Good Dog Ceramic Dog Bowl, 6 Cups",2026-04-28 02:29:59+00,1,False,Unclassified,No reliable game match,10.99,inventorylab_legacy
113-4605101-1067419,139457271141921,B08GSP1HBM,1067108754,"Goosebumps: Dead of Night, Cosmic Forces - Nintendo Switch",2025-09-16 19:55:19+00,1,True,Nintendo Switch,Title/platform heuristic,18.27,mbop_fifo
113-4637097-7889861,144891814970521,B07SMBNTSJ,1070280046,Elden Ring - Xbox Series X,2025-10-28 18:26:33+00,1,True,Xbox Series X,Title/platform heuristic,20.00,mbop_fifo
113-4652827-2393826,159417160947241,B08WWHTM61,1071283727,DC Super Hero Girls: Teen Power - Nintendo Switch,2026-05-07 22:33:07+00,1,True,Nintendo Switch,Title/platform heuristic,15.87,mbop_fifo
113-4657489-7881839,160035763977961,B08DD5559K,1057774272,Minecraft Dungeons: Hero Edition - Xbox Series X & Xbox One,2026-05-16 02:57:10+00,1,True,Xbox Series X/Xbox One,Title/platform heuristic,18.25,inventorylab_legacy
113-4665420-2783424,159198752549561,B01G2E4DV4,1066393117,Birds Choice Oriole Feeder Replacement Cup,2026-05-05 14:39:01+00,1,False,Unclassified,No reliable game match,5.31,mbop_fifo
113-4667649-9585042,145934943480641,B07DF43L23,1053914224,Starlink Battle for Atlas - Nintendo Switch Starter Edition,2025-11-10 20:59:17+00,1,True,Nintendo Switch,Title/platform heuristic,20.68,mbop_fifo
113-4674538-9545056,162234404487481,B0030GBU2I,1070891232,Prince of Persia: The Forgotten Sands - Playstation 3,2026-06-12 17:10:37+00,1,True,PlayStation 3,Title/platform heuristic,15.99,inventorylab_legacy
113-4675242-7740259,165711151925881,B0060ZN5T2,1044972247,NEW Just Dance 3 Wii (Videogame Software) [Nintendo Wii],2026-07-28 12:34:41+00,1,True,Nintendo Wii,Title/platform heuristic,17.60,inventorylab_legacy
113-4692909-5801052,165739682338881,B096TBJC6Z,1071047168,Paw Patrol The Movie Adventure City Calls - PlayStation 4 [PlayStation 4],2026-07-28 20:32:46+00,1,True,PlayStation 4,Title/platform heuristic,14.38,inventorylab_legacy
113-4705792-4112267,155218387091081,B087XTT5GZ,1053590162,Assassin's Creed Valhalla PlayStation 4 Standard Edition with Free Upgrade to the Digital PS5 Version,2026-03-05 23:26:47+00,1,True,PlayStation 4/PlayStation 5,Title/platform heuristic,10.19,mbop_fifo
113-4707224-5109032,156439112491721,B004FUI84G,1070891178,Prototype 2 PS3 - PlayStation 3,2026-03-24 15:22:42+00,1,True,PlayStation 3,Title/platform heuristic,19.16,mbop_fifo
113-4708684-1232269,158022822427761,B00ECOBFA4,1071283740,The LEGO Movie Videogame - Xbox 360 Standard Edition,2026-04-17 19:51:10+00,1,True,Xbox 360,Title/platform heuristic,10.39,mbop_fifo
113-4709386-3678658,160413160529921,B00ZE360GG,1043651644,Just Dance 2016 - Wii,2026-05-20 09:57:11+00,1,True,Nintendo Wii,Title/platform heuristic,23.84,mbop_fifo
113-4728772-9583451,168325609678761,B001IK5TJI,1068811440,Dragon Age: Origins - Playstation 3 [PlayStation 3],2026-08-29 06:40:07+00,1,True,PlayStation 3,Title/platform heuristic,,missing
113-4737318-4801038,141620094675241,B01LDFGIT2,1058619763,Livewire Advantage Instrument Cable 10 ft. Black,2025-10-07 17:45:46+00,1,False,Unclassified,No reliable game match,10.48,inventorylab_legacy
113-4761841-9361060,140007247725161,B007MM9E42,1034379408,Disney Epic Mickey 2: The Power of Two - Nintendo Wii,2025-09-22 00:26:08+00,1,True,Nintendo Wii,Title/platform heuristic,8.50,mbop_fifo
113-4777491-7529825,145526246627601,B003LDKIUA,1041266555,Pac-Man Party - Nintendo Wii,2025-11-06 22:50:30+00,1,True,Nintendo Wii,Title/platform heuristic,24.36,inventorylab_legacy
113-4779419-5038656,157824234799481,B08MG4PK68,1071283749,Hitman 3 for Xbox One & Xbox Series X,2026-04-14 12:30:02+00,1,True,Xbox Series X/Xbox One,Title/platform heuristic,24.42,mbop_fifo
113-4786815-8794641,145026199279841,B005N4HBE6,1070280071,Red Dead Redemption: Game of the Year Edition - Xbox One and Xbox 360,2025-10-30 23:56:24+00,1,True,Xbox One/Xbox 360,Title/platform heuristic,35.00,mbop_fifo
113-4793402-1113002,142814194827561,B08GSP1HBM,1067108754,"Goosebumps: Dead of Night, Cosmic Forces - Nintendo Switch",2025-10-16 23:37:51+00,1,True,Nintendo Switch,Title/platform heuristic,15.33,mbop_fifo
113-4811976-4526621,164516202708241,B00182QCXS,1034679220,DEAL OR NO DEAL WII,2026-07-11 18:02:24+00,1,True,Nintendo Wii,Title/platform heuristic,10.50,inventorylab_legacy
113-4816400-0130667,159058163795761,B01G2E4DV4,1066393117,Birds Choice Oriole Feeder Replacement Cup,2026-05-02 13:54:51+00,1,False,Unclassified,No reliable game match,4.09,mbop_fifo
113-4847495-0913833,162946781660481,B0057PERPM,1W-X1O9-BCAM,Country Dance 2 - Nintendo Wii,2026-06-21 04:01:42+00,1,True,Nintendo Wii,Title/platform heuristic,14.51,inventorylab_legacy
113-4853537-6229844,159190487785361,B002I08WVY,1070280028,Tales of the Abyss,2026-05-04 15:38:31+00,1,False,Unclassified,No reliable game match,22.63,mbop_fifo
113-4857459-9861850,156745305775441,B07SL77MHX,1068811473,No More Heroes 3,2026-03-29 06:33:15+00,1,False,Unclassified,No reliable game match,17.50,inventorylab_legacy
113-4859084-3357003,154592498482121,B07FYN3JDL,1070891208,Nintendo Labo Toy-Con 03: Vehicle Kit - Switch,2026-02-25 16:28:24+00,1,True,Nintendo Switch,Title/platform heuristic,35.00,mbop_fifo
113-4882935-5400210,141198880455121,B016KAKD7S,1030912249,"18"" Bendable Muslin DollNew by: CC",2025-10-03 14:14:35+00,1,False,Unclassified,No reliable game match,8.99,inventorylab_legacy
113-4889968-1423432,152214748780641,B005EHAFTA,1059113393,Advance Tabco K-00 Faucet Repair Kit,2026-01-22 18:29:34+00,1,False,Unclassified,No reliable game match,45.00,mbop_fifo
113-4892309-1897867,152678215906801,B0748VH8ZF,1039345443,The Sims 4 - Xbox One,2026-01-29 09:25:11+00,1,True,Xbox One,Title/platform heuristic,13.72,inventorylab_legacy
113-4892613-5505820,164834506357801,B01N03NM02,1058392679,"Harmony Good Dog Ceramic Dog Bowl, 1 Cup",2026-07-16 20:03:01+00,1,False,Unclassified,No reliable game match,5.99,inventorylab_legacy
113-4893980-8724249,147852805162921,B096WVJ9Q4,1068329357,Marvel's Guardians of the Galaxy PlayStation 4 with Free Upgrade to the Digital PS5 Version,2025-11-28 19:30:25+00,1,True,PlayStation 4/PlayStation 5,Title/platform heuristic,15.95,mbop_fifo
113-4915383-0754652,149120325424281,B07GMS9P7M,1067108756,Party Arcade - Nintendo Switch,2025-12-11 02:44:15+00,1,True,Nintendo Switch,Title/platform heuristic,10.58,mbop_fifo
113-4926036-6154635,138979544252081,B0924651ZP,1069890456,Alex Kidd In Miracle World Dx - Nintendo Switch Standard Edition,2025-09-12 03:09:30+00,1,True,Nintendo Switch,Title/platform heuristic,11.04,mbop_fifo
113-4934605-6472228,159053653627001,B01N1GRUUC,1051249032,"Harmony Good Dog Ceramic Dog Bowl, 6 Cups",2026-05-02 14:22:32+00,1,False,Unclassified,No reliable game match,10.99,inventorylab_legacy
113-4937728-6248206,157950881757121,B003ZUWLYU,1071379595,Family Feud Decades - Nintendo Wii,2026-04-16 15:35:56+00,1,True,Nintendo Wii,Title/platform heuristic,15.99,mbop_fifo
113-4945710-7878625,144335834096121,B07DF43L23,1053914224,Starlink Battle for Atlas - Nintendo Switch Starter Edition,2025-10-23 03:21:36+00,1,True,Nintendo Switch,Title/platform heuristic,20.68,mbop_fifo
113-4957699-5324241,163856330712361,B002I0K3M0,1036663415,Nintendo Land,2026-07-01 02:52:11+00,1,False,Unclassified,No reliable game match,19.34,inventorylab_legacy
113-4981080-1352214,141478744032521,B079P7T594,1070280037,Hello Neighbor - Nintendo Switch,2025-10-06 18:13:36+00,1,True,Nintendo Switch,Title/platform heuristic,9.04,mbop_fifo
113-4989919-4195458,146587046559521,B00EFRN2IQ,1032600402,The Sims 4 - PC/Mac,2025-11-18 05:08:24+00,1,True,PC,Title/platform heuristic,12.99,mbop_fifo
113-5024229-6632204,160488689830441,B0060ZN5T2,1044972247,NEW Just Dance 3 Wii (Videogame Software),2026-05-21 15:28:40+00,1,True,Nintendo Wii,Title/platform heuristic,17.60,inventorylab_legacy
113-5031285-2883417,140873520718281,B07YZ4QVZY,1068949078,Sniper Ghost Warrior: Contracts PS4,2025-09-30 11:33:48+00,1,True,PlayStation 4,Title/platform heuristic,14.00,inventorylab_legacy
113-5035553-4227452,159232360239401,B01N1GRUUC,1051249032,"Harmony Good Dog Ceramic Dog Bowl, 6 Cups",2026-05-05 11:18:39+00,1,False,Unclassified,No reliable game match,10.99,inventorylab_legacy
113-5037245-4544200,146354842942801,B001ABK1LQ,1063376940,Guitar Hero World Tour - Playstation 3 (Game only),2025-11-16 02:23:04+00,1,True,PlayStation 3,Title/platform heuristic,20.00,mbop_fifo
113-5047572-8489820,141412044219761,B01LDFGIT2,1058619763,Livewire Advantage Instrument Cable 10 ft. Black,2025-10-06 02:02:28+00,1,False,Unclassified,No reliable game match,10.48,inventorylab_legacy
113-5058632-8757015,166569376755481,B07HH8ZSMM,1071047889,Sid Meier's Civilization VI - Nintendo Switch [Nintendo Switch],2026-08-07 18:20:39+00,1,True,Nintendo Switch,Title/platform heuristic,,missing
113-5078534-3716255,149058293055761,B00YX0Z40Y,1063376239,Call of Duty: Black Ops III - Standard Edition - Xbox 360,2025-12-10 12:49:24+00,1,True,Xbox 360,Title/platform heuristic,19.78,mbop_fifo
113-5084862-4869041,161272708779401,B09W39YNQV,1071453888,Teenage Mutant Ninja Turtles Cowabunga Collection NSW,2026-06-02 00:54:49+00,1,False,Unclassified,No reliable game match,17.10,inventorylab_legacy
113-5088565-6513047,158805038274441,B00CX6XKK6,1049720229,Call of Duty: Ghosts - Xbox One,2026-04-30 19:46:58+00,1,True,Xbox One,Title/platform heuristic,24.62,mbop_fifo
113-5090167-6229840,147098958898281,B0C7PN2L5V,1068811427,Starfield: Standard Edition - Xbox Series X,2025-11-23 02:20:04+00,1,True,Xbox Series X,Title/platform heuristic,26.80,mbop_fifo
113-5091197-3797040,156639938178201,B0B94SHMRP,1068329416,Dead Island 2: Day 1 Edition - PlayStation 4,2026-03-27 17:27:51+00,1,True,PlayStation 4,Title/platform heuristic,13.14,mbop_fifo
113-5099115-5037818,165646289762281,B00ZJBSCJQ,1066663084,South Park: The Fractured but Whole - PlayStation 4 [PlayStation 4],2026-07-27 13:43:15+00,1,True,PlayStation 4,Title/platform heuristic,,missing
113-5101572-7905811,158633146371401,B08C7PWNFV,1071379577,Chivalry 2 - PlayStation 4,2026-04-26 22:33:51+00,1,True,PlayStation 4,Title/platform heuristic,8.10,inventorylab_legacy
113-5104445-2117027,146054855990601,B00C7103DO,1063376911,Batman: Arkham Origins - Playstation 3,2025-11-11 18:45:04+00,1,True,PlayStation 3,Title/platform heuristic,17.02,mbop_fifo
113-5114092-4873817,154002728711521,B01KIH8ADS,1039658340,NBA 2K17 Standard Edition - PlayStation 3,2026-02-19 02:56:37+00,1,True,PlayStation 3,Title/platform heuristic,13.40,mbop_fifo
113-5114486-8494637,163782544806761,B07WX729QC,1071047167,Let's Sing Country: 2-Mic Bundle Edition - PlayStation 4,2026-06-30 17:58:32+00,1,True,PlayStation 4,Title/platform heuristic,37.94,inventorylab_legacy
113-5125233-6304245,145904843476281,B09D643D8F,1064901190,Call of Duty: Vanguard,2025-11-10 15:28:06+00,1,True,PlayStation 5,Title/platform heuristic,22.99,mbop_fifo
113-5125259-3272223,167540368963761,B084F358N1,1072047483,The Outer Worlds - Nintendo Switch [Nintendo Switch],2026-08-19 18:57:05+00,1,True,Nintendo Switch,Title/platform heuristic,,missing
113-5131074-4439433,155138657820281,B07X35GXG3,1066663896,Nighthawk Interactive Disney Classic Games: Aladdin and The Lion King - Nintendo Switch,2026-03-05 03:58:44+00,1,True,Nintendo Switch,Title/platform heuristic,14.89,mbop_fifo
113-5149113-9847411,155674034707321,B01N54QSH6,1052907525,"Harmony Good Dog Ceramic Dog Bowl, 3 Cups",2026-03-11 21:18:30+00,1,False,Unclassified,No reliable game match,7.99,mbop_fifo
113-5150002-1349834,146976964806761,B08NMQNSX3,1068329365,Madden NFL 21 Next Level Edition - PlayStation 5,2025-11-21 18:32:13+00,1,True,PlayStation 5,Title/platform heuristic,9.99,mbop_fifo
113-5154255-7535457,142321944824961,B07D767FMV,1056263378,Battlefield V - PlayStation 4,2025-10-13 20:11:12+00,1,True,PlayStation 4,Title/platform heuristic,19.99,inventorylab_legacy
113-5158480-9300214,154227989967281,B07HBFM7T6,1071047160,8 to Glory - PlayStation 4,2026-02-21 04:24:25+00,1,True,PlayStation 4,Title/platform heuristic,10.15,mbop_fifo
113-5167033-5801807,149896289594441,B0924651ZP,1069890456,Alex Kidd In Miracle World Dx - Nintendo Switch Standard Edition,2025-12-19 23:02:39+00,1,True,Nintendo Switch,Title/platform heuristic,11.04,mbop_fifo
113-5194692-4404228,148234258764041,B0D3P4HV27,1068866835,Madden NFL 25 - Xbox Series X,2025-12-02 01:07:26+00,1,True,Xbox Series X,Title/platform heuristic,14.99,mbop_fifo
113-5214574-2922654,148846744749721,B09C1167RV,1068329432,Street Outlaws 2: Winner Takes All (Xbox Series X/),2025-12-08 19:21:43+00,1,True,Xbox Series X,Title/platform heuristic,12.95,mbop_fifo
113-5217890-9539418,146674516816481,B0086V5UF0,1034379353,Just Dance 4 - Nintendo Wii,2025-11-18 23:41:46+00,1,True,Nintendo Wii,Title/platform heuristic,22.36,mbop_fifo
113-5223820-5385020,152768522582081,B01N03NM02,1058392679,"Harmony Good Dog Ceramic Dog Bowl, 1 Cup",2026-01-31 00:46:00+00,1,False,Unclassified,No reliable game match,5.99,inventorylab_legacy
113-5226182-3496267,155942521698521,B00SVVUOGU,1048894444,Forza Motorsport 6 - Xbox One,2026-03-16 04:04:23+00,1,True,Xbox One,Title/platform heuristic,31.86,inventorylab_legacy
113-5236260-7545863,157094606275201,B00CX6XKK6,1049720229,Call of Duty: Ghosts - Xbox One,2026-04-03 19:13:45+00,1,True,Xbox One,Title/platform heuristic,21.55,mbop_fifo
113-5246227-5885815,148219695194161,B00KLMOY4K,1048220574,Plants vs Zombies Garden Warfare(Online Play Required) - PlayStation 4,2025-12-01 22:05:22+00,1,True,PlayStation 4,Title/platform heuristic,12.50,inventorylab_legacy
113-5251337-8735418,165392919220521,B09YMGZC96,1071133149,art of rally collector's edition - Nintendo Switch [Nintendo Switch],2026-07-24 07:32:37+00,1,True,Nintendo Switch,Title/platform heuristic,33.00,inventorylab_legacy
113-5271325-3441853,147212804183161,B07S5BRQX4,1070280038,Killer Queen Black - Nintendo Switch,2025-11-24 06:10:28+00,1,True,Nintendo Switch,Title/platform heuristic,24.99,mbop_fifo
113-5302598-8205815,153480404486841,B082LQ4Q9Y,1068329377,Resident Evil 3 - Xbox One,2026-02-11 05:00:27+00,1,True,Xbox One,Title/platform heuristic,32.00,mbop_fifo
113-5310025-0186615,148083238447201,B0BDT654XQ,1069890474,Fortnite - Anime Legends- Xbox Series X,2025-11-30 18:43:50+00,1,True,Xbox Series X,Title/platform heuristic,16.95,mbop_fifo
113-5312143-4322616,146033422664681,B09C1167RV,1068329432,Street Outlaws 2: Winner Takes All (Xbox Series X/),2025-11-11 09:41:48+00,1,True,Xbox Series X,Title/platform heuristic,12.95,mbop_fifo
113-5333793-1890649,165588520594321,B071WPL1L8,SL-PUBB-W1F6,The Evil Within 2 - PlayStation 4 [PlayStation 4],2026-07-26 15:59:02+00,1,True,PlayStation 4,Title/platform heuristic,18.50,inventorylab_legacy
113-5349975-9277010,156654115751121,B002912SN0,1071133137,Bakugan - PlayStation 2,2026-03-27 21:42:30+00,1,True,PlayStation 2,Title/platform heuristic,19.77,mbop_fifo
113-5350108-2439430,163244493627241,B0BFT3XGY7,1071517351,Atelier Ryza 3: Alchemist of the End & the Secret Key - Nintendo Switch,2026-06-24 16:25:46+00,1,True,Nintendo Switch,Title/platform heuristic,45.00,inventorylab_legacy
113-5372057-6657030,157471939209081,B0C7PN2L5V,1068811427,Starfield: Standard Edition - Xbox Series X,2026-04-09 06:03:35+00,1,True,Xbox Series X,Title/platform heuristic,30.00,mbop_fifo
113-5401610-2219436,144214162042681,B08F3CXZJQ,1066663861,Minecraft Dungeons Hero Edition - Nintendo Switch,2025-10-21 21:47:07+00,1,True,Nintendo Switch,Title/platform heuristic,,missing
113-5411296-5101010,141555050176121,B0DHHM6BZ2,1070280186,LEGO Horizon Adventures,2025-10-07 11:34:01+00,1,False,Unclassified,No reliable game match,,missing
113-5420751-0801816,146530556720521,B003O6E986,1067108762,Forza Motorsport 4 - Xbox 360,2025-11-17 14:34:59+00,1,True,Xbox 360,Title/platform heuristic,25.76,inventorylab_legacy
113-5420815-6339408,158034718262721,B087XTT5GZ,1053590162,Assassin's Creed Valhalla PlayStation 4 Standard Edition with Free Upgrade to the Digital PS5 Version,2026-04-17 23:26:39+00,1,True,PlayStation 4/PlayStation 5,Title/platform heuristic,12.27,mbop_fifo
113-5437151-7086661,139615878386601,B01LDFGIT2,1058619763,Livewire Advantage Instrument Cable 10 ft. Black,2025-09-18 01:08:26+00,1,False,Unclassified,No reliable game match,10.48,inventorylab_legacy
113-5452487-3585858,157485115940801,B091DBFGWF,1071047176,RBI BASEBALL 21 NINTENDO SWITCH - NINTENDO SWITCH,2026-04-09 15:39:13+00,1,True,Nintendo Switch,Title/platform heuristic,13.53,mbop_fifo
113-5454381-4888224,148857205683681,B00KLMOY4K,1048220574,Plants vs Zombies Garden Warfare(Online Play Required) - PlayStation 4,2025-12-08 22:11:16+00,1,True,PlayStation 4,Title/platform heuristic,12.50,inventorylab_legacy
113-5456634-9349047,157911588382521,B074RYSTNS,1031051620,"Chevrolet 20"" Genuine Distressed Vintage Style Bowtie Chevy Red White and Blue American Flag Oval Metal Embossed Sign",2026-04-15 23:32:18+00,1,False,Unclassified,No reliable game match,12.99,inventorylab_legacy
113-5457044-4736255,151752923218721,B001QRWE14,1070891244,Transformers: Revenge of the Fallen - PC,2026-01-15 10:56:55+00,1,True,PC,Title/platform heuristic,29.56,inventorylab_legacy
113-5464464-4023409,139616909385041,B01N9QVIRV,1065946902,Switch Title 3 -,2025-09-18 02:03:44+00,1,True,Nintendo Switch,Title/platform heuristic,25.02,inventorylab_legacy
113-5482268-8857812,157266507759521,B0B94THZRT,1065946220,Dead Island 2: Day 1 Edition - PlayStation 5,2026-04-06 22:02:19+00,1,True,PlayStation 5,Title/platform heuristic,17.82,mbop_fifo
113-5498139-1481001,159402857575641,B00FF5KWQW,1068329371,Angry Birds: Star Wars - Xbox One,2026-05-07 19:21:59+00,1,True,Xbox One,Title/platform heuristic,25.76,mbop_fifo
113-5502266-3445840,146049999015921,B09RTX4Q5P,1069286318,MLB The Show 22 for Xbox One,2025-11-11 16:27:19+00,1,True,Xbox One,Title/platform heuristic,15.00,mbop_fifo
113-5505639-4073039,156499715415681,B00KBZHSV8,1029788960,WWE 2K15 - PlayStation 4,2026-03-25 13:30:31+00,1,True,PlayStation 4,Title/platform heuristic,31.10,mbop_fifo
113-5512985-9091401,165706439902441,B071WPL1L8,SL-PUBB-W1F6,The Evil Within 2 - PlayStation 4 [PlayStation 4],2026-07-28 02:44:03+00,1,True,PlayStation 4,Title/platform heuristic,18.50,inventorylab_legacy
113-5531805-6223427,155351535167001,B01N1GRUUC,1051249032,"Harmony Good Dog Ceramic Dog Bowl, 6 Cups",2026-03-07 05:48:30+00,1,False,Unclassified,No reliable game match,10.99,inventorylab_legacy
113-5539913-7863445,145037577664521,B07SMBNTSJ,1070280046,Elden Ring - Xbox Series X,2025-10-31 00:48:29+00,1,True,Xbox Series X,Title/platform heuristic,20.00,mbop_fifo
113-5573499-0233055,163645214050161,B09S3GYF2P,1071744023,Demon Slayer: The Hinokami Chronicles - Nintendo Switch,2026-06-27 19:14:31+00,1,True,Nintendo Switch,Title/platform heuristic,,missing
113-5581896-8709840,147504529370721,B09D643D8F,1064901190,Call of Duty: Vanguard,2025-11-25 21:34:56+00,1,True,PlayStation 5,Title/platform heuristic,22.99,mbop_fifo
113-5587567-0202614,161527535547041,B074B2CB6G,1071047170,Wolfenstein: The Two-Pack - PlayStation 4,2026-06-04 22:53:14+00,1,True,PlayStation 4,Title/platform heuristic,49.90,inventorylab_legacy
113-5602392-1616268,159535873104321,B0B9H3JDL5,1071517350,Miraculous: Rise of the Sphinx - PlayStation 4,2026-05-09 22:41:44+00,1,True,PlayStation 4,Title/platform heuristic,9.00,inventorylab_legacy
113-5606418-7407430,141125474613041,B016KAKD7S,1030912249,"18"" Bendable Muslin DollNew by: CC",2025-10-02 19:01:53+00,6,False,Unclassified,No reliable game match,53.94,inventorylab_legacy
113-5608221-1011405,163504805556081,B0BBXD3P63,1070474320,God of Rock (PS5) [PlayStation 5],2026-06-26 22:14:23+00,1,True,PlayStation 5,Title/platform heuristic,,missing
113-5618105-9304226,152833994999241,B01N03NM02,1058392679,"Harmony Good Dog Ceramic Dog Bowl, 1 Cup",2026-02-01 00:29:25+00,1,False,Unclassified,No reliable game match,5.99,inventorylab_legacy
113-5621545-2433817,144019123014361,B007MM9E42,1034379408,Disney Epic Mickey 2: The Power of Two - Nintendo Wii,2025-10-19 21:47:24+00,1,True,Nintendo Wii,Title/platform heuristic,8.50,mbop_fifo
113-5630177-0801030,163635519979721,B01N1GRUUC,1051249032,"Harmony Good Dog Ceramic Dog Bowl, 6 Cups",2026-06-28 05:56:38+00,1,False,Unclassified,No reliable game match,10.99,inventorylab_legacy
113-5633301-3269064,149786175091441,B00D7UHT0E,QZ-C9CY-Q1FM,Just Dance 2014 - Nintendo Wii,2025-12-18 13:23:38+00,1,True,Nintendo Wii,Title/platform heuristic,19.99,mbop_fifo
113-5641864-3704246,162913186107681,B00CMQTUCE,1071283750,Kinect Sports: Rivals - Xbox One,2026-06-20 16:59:29+00,1,True,Xbox One,Title/platform heuristic,18.68,inventorylab_legacy
113-5654490-3373813,158604000256721,B07F3ZDD83,1071133147,Carnival Games (Nintendo Switch),2026-04-26 13:59:31+00,1,True,Nintendo Switch,Title/platform heuristic,16.02,mbop_fifo
113-5660147-0385014,147477281345441,B06XDN21W5,1031051552,Paradise Treasure Trove Brown White Football Coin Piggy Bank Sports Stitching,2025-11-25 15:46:37+00,1,False,Unclassified,No reliable game match,8.99,mbop_fifo
113-5668113-7243421,142713141345681,B07D767FMV,1056263378,Battlefield V - PlayStation 4,2025-10-16 00:34:13+00,1,True,PlayStation 4,Title/platform heuristic,19.99,inventorylab_legacy
113-5677131-5881041,156569894114521,B0B94SHMRP,1068329416,Dead Island 2: Day 1 Edition - PlayStation 4,2026-03-26 16:17:03+00,1,True,PlayStation 4,Title/platform heuristic,13.14,mbop_fifo
113-5679657-6511438,165209357564601,B08MG5FYS6,1064186282,Hitman 3 - PlayStation 5 Standard Edition [PlayStation 5],2026-07-21 20:00:33+00,1,True,PlayStation 5,Title/platform heuristic,,missing
113-5704899-3108259,164663331130681,B0030GBU2I,1070891232,Prince of Persia: The Forgotten Sands - Playstation 3 [PlayStation 3],2026-07-14 20:00:45+00,1,True,PlayStation 3,Title/platform heuristic,15.99,inventorylab_legacy
113-5728011-3709808,159078378671441,B01AC3ZD06,1048894668,Nintendo Selects: Super Mario 3D World - Wii U Standard Edition,2026-05-03 00:22:12+00,1,True,Nintendo Wii U,Title/platform heuristic,21.52,mbop_fifo
113-5768966-6186616,153802832264041,B06XDN21W5,1031051552,Paradise Treasure Trove Brown White Football Coin Piggy Bank Sports Stitching,2026-02-16 13:18:32+00,1,False,Unclassified,No reliable game match,8.99,mbop_fifo
113-5773011-8735415,153101879367161,B0B8JH4CTN,1070280053,World of Outlaws Dirt Racing - Standard Edition XBOX Series X,2026-02-04 17:23:04+00,1,True,Xbox Series X,Title/platform heuristic,23.37,inventorylab_legacy
113-5777865-2038625,164176473297801,B07KN77NXY,1068329356,FIFA 19/NHL 19 Bundle PlayStation 4,2026-07-06 15:57:36+00,1,True,PlayStation 4,Title/platform heuristic,11.16,inventorylab_legacy
113-5780967-2083435,157863724382881,B01HDJFJLK,1070891217,Farming Simulator 17 - PlayStation 4,2026-04-15 00:45:25+00,1,True,PlayStation 4,Title/platform heuristic,18.97,mbop_fifo
113-5785194-3190615,160607558584401,B0009Z3LGQ,1070891210,Namco Museum Battle Collection,2026-05-23 13:04:02+00,1,False,Unclassified,No reliable game match,20.63,mbop_fifo
113-5789563-0388257,147539633492081,B00KLMOY4K,1048220574,Plants vs Zombies Garden Warfare(Online Play Required) - PlayStation 4,2025-11-26 04:17:18+00,1,True,PlayStation 4,Title/platform heuristic,12.50,inventorylab_legacy
113-5798970-0463402,156839829122361,B091DBFGWF,1071047176,RBI BASEBALL 21 NINTENDO SWITCH - NINTENDO SWITCH,2026-03-30 18:17:22+00,1,True,Nintendo Switch,Title/platform heuristic,13.53,mbop_fifo
113-5849627-4508220,141719352001721,B071JCYKK4,1068329376,Need for Speed Payback - XBOX One,2025-10-08 06:33:27+00,1,True,Xbox One,Title/platform heuristic,12.77,inventorylab_legacy
113-5863902-9604217,159297130732721,B00I9UVY30,1070891227,EA Sports 2014 FIFA World Cup Brazil - PlayStation 3,2026-05-06 04:02:33+00,1,True,PlayStation 3,Title/platform heuristic,17.47,inventorylab_legacy
113-5869805-4973018,147509315574121,B07KN77NXY,1068329356,FIFA 19/NHL 19 Bundle PlayStation 4,2025-11-25 22:28:36+00,1,True,PlayStation 4,Title/platform heuristic,11.16,inventorylab_legacy
113-5876167-1597825,152970999490521,B07BB4Q8YX,1070891191,Shadow of the Tomb Raider (Limited Steelbook Edition) - Xbox One,2026-02-03 05:13:35+00,1,True,Xbox One,Title/platform heuristic,23.75,mbop_fifo
113-5883787-1284221,162446475344201,B003VJKJG2,1030594057,Plants Vs. Zombies,2026-06-16 01:16:40+00,1,False,Unclassified,No reliable game match,,missing
113-5889944-9809858,144081000408721,B07L6PV2GJ,1066663923,Katamari Damacy Reroll - Nintendo Switch,2025-10-20 21:39:50+00,1,True,Nintendo Switch,Title/platform heuristic,24.18,mbop_fifo
113-5890042-5414636,163883170466401,B0CWN5YJWR,1071744026,Shin Megami Tensei V: Vengeance Steelbook Launch Edition - Nintendo Switch,2026-07-01 18:28:27+00,1,True,Nintendo Switch,Title/platform heuristic,,missing
113-5890834-8695448,147863346556561,B00KLMOY4K,1048220574,Plants vs Zombies Garden Warfare(Online Play Required) - PlayStation 4,2025-11-28 21:19:16+00,1,True,PlayStation 4,Title/platform heuristic,12.50,inventorylab_legacy
113-5894604-2609808,148703456604801,B07TZKVT8W,1070625061,Atelier Ryza: Ever Darkness & The Secret Hideout - Nintendo Switch,2025-12-07 00:52:50+00,1,True,Nintendo Switch,Title/platform heuristic,37.00,mbop_fifo
113-5907428-2069057,166061577615121,B09D6GLY7N,1071744033,Call of Duty: Vanguard - Xbox One [Xbox One],2026-07-31 23:29:40+00,1,True,Xbox One,Title/platform heuristic,,missing
113-5930664-2069827,158690325391721,B072MK1CL1,1068329355,Code Vein - PlayStation 4,2026-04-27 21:53:16+00,1,True,PlayStation 4,Title/platform heuristic,27.00,mbop_fifo
113-5939668-5933853,161959171552561,B0CGY48TGT,1068811429,EA SPORTS WRC - Xbox Series X,2026-06-09 21:33:23+00,1,True,Xbox Series X,Title/platform heuristic,16.92,inventorylab_legacy
113-5950527-8561821,152518213319281,B07CDSX3Z5,1070474335,Spyro Reignited Trilogy - Xbox One,2026-01-27 11:43:13+00,1,True,Xbox One,Title/platform heuristic,12.50,inventorylab_legacy
113-5988830-0346615,149093802280761,B01N9QVIRV,1065946902,Switch Title 3 -,2025-12-10 21:39:15+00,1,True,Nintendo Switch,Title/platform heuristic,25.02,inventorylab_legacy
113-6001438-3224266,164293871683761,B0CGY48TGT,1068811429,EA SPORTS WRC - Xbox Series X,2026-07-07 23:07:41+00,1,True,Xbox Series X,Title/platform heuristic,16.92,inventorylab_legacy
113-6001835-6478624,161256883765401,B09W39YNQV,1071453888,Teenage Mutant Ninja Turtles Cowabunga Collection NSW,2026-06-01 18:18:35+00,1,False,Unclassified,No reliable game match,17.10,inventorylab_legacy
113-6005064-2536205,149816543921041,B0C5S29VWZ,1070474336,Mortal Kombat 1 - Xbox Series X,2025-12-18 21:40:19+00,1,True,Xbox Series X,Title/platform heuristic,14.99,mbop_fifo
113-6005282-4458631,167184400323201,B07HFMJ4R5,1068329410,Minecraft: Starter Collection - Xbox One [Xbox One],2026-08-15 14:34:46+00,1,True,Xbox One,Title/platform heuristic,23.49,inventorylab_legacy
113-6011185-0104269,148192896747281,B096WVGQMJ,1053589872,Marvel's Guardians of the Galaxy - Xbox Series X/Xbox One,2025-12-01 18:28:47+00,1,True,Xbox Series X/Xbox One,Title/platform heuristic,15.99,mbop_fifo
113-6021481-9247458,146912753874081,B00104KJ4M,1034379376,Lego Indiana Jones: The Original Adventures - Nintendo Wii,2025-11-21 01:03:35+00,1,True,Nintendo Wii,Title/platform heuristic,9.99,mbop_fifo
113-6031921-4590608,156476114684721,B0051TLAZ4,1043651512,LEGO Harry Potter: Years 5-7 - Playstation 3,2026-03-25 03:13:46+00,1,True,PlayStation 3,Title/platform heuristic,15.20,inventorylab_legacy
113-6035821-7980202,157885667032201,B096WZFCHR,1070280034,Marvel's Guardians of the Galaxy - PlayStation 5,2026-04-15 13:51:59+00,1,True,PlayStation 5,Title/platform heuristic,24.99,mbop_fifo
113-6039919-1515465,158124252108841,B0C7PN2L5V,1068811427,Starfield: Standard Edition - Xbox Series X,2026-04-19 17:18:21+00,1,True,Xbox Series X,Title/platform heuristic,30.00,mbop_fifo
113-6059244-6797034,139934273064881,B0C9VW1KGR,1068811444,EA SPORTS FC 24 - Nintendo Switch,2025-09-21 01:12:40+00,1,True,Nintendo Switch,Title/platform heuristic,19.90,mbop_fifo
113-6061501-2638649,157205827745201,B0030GBU2I,1070891232,Prince of Persia: The Forgotten Sands - Playstation 3,2026-04-05 18:28:45+00,1,True,PlayStation 3,Title/platform heuristic,15.99,inventorylab_legacy
113-6069909-8110613,158057166506161,B07DJY4FRP,1045507690,Gears 5: Standard Edition - Xbox One,2026-04-18 12:18:05+00,1,True,Xbox One,Title/platform heuristic,19.35,inventorylab_legacy
113-6079538-7469868,165462480964441,B08YJXP2P3,1071133148,Monster Harvest - Nintendo Switch Standard Edition [Nintendo Switch],2026-07-25 01:54:23+00,1,True,Nintendo Switch,Title/platform heuristic,16.94,inventorylab_legacy
113-6080688-0216223,150637281164161,B0924651ZP,1069890456,Alex Kidd In Miracle World Dx - Nintendo Switch Standard Edition,2025-12-30 12:36:55+00,1,True,Nintendo Switch,Title/platform heuristic,11.04,mbop_fifo
113-6085709-9452233,149797685176681,B06XDN21W5,1031051552,Paradise Treasure Trove Brown White Football Coin Piggy Bank Sports Stitching,2025-12-18 15:36:52+00,1,False,Unclassified,No reliable game match,8.99,mbop_fifo
113-6086721-5582610,146174559064041,B07HFMJ4R5,1068329410,Minecraft: Starter Collection - Xbox One,2025-11-13 09:51:27+00,1,True,Xbox One,Title/platform heuristic,23.49,inventorylab_legacy
113-6100278-4827418,146568391501441,B0C5S29VWZ,1070474336,Mortal Kombat 1 - Xbox Series X,2025-11-18 01:10:12+00,1,True,Xbox Series X,Title/platform heuristic,14.99,mbop_fifo
113-6100354-7167452,138458994385801,B07DF43L23,1053914224,Starlink Battle for Atlas - Nintendo Switch Starter Edition,2025-09-06 17:30:38+00,1,True,Nintendo Switch,Title/platform heuristic,21.55,mbop_fifo
113-6103199-6730654,162645932365841,B071X7QQKZ,1070474323,Fire Emblem Warriors - Nintendo Switch,2026-06-18 20:12:45+00,1,True,Nintendo Switch,Title/platform heuristic,,missing
113-6116365-3869858,157649994948921,B01N54QSH6,1052907525,"Harmony Good Dog Ceramic Dog Bowl, 3 Cups",2026-04-11 14:40:36+00,1,False,Unclassified,No reliable game match,7.99,mbop_fifo
113-6130520-3312241,152750412926121,B01N54QSH6,1052907525,"Harmony Good Dog Ceramic Dog Bowl, 3 Cups",2026-01-30 16:30:29+00,1,False,Unclassified,No reliable game match,7.99,mbop_fifo
113-6138360-4871466,153977003378841,B01IW7Z67E,1070280026,Nintendo Selects: Luigi's Mansion: Dark Moon - Nintendo 3DS,2026-02-18 17:00:47+00,1,True,Nintendo 3DS,Title/platform heuristic,16.00,mbop_fifo
113-6138971-2924247,152902318938681,B01N03NM02,1058392679,"Harmony Good Dog Ceramic Dog Bowl, 1 Cup",2026-02-02 01:26:04+00,1,False,Unclassified,No reliable game match,5.99,inventorylab_legacy
113-6150580-6667434,158498895804601,B0050SYW1U,1071047181,The Adventures Of Tintin: The Game - Xbox 360,2026-04-24 17:33:35+00,1,True,Xbox 360,Title/platform heuristic,18.77,inventorylab_legacy
113-6188519-7171426,159513982710121,B0CTKX44NG,1069286305,MLB The Show 24 - Nintendo Switch,2026-05-09 17:42:47+00,1,True,Nintendo Switch,Title/platform heuristic,30.35,mbop_fifo
113-6190300-9282637,147238972392961,B003ZHMMEM,1028571825,Donkey Kong Country Returns - Wii,2025-11-24 16:58:07+00,1,True,Nintendo Wii,Title/platform heuristic,19.00,mbop_fifo
113-6198639-3213055,164035924620961,B00YC7ED0K,1041856993,FIFA 16 - Standard Edition - PlayStation 3,2026-07-03 22:12:51+00,1,True,PlayStation 3,Title/platform heuristic,14.82,inventorylab_legacy
113-6219181-3601827,167993598307721,B07YZ4QVZY,1068949078,Sniper Ghost Warrior: Contracts PS4 [PlayStation 4],2026-08-25 04:11:19+00,1,True,PlayStation 4,Title/platform heuristic,14.00,inventorylab_legacy
113-6224717-5330600,168295586879361,B00CYS5DU8,UV-TWJI-REH4,Madden NFL 25 - PlayStation 4 [PlayStation 4],2026-08-28 21:22:10+00,1,True,PlayStation 4,Title/platform heuristic,,missing
113-6226074-3759405,155227826023561,B01FEHJYUU,1063376478,Sid Meier's Civilization VI - PC,2026-03-05 23:40:34+00,1,True,PC,Title/platform heuristic,9.99,mbop_fifo
113-6230331-4281038,164670124160881,B08NDYPWK7,1056263472,DEATHLOOP Standard Edition - PlayStation 5,2026-07-14 05:16:35+00,1,True,PlayStation 5,Title/platform heuristic,14.29,inventorylab_legacy
113-6236374-5756200,156007143852281,B0B94SHMRP,1068329416,Dead Island 2: Day 1 Edition - PlayStation 4,2026-03-17 07:01:56+00,1,True,PlayStation 4,Title/platform heuristic,13.14,mbop_fifo
113-6259698-1758611,156702369475761,B08X2FS1TV,1066393107,"Magicsuit Women's Peace Out Aubrey High Neck Soft Cup One Piece Swimsuit, Black/Multi, 10",2026-03-28 17:05:19+00,1,False,Unclassified,No reliable game match,,missing
113-6267631-8099428,157202820678681,B00DNGQTG2,1068329379,Zumba Fitness World Party - Xbox One,2026-04-05 18:40:44+00,1,True,Xbox One,Title/platform heuristic,12.43,mbop_fifo
113-6273028-6500211,157753833391761,B00C4PCCL4,1071283705,The Sims 3 Expansion Bundle - PC/Mac,2026-04-13 04:04:54+00,1,True,PC,Title/platform heuristic,8.00,mbop_fifo
113-6273581-7697834,149989465702521,B002I0K3M0,1036663415,Nintendo Land,2025-12-21 02:55:45+00,1,False,Unclassified,No reliable game match,19.34,inventorylab_legacy
113-6289380-4705058,147237692720841,B08JJ37XVW,1070280039,Monster Hunter Rise - Nintendo Switch,2025-11-24 16:11:24+00,1,True,Nintendo Switch,Title/platform heuristic,16.47,inventorylab_legacy
113-6291587-4421003,156193930710521,B01EZA0D8O,1063375652,Call of Duty: Infinite Warfare - Standard Edition - Xbox One,2026-03-20 13:40:48+00,1,True,Xbox One,Title/platform heuristic,12.99,mbop_fifo
113-6311483-1093026,148521482499241,B072JY7NX5,ZU-L43O-EVLC,Wolfenstein II: The New Colossus - PlayStation 4,2025-12-04 15:22:27+00,1,True,PlayStation 4,Title/platform heuristic,22.90,mbop_fifo
113-6330582-8594649,140018017193401,B07D8KZ5NK,1069890497,Team Sonic Racing - PlayStation 4,2025-09-22 00:18:50+00,1,True,PlayStation 4,Title/platform heuristic,22.39,inventorylab_legacy
113-6346376-8234601,138611601359281,B007MM9E42,1034379408,Disney Epic Mickey 2: The Power of Two - Nintendo Wii,2025-09-08 13:44:57+00,1,True,Nintendo Wii,Title/platform heuristic,8.50,mbop_fifo
113-6355152-4464223,148624271925161,B000L422L0,1068811450,Brooktown High: Senior Year - Sony PSP,2025-12-06 00:58:32+00,1,True,PSP,Title/platform heuristic,5.10,inventorylab_legacy
113-6355809-2393840,148674768636001,B07P5TL4SH,1070474327,Pokémon Shield - Nintendo Switch,2025-12-06 19:05:34+00,1,True,Nintendo Switch,Title/platform heuristic,28.66,mbop_fifo
113-6356047-0008224,162778857496361,B0050SYPV2,1026963555,Sniper: Ghost Warrior 2 - Xbox 360,2026-06-19 18:35:51+00,1,True,Xbox 360,Title/platform heuristic,22.00,inventorylab_legacy
113-6360033-5327459,139170891803121,B07VWCR94W,1033469061,WWE 2K20 - PlayStation 4,2025-09-13 17:49:54+00,1,True,PlayStation 4,Title/platform heuristic,16.19,inventorylab_legacy
113-6375622-6237045,163026737867041,B000930DQ4,1070625051,Harry Potter and the Goblet of Fire - PlayStation 2,2026-06-22 11:01:51+00,1,True,PlayStation 2,Title/platform heuristic,16.96,inventorylab_legacy
113-6383097-2205008,150413881750041,B07YZ4QVZY,1068949078,Sniper Ghost Warrior: Contracts PS4,2025-12-27 18:03:15+00,1,True,PlayStation 4,Title/platform heuristic,14.00,inventorylab_legacy
113-6389021-4649035,147482659276721,B0C7PN2L5V,1068811427,Starfield: Standard Edition - Xbox Series X,2025-11-25 16:52:37+00,1,True,Xbox Series X,Title/platform heuristic,,missing
113-6390936-0631412,156975423446561,B091DBFGWF,1071047176,RBI BASEBALL 21 NINTENDO SWITCH - NINTENDO SWITCH,2026-04-01 18:21:48+00,1,True,Nintendo Switch,Title/platform heuristic,13.53,mbop_fifo
113-6419359-6178616,166221570818681,B0030CV356,0P-5ID2-BBYB,UFC Undisputed 2010 - Xbox 360 [Xbox 360],2026-08-03 20:51:24+00,1,True,Xbox 360,Title/platform heuristic,,missing
113-6487471-4561032,148640778353441,B08PCN2Y3G,1068866834,Monster Energy Supercross 4 - PlayStation 5,2025-12-06 03:05:12+00,1,True,PlayStation 5,Title/platform heuristic,13.99,inventorylab_legacy
113-6496916-8606617,146259530053721,B07DDD9CPN,1041418871,Just Dance 2019 - Wii Standard Edition,2025-11-14 17:54:29+00,1,True,Nintendo Wii,Title/platform heuristic,27.80,inventorylab_legacy
113-6501628-6904211,155074272669841,B0BPYW4DDB,1065749622,Rustic Pistol Table Lamp - Realistic Novelty Outdoor Lamp - Tabletop Lantern w/ Brushed Black Finish & Gold Detailing - Gun Decorations for Man Cave -,2026-03-04 02:34:32+00,1,False,Unclassified,No reliable game match,23.99,mbop_fifo
113-6505429-9629834,163725058452881,B003VKLA5K,1071744028,Rapala Pro Bass Fishing with Rod Peripheral - Nintendo Wii,2026-06-29 01:13:42+00,1,True,Nintendo Wii,Title/platform heuristic,,missing
113-6510413-6393016,145939246101081,B0BPYW4DDB,1065749622,Rustic Pistol Table Lamp - Realistic Novelty Outdoor Lamp - Tabletop Lantern w/ Brushed Black Finish & Gold Detailing - Gun Decorations for Man Cave -,2025-11-11 00:58:50+00,1,False,Unclassified,No reliable game match,19.99,mbop_fifo
113-6526628-6414662,161757405405441,B01N1GRUUC,1051249032,"Harmony Good Dog Ceramic Dog Bowl, 6 Cups",2026-06-06 15:35:52+00,1,False,Unclassified,No reliable game match,10.99,inventorylab_legacy
113-6529465-9502665,156221328008641,B002912SN0,1071133137,Bakugan - PlayStation 2,2026-03-20 22:39:19+00,1,True,PlayStation 2,Title/platform heuristic,19.99,mbop_fifo
113-6559424-4093834,148718838253681,B000ZKBJYG,1028571220,Lego Batman - Nintendo Wii,2025-12-07 05:07:58+00,1,True,Nintendo Wii,Title/platform heuristic,12.95,mbop_fifo
113-6559904-5741060,144812395412281,B09C1167RV,1068329432,Street Outlaws 2: Winner Takes All (Xbox Series X/),2025-10-27 19:29:54+00,1,True,Xbox Series X,Title/platform heuristic,11.69,mbop_fifo
113-6560367-4494602,167792402505361,B07GRV89TK,1037856602,Nickelodeon Kart Racers - Xbox One [Xbox One],2026-08-22 00:34:33+00,1,True,Xbox One,Title/platform heuristic,,missing
113-6563898-0322659,157698894601441,B08JJ37XVW,1070280039,Monster Hunter Rise - Nintendo Switch Standard Edition,2026-04-12 10:30:38+00,1,True,Nintendo Switch,Title/platform heuristic,16.47,inventorylab_legacy
113-6564904-0837815,164507362616881,B003LDKIUA,1041266555,Pac-Man Party - Nintendo Wii,2026-07-11 19:45:28+00,1,True,Nintendo Wii,Title/platform heuristic,24.36,inventorylab_legacy
113-6577306-2473823,146225329119881,B01N54QSH6,1052907525,"Harmony Good Dog Ceramic Dog Bowl, 3 Cups",2025-11-14 02:34:16+00,2,False,Unclassified,No reliable game match,19.48,mbop_fifo
113-6578549-9404260,160379115451321,B001DO3NEW,1038680538,Wii Music,2026-05-20 02:08:37+00,1,True,Nintendo Wii,Title/platform heuristic,17.54,inventorylab_legacy
113-6596113-3694600,145849107793361,B07SHJ3ZQR,1064186268,FIFA 20 Standard Edition - PlayStation 4,2025-11-09 17:54:29+00,1,True,PlayStation 4,Title/platform heuristic,14.50,mbop_fifo
113-6603317-5844218,148105471102001,B087XRPCBD,1070625069,NASCAR Heat 5 - Xbox One,2025-11-30 22:18:03+00,1,True,Xbox One,Title/platform heuristic,38.20,mbop_fifo
113-6606992-3157807,158492658345441,B00DB9JV5W,1071283747,Halo 5: Guardians - Xbox One,2026-04-24 16:19:49+00,1,True,Xbox One,Title/platform heuristic,17.99,mbop_fifo
113-6614086-7771423,152452259310641,B07X35GXG3,1066663896,Nighthawk Interactive Disney Classic Games: Aladdin and The Lion King - Nintendo Switch,2026-01-26 23:33:40+00,1,True,Nintendo Switch,Title/platform heuristic,14.00,mbop_fifo
113-6620699-3784224,144416551686321,B007MM9E42,1034379408,Disney Epic Mickey 2: The Power of Two - Nintendo Wii,2025-10-23 14:14:35+00,1,True,Nintendo Wii,Title/platform heuristic,8.50,mbop_fifo
113-6636819-8651430,148748503794121,B00YC7ED0K,1041856993,FIFA 16 - Standard Edition - PlayStation 3,2025-12-07 17:21:53+00,1,True,PlayStation 3,Title/platform heuristic,14.82,inventorylab_legacy
113-6661003-2867411,158741814700521,B00DBF813Y,1068329375,Final Fantasy XV - Xbox One,2026-04-28 19:02:23+00,1,True,Xbox One,Title/platform heuristic,13.70,inventorylab_legacy
113-6667447-8878601,144940959773161,B0B3GHCTQB,1069286280,Call of Duty: Modern Warfare II - PlayStation 4,2025-10-29 12:39:29+00,1,True,PlayStation 4,Title/platform heuristic,22.10,mbop_fifo
113-6667625-7335410,144103174179321,B09D643D8F,1064901190,Call of Duty: Vanguard,2025-10-20 21:51:06+00,1,True,PlayStation 5,Title/platform heuristic,24.46,mbop_fifo
113-6671357-9573816,160608678070921,B013KZ3P2G,GI-KHHZ-LSSM,Far Cry 4 Complete Edition - Xbox One,2026-05-23 16:22:35+00,1,True,Xbox One,Title/platform heuristic,22.00,inventorylab_legacy
113-6673336-5355415,167104659820801,B00D7QX9WK,1071744032,Rocksmith 2014 Edition - No Cable Included for Rocksmith Owners [Xbox 360],2026-08-14 15:22:13+00,1,False,Unclassified,No reliable game match,,missing
113-6698838-8872264,155733767071481,B01FEHJYUU,1063376478,Sid Meier's Civilization VI - PC,2026-03-12 20:23:20+00,1,True,PC,Title/platform heuristic,,missing
113-6700250-2335433,140205254564321,B0B6SMNLQ8,1063162578,Taos Footwear Women's Starline Blue Sneaker 8 W,2025-09-24 05:27:28+00,1,False,Unclassified,No reliable game match,,missing
113-6704500-9650664,140024458549681,B0C9VW1KGR,1068811444,EA SPORTS FC 24 - Nintendo Switch,2025-09-22 00:48:01+00,1,True,Nintendo Switch,Title/platform heuristic,20.40,mbop_fifo
113-6712868-0296233,145190549231801,B00FM5IY4W,1063375943,Forza Motorsport 5,2025-11-02 22:21:40+00,1,True,Xbox One,Title/platform heuristic,25.00,mbop_fifo
113-6729733-3434619,149484833144641,B00JUFT1F6,1044306035,Dragon Age Inquisition - Standard Edition - PlayStation 4,2025-12-14 20:05:03+00,1,True,PlayStation 4,Title/platform heuristic,18.00,mbop_fifo
113-6731698-0337037,151783177073201,B08L91Z6VK,1037691306,Family Feud - Nintendo Switch Standard Edition,2026-01-15 22:03:24+00,1,True,Nintendo Switch,Title/platform heuristic,17.99,mbop_fifo
113-6754405-3396246,156463231034521,B0B1P1SGVG,1071283728,DEEEER Simulator: Your Average Everyday Deer Game Nintendo Switch,2026-03-24 23:15:36+00,1,True,Nintendo Switch,Title/platform heuristic,13.99,mbop_fifo
113-6784216-0578612,149358260839601,B075MSL3BV,1047886637,ARK: Survival Evolved - Xbox One,2025-12-13 04:37:50+00,1,True,Xbox One,Title/platform heuristic,17.50,inventorylab_legacy
113-6793830-0256242,165098545536401,B00182QCXS,1034679220,DEAL OR NO DEAL WII [Nintendo Wii],2026-07-19 22:14:26+00,1,True,Nintendo Wii,Title/platform heuristic,10.50,inventorylab_legacy
113-6795135-2981031,148044813284401,B0B727GNYP,1070280040,NASCAR Rivals for Nintendo Switch,2025-11-30 09:49:57+00,1,True,Nintendo Switch,Title/platform heuristic,17.99,mbop_fifo
113-6795471-0711404,138850578941641,B00KWG4HG0,1061432878,Mario Party 10,2025-09-11 07:32:53+00,1,False,Unclassified,No reliable game match,34.62,mbop_fifo
113-6807351-7329015,161975237311281,B001QRWE14,1070891244,Transformers: Revenge of the Fallen - PC,2026-06-10 13:01:37+00,1,True,PC,Title/platform heuristic,29.56,inventorylab_legacy
113-6808690-5651413,158655014823401,B0CBL3NZMJ,1071517352,NBA 2K24 Kobe Bryant Edition - Nintendo Switch,2026-04-27 05:27:24+00,1,True,Nintendo Switch,Title/platform heuristic,14.99,mbop_fifo
113-6815835-6458662,149833610017161,B003M986Z2,1042711873,Hasbro Family Game Night 3 - Nintendo Wii,2025-12-19 01:22:21+00,1,True,Nintendo Wii,Title/platform heuristic,24.91,mbop_fifo
113-6828805-7749063,157105629961761,B006ZPAYMI,1068811430,Kinect Rush: A Disney Pixar Adventure - Xbox 360,2026-04-03 20:48:02+00,1,True,Xbox 360,Title/platform heuristic,22.32,inventorylab_legacy
113-6829593-0413049,160787465990601,B01N4PIC40,1071517339,Utawarerumono: Mask of Truth - PlayStation Vita,2026-05-26 05:32:19+00,1,True,PS Vita,Title/platform heuristic,23.49,inventorylab_legacy
113-6834659-7423441,139445928452561,B01FEHJYUU,1063376478,Sid Meier's Civilization VI - PC,2025-09-16 15:49:34+00,1,True,PC,Title/platform heuristic,9.99,mbop_fifo
113-6848909-4008227,157610977289601,B0B1P1SGVG,1071283728,DEEEER Simulator: Your Average Everyday Deer Game Nintendo Switch,2026-04-10 21:24:16+00,1,True,Nintendo Switch,Title/platform heuristic,13.99,mbop_fifo
113-6849836-1865810,149933851244481,B06XDN21W5,1031051552,Paradise Treasure Trove Brown White Football Coin Piggy Bank Sports Stitching,2025-12-20 05:22:07+00,1,False,Unclassified,No reliable game match,8.99,mbop_fifo
113-6850802-7357801,158741470462161,B0030GBU2I,1070891232,Prince of Persia: The Forgotten Sands - Playstation 3,2026-04-28 18:19:42+00,1,True,PlayStation 3,Title/platform heuristic,15.99,inventorylab_legacy
113-6875844-2756244,158751331329161,B0BBXD3P63,1070474320,God of Rock (PS5),2026-04-28 22:11:59+00,1,True,PlayStation 5,Title/platform heuristic,31.62,mbop_fifo
113-6881474-8823415,139830826373921,B0B359B45Q,1069890493,Little League World Series PS4,2025-09-19 17:16:09+00,1,True,PlayStation 4,Title/platform heuristic,13.34,mbop_fifo
113-6888205-9736263,155122529103521,B07XGW61PX,1063375936,Plants Vs. Zombies: Battle for Neighborville - Xbox One,2026-03-04 22:25:21+00,1,True,Xbox One,Title/platform heuristic,13.87,inventorylab_legacy
113-6893601-6321006,149490674552121,B0B57TXPTH,1070280031,PAC-MAN World Re-PAC - PlayStation 4,2025-12-14 20:56:48+00,1,True,PlayStation 4,Title/platform heuristic,14.92,inventorylab_legacy
113-6900391-7370662,149637012356841,B0B6JQHB4P,1063376893,FIFA 23 - PlayStation 4,2025-12-16 15:38:02+00,1,True,PlayStation 4,Title/platform heuristic,19.99,mbop_fifo
113-6923661-2833860,162604534908641,B001DO3NEW,1038680538,Wii Music,2026-06-18 02:14:02+00,1,True,Nintendo Wii,Title/platform heuristic,17.54,inventorylab_legacy
113-6939482-8996261,147923001628521,B07S5BRQX4,1070280038,Killer Queen Black - Nintendo Switch,2025-11-29 03:37:23+00,1,True,Nintendo Switch,Title/platform heuristic,24.68,mbop_fifo
113-6953086-2299424,165101188250761,B00182QCXS,1034679220,DEAL OR NO DEAL WII [Nintendo Wii],2026-07-19 23:33:42+00,1,True,Nintendo Wii,Title/platform heuristic,10.50,inventorylab_legacy
113-6973476-5369034,164367485332561,B006ZPAYMI,1068811430,Kinect Rush: A Disney Pixar Adventure - Xbox 360,2026-07-09 06:57:33+00,1,True,Xbox 360,Title/platform heuristic,22.32,inventorylab_legacy
113-6998102-5798639,159442381101881,B075MSL3BV,1047886637,ARK: Survival Evolved - Xbox One,2026-05-08 04:33:15+00,1,True,Xbox One,Title/platform heuristic,17.50,inventorylab_legacy
113-7048292-1807443,161188452814321,B01G2E4DV4,1066393117,Birds Choice Oriole Feeder Replacement Cup,2026-05-31 20:06:59+00,2,False,Unclassified,No reliable game match,,missing
113-7059435-7906663,138028188585801,B09RTX4Q5P,1069286318,MLB The Show 22 for Xbox One,2025-09-01 00:05:38+00,1,True,Xbox One,Title/platform heuristic,15.00,mbop_fifo
113-7059551-6734648,158021769177801,B091DBFGWF,1071047176,RBI BASEBALL 21 NINTENDO SWITCH - NINTENDO SWITCH,2026-04-17 19:37:21+00,1,True,Nintendo Switch,Title/platform heuristic,13.53,mbop_fifo
113-7064163-1743448,144018439292561,B0B8JH4CTN,1070280053,World of Outlaws - Dirt Racing,2025-10-19 20:45:03+00,1,True,Xbox Series X,Title/platform heuristic,23.37,inventorylab_legacy
113-7069435-9209868,146876760125401,B0BDT654XQ,1069890474,Fortnite - Anime Legends- Xbox Series X,2025-11-20 18:23:53+00,1,True,Xbox Series X,Title/platform heuristic,16.95,mbop_fifo
113-7090811-4474620,157296163492001,B07VWCR94W,1033469061,WWE 2K20 - PlayStation 4,2026-04-07 06:03:17+00,1,True,PlayStation 4,Title/platform heuristic,16.19,inventorylab_legacy
113-7100437-4678618,153970485762281,B06XDN21W5,1031051552,Paradise Treasure Trove Brown White Football Coin Piggy Bank Sports Stitching,2026-02-18 13:38:59+00,1,False,Unclassified,No reliable game match,8.99,mbop_fifo
113-7116389-9431462,144261717108561,B003S2JI6O,JS-1DC1-9X53,Wheel of Fortune - Nintendo Wii,2025-10-22 13:21:43+00,1,True,Nintendo Wii,Title/platform heuristic,11.98,mbop_fifo
113-7124474-4066663,159034816251801,B008AT68UE,1071453873,The Sims 3 Supernatural,2026-05-02 00:37:31+00,1,False,Unclassified,No reliable game match,10.77,mbop_fifo
113-7126712-4458654,161864724143761,B00I19TXNC,1039024293,Alien: Isolation - Xbox One,2026-06-08 06:42:54+00,1,True,Xbox One,Title/platform heuristic,30.00,inventorylab_legacy
113-7154809-9428210,161495906515521,B071G5JJDW,1035764639,Monster Hunter: World - Xbox One Standard Edition,2026-06-04 16:05:54+00,1,True,Xbox One,Title/platform heuristic,17.97,inventorylab_legacy
113-7156005-2509851,147001943545481,B0CFTFG12B,1069890477,Call of Duty Modern Warfare III - Xbox,2025-11-21 23:45:08+00,1,True,Xbox,Title/platform heuristic,24.00,mbop_fifo
113-7157488-8287451,165579935993601,B01G2E4DV4,1066393117,Birds Choice Oriole Feeder Replacement Cup,2026-07-26 11:11:41+00,1,False,Unclassified,No reliable game match,,missing
113-7164502-2791421,167567216783881,B08GZ3M2ZV,1069890508,Monster Hunter Rise - Nintendo Switch [Nintendo Switch],2026-08-20 19:01:19+00,1,True,Nintendo Switch,Title/platform heuristic,,missing
113-7174652-6985869,140922737568441,B07XKBZ7F7,1068811466,Trials of Mana (Nintendo Switch),2025-09-30 22:21:06+00,1,True,Nintendo Switch,Title/platform heuristic,30.00,mbop_fifo
113-7177198-6114657,145927715263881,B0B3GHCTQB,1069286280,Call of Duty: Modern Warfare II - PlayStation 4,2025-11-10 20:26:33+00,1,True,PlayStation 4,Title/platform heuristic,22.10,mbop_fifo
113-7193428-9214628,152932756072721,B00ZE360GG,1043651644,Just Dance 2016 - Wii,2026-02-02 13:54:33+00,1,True,Nintendo Wii,Title/platform heuristic,19.45,mbop_fifo
113-7194202-9668240,150767332831361,B0BPYW4DDB,1065749622,Rustic Pistol Table Lamp - Realistic Novelty Outdoor Lamp - Tabletop Lantern w/ Brushed Black Finish & Gold Detailing - Gun Decorations for Man Cave -,2026-01-01 23:48:01+00,1,False,Unclassified,No reliable game match,19.99,mbop_fifo
113-7203897-0142637,152858458391041,B07D77HYR5,1070891220,Madden NFL 19 - PlayStation 4,2026-02-01 11:17:06+00,1,True,PlayStation 4,Title/platform heuristic,4.49,mbop_fifo
113-7221701-9225046,156575942928521,B00BMFIXZG,1070891237,Assassin's Creed IV Black Flag - PC,2026-03-26 17:04:57+00,1,True,PC,Title/platform heuristic,18.94,inventorylab_legacy
113-7226632-9829801,158923105215161,B0053BG122,YN-AK91-QDWR,Just Dance 3,2026-04-30 22:13:42+00,1,False,Unclassified,No reliable game match,10.51,mbop_fifo
113-7235206-7000242,147116357765321,B0C7PN2L5V,1068811427,Starfield: Standard Edition - Xbox Series X,2025-11-23 05:49:26+00,1,True,Xbox Series X,Title/platform heuristic,26.80,mbop_fifo
113-7238240-4723465,161001405087761,B0BP5CKT2F,1069890475,Star Wars Jedi: Survivor Deluxe - Xbox Series X,2026-05-28 16:47:48+00,1,True,Xbox Series X,Title/platform heuristic,18.00,inventorylab_legacy
113-7239711-9682655,168388288622041,B01MDNZOZP,1023340487,Star Wars Battlefront Ultimate Edition - PlayStation 4 [PlayStation 4],2026-08-30 04:38:28+00,1,True,PlayStation 4,Title/platform heuristic,,missing
113-7241586-6048223,156109894002761,B07SL77MHX,1068811473,No More Heroes 3,2026-03-19 01:21:47+00,1,False,Unclassified,No reliable game match,17.50,inventorylab_legacy
113-7260068-2206652,167622527404041,B08CGCZTYQ,1070891175,Cobra Kai Karate Kid Saga - PS4 - PlayStation 4 [PlayStation 4],2026-08-21 03:16:44+00,1,True,PlayStation 4,Title/platform heuristic,11.04,inventorylab_legacy
113-7269522-4483434,138157356148561,B007MM9E42,1034379408,Disney Epic Mickey 2: The Power of Two - Nintendo Wii,2025-09-02 18:37:43+00,1,True,Nintendo Wii,Title/platform heuristic,8.50,mbop_fifo
113-7270237-0234609,149848022032161,B01FEHJYUU,1063376478,Sid Meier's Civilization VI - PC,2025-12-19 06:48:08+00,1,True,PC,Title/platform heuristic,9.03,mbop_fifo
113-7276646-0685817,148984398491681,B074RYSTNS,1031051620,"Chevrolet 20"" Genuine Distressed Vintage Style Bowtie Chevy Red White and Blue American Flag Oval Metal Embossed Sign",2025-12-09 15:24:47+00,1,False,Unclassified,No reliable game match,12.99,inventorylab_legacy
113-7278051-5223426,165320905732801,B071WPL1L8,SL-PUBB-W1F6,The Evil Within 2 - PlayStation 4 [PlayStation 4],2026-07-23 04:02:49+00,1,True,PlayStation 4,Title/platform heuristic,18.50,inventorylab_legacy
113-7288127-3269851,157735098959561,B01GW8Y9SM,1071047194,Prey - PlayStation 4,2026-04-12 23:24:21+00,1,True,PlayStation 4,Title/platform heuristic,25.00,inventorylab_legacy
113-7290578-9885040,163929645761121,B008E6ZXXG,1071133153,Toy Story Mania for Xbox 360 Kinect,2026-07-02 11:56:43+00,1,True,Xbox 360,Title/platform heuristic,19.39,inventorylab_legacy
113-7342374-3504238,167854535842401,B0026FCARI,1036663472,Scooby Doo First Frights - Nintendo Wii [Nintendo Wii],2026-08-23 01:23:30+00,1,True,Nintendo Wii,Title/platform heuristic,22.10,inventorylab_legacy
113-7357236-2181001,139854390049201,B01N1GRUUC,1051249032,"Harmony Good Dog Ceramic Dog Bowl, 6 Cups",2025-09-19 23:20:02+00,1,False,Unclassified,No reliable game match,10.99,inventorylab_legacy
113-7375739-8402666,157342488796481,B000L422L0,1068811450,Brooktown High: Senior Year - Sony PSP,2026-04-08 02:12:29+00,1,True,PSP,Title/platform heuristic,5.10,inventorylab_legacy
113-7385674-3391401,156592375787681,B07SL77MHX,1068811473,No More Heroes 3,2026-03-26 22:35:27+00,1,False,Unclassified,No reliable game match,17.50,inventorylab_legacy
113-7409188-6777003,160940952033841,B008DNUXA8,1071453891,Wreck-It Ralph - Nintendo Wii,2026-05-28 14:44:43+00,1,True,Nintendo Wii,Title/platform heuristic,18.17,inventorylab_legacy
113-7423761-7988266,146673380111641,B0CFTFG12B,1069890477,Call of Duty Modern Warfare III - Xbox,2025-11-18 23:34:55+00,1,True,Xbox,Title/platform heuristic,24.00,mbop_fifo
113-7449717-7729855,159365010342441,B07D9QWSG1,1048719896,Overwatch Legendary Edition - PlayStation 4,2026-05-07 01:04:56+00,1,True,PlayStation 4,Title/platform heuristic,11.49,mbop_fifo
113-7459504-2127463,164244141169081,B000FII8KQ,1070625053,Tekken 6,2026-07-07 13:19:01+00,1,True,PlayStation 3,Title/platform heuristic,24.66,inventorylab_legacy
113-7469073-3333814,156868715886641,B004J30X4W,1028571437,Country Dance Wii,2026-03-31 02:01:29+00,1,True,Nintendo Wii,Title/platform heuristic,12.95,mbop_fifo
113-7470682-8486644,167550543754321,B07B99WHXS,1072047481,South Park and The Fractured But Whole (Nintendo Switch) [Nintendo Switch],2026-08-19 20:11:49+00,1,True,Nintendo Switch,Title/platform heuristic,,missing
113-7471208-8351430,145521621064281,B003VN0U1M,1064901508,Dora Big Birthday Adventure,2025-11-06 21:48:24+00,1,False,Unclassified,No reliable game match,6.50,inventorylab_legacy
113-7472026-8063415,156313692357761,B07KTFL61P,1071283744,Bendy and the Ink Machine (XB1) - Xbox One,2026-03-22 15:46:56+00,1,True,Xbox One,Title/platform heuristic,17.00,mbop_fifo
113-7496916-9653824,158107358530041,B09GCXZKBZ,1071379580,My Universe: Puppies and Kittens - PlayStation 4,2026-04-19 05:20:19+00,1,True,PlayStation 4,Title/platform heuristic,9.55,inventorylab_legacy
113-7508158-5575456,149987835855361,B06XDN21W5,1031051552,Paradise Treasure Trove Brown White Football Coin Piggy Bank Sports Stitching,2025-12-21 03:14:45+00,1,False,Unclassified,No reliable game match,8.99,mbop_fifo
113-7531788-4155466,140632165362281,B01N1GRUUC,1051249032,"Harmony Good Dog Ceramic Dog Bowl, 6 Cups",2025-09-27 23:36:09+00,1,False,Unclassified,No reliable game match,10.99,inventorylab_legacy
113-7535195-1025819,150709151342161,B01FEHJYUU,1063376478,Sid Meier's Civilization VI - PC,2025-12-31 17:52:59+00,1,True,PC,Title/platform heuristic,9.84,mbop_fifo
113-7539883-3018623,146146777101601,B00D8S4GRY,1025282139,Just Dance 2014 - PlayStation 4,2025-11-12 22:33:37+00,1,True,PlayStation 4,Title/platform heuristic,25.00,mbop_fifo
113-7542762-6020209,157975131889281,B08S2Y128Z,1055009413,The Last Kids On Earth and the Staff of Doom - PlayStation 4,2026-04-16 23:14:46+00,1,True,PlayStation 4,Title/platform heuristic,15.02,inventorylab_legacy
113-7552784-1721054,163131170622441,B09S65Q9XV,1071453881,MLB The Show 22 for PlayStation 4,2026-06-23 14:42:31+00,1,True,PlayStation 4,Title/platform heuristic,22.04,inventorylab_legacy
113-7568609-9051451,160990617639801,B003S2QS12,1071133151,WWE All Stars - Nintendo Wii,2026-05-28 13:22:12+00,1,True,Nintendo Wii,Title/platform heuristic,19.45,inventorylab_legacy
113-7572884-1369830,167156364566881,B08CGCZTYQ,1070891175,Cobra Kai Karate Kid Saga - PS4 - PlayStation 4 [PlayStation 4],2026-08-14 18:35:34+00,1,True,PlayStation 4,Title/platform heuristic,11.04,inventorylab_legacy
113-7590705-6834624,157229155376761,B096WZFCHR,1070280034,Marvel's Guardians of the Galaxy - PlayStation 5,2026-04-06 02:00:22+00,1,True,PlayStation 5,Title/platform heuristic,25.03,mbop_fifo
113-7616936-6260210,163514619045201,B07FYN3JDL,1070891208,Nintendo Labo Toy-Con 03: Vehicle Kit - Switch,2026-06-27 00:48:21+00,1,True,Nintendo Switch,Title/platform heuristic,,missing
113-7636160-1529832,164775797304961,B0140Z6T3W,1071744034,Game of Thrones - A Telltale Games Series - Xbox One [Xbox One],2026-07-16 12:52:12+00,1,True,Xbox One,Title/platform heuristic,,missing
113-7636584-3137050,139179965461681,B00DC7G0GG,1052572572,Super Mario 3D World,2025-09-13 21:23:58+00,1,True,Nintendo Wii U,Title/platform heuristic,22.79,mbop_fifo
113-7643955-7585068,148605450019841,B0BSNX28Y4,1068811441,Minecraft Legends Deluxe Edition: Xbox Series X and Xbox One,2025-12-05 19:19:59+00,1,True,Xbox Series X/Xbox One,Title/platform heuristic,17.10,inventorylab_legacy
113-7646092-5350648,168023662311361,B01N03NM02,1058392679,"Harmony Good Dog Ceramic Dog Bowl, 1 Cup",2026-08-25 15:15:22+00,1,False,Unclassified,No reliable game match,5.99,inventorylab_legacy
113-7655118-8742652,150822137606961,B01N1GRUUC,1051249032,"Harmony Good Dog Ceramic Dog Bowl, 6 Cups",2026-01-02 20:40:55+00,1,False,Unclassified,No reliable game match,10.99,inventorylab_legacy
113-7658073-0975456,158142634520601,B01LDFGIT2,1058619763,Livewire Advantage Instrument Cable 10 ft. Black,2026-04-19 21:12:31+00,1,False,Unclassified,No reliable game match,10.48,inventorylab_legacy
113-7662869-2297800,166735551411001,B01N1GRUUC,1051249032,"Harmony Good Dog Ceramic Dog Bowl, 6 Cups",2026-08-10 09:39:26+00,1,False,Unclassified,No reliable game match,10.99,inventorylab_legacy
113-7664742-7108227,156480672032321,B0CTKX44NG,1069286305,MLB The Show 24 - Nintendo Switch,2026-03-25 03:22:54+00,1,True,Nintendo Switch,Title/platform heuristic,39.00,mbop_fifo
113-7681490-9071408,156206387588641,B00WOK8YX4,VI-S22X-ODGM,Middle Earth: Shadow of Mordor Game of the Year - PlayStation 4,2026-03-20 17:17:46+00,1,True,PlayStation 4,Title/platform heuristic,30.00,mbop_fifo
113-7681980-7137033,144824024969721,B09D643D8F,1064901190,Call of Duty: Vanguard,2025-10-27 15:06:19+00,1,True,PlayStation 5,Title/platform heuristic,26.00,mbop_fifo
113-7683986-2983404,162793500181321,B002I08ESA,1047005450,Madden NFL 11 - Nintendo Wii,2026-06-19 18:45:52+00,1,True,Nintendo Wii,Title/platform heuristic,7.77,inventorylab_legacy
113-7691144-8067449,140736576660841,B0BPYW4DDB,1065749622,Rustic Pistol Table Lamp - Realistic Novelty Outdoor Lamp - Tabletop Lantern w/ Brushed Black Finish & Gold Detailing - Gun Decorations for Man Cave -,2025-09-28 08:11:32+00,1,False,Unclassified,No reliable game match,19.99,mbop_fifo
113-7692309-7928228,158307346795321,B07KTFL61P,1071283744,Bendy and the Ink Machine (XB1) - Xbox One,2026-04-22 12:54:22+00,1,True,Xbox One,Title/platform heuristic,18.52,mbop_fifo
113-7717133-3009801,161231315300361,B01N54QSH6,1052907525,"Harmony Good Dog Ceramic Dog Bowl, 3 Cups",2026-06-01 06:30:27+00,1,False,Unclassified,No reliable game match,7.99,mbop_fifo
113-7737602-6701808,142708591796041,B007MM9E42,1034379408,Disney Epic Mickey 2: The Power of Two - Nintendo Wii,2025-10-15 23:23:55+00,1,True,Nintendo Wii,Title/platform heuristic,8.50,mbop_fifo
113-7737884-0218664,152431076090481,B071WPL1L8,SL-PUBB-W1F6,The Evil Within 2 - PlayStation 4,2026-01-26 18:32:22+00,1,True,PlayStation 4,Title/platform heuristic,18.50,inventorylab_legacy
113-7747386-2751412,168441712470161,B07KYYZZFR,1066665177,Crash Team Racing - Nitro Fueled - Xbox One [Xbox One],2026-08-30 23:35:38+00,1,True,Xbox One,Title/platform heuristic,,missing
113-7751212-5790641,147638342112921,B00YC7ED0K,1041856993,FIFA 16 - Standard Edition - PlayStation 3,2025-11-26 17:11:28+00,1,True,PlayStation 3,Title/platform heuristic,14.82,inventorylab_legacy
113-7754622-8180250,146947926984361,B0924651ZP,1069890456,Alex Kidd In Miracle World Dx - Nintendo Switch Standard Edition,2025-11-21 10:33:06+00,1,True,Nintendo Switch,Title/platform heuristic,11.04,mbop_fifo
113-7763711-1554601,148524123808121,B07P5TL4SH,1070474327,Pokémon Shield - Nintendo Switch,2025-12-04 15:44:41+00,1,True,Nintendo Switch,Title/platform heuristic,28.66,mbop_fifo
113-7766675-8605848,148549584092201,B01GVN0D1U,1070474333,Resident Evil 7 Biohazard (Xbox One),2025-12-05 00:48:30+00,1,True,Xbox One,Title/platform heuristic,14.50,mbop_fifo
113-7767758-7393833,164503647701081,B008QLUTHO,1071517334,The Sims 3 Seasons,2026-07-11 16:07:08+00,1,False,Unclassified,No reliable game match,,missing
113-7781388-2099461,146338532666561,B07DTMGFKG,1070474318,WWE 2K19 - PlayStation 4,2025-11-15 21:06:31+00,1,True,PlayStation 4,Title/platform heuristic,20.02,mbop_fifo
113-7789747-1168210,150114997863441,B06XDN21W5,1031051552,Paradise Treasure Trove Brown White Football Coin Piggy Bank Sports Stitching,2025-12-23 08:03:40+00,1,False,Unclassified,No reliable game match,8.99,mbop_fifo
113-7798092-3526661,154380604715601,B098Y96VKP,1068329369,NBA 2K22 - Nintendo Switch,2026-02-23 23:25:52+00,1,True,Nintendo Switch,Title/platform heuristic,14.23,inventorylab_legacy
113-7802387-2564206,153249378246001,B01N03NM02,1058392679,"Harmony Good Dog Ceramic Dog Bowl, 1 Cup",2026-02-07 04:19:53+00,1,False,Unclassified,No reliable game match,5.99,inventorylab_legacy
113-7815414-4606609,160997039485441,B0BDT4CQJD,1068811463,Fortnite - Anime Legends- PlayStation 4,2026-05-28 19:58:58+00,1,True,PlayStation 4,Title/platform heuristic,29.74,inventorylab_legacy
113-7822252-1599425,142374760828201,B07X35GXG3,1066663896,Nighthawk Interactive Disney Classic Games: Aladdin and The Lion King - Nintendo Switch,2025-10-14 07:07:39+00,1,True,Nintendo Switch,Title/platform heuristic,14.00,mbop_fifo
113-7825450-8397018,148353235739761,B001B1W3HA,SN-IZTF-EEG6,Carnival Games: MiniGolf - Nintendo Wii,2025-12-03 06:03:50+00,1,True,Nintendo Wii,Title/platform heuristic,15.37,mbop_fifo
113-7834530-3922644,157336763517281,B01N1GRUUC,1051249032,"Harmony Good Dog Ceramic Dog Bowl, 6 Cups",2026-04-07 23:06:16+00,1,False,Unclassified,No reliable game match,10.99,inventorylab_legacy
113-7854753-5133866,156783691022521,B0088I7KYU,1029050576,Injustice: Gods Among Us - Xbox 360,2026-03-29 22:52:22+00,1,True,Xbox 360,Title/platform heuristic,15.90,mbop_fifo
113-7866144-9559407,168049254288081,B07YZ4QVZY,1068949078,Sniper Ghost Warrior: Contracts PS4 [PlayStation 4],2026-08-25 22:01:29+00,1,True,PlayStation 4,Title/platform heuristic,14.00,inventorylab_legacy
113-7868322-7330653,151461072392241,B01N54QSH6,1052907525,"Harmony Good Dog Ceramic Dog Bowl, 3 Cups",2026-01-10 16:19:40+00,1,False,Unclassified,No reliable game match,9.74,mbop_fifo
113-7877464-1210634,157129024529081,B01AC3ZD06,1048894668,Nintendo Selects: Super Mario 3D World - Wii U Standard Edition,2026-04-04 03:46:06+00,1,True,Nintendo Wii U,Title/platform heuristic,15.71,mbop_fifo
113-7888418-0334637,157731831582961,B0B2KSPC2W,1064186103,Madden NFL 23 - PlayStation 4,2026-04-12 23:05:41+00,1,True,PlayStation 4,Title/platform heuristic,12.63,mbop_fifo
113-7900867-0731412,149993503265841,B082QL63JB,1037691479,Fast & Furious Crossroads - Xbox One,2025-12-21 03:48:05+00,1,True,Xbox One,Title/platform heuristic,14.99,mbop_fifo
113-7927503-5591469,147480314165081,B0C7PN2L5V,1068811427,Starfield: Standard Edition - Xbox Series X,2025-11-25 17:22:33+00,1,True,Xbox Series X,Title/platform heuristic,26.80,mbop_fifo
113-7938203-1598668,142343754132401,B07HFMJ4R5,1068329410,Minecraft: Starter Collection - Xbox One,2025-10-13 23:37:28+00,1,True,Xbox One,Title/platform heuristic,23.49,inventorylab_legacy
113-7943907-8035446,160731293746201,B06WWF1N6M,1032601832,Middle-Earth: Shadow Of War Gold Edition - Xbox One,2026-05-25 17:46:54+00,1,True,Xbox One,Title/platform heuristic,22.45,inventorylab_legacy
113-7952836-4104259,159850805470361,B01AC3ZD06,1048894668,Nintendo Selects: Super Mario 3D World - Wii U Standard Edition,2026-05-13 23:01:36+00,1,True,Nintendo Wii U,Title/platform heuristic,20.00,mbop_fifo
113-7963461-8577069,144155650578481,B0DHHM6BZ2,1070280186,LEGO Horizon Adventures,2025-10-21 09:13:58+00,1,False,Unclassified,No reliable game match,,missing
113-7965319-6296203,144693524069361,B08F3CXZJQ,1066663861,Minecraft Dungeons Hero Edition - Nintendo Switch,2025-10-26 14:28:37+00,1,True,Nintendo Switch,Title/platform heuristic,31.70,mbop_fifo
113-7976881-1084267,159499187520521,B07DLSQFL8,1068811425,Hitman 2 - PlayStation 4,2026-05-09 00:11:16+00,1,True,PlayStation 4,Title/platform heuristic,19.72,inventorylab_legacy
113-8000410-6831418,148230215473281,B0C3KRX4X4,1070625058,Super Mega Baseball 4 - PlayStation 4,2025-12-02 00:07:00+00,1,True,PlayStation 4,Title/platform heuristic,8.23,mbop_fifo
113-8006912-0369817,153197172117321,B07G8SYSDS,1070891223,Tom Clancy's The Division 2 - PlayStation 4 Gold Steelbook Edition,2026-02-06 05:36:33+00,1,True,PlayStation 4,Title/platform heuristic,18.14,mbop_fifo
113-8011710-7898629,162483515978121,B01K63R7EW,CL-3FZI-8LNN,Destiny The Collection - Xbox One Standard Edition,2026-06-16 21:12:33+00,1,True,Xbox One,Title/platform heuristic,,missing
113-8045342-3577008,156358285271161,B00CXCCI8A,1070625054,FIFA 14 - PlayStation 4,2026-03-23 03:37:07+00,1,True,PlayStation 4,Title/platform heuristic,19.99,mbop_fifo
113-8046515-8340246,161458351778641,B01G2E4DV4,1066393117,Birds Choice Oriole Feeder Replacement Cup,2026-06-04 01:49:56+00,1,False,Unclassified,No reliable game match,,missing
113-8055437-4004209,144232966259121,B01N03NM02,1058392679,"Harmony Good Dog Ceramic Dog Bowl, 1 Cup",2025-10-22 05:26:58+00,1,False,Unclassified,No reliable game match,5.99,inventorylab_legacy
113-8065996-1661853,161299718891161,B09W39YNQV,1071453888,Teenage Mutant Ninja Turtles Cowabunga Collection NSW,2026-06-02 07:02:17+00,1,False,Unclassified,No reliable game match,17.10,inventorylab_legacy
113-8070058-8045827,157237732827401,B08C7DV96B,1071283745,Chivalry 2 - Xbox One,2026-04-06 05:01:20+00,1,True,Xbox One,Title/platform heuristic,14.00,mbop_fifo
113-8104020-2123409,156401822431721,B0B6JQHB4P,1063376893,FIFA 23 - PlayStation 4,2026-03-23 22:26:22+00,1,True,PlayStation 4,Title/platform heuristic,19.57,mbop_fifo
113-8112997-8158648,163504317567641,B0C7K581PT,1071517365,Fae Farm - Nintendo Switch (US Version),2026-06-26 22:19:30+00,1,True,Nintendo Switch,Title/platform heuristic,24.99,inventorylab_legacy
113-8115872-5711429,158900701930681,B0166QDR9W,1071283712,Borderlands Triple Pack - PlayStation 3,2026-04-29 14:51:22+00,1,True,PlayStation 3,Title/platform heuristic,25.00,mbop_fifo
113-8137049-1145838,152839401281961,B07DD7T1CS,1043649621,Just Dance 2019 - PlayStation 4 Standard Edition,2026-02-01 03:21:19+00,1,True,PlayStation 4,Title/platform heuristic,10.37,mbop_fifo
113-8162400-3277836,164448325618321,B07KN77NXY,1068329356,FIFA 19/NHL 19 Bundle PlayStation 4,2026-07-10 14:58:13+00,1,True,PlayStation 4,Title/platform heuristic,11.16,inventorylab_legacy
113-8175197-1393824,150511993123881,B09RRHYD97,1065946288,Ghostwire: Tokyo Standard Edition - PlayStation 5,2025-12-29 06:45:35+00,1,True,PlayStation 5,Title/platform heuristic,15.43,mbop_fifo
113-8179549-3467403,155227695740561,B00I9UVY30,1070891227,EA Sports 2014 FIFA World Cup Brazil - PlayStation 3,2026-03-05 22:42:55+00,1,True,PlayStation 3,Title/platform heuristic,17.47,inventorylab_legacy
113-8182191-4732256,147504982618601,B096WVJ9Q4,1068329357,Marvel's Guardians of the Galaxy PlayStation 4 with Free Upgrade to the Digital PS5 Version,2025-11-25 20:48:23+00,1,True,PlayStation 4/PlayStation 5,Title/platform heuristic,15.95,mbop_fifo
113-8183691-0089863,147971639735761,B07DPZ1WQ9,1069891414,Super Mario Party - [Nintendo Switch],2025-11-29 16:30:42+00,1,True,Nintendo Switch,Title/platform heuristic,37.02,mbop_fifo
113-8225280-9553853,148186121976601,B096WVGQMJ,1053589872,Marvel's Guardians of the Galaxy - Xbox Series X/Xbox One,2025-12-01 17:22:20+00,1,True,Xbox Series X/Xbox One,Title/platform heuristic,16.18,mbop_fifo
113-8245579-5142634,147175616870681,B0CFTFG12B,1069890477,Call of Duty Modern Warfare III - Xbox,2025-11-23 23:42:35+00,1,True,Xbox,Title/platform heuristic,24.00,mbop_fifo
113-8287024-9401821,148808806103881,B09C1167RV,1068329432,Street Outlaws 2: Winner Takes All (Xbox Series X/),2025-12-08 05:40:27+00,1,True,Xbox Series X,Title/platform heuristic,11.05,mbop_fifo
113-8305215-4138665,148051594443081,B00KLMOY4K,1048220574,Plants vs Zombies Garden Warfare(Online Play Required) - PlayStation 4,2025-11-30 09:29:05+00,1,True,PlayStation 4,Title/platform heuristic,12.50,inventorylab_legacy
113-8307825-9079429,157314667111241,B005EHAFTA,1059113393,Advance Tabco K-00 Faucet Repair Kit,2026-04-07 16:28:58+00,3,False,Unclassified,No reliable game match,135.00,mbop_fifo
113-8317299-4122632,152357486942201,B01N03NM02,1058392679,"Harmony Good Dog Ceramic Dog Bowl, 1 Cup",2026-01-25 03:33:40+00,1,False,Unclassified,No reliable game match,5.99,inventorylab_legacy
113-8318160-5104263,145454482212681,B0BPYW4DDB,1065749622,Rustic Pistol Table Lamp - Realistic Novelty Outdoor Lamp - Tabletop Lantern w/ Brushed Black Finish & Gold Detailing - Gun Decorations for Man Cave -,2025-11-06 01:30:26+00,1,False,Unclassified,No reliable game match,,missing
113-8319320-1189829,157779040109081,B01G2E4DV4,1066393117,Birds Choice Oriole Feeder Replacement Cup,2026-04-13 18:19:28+00,1,False,Unclassified,No reliable game match,4.09,mbop_fifo
113-8319538-4417868,147967081207041,B00CXCCI8A,1070625054,FIFA 14 - PlayStation 4,2025-11-29 17:26:53+00,1,True,PlayStation 4,Title/platform heuristic,19.99,mbop_fifo
113-8330278-3707416,157070103083961,B07SL77MHX,1068811473,No More Heroes 3,2026-04-03 04:22:06+00,1,False,Unclassified,No reliable game match,17.50,inventorylab_legacy
113-8331595-4237006,148184639938161,B01N9QVIRV,1065946902,Switch Title 3 -,2025-12-01 16:37:33+00,1,True,Nintendo Switch,Title/platform heuristic,25.02,inventorylab_legacy
113-8350324-6584236,152847583008681,B01N54QSH6,1052907525,"Harmony Good Dog Ceramic Dog Bowl, 3 Cups",2026-02-01 04:31:25+00,1,False,Unclassified,No reliable game match,7.99,mbop_fifo
113-8350555-5110644,141953909858561,B01N9QVIRV,1065946902,Switch Title 3 -,2025-10-09 23:55:01+00,1,True,Nintendo Switch,Title/platform heuristic,25.02,inventorylab_legacy
113-8364013-6160242,161887839685161,B01N03NM02,1058392679,"Harmony Good Dog Ceramic Dog Bowl, 1 Cup",2026-06-08 22:15:10+00,1,False,Unclassified,No reliable game match,5.99,inventorylab_legacy
113-8375830-2257806,143922141403921,B07HFMJ4R5,1068329410,Minecraft: Starter Collection - Xbox One,2025-10-18 21:12:35+00,1,True,Xbox One,Title/platform heuristic,23.49,inventorylab_legacy
113-8387740-7993036,141295358230721,B01N1GRUUC,1051249032,"Harmony Good Dog Ceramic Dog Bowl, 6 Cups",2025-10-04 17:24:10+00,1,False,Unclassified,No reliable game match,10.99,inventorylab_legacy
113-8399118-4478662,164992713249761,B071WPL1L8,SL-PUBB-W1F6,The Evil Within 2 - PlayStation 4 [PlayStation 4],2026-07-18 12:04:02+00,1,True,PlayStation 4,Title/platform heuristic,18.50,inventorylab_legacy
113-8404664-6703469,162821143954641,B0C2F82HSS,1071283752,Paleo Pines: The Dino Valley (XSX),2026-06-20 04:49:22+00,1,False,Unclassified,No reliable game match,18.36,inventorylab_legacy
113-8405601-5476239,156993350551161,B07DJY4FRP,1045507690,Gears 5: Standard Edition - Xbox One,2026-04-02 00:24:29+00,1,True,Xbox One,Title/platform heuristic,19.35,inventorylab_legacy
113-8418387-8526636,157692795096001,B0050SYZ2G,1068811467,Kinect Sports Season Two,2026-04-12 03:59:13+00,1,False,Unclassified,No reliable game match,9.98,mbop_fifo
113-8422831-5185868,148785142681641,B07D8KZ5NK,1069890497,Team Sonic Racing - PlayStation 4,2025-12-08 00:45:10+00,1,True,PlayStation 4,Title/platform heuristic,22.39,inventorylab_legacy
113-8425022-3310612,161899264190921,B01N03NM02,1058392679,"Harmony Good Dog Ceramic Dog Bowl, 1 Cup",2026-06-08 22:06:07+00,1,False,Unclassified,No reliable game match,5.99,inventorylab_legacy
113-8450639-3685015,154607433073761,B0002CHIUQ,1070474312,Ace Combat 5: The Unsung War,2026-02-25 21:49:37+00,1,False,Unclassified,No reliable game match,18.99,mbop_fifo
113-8456820-0157042,166253968165761,B08CGCZTYQ,1070891175,Cobra Kai Karate Kid Saga - PS4 - PlayStation 4 [PlayStation 4],2026-08-04 01:51:10+00,1,True,PlayStation 4,Title/platform heuristic,11.04,inventorylab_legacy
113-8461563-7593057,152078485891961,B0051TLAF4,1036989683,LEGO Harry Potter: Years 5-7 - Xbox 360,2026-01-20 04:37:07+00,1,True,Xbox 360,Title/platform heuristic,13.94,mbop_fifo
113-8464973-9469040,156712277985521,B000MTF072,1071133138,Surfs Up - Playstation 3,2026-03-28 20:47:12+00,1,True,PlayStation 3,Title/platform heuristic,16.99,mbop_fifo
113-8471885-6808260,154651616666841,B08DWJDY9S,1070891206,Atelier Ryza 2: Lost Legends & The Secret Fairy - Nintendo Switch,2026-02-26 15:50:22+00,1,True,Nintendo Switch,Title/platform heuristic,35.00,mbop_fifo
113-8478465-1156233,148123199705081,B01GVN0D1U,1070474333,Resident Evil 7 Biohazard (Xbox One),2025-12-01 01:40:51+00,1,True,Xbox One,Title/platform heuristic,14.50,mbop_fifo
113-8506812-3337002,167035005515761,B00242KD7W,1070891174,Cloudy with a Chance of Meatballs - Sony PSP [Sony PSP],2026-08-13 17:10:36+00,1,True,PSP,Title/platform heuristic,19.83,inventorylab_legacy
113-8511536-3953841,148860100289041,B07HMGM3XS,1069890513,Sports Party (Nintendo Switch) (Nintendo Switch),2025-12-08 22:02:34+00,1,True,Nintendo Switch,Title/platform heuristic,17.04,mbop_fifo
113-8526922-5369844,166437425069281,B00XUZBCEK,1038681778,ea sports nhl legacy edition - Xbox 360 [Xbox 360],2026-08-05 21:40:26+00,1,True,Xbox 360,Title/platform heuristic,24.00,inventorylab_legacy
113-8540351-2415452,159009123633921,B004BXAL0G,1071453875,Major League Baseball 2K11 - PlayStation 2,2026-05-01 10:00:34+00,1,True,PlayStation 2,Title/platform heuristic,6.88,inventorylab_legacy
113-8541904-6917047,157019342167921,B08MG4PK68,1071283749,Hitman 3 for Xbox One & Xbox Series X,2026-04-02 14:03:52+00,1,True,Xbox Series X/Xbox One,Title/platform heuristic,24.42,mbop_fifo
113-8541928-2636210,138587383403441,B002K9VIAU,1036989393,Game Party 3 - Nintendo Wii,2025-09-08 01:54:13+00,1,True,Nintendo Wii,Title/platform heuristic,13.95,inventorylab_legacy
113-8554714-5901805,146559023358921,B0060ZN5T2,1044972247,NEW Just Dance 3 Wii (Videogame Software),2025-11-17 23:01:46+00,1,True,Nintendo Wii,Title/platform heuristic,17.60,inventorylab_legacy
113-8556037-3508264,167371227469361,B01N3NNPAB,1037692980,Mass Effect Andromeda Deluxe - Xbox One [Xbox One],2026-08-18 12:45:38+00,1,True,Xbox One,Title/platform heuristic,,missing
113-8564789-3109846,145446570178041,B07DF43L23,1053914224,Starlink Battle for Atlas - Nintendo Switch Starter Edition,2025-11-05 20:20:56+00,1,True,Nintendo Switch,Title/platform heuristic,20.68,mbop_fifo
113-8569274-4842645,161054659302961,B0794QSXP5,1071133179,Dragon Ball Fighterz - Xbox One,2026-05-30 01:12:32+00,1,True,Xbox One,Title/platform heuristic,21.38,inventorylab_legacy
113-8574685-6924248,161064408542001,B003DNH95K,1071379600,Lord of the Rings: War in the North - Xbox 360,2026-05-29 16:14:23+00,1,True,Xbox 360,Title/platform heuristic,31.15,inventorylab_legacy
113-8592342-1109021,159458798810521,B0086V5TVU,1033866223,Just Dance 4 - Playstation 3,2026-05-08 12:49:17+00,1,True,PlayStation 3,Title/platform heuristic,10.00,mbop_fifo
113-8608960-9354644,142202268329321,B07HFMJ4R5,1068329410,Minecraft: Starter Collection - Xbox One,2025-10-12 16:03:09+00,1,True,Xbox One,Title/platform heuristic,23.49,inventorylab_legacy
113-8627258-8913013,161734407903641,B01N03NM02,1058392679,"Harmony Good Dog Ceramic Dog Bowl, 1 Cup",2026-06-06 10:02:38+00,1,False,Unclassified,No reliable game match,5.99,inventorylab_legacy
113-8627694-6776261,164689754204281,B07DLSQFL8,1068811425,Hitman 2 - PlayStation 4,2026-07-14 10:15:35+00,1,True,PlayStation 4,Title/platform heuristic,19.72,inventorylab_legacy
113-8634741-8679451,156233733282161,B08WWHTM61,1071283727,DC Super Hero Girls: Teen Power - Nintendo Switch,2026-03-21 02:17:12+00,1,True,Nintendo Switch,Title/platform heuristic,15.00,mbop_fifo
113-8635104-9702635,147824445722081,B00GANWVJE,1070280029,The Legend of Zelda: A Link Between Worlds,2025-11-28 17:53:43+00,1,False,Unclassified,No reliable game match,22.95,mbop_fifo
113-8638312-6281862,154481577479921,B087XTT5GZ,1053590162,Assassin's Creed Valhalla PlayStation 4 Standard Edition with Free Upgrade to the Digital PS5 Version,2026-02-24 18:42:44+00,1,True,PlayStation 4/PlayStation 5,Title/platform heuristic,10.19,mbop_fifo
113-8656525-2999444,153039676814641,B00ZMBLKPG,1070280049,Gears of War: Ultimate Edition - Xbox One,2026-02-03 13:18:32+00,1,True,Xbox One,Title/platform heuristic,18.99,inventorylab_legacy
113-8690081-7564256,161071242544881,B01N03NM02,1058392679,"Harmony Good Dog Ceramic Dog Bowl, 1 Cup",2026-05-29 22:28:38+00,1,False,Unclassified,No reliable game match,5.99,inventorylab_legacy
113-8697967-2057037,147984255729721,B096WVJ9Q4,1068329357,Marvel's Guardians of the Galaxy PlayStation 4 with Free Upgrade to the Digital PS5 Version,2025-11-29 19:43:25+00,1,True,PlayStation 4/PlayStation 5,Title/platform heuristic,15.95,mbop_fifo
113-8702906-1216206,147062309692441,B0060ZN5T2,1044972247,NEW Just Dance 3 Wii (Videogame Software),2025-11-22 19:20:49+00,1,True,Nintendo Wii,Title/platform heuristic,17.60,inventorylab_legacy
113-8715746-5525034,147178564647321,B0748XK1KM,1058203076,The Sims 4 - PlayStation 4,2025-11-23 23:30:51+00,1,True,PlayStation 4,Amazon product type,15.22,mbop_fifo
113-8787844-0115467,152778278600081,B008J16AH4,1070891225,Angry Birds Trilogy - Playstation 3,2026-01-31 01:22:17+00,1,True,PlayStation 3,Title/platform heuristic,12.99,mbop_fifo
113-8795928-0177001,141073399028961,B0924651ZP,1069890456,Alex Kidd In Miracle World Dx - Nintendo Switch Standard Edition,2025-10-02 03:14:05+00,1,True,Nintendo Switch,Title/platform heuristic,11.04,mbop_fifo
113-8809777-7121065,162499364588641,B00EFRN2IQ,1032600402,The Sims 4 - PC/Mac,2026-06-17 01:32:17+00,1,True,PC,Title/platform heuristic,,missing
113-8812004-0029012,147269113872161,B08GSP1HBM,1067108754,"Goosebumps: Dead of Night, Cosmic Forces - Nintendo Switch",2025-11-25 00:02:37+00,1,True,Nintendo Switch,Title/platform heuristic,13.99,mbop_fifo
113-8815380-2425817,163378670032001,B0030GBU2I,1070891232,Prince of Persia: The Forgotten Sands - Playstation 3,2026-06-25 17:32:57+00,1,True,PlayStation 3,Title/platform heuristic,15.99,inventorylab_legacy
113-8825483-8047441,147753284516641,B07HFMJ4R5,1068329410,Minecraft: Starter Collection - Xbox One,2025-11-28 00:49:52+00,1,True,Xbox One,Title/platform heuristic,23.49,inventorylab_legacy
113-8849073-1677017,139609596256521,B07D8KZ5NK,1069890497,Team Sonic Racing - PlayStation 4,2025-09-17 21:38:43+00,1,True,PlayStation 4,Title/platform heuristic,22.39,inventorylab_legacy
113-8859234-8353069,168232871681561,B07KN77NXY,1068329356,FIFA 19/NHL 19 Bundle PlayStation 4 [PlayStation 4],2026-08-27 22:54:38+00,1,True,PlayStation 4,Title/platform heuristic,11.16,inventorylab_legacy
113-8863031-8515423,153128527719921,B08CGCZTYQ,1070891175,Cobra Kai Karate Kid Saga - PS4 - PlayStation 4,2026-02-05 01:46:00+00,1,True,PlayStation 4,Title/platform heuristic,11.04,inventorylab_legacy
113-8872428-3137861,152379878070681,B0BPYW4DDB,1065749622,Rustic Pistol Table Lamp - Realistic Novelty Outdoor Lamp - Tabletop Lantern w/ Brushed Black Finish & Gold Detailing - Gun Decorations for Man Cave -,2026-01-25 18:27:20+00,1,False,Unclassified,No reliable game match,23.99,mbop_fifo
113-8888609-8409035,148240157460081,B0D3P4HV27,1068866835,Madden NFL 25 - Xbox Series X,2025-12-02 01:57:10+00,1,True,Xbox Series X,Title/platform heuristic,14.99,mbop_fifo
113-8890273-6635439,145876733983761,B07SHJ3ZQR,1064186268,FIFA 20 Standard Edition - PlayStation 4,2025-11-10 00:48:14+00,1,True,PlayStation 4,Title/platform heuristic,12.81,mbop_fifo
113-8891802-5175466,138734921520241,B005EHAFTA,1059113393,Advance Tabco K-00 Faucet Repair Kit,2025-09-09 21:39:50+00,1,False,Unclassified,No reliable game match,45.00,mbop_fifo
113-8894007-0974650,149552086195201,B01N1GRUUC,1051249032,"Harmony Good Dog Ceramic Dog Bowl, 6 Cups",2025-12-15 14:41:13+00,1,False,Unclassified,No reliable game match,10.99,inventorylab_legacy
113-8897655-3568262,153141852021121,B07B9XCN31,1037334887,Crash Bandicoot N. Sane Trilogy - Nintendo Switch Standard Edition,2026-02-05 04:02:19+00,1,True,Nintendo Switch,Title/platform heuristic,19.99,mbop_fifo
113-8897928-6209840,141419036262721,B0DHHM6BZ2,1070280186,LEGO Horizon Adventures,2025-10-06 01:57:55+00,1,False,Unclassified,No reliable game match,,missing
113-8899461-1716258,149981598583201,B01GW8XJVU,1065946160,The Elder Scrolls V: Skyrim Special Edition - PlayStation 4,2025-12-21 01:47:44+00,1,True,PlayStation 4,Title/platform heuristic,25.00,mbop_fifo
113-8920811-6965018,162223073967921,B00ZS80PC2,1067893319,Final Fantasy VII: Remake - PlayStation 4,2026-06-12 13:54:03+00,1,True,PlayStation 4,Title/platform heuristic,18.15,inventorylab_legacy
113-8933155-0634612,148708957745441,B00KLMOY4K,1048220574,Plants vs Zombies Garden Warfare(Online Play Required) - PlayStation 4,2025-12-07 02:36:13+00,1,True,PlayStation 4,Title/platform heuristic,12.50,inventorylab_legacy
113-8933681-9786627,143452645663361,B07DL1N1Q9,1069890468,Jump Force: Standard Edition - Xbox One,2025-10-17 22:07:33+00,1,True,Xbox One,Title/platform heuristic,16.00,mbop_fifo
113-8935423-7396208,153229504306281,B07D767FMV,1056263378,Battlefield V - PlayStation 4,2026-02-06 20:58:27+00,1,True,PlayStation 4,Title/platform heuristic,19.99,inventorylab_legacy
113-8951238-3181835,156411983373481,B07SL77MHX,1068811473,No More Heroes 3,2026-03-24 02:29:32+00,1,False,Unclassified,No reliable game match,17.50,inventorylab_legacy
113-8973265-2988258,153805581281241,B002ARW2CA,1070891234,Rock Band: Country Track Pack - PlayStation 2,2026-02-16 12:41:16+00,1,True,PlayStation 2,Title/platform heuristic,22.91,inventorylab_legacy
113-8974933-2603439,146818380459921,B01N54QSH6,1052907525,"Harmony Good Dog Ceramic Dog Bowl, 3 Cups",2025-11-20 01:40:29+00,1,False,Unclassified,No reliable game match,9.74,mbop_fifo
113-8977719-4084205,158660902029841,B08MG5FYS6,1064186282,Hitman 3 - PlayStation 5 Standard Edition,2026-04-27 12:13:08+00,1,True,PlayStation 5,Title/platform heuristic,34.37,mbop_fifo
113-8978049-0957050,160084810312561,B08DWJDY9S,1070891206,Atelier Ryza 2: Lost Legends & The Secret Fairy - Nintendo Switch,2026-05-16 23:44:26+00,1,True,Nintendo Switch,Title/platform heuristic,35.45,mbop_fifo
113-8980010-9981037,152333375965961,B01N54QSH6,1052907525,"Harmony Good Dog Ceramic Dog Bowl, 3 Cups",2026-01-24 20:16:12+00,1,False,Unclassified,No reliable game match,7.99,mbop_fifo
113-8983005-4502634,146433118205601,B07D767FMV,1056263378,Battlefield V - PlayStation 4,2025-11-17 01:22:21+00,1,True,PlayStation 4,Title/platform heuristic,19.99,inventorylab_legacy
113-8983816-0618623,150070127166521,B0972TKPMW,1070280048,Farming Simulator 22 - Xbox One,2025-12-22 14:18:57+00,1,True,Xbox One,Title/platform heuristic,18.36,mbop_fifo
113-8986938-3989067,167885134238361,B0748VH8ZF,1039345443,The Sims 4 - Xbox One [Xbox One],2026-08-23 18:26:54+00,1,True,Xbox One,Title/platform heuristic,13.72,inventorylab_legacy
113-9003718-7665853,155425072850801,B072JY7NX5,ZU-L43O-EVLC,Wolfenstein II: The New Colossus - PlayStation 4,2026-03-08 16:41:07+00,1,True,PlayStation 4,Title/platform heuristic,24.25,mbop_fifo
113-9015607-5212225,140088977725441,B007MM9E42,1034379408,Disney Epic Mickey 2: The Power of Two - Nintendo Wii,2025-09-22 21:29:12+00,1,True,Nintendo Wii,Title/platform heuristic,8.50,mbop_fifo
113-9022390-6582667,155387053225241,B01N1GRUUC,1051249032,"Harmony Good Dog Ceramic Dog Bowl, 6 Cups",2026-03-07 23:07:57+00,1,False,Unclassified,No reliable game match,10.99,inventorylab_legacy
113-9025711-3964221,158613567438721,B07GW1PYL4,1039993408,Big Buck Hunter Arcade for Nintendo Switch,2026-04-26 17:19:58+00,1,True,Nintendo Switch,Title/platform heuristic,16.98,mbop_fifo
113-9034863-0206624,153349044724361,B07CDSX3Z5,1070474335,Spyro Reignited Trilogy - Xbox One,2026-02-09 00:12:47+00,1,True,Xbox One,Title/platform heuristic,12.50,inventorylab_legacy
113-9036956-4931459,140793020899161,B01N1GRUUC,1051249032,"Harmony Good Dog Ceramic Dog Bowl, 6 Cups",2025-09-29 14:31:26+00,1,False,Unclassified,No reliable game match,10.99,inventorylab_legacy
113-9040638-6058645,148672754722041,B07P5TL4SH,1070474327,Pokémon Shield - Nintendo Switch,2025-12-06 19:03:11+00,1,True,Nintendo Switch,Title/platform heuristic,28.66,mbop_fifo
113-9090753-4252213,158628814818521,B08WWHTM61,1071283727,DC Super Hero Girls: Teen Power - Nintendo Switch,2026-04-26 21:27:40+00,1,True,Nintendo Switch,Title/platform heuristic,15.87,mbop_fifo
113-9095579-0302643,139078885431481,B00DC7G0GG,1052572572,Super Mario 3D World,2025-09-12 14:02:48+00,1,True,Nintendo Wii U,Title/platform heuristic,22.79,mbop_fifo
113-9117778-2333017,140021546545881,B01LDFGIT2,1058619763,Livewire Advantage Instrument Cable 10 ft. Black,2025-09-22 02:48:52+00,1,False,Unclassified,No reliable game match,10.48,inventorylab_legacy
113-9123592-5833058,144447697444441,B0C9VW1KGR,1068811444,EA SPORTS FC 24 - Nintendo Switch,2025-10-23 16:14:02+00,1,True,Nintendo Switch,Title/platform heuristic,20.40,mbop_fifo
113-9128736-7237058,159101551896601,B0829G5T83,1071517343,AO Tennis 2 (NSW) - Nintendo Switch,2026-05-03 02:58:36+00,1,True,Nintendo Switch,Title/platform heuristic,15.26,mbop_fifo
113-9131671-1355423,147799999332041,B09C1167RV,1068329432,Street Outlaws 2: Winner Takes All (Xbox Series X/),2025-11-28 14:43:43+00,1,True,Xbox Series X,Title/platform heuristic,12.50,mbop_fifo
113-9135868-8221063,157715214878161,B01EZA0D8O,1063375652,Call of Duty: Infinite Warfare - Standard Edition - Xbox One,2026-04-12 17:54:56+00,1,True,Xbox One,Title/platform heuristic,11.70,mbop_fifo
113-9147481-8017001,158958899057321,B01N1GRUUC,1051249032,"Harmony Good Dog Ceramic Dog Bowl, 6 Cups",2026-05-01 00:28:20+00,1,False,Unclassified,No reliable game match,10.99,inventorylab_legacy
113-9149605-5225814,158524852381441,B07KTFL61P,1071283744,Bendy and the Ink Machine (XB1) - Xbox One,2026-04-25 02:00:00+00,1,True,Xbox One,Title/platform heuristic,19.77,mbop_fifo
113-9171354-7908211,159920387194761,B0051TLAF4,1036989683,LEGO Harry Potter: Years 5-7 - Xbox 360,2026-05-14 18:27:27+00,1,True,Xbox 360,Title/platform heuristic,13.99,mbop_fifo
113-9184730-8650658,157174763589641,B07DQ43VFQ,1041419281,NBA 2K19 - Nintendo Switch,2026-04-05 01:15:05+00,1,True,Nintendo Switch,Title/platform heuristic,15.77,mbop_fifo
113-9187793-2929827,153800031640881,B0167HR2OG,1071047182,Borderlands Triple Pack - Xbox 360,2026-02-16 10:51:29+00,1,True,Xbox 360,Title/platform heuristic,24.09,mbop_fifo
113-9187916-5757853,158907351145641,B016KAKD7S,1030912249,"18"" Bendable Muslin DollNew by: CC",2026-04-29 21:45:49+00,1,False,Unclassified,No reliable game match,8.99,inventorylab_legacy
113-9197786-1468230,152219124451681,B0748VH8ZF,1039345443,The Sims 4 - Xbox One,2026-01-22 21:03:34+00,1,True,Xbox One,Title/platform heuristic,13.72,inventorylab_legacy
113-9214744-5889800,143903179025281,B08GSP1HBM,1067108754,"Goosebumps: Dead of Night, Cosmic Forces - Nintendo Switch",2025-10-18 17:18:35+00,1,True,Nintendo Switch,Title/platform heuristic,15.33,mbop_fifo
113-9225647-2312238,163135981765241,B00K2O5360,8Z-PIFY-F67P,The Wolf Among Us - PlayStation 4,2026-06-23 16:28:34+00,1,True,PlayStation 4,Title/platform heuristic,,missing
113-9227581-6541027,163914801597681,B075MSL3BV,1047886637,ARK: Survival Evolved - Xbox One,2026-07-01 23:28:16+00,1,True,Xbox One,Title/platform heuristic,17.50,inventorylab_legacy
113-9236243-0393821,144821934583241,B003C1I06U,1065946212,Batman: Arkham Asylum (Game of the Year Edition) - Playstation 3,2025-10-27 16:47:46+00,1,True,PlayStation 3,Title/platform heuristic,14.15,mbop_fifo
113-9242145-4721040,142022764258401,B003S2JI6O,JS-1DC1-9X53,Wheel of Fortune - Nintendo Wii,2025-10-10 18:03:24+00,1,True,Nintendo Wii,Title/platform heuristic,14.49,mbop_fifo
113-9249256-1978669,140450256428081,B0C9VW1KGR,1068811444,EA SPORTS FC 24 - Nintendo Switch,2025-09-26 20:21:04+00,1,True,Nintendo Switch,Title/platform heuristic,20.40,mbop_fifo
113-9287379-6159464,153491891868401,B09K2RT1MR,1062959210,"Columbia Women's Facet Sierra Outdry, Black/Black, 10",2026-02-11 13:50:52+00,1,False,Unclassified,No reliable game match,39.00,mbop_fifo
113-9288365-0307457,148880183145321,B00KLMOY4K,1048220574,Plants vs Zombies Garden Warfare(Online Play Required) - PlayStation 4,2025-12-09 01:36:01+00,1,True,PlayStation 4,Title/platform heuristic,12.50,inventorylab_legacy
113-9297697-7108228,167911194438641,B0C4V8CL2N,1071047163,Agatha Christie: Hercule Poirot - The London Case (PS4) [PlayStation 4],2026-08-23 20:15:03+00,1,True,PlayStation 4,Title/platform heuristic,20.00,inventorylab_legacy
113-9300472-4034619,153972042883801,B003OZZJGS,1028571739,Gold's Gym Dance Workout - Nintendo Wii,2026-02-18 13:59:54+00,1,True,Nintendo Wii,Title/platform heuristic,5.75,mbop_fifo
113-9310667-8082610,146056969795201,B0B3GHCTQB,1069286280,Call of Duty: Modern Warfare II - PlayStation 4,2025-11-11 16:43:22+00,1,True,PlayStation 4,Title/platform heuristic,22.10,mbop_fifo
113-9311864-9058626,164118751427841,B07KN77NXY,1068329356,FIFA 19/NHL 19 Bundle PlayStation 4,2026-07-05 16:46:41+00,1,True,PlayStation 4,Title/platform heuristic,11.16,inventorylab_legacy
113-9312514-6669865,142854997682441,B09YMP944F,1066393104,"Cora Organic Applicator Tampons | Super Absorbency | 100% Cotton Core, Unscented, BPA-Free Compact Applicator | Leak Protection, Easy Insertion and Re",2025-10-17 06:31:49+00,1,False,Unclassified,No reliable game match,7.65,mbop_fifo
113-9313915-9722641,142218334564841,B01N9QVIRV,1065946902,Switch Title 3 -,2025-10-12 18:09:10+00,1,True,Nintendo Switch,Title/platform heuristic,25.02,inventorylab_legacy
113-9316105-6870658,145315864070241,B005EHAFTA,1059113393,Advance Tabco K-00 Faucet Repair Kit,2025-11-05 01:03:12+00,1,False,Unclassified,No reliable game match,45.00,mbop_fifo
113-9319458-3929845,154859720540641,B07SL77MHX,1068811473,No More Heroes 3,2026-03-01 08:26:22+00,1,False,Unclassified,No reliable game match,17.50,inventorylab_legacy
113-9320991-1895455,153486572931961,B00006F2ZS,1071047155,Dance Dance Revolution DDR Max,2026-02-11 11:50:25+00,1,False,Unclassified,No reliable game match,12.97,mbop_fifo
113-9330030-3231401,144096736136001,B07HFMJ4R5,1068329410,Minecraft: Starter Collection - Xbox One,2025-10-20 17:06:30+00,1,True,Xbox One,Title/platform heuristic,23.49,inventorylab_legacy
113-9342355-5321848,141431112478841,B0DHHM6BZ2,1070280186,LEGO Horizon Adventures,2025-10-06 04:17:04+00,1,False,Unclassified,No reliable game match,,missing
113-9347250-2231463,159144622080281,B003ZHMMEM,1028571825,Donkey Kong Country Returns,2026-05-03 19:51:31+00,1,True,Nintendo Wii,Title/platform heuristic,,missing
113-9353017-1451405,159173160616361,B00KWFCV32,1028908801,Splatoon,2026-05-04 14:08:51+00,1,True,Nintendo Wii U,Title/platform heuristic,27.94,inventorylab_legacy
113-9361938-7005013,153097255465241,B0924651ZP,1069890456,Alex Kidd In Miracle World Dx - Nintendo Switch Standard Edition,2026-02-04 15:03:08+00,1,True,Nintendo Switch,Title/platform heuristic,11.04,mbop_fifo
113-9376955-7281008,160497503545481,B0B9H39Q9Q,1071379588,Miraculous: Rise of the Sphinx - PlayStation 5,2026-05-21 16:11:06+00,1,True,PlayStation 5,Title/platform heuristic,14.94,inventorylab_legacy
113-9379285-4549032,143733991075761,B09YMP944F,1066393104,"Cora Organic Applicator Tampons | Super Absorbency | 100% Cotton Core, Unscented, BPA-Free Compact Applicator | Leak Protection, Easy Insertion and Re",2025-10-18 03:20:08+00,1,False,Unclassified,No reliable game match,7.65,mbop_fifo
113-9387620-3365044,144885010484281,B07SMBNTSJ,1070280046,Elden Ring - Xbox Series X,2025-10-29 01:22:03+00,1,True,Xbox Series X,Title/platform heuristic,20.00,mbop_fifo
113-9406635-5122663,162437766977041,B00YC7ED0K,1041856993,FIFA 16 - Standard Edition - PlayStation 3,2026-06-16 17:55:20+00,1,True,PlayStation 3,Title/platform heuristic,14.82,inventorylab_legacy
113-9411152-9288233,150656504355041,B07XKBZ7F7,1068811466,Trials of Mana (Nintendo Switch),2025-12-30 17:55:45+00,1,True,Nintendo Switch,Title/platform heuristic,,missing
113-9417964-8253869,141686586745681,B07DF43L23,1053914224,Starlink Battle for Atlas - Nintendo Switch Starter Edition,2025-10-08 01:27:17+00,1,True,Nintendo Switch,Title/platform heuristic,22.74,mbop_fifo
113-9418018-8842624,159044431299841,B01G2E4DV4,1066393117,Birds Choice Oriole Feeder Replacement Cup,2026-05-02 13:05:19+00,1,False,Unclassified,No reliable game match,4.09,mbop_fifo
113-9419208-5798663,143649964203441,B002MWSY3O,1030425277,Just Dance - Nintendo Wii,2025-10-18 01:28:45+00,1,True,Nintendo Wii,Title/platform heuristic,13.30,mbop_fifo
113-9447721-8266666,153720973877801,B074RYSTNS,1031051620,"Chevrolet 20"" Genuine Distressed Vintage Style Bowtie Chevy Red White and Blue American Flag Oval Metal Embossed Sign",2026-02-14 20:51:10+00,1,False,Unclassified,No reliable game match,12.99,inventorylab_legacy
113-9452496-3208239,157713041789841,B01AC3ZD06,1048894668,Nintendo Selects: Super Mario 3D World - Wii U Standard Edition,2026-04-12 17:22:30+00,1,True,Nintendo Wii U,Title/platform heuristic,15.50,mbop_fifo
113-9455714-3942615,146185186748241,B0CFTFG12B,1069890477,Call of Duty Modern Warfare III - Xbox,2025-11-13 14:55:05+00,1,True,Xbox,Title/platform heuristic,24.00,mbop_fifo
113-9457273-4581068,148595829692001,B08PCN2Y3G,1068866834,Monster Energy Supercross 4 - PlayStation 5,2025-12-05 15:31:01+00,1,True,PlayStation 5,Title/platform heuristic,13.99,inventorylab_legacy
113-9461950-5101000,164080897894161,B07TMHPV38,1071453895,ICE AGE: Scrat's Nutty Adventure - Xbox One,2026-07-04 18:49:45+00,1,True,Xbox One,Title/platform heuristic,19.99,inventorylab_legacy
113-9476015-1972222,140676765041321,B09D643D8F,1064901190,Call of Duty: Vanguard,2025-09-28 14:24:11+00,1,True,PlayStation 5,Title/platform heuristic,25.00,mbop_fifo
113-9494342-9694661,149313367013161,B016KAKD7S,1030912249,"18"" Bendable Muslin DollNew by: CC",2025-12-12 17:08:56+00,1,False,Unclassified,No reliable game match,8.99,inventorylab_legacy
113-9498658-5054641,164757831640561,B07RQ33XDG,1032602113,Tom Clancy's Ghost Recon Breakpoint Steelbook Gold Edition - Xbox One [Xbox One],2026-07-15 12:06:01+00,1,True,Xbox One,Title/platform heuristic,35.99,inventorylab_legacy
113-9500240-9519448,159074576161481,B003QWI21S,1071379594,New Carnival Games - Nintendo Wii,2026-05-02 18:05:28+00,1,True,Nintendo Wii,Title/platform heuristic,20.38,inventorylab_legacy
113-9505056-6153062,167840246136681,B01MTJ0TA9,1029946683,Mass Effect Andromeda Deluxe - PlayStation 4 [PlayStation 4],2026-08-22 22:04:48+00,1,True,PlayStation 4,Title/platform heuristic,,missing
113-9508461-7210658,144450096786841,B07HFMJ4R5,1068329410,Minecraft: Starter Collection - Xbox One,2025-10-23 20:36:29+00,1,True,Xbox One,Title/platform heuristic,23.49,inventorylab_legacy
113-9509669-3525868,162502106342121,B002SKDIKE,1070891242,The Stronghold Collection - PC,2026-06-17 01:39:40+00,1,True,PC,Title/platform heuristic,,missing
113-9514193-0386616,153025671004641,B074ZQ9F4S,1070891216,Dissidia Final Fantasy NT Steelbook Brawler Edition - PlayStation 4,2026-02-03 09:35:15+00,1,True,PlayStation 4,Title/platform heuristic,32.00,mbop_fifo
113-9517031-9781004,165180627088521,B00187VQDO,1071380091,Tom Clancys H.A.W.X. (Xbox 360) [Xbox 360],2026-07-21 02:56:22+00,1,True,Xbox 360,Title/platform heuristic,21.52,inventorylab_legacy
113-9538093-5409010,138176463337361,B09RTX4Q5P,1069286318,MLB The Show 22 for Xbox One,2025-09-02 20:44:06+00,1,True,Xbox One,Title/platform heuristic,15.00,mbop_fifo
113-9552780-4699408,146067117471841,B0973KMCFG,1070474324,Just Dance 2022 - Nintendo Switch,2025-11-11 19:40:14+00,1,True,Nintendo Switch,Title/platform heuristic,14.00,mbop_fifo
113-9553916-9450657,163068731555201,B0BXTDQRCD,1059898566,"Jessica Simpson Nellah Ash Blue HIgh Heel Platform Pump Thick Heel Rounded Toe (Ash Blue, 8.5)",2026-06-23 00:07:58+00,1,False,Unclassified,No reliable game match,,missing
113-9554972-7177863,163475047227401,B0B9H3JDL5,1071517350,Miraculous: Rise of the Sphinx - PlayStation 4,2026-06-26 18:00:50+00,1,True,PlayStation 4,Title/platform heuristic,9.00,inventorylab_legacy
113-9558051-1328264,141976307002681,B0DHHM6BZ2,1070280186,LEGO Horizon Adventures,2025-10-10 04:14:07+00,1,False,Unclassified,No reliable game match,,missing
113-9564755-9342601,161433896530601,B074RYSTNS,1031051620,"Chevrolet 20"" Genuine Distressed Vintage Style Bowtie Chevy Red White and Blue American Flag Oval Metal Embossed Sign",2026-06-03 16:18:46+00,1,False,Unclassified,No reliable game match,12.99,inventorylab_legacy
113-9565927-2213028,156904176658281,B08MG5FYS6,1064186282,Hitman 3 - PlayStation 5 Standard Edition,2026-03-31 16:54:31+00,1,True,PlayStation 5,Title/platform heuristic,34.37,mbop_fifo
113-9581169-4073845,164379722204361,B01N1GRUUC,1051249032,"Harmony Good Dog Ceramic Dog Bowl, 6 Cups",2026-07-09 13:24:04+00,1,False,Unclassified,No reliable game match,10.99,inventorylab_legacy
113-9581636-6669014,156417324829161,B0088I7KYU,1029050576,Injustice: Gods Among Us - Xbox 360,2026-03-24 02:57:06+00,1,True,Xbox 360,Title/platform heuristic,15.98,mbop_fifo
113-9592469-4290645,154830312645121,B098Y96VKP,1068329369,NBA 2K22 - Nintendo Switch,2026-02-28 23:03:49+00,1,True,Nintendo Switch,Title/platform heuristic,14.23,inventorylab_legacy
113-9600835-3738632,161205195925081,B09GCXZKBZ,1071379580,My Universe: Puppies and Kittens - PlayStation 4,2026-05-31 23:12:08+00,1,True,PlayStation 4,Title/platform heuristic,9.55,inventorylab_legacy
113-9605914-0399439,158985404335561,B071G8WL76,1070891188,LEGO Marvel Superheroes 2 Deluxe - Xbox One,2026-04-30 03:27:27+00,1,True,Xbox One,Title/platform heuristic,25.97,mbop_fifo
113-9618830-5645822,168439044255761,B0012N3ZXS,1023501435,Street Fighter IV [Video Game] [2009] Capcom U S A Inc,2026-08-30 21:53:39+00,1,False,Unclassified,No reliable game match,,missing
113-9619187-5768207,164182253332801,B002BUUM00,1071744027,Marvel Super Hero Squad - Nintendo Wii,2026-07-06 18:24:33+00,1,True,Nintendo Wii,Title/platform heuristic,,missing
113-9620319-5983449,148062117091241,B089DFJJGR,1064186110,Madden NFL 21 - PlayStation 4,2025-11-30 15:39:00+00,1,True,PlayStation 4,Title/platform heuristic,10.90,mbop_fifo
113-9621145-2614608,163314889248001,B01N1GRUUC,1051249032,"Harmony Good Dog Ceramic Dog Bowl, 6 Cups",2026-06-25 00:25:18+00,1,False,Unclassified,No reliable game match,10.99,inventorylab_legacy
113-9622498-8046644,152979104719281,B0167HR2OG,1071047182,Borderlands Triple Pack - Xbox 360,2026-02-03 04:25:06+00,1,True,Xbox 360,Title/platform heuristic,24.09,mbop_fifo
113-9637563-0863431,154667209749001,B08DSYRT33,1071047190,Power Rangers: Battle for the Grid Collector's Edition (XB1) - Xbox One,2026-02-26 22:04:35+00,1,True,Xbox One,Title/platform heuristic,12.74,inventorylab_legacy
113-9660563-7955455,153191928961001,B001DO3NEW,1038680538,Wii Music,2026-02-06 02:15:26+00,1,True,Nintendo Wii,Title/platform heuristic,17.54,inventorylab_legacy
113-9663286-8462623,139613194992761,B08GSP1HBM,1067108754,"Goosebumps: Dead of Night, Cosmic Forces - Nintendo Switch",2025-09-18 00:58:00+00,1,True,Nintendo Switch,Title/platform heuristic,18.27,mbop_fifo
113-9685986-1607443,149745054296321,B0B18Y88N2,1068866832,Rabbids®: Party of Legends - Nintendo Switch,2025-12-17 22:35:50+00,1,True,Nintendo Switch,Title/platform heuristic,13.29,mbop_fifo
113-9701072-3484214,159993092562201,B003ZHMMEM,1028571825,Donkey Kong Country Returns,2026-05-15 13:27:08+00,1,True,Nintendo Wii,Title/platform heuristic,25.95,mbop_fifo
113-9702152-9260240,157745931751681,B0C8VHKLTM,1071283730,Persona 5 Tactica - Nintendo Switch,2026-04-13 02:09:52+00,1,True,Nintendo Switch,Title/platform heuristic,19.71,mbop_fifo
113-9702908-7105023,158450190821161,B081472NC7,1054556750,Sea of Thieves: Anniversary Edition - Xbox One,2026-04-23 23:43:42+00,1,True,Xbox One,Title/platform heuristic,11.90,mbop_fifo
113-9723726-8317052,163038572688801,B09S65Q9XV,1071453881,MLB The Show 22 for PlayStation 4 [Windows XP | Windows Vista | Windows 7],2026-06-22 16:49:35+00,1,True,PlayStation 4,Title/platform heuristic,22.04,inventorylab_legacy
113-9755075-0560239,142817056147521,B07DF43L23,1053914224,Starlink Battle for Atlas - Nintendo Switch Starter Edition,2025-10-16 22:57:36+00,1,True,Nintendo Switch,Title/platform heuristic,20.00,mbop_fifo
113-9758583-1627429,165474502532361,B085PS9F4H,1071517344,Persona 5 Royal: Standard Edition - PlayStation 4 [PlayStation 4],2026-07-24 19:59:02+00,1,True,PlayStation 4,Title/platform heuristic,,missing
113-9759539-6589863,158568970365681,B01N54QSH6,1052907525,"Harmony Good Dog Ceramic Dog Bowl, 3 Cups",2026-04-25 20:12:02+00,1,False,Unclassified,No reliable game match,7.99,mbop_fifo
113-9760736-2441857,161715951116761,B01N1GRUUC,1051249032,"Harmony Good Dog Ceramic Dog Bowl, 6 Cups",2026-06-05 23:51:55+00,1,False,Unclassified,No reliable game match,10.99,inventorylab_legacy
113-9778928-8365806,154678051674361,B07CDSX3Z5,1070474335,Spyro Reignited Trilogy - Xbox One,2026-02-27 01:25:14+00,1,True,Xbox One,Title/platform heuristic,12.50,inventorylab_legacy
113-9779184-5474611,150305515360281,B0BNQS48Q4,1070474319,Atomic Heart PS5,2025-12-25 20:46:28+00,1,True,PlayStation 5,Title/platform heuristic,31.00,mbop_fifo
113-9785318-5290646,151562712168921,B01N54QSH6,1052907525,"Harmony Good Dog Ceramic Dog Bowl, 3 Cups",2026-01-12 03:10:39+00,1,False,Unclassified,No reliable game match,9.74,mbop_fifo
113-9789035-8149010,158498895804521,B004LWVHIM,M4-JO8G-8M8M,Carnival Games: Monkey See Monkey Do - Xbox 360,2026-04-24 17:33:35+00,1,True,Xbox 360,Title/platform heuristic,18.55,mbop_fifo
113-9808922-4732237,159216178539321,B01G2E4DV4,1066393117,Birds Choice Oriole Feeder Replacement Cup,2026-05-05 01:25:24+00,1,False,Unclassified,No reliable game match,5.31,mbop_fifo
113-9835222-8217814,147776166272121,B01GVN0D1U,1070474333,Resident Evil 7 Biohazard (Xbox One),2025-11-28 07:44:38+00,1,True,Xbox One,Title/platform heuristic,14.50,mbop_fifo
113-9881089-9299443,152891877019001,B01N54QSH6,1052907525,"Harmony Good Dog Ceramic Dog Bowl, 3 Cups",2026-02-01 22:38:53+00,1,False,Unclassified,No reliable game match,7.99,mbop_fifo
113-9897816-3333038,159059696446801,B01GW8Y9SM,1071047194,Prey - PlayStation 4,2026-05-02 14:46:09+00,1,True,PlayStation 4,Title/platform heuristic,25.00,inventorylab_legacy
113-9898138-3021832,167797009753001,B01N03NM02,1058392679,"Harmony Good Dog Ceramic Dog Bowl, 1 Cup",2026-08-22 01:40:14+00,1,False,Unclassified,No reliable game match,5.99,inventorylab_legacy
113-9907820-4181048,159686271085721,B075MSL3BV,1047886637,ARK: Survival Evolved - Xbox One,2026-05-12 02:09:06+00,1,True,Xbox One,Title/platform heuristic,17.50,inventorylab_legacy
113-9920242-2566650,159055844434281,B004FUI84G,1070891178,Prototype 2 PS3 - PlayStation 3,2026-05-02 15:31:09+00,1,True,PlayStation 3,Title/platform heuristic,19.16,mbop_fifo
113-9932786-8971464,145888737176321,B0B3GHCTQB,1069286280,Call of Duty: Modern Warfare II - PlayStation 4,2025-11-10 05:49:09+00,1,True,PlayStation 4,Title/platform heuristic,22.10,mbop_fifo
113-9947862-1579451,146115757267001,B0B3GHCTQB,1069286280,Call of Duty: Modern Warfare II - PlayStation 4,2025-11-12 13:42:44+00,1,True,PlayStation 4,Title/platform heuristic,22.10,mbop_fifo
113-9957559-9165815,157963305521161,B07VWCR94W,1033469061,WWE 2K20 - PlayStation 4,2026-04-16 22:07:24+00,1,True,PlayStation 4,Title/platform heuristic,16.19,inventorylab_legacy
113-9962689-7942601,141941558694281,B016KAKD7S,1030912249,"18"" Bendable Muslin DollNew by: CC",2025-10-09 20:41:53+00,1,False,Unclassified,No reliable game match,8.99,inventorylab_legacy
113-9971593-2713805,159027024027721,B07D9QWSG1,1048719896,Overwatch Legendary Edition - PlayStation 4,2026-05-01 23:24:20+00,1,True,PlayStation 4,Title/platform heuristic,11.99,mbop_fifo
113-9982050-3368248,152750605698321,B07MTZN8P3,1042884901,The Elder Scrolls Online: Elsweyr - PlayStation 4 Standard Edition,2026-01-30 16:47:37+00,1,True,PlayStation 4,Title/platform heuristic,17.15,inventorylab_legacy
113-9998497-3299429,161964807613481,B09S65Q9XV,1071453881,MLB The Show 22 for PlayStation 4,2026-06-09 23:57:09+00,1,True,PlayStation 4,Title/platform heuristic,22.04,inventorylab_legacy
114-0011562-3768257,158963726798041,B08JJ37XVW,1070280039,Monster Hunter Rise - Nintendo Switch Standard Edition,2026-04-30 15:57:54+00,1,True,Nintendo Switch,Title/platform heuristic,16.47,inventorylab_legacy
114-0011653-5686674,156954037090881,B000X44XTM,1071047179,Sega Bass Fishing - Nintendo Wii,2026-04-01 13:05:02+00,1,True,Nintendo Wii,Title/platform heuristic,11.94,inventorylab_legacy
114-0030119-6221872,164127578554361,B01G2E4DV4,1066393117,Birds Choice Oriole Feeder Replacement Cup,2026-07-05 16:07:15+00,2,False,Unclassified,No reliable game match,,missing
114-0039499-3340250,150230595550001,B07YZ4QVZY,1068949078,Sniper Ghost Warrior: Contracts PS4,2025-12-23 23:10:00+00,1,True,PlayStation 4,Title/platform heuristic,14.00,inventorylab_legacy
114-0051942-2219441,147865685701001,B00FM5IY4W,1063375943,Forza Motorsport 5,2025-11-28 21:28:34+00,1,True,Xbox One,Title/platform heuristic,32.74,mbop_fifo
114-0107855-0273862,167553243057121,B07SSD8V81,1071517342,Baldur's Gate: Enhanced Edition - Xbox One [Xbox One],2026-08-19 23:40:30+00,1,True,Xbox One,Title/platform heuristic,,missing
114-0115358-2356200,154684857361081,B01GW8Y9SM,1071047194,Prey - PlayStation 4,2026-02-27 03:49:03+00,1,True,PlayStation 4,Title/platform heuristic,25.00,inventorylab_legacy
114-0139126-7173828,156114870651841,B09D643D8F,1064901190,Call of Duty: Vanguard,2026-03-19 02:12:07+00,1,True,PlayStation 5,Title/platform heuristic,20.00,mbop_fifo
114-0142016-7320255,150561618612641,B00KLMOY4K,1048220574,Plants vs Zombies Garden Warfare(Online Play Required) - PlayStation 4,2025-12-30 03:34:53+00,1,True,PlayStation 4,Title/platform heuristic,12.50,inventorylab_legacy
114-0156819-8409802,141939736618921,B000R3BNDI,1032598727,Lego Star Wars: The Complete Saga - Nintendo Wii,2025-10-09 22:19:11+00,1,True,Nintendo Wii,Title/platform heuristic,14.97,mbop_fifo
114-0174310-8834668,161402663281841,B01G2E4DV4,1066393117,Birds Choice Oriole Feeder Replacement Cup,2026-06-03 00:38:00+00,1,False,Unclassified,No reliable game match,,missing
114-0182922-7421869,163044031605041,B09NZBP951,1070891215,Vampire: The Masquerade - Swansong (PS5),2026-06-22 17:20:04+00,1,True,PlayStation 5,Title/platform heuristic,21.00,inventorylab_legacy
114-0189596-8809047,140428278747081,B007MM9E42,1034379408,Disney Epic Mickey 2: The Power of Two - Nintendo Wii,2025-09-25 19:18:21+00,1,True,Nintendo Wii,Title/platform heuristic,8.50,mbop_fifo
114-0207458-1609065,152281678148081,B01N54QSH6,1052907525,"Harmony Good Dog Ceramic Dog Bowl, 3 Cups",2026-01-23 22:55:45+00,1,False,Unclassified,No reliable game match,7.99,mbop_fifo
114-0222759-1186618,156664687147081,B09CQQ7T2L,1071283748,Halo Infinite - Xbox Series X & Xbox One,2026-03-28 00:41:56+00,1,True,Xbox Series X/Xbox One,Title/platform heuristic,30.77,mbop_fifo
114-0268927-2351437,161182899496041,B07RQ33XDG,1032602113,Tom Clancy's Ghost Recon Breakpoint Steelbook Gold Edition - Xbox One,2026-05-31 20:20:23+00,1,True,Xbox One,Title/platform heuristic,35.99,inventorylab_legacy
114-0271302-2696227,156889891490641,B01N1GRUUC,1051249032,"Harmony Good Dog Ceramic Dog Bowl, 6 Cups",2026-03-31 12:18:21+00,1,False,Unclassified,No reliable game match,10.99,inventorylab_legacy
114-0288474-7453073,148883196534961,B09C1167RV,1068329432,Street Outlaws 2: Winner Takes All (Xbox Series X/),2025-12-09 02:17:20+00,1,True,Xbox Series X,Title/platform heuristic,12.00,mbop_fifo
114-0292966-1103466,167421466168321,B001989B4S,1071881588,Fight Night Round 4 - Xbox 360 [Xbox 360],2026-08-18 20:24:17+00,1,True,Xbox 360,Title/platform heuristic,,missing
114-0326481-2039467,162104347059761,B00ZS80PC2,1067893319,Final Fantasy VII: Remake - PlayStation 4,2026-06-11 18:46:15+00,1,True,PlayStation 4,Title/platform heuristic,18.15,inventorylab_legacy
114-0344782-2690642,152436299591401,B0009WPZPY,1069286297,Mortal Kombat Unchained - Sony PSP,2026-01-26 18:08:19+00,1,True,PSP,Title/platform heuristic,48.00,mbop_fifo
114-0348063-6190661,155614953596521,B0CHN2DVSX,1069261942,Hobby Lobby Fudge Brownie Candle Tin,2026-03-17 01:46:31+00,2,False,Unclassified,No reliable game match,17.98,inventorylab_legacy
114-0348063-6190661,155995643903281,B0CHN2DVSX,1069261942,Hobby Lobby Fudge Brownie Candle Tin,2026-03-17 01:46:31+00,4,False,Unclassified,No reliable game match,35.96,inventorylab_legacy
114-0372301-0567428,158999719012401,B06XDN21W5,1031051552,Paradise Treasure Trove Brown White Football Coin Piggy Bank Sports Stitching,2026-04-30 23:54:43+00,1,False,Unclassified,No reliable game match,8.99,mbop_fifo
114-0381168-5960244,159502697214241,B00KWFCV32,1028908801,Splatoon,2026-05-09 02:14:31+00,1,True,Nintendo Wii U,Title/platform heuristic,27.94,inventorylab_legacy
114-0393267-5958615,162241229062921,B0058LTE5S,1071453889,The Black Eyed Peas Experience - Nintendo Wii,2026-06-13 17:37:07+00,1,True,Nintendo Wii,Title/platform heuristic,8.77,inventorylab_legacy
114-0408380-6790642,153323213602961,B07YZ4QVZY,1068949078,Sniper Ghost Warrior: Contracts PS4,2026-02-08 14:45:36+00,1,True,PlayStation 4,Title/platform heuristic,14.00,inventorylab_legacy
114-0420987-1519426,162133965876681,B09S65Q9XV,1071453881,MLB The Show 22 for PlayStation 4,2026-06-12 00:39:52+00,1,True,PlayStation 4,Title/platform heuristic,22.04,inventorylab_legacy
114-0465407-6529856,145524052558161,B0009WPZPY,1069286297,Mortal Kombat Unchained - Sony PSP,2025-11-06 23:29:43+00,1,True,PSP,Title/platform heuristic,48.00,mbop_fifo
114-0484879-7100219,158567825225041,B074RYSTNS,1031051620,"Chevrolet 20"" Genuine Distressed Vintage Style Bowtie Chevy Red White and Blue American Flag Oval Metal Embossed Sign",2026-04-25 19:33:06+00,1,False,Unclassified,No reliable game match,12.99,inventorylab_legacy
114-0485605-3885801,157215291910921,B01LDFGIT2,1058619763,Livewire Advantage Instrument Cable 10 ft. Black,2026-04-05 21:18:15+00,1,False,Unclassified,No reliable game match,10.48,inventorylab_legacy
114-0500604-2645011,144222507698281,B07HFMJ4R5,1068329410,Minecraft: Starter Collection - Xbox One,2025-10-22 00:30:02+00,1,True,Xbox One,Title/platform heuristic,23.49,inventorylab_legacy
114-0502962-1061001,161946701889481,B01N54QSH6,1052907525,"Harmony Good Dog Ceramic Dog Bowl, 3 Cups",2026-06-09 19:33:29+00,1,False,Unclassified,No reliable game match,,missing
114-0535099-0376263,164384233293841,B09GJP8BPZ,1067108753,Fortnite Minty Legends Pack(code in Box),2026-07-09 16:44:15+00,1,True,Nintendo Switch,Title/platform heuristic,39.99,inventorylab_legacy
114-0542702-1539457,157797925725841,B07DLSQFL8,1068811425,Hitman 2 - PlayStation 4,2026-04-13 23:47:10+00,1,True,PlayStation 4,Title/platform heuristic,19.72,inventorylab_legacy
114-0552121-0596235,142186685113681,B0B6JQHB4P,1063376893,FIFA 23 - PlayStation 4,2025-10-12 15:57:13+00,1,True,PlayStation 4,Title/platform heuristic,19.99,mbop_fifo
114-0577887-7241816,152281261113121,B01GVN0D1U,1070474333,Resident Evil 7 Biohazard (Xbox One),2026-01-23 21:53:05+00,1,True,Xbox One,Title/platform heuristic,14.50,mbop_fifo
114-0581912-2723423,162572873923361,B01IW7Z746,1033468979,Nintendo Selects: Nintendo Land - Wii U,2026-06-17 17:46:04+00,1,True,Nintendo Wii U,Title/platform heuristic,,missing
114-0585311-8028240,165753760378721,B0030CV356,0P-5ID2-BBYB,UFC Undisputed 2010 - Xbox 360 [Xbox 360],2026-07-29 00:52:13+00,1,True,Xbox 360,Title/platform heuristic,,missing
114-0588929-4497863,156057806318161,B01N1GRUUC,1051249032,"Harmony Good Dog Ceramic Dog Bowl, 6 Cups",2026-03-18 02:38:42+00,1,False,Unclassified,No reliable game match,10.99,inventorylab_legacy
114-0611537-6157846,141218867628241,B074RYSTNS,1031051620,"Chevrolet 20"" Genuine Distressed Vintage Style Bowtie Chevy Red White and Blue American Flag Oval Metal Embossed Sign",2025-10-03 20:40:00+00,1,False,Unclassified,No reliable game match,12.99,inventorylab_legacy
114-0611657-7053850,149746752100961,B0B57TXPTH,1070280031,PAC-MAN World Re-PAC - PlayStation 4,2025-12-17 23:24:22+00,1,True,PlayStation 4,Title/platform heuristic,14.92,inventorylab_legacy
114-0620824-9014667,140831139130161,B073VYS9FC,1029038819,Minecraft: Story Mode - Season 2 - PlayStation 4 Standard Edition,2025-09-29 23:39:52+00,1,True,PlayStation 4,Title/platform heuristic,55.00,mbop_fifo
114-0633397-3817065,148860265700921,B0086V5UEG,T3-947R-WAMU,Just Dance 4,2025-12-08 21:54:49+00,1,False,Unclassified,No reliable game match,9.49,mbop_fifo
114-0647429-7997002,142301782344121,B079P7T594,1070280037,Hello Neighbor - Nintendo Switch,2025-10-13 18:02:55+00,1,True,Nintendo Switch,Title/platform heuristic,9.04,mbop_fifo
114-0674014-7966655,160983085844801,B01N03NM02,1058392679,"Harmony Good Dog Ceramic Dog Bowl, 1 Cup",2026-05-28 14:23:04+00,2,False,Unclassified,No reliable game match,11.98,inventorylab_legacy
114-0715592-2024249,153464467155161,B01G2E4DV4,1066393117,Birds Choice Oriole Feeder Replacement Cup,2026-02-11 00:05:46+00,1,False,Unclassified,No reliable game match,4.09,mbop_fifo
114-0740850-3723405,154493216276681,B07TZKVT8W,1070625061,Atelier Ryza: Ever Darkness & The Secret Hideout - Nintendo Switch,2026-02-24 22:26:57+00,1,True,Nintendo Switch,Title/platform heuristic,39.99,mbop_fifo
114-0742114-1265068,158120645411601,B001DO3NEW,1038680538,Wii Music,2026-04-19 17:22:20+00,1,True,Nintendo Wii,Title/platform heuristic,17.54,inventorylab_legacy
114-0750863-1720242,157888026088961,B0B2KSPC2W,1064186103,Madden NFL 23 - PlayStation 4,2026-04-15 15:00:29+00,1,True,PlayStation 4,Title/platform heuristic,12.63,mbop_fifo
114-0758267-0675429,158619143115201,B00MU1YEZY,1037517086,Call of Duty: Advanced Warfare - PlayStation 4,2026-04-26 19:25:09+00,1,True,PlayStation 4,Title/platform heuristic,17.15,inventorylab_legacy
114-0758267-0675429,158623919831001,B07D8KQJ8J,1029788236,Battlefield V Deluxe Edition - PlayStation 4,2026-04-26 19:25:09+00,1,True,PlayStation 4,Title/platform heuristic,17.39,inventorylab_legacy
114-0761918-2496244,146556818789081,B0B57TXPTH,1070280031,PAC-MAN World Re-PAC - PlayStation 4,2025-11-17 21:50:29+00,1,True,PlayStation 4,Title/platform heuristic,14.92,inventorylab_legacy
114-0794492-5747437,147801724184561,B076B97YKL,1070625063,Monster Energy Supercross: The Official Videogame - Nintendo Switch,2025-11-28 14:00:05+00,1,True,Nintendo Switch,Title/platform heuristic,35.36,mbop_fifo
114-0826377-4464263,157857836675641,B08JDTR143,1071283725,Balan Wonderworld - Nintendo Switch,2026-04-15 00:20:47+00,1,True,Nintendo Switch,Title/platform heuristic,11.96,inventorylab_legacy
114-0849565-3013869,148245983182641,B07YFF2KWG,1061145216,The Sims 4 Plus Island Living Bundle - PlayStation 4,2025-12-02 01:43:18+00,1,True,PlayStation 4,Title/platform heuristic,13.31,mbop_fifo
114-0877908-1926651,145156825125641,B01GWLIXY0,1025284464,Steep - Xbox One,2025-11-02 10:33:26+00,1,True,Xbox One,Title/platform heuristic,9.99,mbop_fifo
114-0883305-6048222,143940760524441,B07HFMJ4R5,1068329410,Minecraft: Starter Collection - Xbox One,2025-10-19 04:53:34+00,1,True,Xbox One,Title/platform heuristic,23.49,inventorylab_legacy
114-0884408-3055438,159426330134921,B000S1MMGQ,1071517324,Cars: Mater-National Championship,2026-05-08 13:59:59+00,1,False,Unclassified,No reliable game match,28.74,mbop_fifo
114-0887313-2279409,156420349846921,B0009Z3LGQ,1070891210,Namco Museum Battle Collection,2026-03-24 03:28:33+00,1,False,Unclassified,No reliable game match,20.36,mbop_fifo
114-0894752-0587468,161769697430161,B0CHN2DVSX,1069261942,Hobby Lobby Fudge Brownie Candle Tin,2026-06-06 21:43:59+00,1,False,Unclassified,No reliable game match,8.99,inventorylab_legacy
114-0922546-8893835,149970365163641,B0BPPQWQW2,1069286282,Diablo IV - PlayStation 4,2025-12-20 20:32:55+00,1,True,PlayStation 4,Title/platform heuristic,16.66,mbop_fifo
114-0925239-4238649,145945501065081,B09JTKFSR4,1070474334,Skyrim Anniversary Edition - Xbox One,2025-11-11 00:58:36+00,1,True,Xbox One,Title/platform heuristic,50.00,mbop_fifo
114-0961652-1793829,163460777687081,B01J4PHT3C,1070280032,Yakuza 0 - PlayStation Hits - PlayStation 4 [PlayStation 4],2026-06-26 13:53:26+00,1,True,PlayStation 4,Title/platform heuristic,16.99,inventorylab_legacy
114-0987745-6708254,167616001529961,B002SKDIKE,1070891242,The Stronghold Collection - PC [Windows Vista | Windows XP | Windows Me | Windows 2000 | Windows 98],2026-08-20 22:09:50+00,1,True,PC,Title/platform heuristic,,missing
114-1003262-3535458,158069649866121,B07YZ4QVZY,1068949078,Sniper Ghost Warrior: Contracts PS4,2026-04-18 17:06:21+00,1,True,PlayStation 4,Title/platform heuristic,14.00,inventorylab_legacy
114-1004731-9112267,138158212669881,B06XDN21W5,1031051552,Paradise Treasure Trove Brown White Football Coin Piggy Bank Sports Stitching,2025-09-02 15:06:18+00,1,False,Unclassified,No reliable game match,9.99,mbop_fifo
114-1012644-8692245,159338701774441,B06XDN21W5,1031051552,Paradise Treasure Trove Brown White Football Coin Piggy Bank Sports Stitching,2026-05-07 00:33:52+00,1,False,Unclassified,No reliable game match,10.99,mbop_fifo
114-1018905-9907450,159393055377561,B00DC7G2W8,1065304546,Mario Kart 8 - Wii U,2026-05-07 15:49:02+00,1,True,Nintendo Wii U,Title/platform heuristic,29.02,mbop_fifo
114-1022934-0656219,151145285520001,B0053BQU4G,1043024837,WWE '12,2026-01-07 10:55:04+00,1,False,Unclassified,No reliable game match,25.37,mbop_fifo
114-1028824-1731410,158468515075161,B0B94THZRT,1065946220,Dead Island 2: Day 1 Edition - PlayStation 5,2026-04-24 06:40:01+00,1,True,PlayStation 5,Title/platform heuristic,23.50,mbop_fifo
114-1042781-0429069,163408303014281,B06ZY2129H,MF-WPSG-EN2O,Miitopia - Nintendo 3DS,2026-06-25 23:11:29+00,1,True,Nintendo 3DS,Title/platform heuristic,27.95,inventorylab_legacy
114-1045432-2585805,142682213822561,B003S2JI82,OK-7Q67-6J4G,Jeopardy - Nintendo Wii,2025-10-15 19:00:14+00,1,True,Nintendo Wii,Title/platform heuristic,9.98,mbop_fifo
114-1092065-9684203,153715537985041,B00I9UVY30,1070891227,EA Sports 2014 FIFA World Cup Brazil - PlayStation 3,2026-02-14 21:05:01+00,1,True,PlayStation 3,Title/platform heuristic,17.47,inventorylab_legacy
114-1101737-6413054,163360821126721,B098Y96VKP,1068329369,NBA 2K22 - Nintendo Switch,2026-06-25 16:38:06+00,1,True,Nintendo Switch,Title/platform heuristic,14.23,inventorylab_legacy
114-1102513-5715408,153448469570921,B002I0K3M0,1036663415,Nintendo Land,2026-02-10 20:58:30+00,1,False,Unclassified,No reliable game match,19.34,inventorylab_legacy
114-1134960-8716206,157960076161761,B01EZA0D8O,1063375652,Call of Duty: Infinite Warfare - Standard Edition - Xbox One,2026-04-16 20:52:55+00,1,True,Xbox One,Title/platform heuristic,11.84,mbop_fifo
114-1155978-5364233,142661643730761,B007MM9E42,1034379408,Disney Epic Mickey 2: The Power of Two - Nintendo Wii,2025-10-15 14:01:42+00,1,True,Nintendo Wii,Title/platform heuristic,8.50,mbop_fifo
114-1167993-5477810,150975519191521,B09K2RT1MR,1062959210,"Columbia Women's Facet Sierra Outdry, Black/Black, 10",2026-01-05 05:42:37+00,1,False,Unclassified,No reliable game match,39.00,mbop_fifo
114-1174502-1590615,140080381470521,B09ZZ9L123,1069890500,Gotham Knights Deluxe Edition - PlayStation 5,2025-09-22 19:22:52+00,1,True,PlayStation 5,Title/platform heuristic,,missing
114-1177320-0141855,159565135909841,B07DJY4FRP,1045507690,Gears 5: Standard Edition - Xbox One,2026-05-10 14:26:11+00,1,True,Xbox One,Title/platform heuristic,19.35,inventorylab_legacy
114-1188736-8579467,146366505727601,B07SHJ3ZQR,1064186268,FIFA 20 Standard Edition - PlayStation 4,2025-11-16 04:41:12+00,1,True,PlayStation 4,Title/platform heuristic,14.99,mbop_fifo
114-1195352-5065032,164829513237561,B01N1GRUUC,1051249032,"Harmony Good Dog Ceramic Dog Bowl, 6 Cups",2026-07-16 19:54:02+00,1,False,Unclassified,No reliable game match,10.99,inventorylab_legacy
114-1202091-9537802,142274079689401,B06XDN21W5,1031051552,Paradise Treasure Trove Brown White Football Coin Piggy Bank Sports Stitching,2025-10-13 12:00:07+00,1,False,Unclassified,No reliable game match,9.99,mbop_fifo
114-1224351-9533060,148110405139721,B01N9QVIRV,1065946902,Switch Title 3 -,2025-11-30 23:41:13+00,1,True,Nintendo Switch,Title/platform heuristic,25.02,inventorylab_legacy
114-1224923-6510669,158436970216361,B08X2FS1TV,1066393107,"Magicsuit Women's Peace Out Aubrey High Neck Soft Cup One Piece Swimsuit, Black/Multi, 10",2026-04-23 19:26:33+00,1,False,Unclassified,No reliable game match,,missing
114-1259782-0358636,152085431528921,B09FCXXGT5,1068811453,Big Brain Academy: Brain vs. Brain - Nintendo Switch,2026-01-20 15:37:13+00,1,True,Nintendo Switch,Title/platform heuristic,20.00,mbop_fifo
114-1261699-6987424,168403491163401,B003TK1HSM,1027773861,Nickelodeon Fit [Nintendo Wii],2026-08-30 17:01:43+00,1,True,Nintendo Wii,Title/platform heuristic,,missing
114-1276157-3737865,157143093323761,B00A39IEMY,1071283706,The Sims 3 University Life,2026-04-04 18:04:00+00,1,False,Unclassified,No reliable game match,9.99,mbop_fifo
114-1276665-5754663,147833611764401,B01GVN0D1U,1070474333,Resident Evil 7 Biohazard (Xbox One),2025-11-28 18:05:40+00,1,True,Xbox One,Title/platform heuristic,,missing
114-1292096-2357026,150973275333281,B00DND7H9S,1058619759,Sound Percussion Labs Hickory Drumsticks 4-Pack 5B Nylon,2026-01-05 05:33:49+00,1,False,Unclassified,No reliable game match,15.47,mbop_fifo
114-1298013-6273820,140919254011201,B0006ACWEQ,1070175672,Ranchmark OpenX Dual Blade Universal Package Opener 7L x 1 1/2H inches,2025-09-30 21:55:30+00,1,False,Unclassified,No reliable game match,7.69,inventorylab_legacy
114-1298170-7274662,153920388756521,B0054U4A4I,1071047188,STAR WARS: THE FORCE UNLEASHED II XBOX (XBOX 360),2026-02-17 13:29:13+00,1,True,Xbox 360,Title/platform heuristic,25.15,mbop_fifo
114-1306973-6912252,148839627275721,B07SMBNTSJ,1070280046,Elden Ring - Xbox Series X,2025-12-08 18:12:50+00,1,True,Xbox Series X,Title/platform heuristic,24.00,mbop_fifo
114-1312590-9945069,160206567078361,B08DD5559K,1057774272,Minecraft Dungeons: Hero Edition - Xbox Series X & Xbox One,2026-05-18 22:34:55+00,1,True,Xbox Series X/Xbox One,Title/platform heuristic,18.25,inventorylab_legacy
114-1316513-1354641,139175729984281,B01FEHJYUU,1063376478,Sid Meier's Civilization VI - PC,2025-09-13 19:33:58+00,1,True,PC,Title/platform heuristic,9.99,mbop_fifo
114-1348507-2894624,149814681912401,B00D7UHT0E,QZ-C9CY-Q1FM,Just Dance 2014 - Nintendo Wii,2025-12-18 20:33:12+00,1,True,Nintendo Wii,Title/platform heuristic,16.74,mbop_fifo
114-1372157-1011408,162653288409641,B01N54QSH6,1052907525,"Harmony Good Dog Ceramic Dog Bowl, 3 Cups",2026-06-18 22:31:51+00,1,False,Unclassified,No reliable game match,,missing
114-1373328-6169037,148033529469321,B016KAKD7S,1030912249,"18"" Bendable Muslin DollNew by: CC",2025-11-30 03:23:47+00,1,False,Unclassified,No reliable game match,8.99,inventorylab_legacy
114-1380879-0089810,159009648797241,B00CD90R72,1071133160,FIFA 14 - Playstation 3,2026-05-01 12:48:46+00,1,True,PlayStation 3,Title/platform heuristic,8.67,mbop_fifo
114-1388337-1696251,142106390289081,B08DD5559K,1057774272,Minecraft Dungeons: Hero Edition - Xbox Series X & Xbox One,2025-10-11 14:29:41+00,1,True,Xbox Series X/Xbox One,Title/platform heuristic,18.25,inventorylab_legacy
114-1392042-4055426,167212601476041,B000GCJ6MK,1071744005,Microsoft Flight Simulator X Deluxe DVD - PC [Windows XP],2026-08-15 19:33:56+00,1,True,PC,Title/platform heuristic,,missing
114-1404649-2921051,158429484612121,B0042GW7CC,1045509207,Namco Museum Megamix,2026-04-23 18:32:16+00,1,True,Nintendo Wii,Title/platform heuristic,18.30,mbop_fifo
114-1431438-8879427,148800355541121,B00I6E6SH6,1063375674,Minecraft - Xbox One,2025-12-08 04:17:47+00,1,True,Xbox One,Title/platform heuristic,24.84,mbop_fifo
114-1444299-2710622,144429861851241,B002BRZ9G0,1052735411,New Super Mario Bros,2025-10-23 16:42:08+00,1,False,Unclassified,No reliable game match,35.40,mbop_fifo
114-1456086-0128228,157175017880561,B01GW8Y9SM,1071047194,Prey - PlayStation 4,2026-04-05 01:43:19+00,1,True,PlayStation 4,Title/platform heuristic,25.00,inventorylab_legacy
114-1460164-8167400,163703252149241,B00008DHNV,1071744007,Finding Nemo - PlayStation 2,2026-06-28 23:38:52+00,1,True,PlayStation 2,Title/platform heuristic,,missing
114-1512965-3451451,149009241903721,B00KLMOY4K,1048220574,Plants vs Zombies Garden Warfare(Online Play Required) - PlayStation 4,2025-12-09 21:44:02+00,1,True,PlayStation 4,Title/platform heuristic,12.50,inventorylab_legacy
114-1517651-2224211,140158668553081,B007MM9E42,1034379408,Disney Epic Mickey 2: The Power of Two - Nintendo Wii,2025-09-23 18:42:12+00,1,True,Nintendo Wii,Title/platform heuristic,8.50,mbop_fifo
114-1544598-6162641,167798353176841,B096HSJ6PJ,1071517346,Battlefield 2042 - PlayStation 5 [PlayStation 5],2026-08-22 02:42:55+00,1,True,PlayStation 5,Title/platform heuristic,,missing
114-1553142-2003420,149089563126361,B0B6JQHB4P,1063376893,FIFA 23 - PlayStation 4,2025-12-10 20:52:42+00,1,True,PlayStation 4,Title/platform heuristic,19.99,mbop_fifo
114-1585987-7334641,160172058526401,B00K586O7A,1032375681,NHL 15 - PlayStation 3,2026-05-18 16:37:31+00,1,True,PlayStation 3,Title/platform heuristic,17.46,inventorylab_legacy
114-1597286-4193829,156990121401361,B00I9UVY30,1070891227,EA Sports 2014 FIFA World Cup Brazil - PlayStation 3,2026-04-01 22:50:08+00,1,True,PlayStation 3,Title/platform heuristic,17.47,inventorylab_legacy
114-1598291-4867406,162400489169121,B08JDTR143,1071283725,Balan Wonderworld - Nintendo Switch,2026-06-16 02:10:52+00,1,True,Nintendo Switch,Title/platform heuristic,11.96,inventorylab_legacy
114-1620568-6657013,157081336783041,B01EZA0D8O,1063375652,Call of Duty: Infinite Warfare - Standard Edition - Xbox One,2026-04-03 13:36:20+00,1,True,Xbox One,Title/platform heuristic,12.99,mbop_fifo
114-1624417-6750649,142845100559161,B007MM9E42,1034379408,Disney Epic Mickey 2: The Power of Two - Nintendo Wii,2025-10-17 05:46:19+00,1,True,Nintendo Wii,Title/platform heuristic,8.50,mbop_fifo
114-1630427-1164262,165102989221921,B0BSJZQK5L,1069286287,"Anno 1800 - Standard Edition, PlayStation 5 [PlayStation 5]",2026-07-20 00:06:59+00,1,True,PlayStation 5,Title/platform heuristic,16.04,inventorylab_legacy
114-1633394-6813868,167344646624921,B01N03NM02,1058392679,"Harmony Good Dog Ceramic Dog Bowl, 1 Cup",2026-08-17 16:29:51+00,1,False,Unclassified,No reliable game match,5.99,inventorylab_legacy
114-1642338-5592250,168240630487441,B001AZ7RJ6,1071133152,Command & Conquer: Red Alert 3 [Xbox 360],2026-08-28 00:09:21+00,1,True,Xbox 360,Title/platform heuristic,20.12,inventorylab_legacy
114-1652332-7109840,158152544472441,B01N54QSH6,1052907525,"Harmony Good Dog Ceramic Dog Bowl, 3 Cups",2026-04-20 00:56:35+00,1,False,Unclassified,No reliable game match,7.99,mbop_fifo
114-1657238-7370623,144297184619281,B003S2JI6O,JS-1DC1-9X53,Wheel of Fortune - Nintendo Wii,2025-10-23 00:03:54+00,1,True,Nintendo Wii,Title/platform heuristic,13.95,mbop_fifo
114-1669295-0725031,148006740071841,B0026IUSXI,1034379323,Toy Story Mania! - Nintendo Wii,2025-11-29 23:01:13+00,1,True,Nintendo Wii,Title/platform heuristic,14.60,mbop_fifo
114-1683790-6207433,142547506478521,B07HFMJ4R5,1068329410,Minecraft: Starter Collection - Xbox One,2025-10-14 20:26:37+00,1,True,Xbox One,Title/platform heuristic,23.49,inventorylab_legacy
114-1703668-4419417,148004909240201,B000L422L0,1068811450,Brooktown High: Senior Year - Sony PSP,2025-11-29 22:41:33+00,1,True,PSP,Title/platform heuristic,5.10,inventorylab_legacy
114-1715020-5309826,147078848031761,B0C7PN2L5V,1068811427,Starfield: Standard Edition - Xbox Series X,2025-11-22 23:28:33+00,1,True,Xbox Series X,Title/platform heuristic,,missing
114-1727903-8305039,148866312924961,B07SMBNTSJ,1070280046,Elden Ring - Xbox Series X,2025-12-08 23:30:40+00,1,True,Xbox Series X,Title/platform heuristic,24.00,mbop_fifo
114-1739098-6535422,146285356000681,B0B57TXPTH,1070280031,PAC-MAN World Re-PAC - PlayStation 4,2025-11-15 01:13:32+00,1,True,PlayStation 4,Title/platform heuristic,14.92,inventorylab_legacy
114-1832338-0408254,168031039926361,B00IQCRKP2,1068331164,Kinect Sports Rivals - XBOX One [Xbox One],2026-08-25 18:50:58+00,1,True,Xbox One,Title/platform heuristic,,missing
114-1840406-9145804,158328347223281,B07VWCR94W,1033469061,WWE 2K20 - PlayStation 4,2026-04-22 21:46:24+00,1,True,PlayStation 4,Title/platform heuristic,16.19,inventorylab_legacy
114-1850976-1909051,157975040158041,B0BPYW4DDB,1065749622,Rustic Pistol Table Lamp - Realistic Novelty Outdoor Lamp - Tabletop Lantern w/ Brushed Black Finish & Gold Detailing - Gun Decorations for Man Cave -,2026-04-16 23:45:26+00,6,False,Unclassified,No reliable game match,143.94,mbop_fifo
114-1857379-5926656,153133895898801,B0088MVP4M,1070895315,LEGO Lord of the Rings - Nintendo Wii,2026-02-05 02:03:47+00,1,True,Nintendo Wii,Title/platform heuristic,19.37,mbop_fifo
114-1908669-9576252,149102802514641,B07XGW61PX,1063375936,Plants Vs. Zombies: Battle for Neighborville - Xbox One,2025-12-11 00:37:08+00,1,True,Xbox One,Title/platform heuristic,13.87,inventorylab_legacy
114-1917522-2265037,166689104972401,B01N1GRUUC,1051249032,"Harmony Good Dog Ceramic Dog Bowl, 6 Cups",2026-08-09 18:54:24+00,2,False,Unclassified,No reliable game match,21.98,inventorylab_legacy
114-1925219-9628203,158537622348401,B097FP294Y,1070280033,Aliens Fireteam Elite - PlayStation 5,2026-04-25 06:01:08+00,1,True,PlayStation 5,Title/platform heuristic,20.18,mbop_fifo
114-1937682-1583433,163629148041561,B01G2E4DV4,1066393117,Birds Choice Oriole Feeder Replacement Cup,2026-06-27 15:30:56+00,1,False,Unclassified,No reliable game match,,missing
114-1957344-7913018,163168012056681,B003O6E6CA,1071744029,Tiger Woods PGA TOUR 12: The Masters - Nintendo Wii,2026-06-23 19:14:55+00,1,True,Nintendo Wii,Title/platform heuristic,,missing
114-1959857-5833014,147096653401761,B00SXEOOHU,1042711537,LEGO Jurassic World - Xbox 360 Standard Edition,2025-11-23 01:33:51+00,1,True,Xbox 360,Title/platform heuristic,24.62,inventorylab_legacy
114-1970990-8197833,147684593293601,B071Z6HJQY,1070474328,Portal Knights - Nintendo Switch,2025-11-27 04:39:43+00,1,True,Nintendo Switch,Title/platform heuristic,15.68,mbop_fifo
114-1974857-0773010,142798450278281,B09YMP944F,1066393104,"Cora Organic Applicator Tampons | Super Absorbency | 100% Cotton Core, Unscented, BPA-Free Compact Applicator | Leak Protection, Easy Insertion and Re",2025-10-16 20:04:59+00,1,False,Unclassified,No reliable game match,7.65,mbop_fifo
114-1996583-5166656,165135230958681,B01AC3ZD06,1048894668,Nintendo Selects: Super Mario 3D World - Wii U Standard Edition [Nintendo Wii U],2026-07-20 13:54:30+00,1,True,Nintendo Wii U,Title/platform heuristic,,missing
114-2000895-8369056,151997564539121,B002SKDIKE,1070891242,The Stronghold Collection - PC,2026-01-19 00:37:56+00,1,True,PC,Title/platform heuristic,20.56,mbop_fifo
114-2013151-8423447,165674220942001,B002I0JFCO,1071881587,EA Sports Active 2 - Xbox 360 [Xbox 360],2026-07-27 19:55:36+00,1,True,Xbox 360,Title/platform heuristic,,missing
114-2015239-4930662,152459625072281,B0B8JH4CTN,1070280053,World of Outlaws - Dirt Racing,2026-01-27 01:16:21+00,1,True,Xbox Series X,Title/platform heuristic,23.37,inventorylab_legacy
114-2019845-4065004,159841730055321,B08DD5559K,1057774272,Minecraft Dungeons: Hero Edition - Xbox Series X & Xbox One,2026-05-13 18:11:03+00,1,True,Xbox Series X/Xbox One,Title/platform heuristic,18.25,inventorylab_legacy
114-2021980-4801068,148990458864841,B00KLMOY4K,1048220574,Plants vs Zombies Garden Warfare(Online Play Required) - PlayStation 4,2025-12-09 17:29:44+00,1,True,PlayStation 4,Title/platform heuristic,12.50,inventorylab_legacy
114-2043890-9461021,139368227623961,B0088MVP4M,1069286311,LEGO Lord of the Rings - Nintendo Wii,2025-09-15 23:22:33+00,1,True,Nintendo Wii,Title/platform heuristic,24.62,mbop_fifo
114-2079405-6192213,146683355822681,B002I0H79C,1070474329,Gears of War 3,2025-11-19 02:41:32+00,1,False,Unclassified,No reliable game match,13.00,mbop_fifo
114-2116628-8441802,148288063112801,B0002IQCSY,1070625052,Need for Speed Underground 2 - PlayStation 2,2025-12-02 11:36:16+00,1,True,PlayStation 2,Title/platform heuristic,25.00,mbop_fifo
114-2124140-8739455,141370012533961,B0050SYY5E,1069890528,Halo: Combat Evolved Anniversary,2025-10-05 17:16:44+00,1,False,Unclassified,No reliable game match,29.39,mbop_fifo
114-2124490-4876255,157155474956721,B01N1GRUUC,1051249032,"Harmony Good Dog Ceramic Dog Bowl, 6 Cups",2026-04-04 20:24:53+00,1,False,Unclassified,No reliable game match,10.99,inventorylab_legacy
114-2130347-9175427,165619468754601,B01N54QSH6,1052907525,"Harmony Good Dog Ceramic Dog Bowl, 3 Cups",2026-07-27 03:11:03+00,1,False,Unclassified,No reliable game match,,missing
114-2135632-6181022,167377108404201,B01N03NM02,1058392679,"Harmony Good Dog Ceramic Dog Bowl, 1 Cup",2026-08-18 01:51:18+00,1,False,Unclassified,No reliable game match,5.99,inventorylab_legacy
114-2143830-7333045,156108075484641,B01EZA0D8O,1063375652,Call of Duty: Infinite Warfare - Standard Edition - Xbox One,2026-03-19 01:28:01+00,1,True,Xbox One,Title/platform heuristic,12.99,mbop_fifo
114-2144456-9256216,149371635431761,B00ZMBLKPG,1070280049,Gears of War: Ultimate Edition - Xbox One,2025-12-13 10:03:20+00,1,True,Xbox One,Title/platform heuristic,18.99,inventorylab_legacy
114-2153869-9369821,155573234641641,B07SL77MHX,1068811473,No More Heroes 3,2026-03-11 01:22:15+00,1,False,Unclassified,No reliable game match,17.50,inventorylab_legacy
114-2199483-9226648,148015540215401,B0B359B45Q,1069890493,Little League World Series PS4,2025-11-30 01:07:33+00,1,True,PlayStation 4,Title/platform heuristic,19.89,mbop_fifo
114-2208049-2997814,149186796278401,B006ZPAYMI,1068811430,Kinect Rush: A Disney Pixar Adventure - Xbox 360,2025-12-11 22:37:56+00,1,True,Xbox 360,Title/platform heuristic,22.32,inventorylab_legacy
114-2208348-7809069,146671742684201,B08NMQNSX3,1068329365,Madden NFL 21 Next Level Edition - PlayStation 5,2025-11-18 22:43:00+00,1,True,PlayStation 5,Title/platform heuristic,,missing
114-2220263-6169864,148846154332321,B0CHN2DVSX,1069261942,Hobby Lobby Fudge Brownie Candle Tin,2025-12-08 18:35:49+00,1,False,Unclassified,No reliable game match,8.99,inventorylab_legacy
114-2233151-3824258,158184000723881,B0053BG122,YN-AK91-QDWR,Just Dance 3,2026-04-20 14:59:49+00,1,False,Unclassified,No reliable game match,10.62,mbop_fifo
114-2248885-8664225,144704482935721,B01GW8XJVU,1065946160,The Elder Scrolls V: Skyrim Special Edition - PlayStation 4,2025-10-26 21:19:53+00,1,True,PlayStation 4,Title/platform heuristic,31.00,mbop_fifo
114-2265856-3237817,147163376275001,B01N03NM02,1058392679,"Harmony Good Dog Ceramic Dog Bowl, 1 Cup",2025-11-23 20:29:33+00,1,False,Unclassified,No reliable game match,5.99,inventorylab_legacy
114-2304367-6036267,149003303401041,B09C1167RV,1068329432,Street Outlaws 2: Winner Takes All (Xbox Series X/),2025-12-09 19:35:46+00,1,True,Xbox Series X,Title/platform heuristic,12.00,mbop_fifo
114-2323654-4155469,164613746955761,B003O6E986,1067108762,Forza 4,2026-07-13 03:58:17+00,1,True,Xbox 360,Title/platform heuristic,25.76,inventorylab_legacy
114-2324888-6165002,148598438227281,B0009WPZPY,1069286297,Mortal Kombat Unchained - Sony PSP,2025-12-05 17:58:33+00,1,True,PSP,Title/platform heuristic,48.00,mbop_fifo
114-2341460-1097835,159501502230121,B06XDN21W5,1031051552,Paradise Treasure Trove Brown White Football Coin Piggy Bank Sports Stitching,2026-05-09 01:08:00+00,1,False,Unclassified,No reliable game match,10.99,mbop_fifo
114-2341627-4826622,149778416749241,B0050SYYEK,DL-GWVW-9XVQ,Dance Central 2 - Xbox 360,2025-12-18 06:32:04+00,1,True,Xbox 360,Title/platform heuristic,11.76,inventorylab_legacy
114-2356100-8967433,154627127302681,B01GWGX7TG,1038148705,Just Dance 2017 - Xbox 360,2026-02-26 04:14:14+00,1,True,Xbox 360,Title/platform heuristic,12.99,mbop_fifo
114-2361196-2723461,157436487828881,B0C9VW1KGR,1068811444,EA SPORTS FC 24 - Nintendo Switch,2026-04-08 18:10:56+00,1,True,Nintendo Switch,Title/platform heuristic,21.00,mbop_fifo
114-2380803-1504259,165570716635001,B071WPL1L8,SL-PUBB-W1F6,The Evil Within 2 - PlayStation 4 [PlayStation 4],2026-07-26 04:26:07+00,1,True,PlayStation 4,Title/platform heuristic,18.50,inventorylab_legacy
114-2410945-5762658,152543195168401,B01N1GRUUC,1051249032,"Harmony Good Dog Ceramic Dog Bowl, 6 Cups",2026-01-27 22:09:19+00,1,False,Unclassified,No reliable game match,10.99,inventorylab_legacy
114-2411981-5311441,161507552915721,B09D643D8F,1064901190,Call of Duty: Vanguard,2026-06-04 17:16:38+00,1,True,PlayStation 5,Title/platform heuristic,,missing
114-2424278-2036266,147891835759401,B08LNFTXN4,1070625060,Spirit of The North - PlayStation 5 Standard Edition,2025-11-29 01:07:38+00,1,True,PlayStation 5,Title/platform heuristic,8.95,mbop_fifo
114-2425076-9341849,146696673980441,B003O6E986,1067108762,Forza Motorsport 4 - Xbox 360 [Xbox 360],2025-11-19 04:39:39+00,1,True,Xbox 360,Title/platform heuristic,25.76,inventorylab_legacy
114-2445360-1670609,162276529363761,B08DD5559K,1057774272,Minecraft Dungeons: Hero Edition - Xbox Series X & Xbox One,2026-06-13 08:11:53+00,1,True,Xbox Series X/Xbox One,Title/platform heuristic,18.25,inventorylab_legacy
114-2451505-4395452,157208927676521,B0CHN2DVSX,1069261942,Hobby Lobby Fudge Brownie Candle Tin,2026-04-05 21:12:02+00,1,False,Unclassified,No reliable game match,8.99,inventorylab_legacy
114-2459460-2123458,153076561766921,B07GVWXRBP,1069890507,Goosebumps The Game - Nintendo Switch,2026-02-04 02:18:54+00,1,True,Nintendo Switch,Title/platform heuristic,22.99,mbop_fifo
114-2467022-5566620,149328158799721,B0009WPZPY,1069286297,Mortal Kombat Unchained - Sony PSP,2025-12-12 20:47:54+00,1,True,PSP,Title/platform heuristic,48.00,mbop_fifo
114-2489008-4330642,165543873296201,B0030CV356,0P-5ID2-BBYB,UFC Undisputed 2010 - Xbox 360 [Xbox 360],2026-07-26 15:18:20+00,1,True,Xbox 360,Title/platform heuristic,,missing
114-2550535-4452228,160061196840241,B002C7RBPQ,1071379589,NBA 2K10 - Sony PSP,2026-05-16 16:24:25+00,1,True,PSP,Title/platform heuristic,23.51,mbop_fifo
114-2557872-0504206,168345712281641,B01AC3ZD06,1048894668,Nintendo Selects: Super Mario 3D World - Wii U Standard Edition [Nintendo Wii U],2026-08-29 19:38:41+00,1,True,Nintendo Wii U,Title/platform heuristic,,missing
114-2564365-4653814,153382972989601,B00I9UVY30,1070891227,EA Sports 2014 FIFA World Cup Brazil - PlayStation 3,2026-02-09 16:02:08+00,1,True,PlayStation 3,Title/platform heuristic,17.47,inventorylab_legacy
114-2602314-2373067,150796819594001,B0BPYW4DDB,1065749622,Rustic Pistol Table Lamp - Realistic Novelty Outdoor Lamp - Tabletop Lantern w/ Brushed Black Finish & Gold Detailing - Gun Decorations for Man Cave -,2026-01-02 14:15:32+00,1,False,Unclassified,No reliable game match,19.99,mbop_fifo
114-2609636-8967467,148686970859521,B00KLMOY4K,1048220574,Plants vs Zombies Garden Warfare(Online Play Required) - PlayStation 4,2025-12-06 20:58:06+00,1,True,PlayStation 4,Title/platform heuristic,12.50,inventorylab_legacy
114-2641839-6890626,156029352324281,B00SVVUOGU,1048894444,Forza Motorsport 6 - Xbox One,2026-03-17 18:50:41+00,1,True,Xbox One,Title/platform heuristic,31.86,inventorylab_legacy
114-2645338-5236203,166246427009481,B01N03NM02,1058392679,"Harmony Good Dog Ceramic Dog Bowl, 1 Cup",2026-08-03 20:45:11+00,1,False,Unclassified,No reliable game match,5.99,inventorylab_legacy
114-2660331-6442603,152699068637801,B08GR4QMC9,1068002510,Call of Duty: Black Ops Cold War - PlayStation 4 Standard Edition,2026-01-29 20:31:25+00,1,True,PlayStation 4,Title/platform heuristic,20.00,mbop_fifo
114-2674909-4601068,146436811898001,B0B57TXPTH,1070280031,PAC-MAN World Re-PAC - PlayStation 4,2025-11-17 02:14:55+00,1,True,PlayStation 4,Title/platform heuristic,14.92,inventorylab_legacy
114-2692217-7037069,157950644517561,B0C7PN2L5V,1068811427,Starfield: Standard Edition - Xbox Series X,2026-04-16 15:36:51+00,1,True,Xbox Series X,Title/platform heuristic,30.00,mbop_fifo
114-2701356-4293856,159107731413521,B081472NC7,1054556750,Sea of Thieves: Anniversary Edition - Xbox One,2026-05-03 04:25:26+00,1,True,Xbox One,Title/platform heuristic,11.90,mbop_fifo
114-2703878-3156248,147825911718361,B09D643D8F,1064901190,Call of Duty: Vanguard,2025-11-28 16:47:15+00,1,True,PlayStation 5,Title/platform heuristic,22.99,mbop_fifo
114-2713144-8581825,154616316002521,B071FZ9WXZ,Z2-0JKU-6VCI,Just Dance 2018 - Xbox 360,2026-02-26 01:04:51+00,1,True,Xbox 360,Title/platform heuristic,14.99,mbop_fifo
114-2725424-5393011,159820825913841,B07YZ4QVZY,1068949078,Sniper Ghost Warrior: Contracts PS4,2026-05-13 13:25:43+00,1,True,PlayStation 4,Title/platform heuristic,14.00,inventorylab_legacy
114-2745386-7113029,159872451645321,B00SXEOOHU,1042711537,LEGO Jurassic World - Xbox 360 Standard Edition,2026-05-14 08:09:41+00,1,True,Xbox 360,Title/platform heuristic,24.62,inventorylab_legacy
114-2803617-4486628,149959888243281,B09FCXXGT5,1068811453,Big Brain Academy: Brain vs. Brain - Nintendo Switch,2025-12-20 18:55:36+00,1,True,Nintendo Switch,Title/platform heuristic,20.00,mbop_fifo
114-2806838-1658620,145835216066641,B0BBXD3P63,1070474320,God of Rock (PS5),2025-11-09 15:16:52+00,1,True,PlayStation 5,Title/platform heuristic,12.85,mbop_fifo
114-2815420-8155465,159470717278401,B01N54QSH6,1052907525,"Harmony Good Dog Ceramic Dog Bowl, 3 Cups",2026-05-08 16:59:14+00,1,False,Unclassified,No reliable game match,7.99,mbop_fifo
114-2836863-0641035,153752835590561,B01HDJFJLK,1070891217,Farming Simulator 17 - PlayStation 4,2026-02-15 14:53:33+00,1,True,PlayStation 4,Title/platform heuristic,17.47,mbop_fifo
114-2920945-4566639,144877461524561,B07DPZ1WQ9,1069891414,Super Mario Party - [Nintendo Switch],2025-10-28 18:04:44+00,1,True,Nintendo Switch,Title/platform heuristic,43.20,mbop_fifo
114-2926089-1084268,153553552035481,B07SL77MHX,1068811473,No More Heroes 3,2026-02-12 19:14:41+00,1,False,Unclassified,No reliable game match,17.50,inventorylab_legacy
114-2962538-7751433,156839275006081,B097FP294Y,1070280033,Aliens Fireteam Elite - PlayStation 5,2026-03-30 18:09:56+00,1,True,PlayStation 5,Title/platform heuristic,19.52,mbop_fifo
114-2973571-1413800,148058675663321,B089DFJJGR,1064186110,Madden NFL 21 - PlayStation 4,2025-11-30 15:54:58+00,1,True,PlayStation 4,Title/platform heuristic,10.90,mbop_fifo
114-2995377-3365006,149870376101801,B0BNQS48Q4,1070474319,Atomic Heart PS5,2025-12-19 17:02:25+00,1,True,PlayStation 5,Title/platform heuristic,31.00,mbop_fifo
114-3042817-7039466,156350712749041,B0051TLAZ4,1043651512,LEGO Harry Potter: Years 5-7 - Playstation 3,2026-03-23 01:19:52+00,1,True,PlayStation 3,Title/platform heuristic,15.20,inventorylab_legacy
114-3047468-3976239,150845005002961,B00KWF366S,1033469064,Yoshi Woolly World,2026-01-03 04:00:12+00,1,False,Unclassified,No reliable game match,30.37,mbop_fifo
114-3057539-5415467,138363302749001,B01FEHJYUU,1063376478,Sid Meier's Civilization VI - PC,2025-09-05 02:28:25+00,1,True,PC,Title/platform heuristic,9.99,mbop_fifo
114-3063844-5492256,155876864980961,B07KN77NXY,1068329356,FIFA 19/NHL 19 Bundle PlayStation 4,2026-03-15 06:34:43+00,1,True,PlayStation 4,Title/platform heuristic,11.16,inventorylab_legacy
114-3069427-3275448,165776212877081,B0058LTE5S,1071453889,The Black Eyed Peas Experience - Nintendo Wii [Nintendo Wii],2026-07-29 08:29:03+00,1,True,Nintendo Wii,Title/platform heuristic,8.77,inventorylab_legacy
114-3089510-0679433,157738637071041,B07HFMJ4R5,1068329410,Minecraft: Starter Collection - Xbox One,2026-04-13 00:03:54+00,1,True,Xbox One,Title/platform heuristic,23.49,inventorylab_legacy
114-3099530-2457824,159639561100681,B096HSJ6PJ,1071517346,Battlefield 2042 - PlayStation 5,2026-05-11 18:59:24+00,1,True,PlayStation 5,Title/platform heuristic,14.40,mbop_fifo
114-3130209-0609068,148640349393761,B0924651ZP,1069890456,Alex Kidd In Miracle World Dx - Nintendo Switch Standard Edition,2025-12-06 08:08:10+00,1,True,Nintendo Switch,Title/platform heuristic,11.04,mbop_fifo
114-3135535-4887430,159095014196441,B01G2E4DV4,1066393117,Birds Choice Oriole Feeder Replacement Cup,2026-05-03 01:12:17+00,1,False,Unclassified,No reliable game match,5.31,mbop_fifo
114-3169262-4326641,156729437941481,B07SL77MHX,1068811473,No More Heroes 3,2026-03-29 00:36:27+00,1,False,Unclassified,No reliable game match,17.50,inventorylab_legacy
114-3173164-2741056,142534169478801,B01N9QVIRV,1065946902,Switch Title 3 -,2025-10-14 17:39:30+00,1,True,Nintendo Switch,Title/platform heuristic,25.02,inventorylab_legacy
114-3203806-6252257,144171354141281,B07HFMJ4R5,1068329410,Minecraft: Starter Collection - Xbox One,2025-10-21 15:04:32+00,1,True,Xbox One,Title/platform heuristic,23.49,inventorylab_legacy
114-3217364-8274637,160566554936041,B07RQ33XDG,1032602113,Tom Clancy's Ghost Recon Breakpoint Steelbook Gold Edition - Xbox One,2026-05-22 19:58:06+00,1,True,Xbox One,Title/platform heuristic,35.99,inventorylab_legacy
114-3231371-8927453,160288788576241,B01N03NM02,1058392679,"Harmony Good Dog Ceramic Dog Bowl, 1 Cup",2026-05-19 11:07:47+00,1,False,Unclassified,No reliable game match,5.99,inventorylab_legacy
114-3232812-9045817,145255738061361,B0B8JH4CTN,1070280053,World of Outlaws - Dirt Racing,2025-11-03 23:08:17+00,1,True,Xbox Series X,Title/platform heuristic,23.37,inventorylab_legacy
114-3236393-5354613,158578052813361,B07SL77MHX,1068811473,No More Heroes 3,2026-04-26 01:30:03+00,1,False,Unclassified,No reliable game match,17.50,inventorylab_legacy
114-3238102-4069863,157085031634041,B07SL77MHX,1068811473,No More Heroes 3,2026-04-03 16:51:54+00,1,False,Unclassified,No reliable game match,17.50,inventorylab_legacy
114-3241099-5660207,138696240276241,B01N9QVIRV,1065946902,Switch Title 3 -,2025-09-09 12:49:42+00,1,True,Nintendo Switch,Title/platform heuristic,25.02,inventorylab_legacy
114-3244168-2199439,159251227769201,B085PS9F4H,1071517344,Persona 5 Royal: Standard Edition - PlayStation 4,2026-05-05 14:17:19+00,1,True,PlayStation 4,Title/platform heuristic,20.62,mbop_fifo
114-3265518-3457054,159867440574721,B01N03NM02,1058392679,"Harmony Good Dog Ceramic Dog Bowl, 1 Cup",2026-05-14 13:07:25+00,1,False,Unclassified,No reliable game match,5.99,inventorylab_legacy
114-3273949-0236230,163382921388121,B01N03NM02,1058392679,"Harmony Good Dog Ceramic Dog Bowl, 1 Cup",2026-06-25 18:02:15+00,2,False,Unclassified,No reliable game match,11.98,inventorylab_legacy
114-3273949-0236230,163547258733361,B01N03NM02,1058392679,"Harmony Good Dog Ceramic Dog Bowl, 1 Cup",2026-06-25 18:02:15+00,1,False,Unclassified,No reliable game match,5.99,inventorylab_legacy
114-3274336-0653807,159024091690561,B01G2E4DV4,1066393117,Birds Choice Oriole Feeder Replacement Cup,2026-05-01 22:24:54+00,1,False,Unclassified,No reliable game match,4.09,mbop_fifo
114-3280781-9903469,149888801734481,B0972TKPMW,1070280048,Farming Simulator 22 - Xbox One,2025-12-19 20:59:34+00,1,True,Xbox One,Title/platform heuristic,18.36,mbop_fifo
114-3283775-5652217,151007586241561,B09RRHYD97,1065946288,Ghostwire: Tokyo Standard Edition - PlayStation 5,2026-01-05 22:05:55+00,1,True,PlayStation 5,Title/platform heuristic,15.43,mbop_fifo
114-3284075-0142600,146969452565761,B01GW3LRD2,1070474330,Forza Horizon 3 - Xbox One,2025-11-21 16:00:57+00,1,True,Xbox One,Title/platform heuristic,23.02,mbop_fifo
114-3301301-0595417,156760265484641,B08MG4PK68,1071283749,Hitman 3 for Xbox One & Xbox Series X,2026-03-29 15:18:32+00,1,True,Xbox Series X/Xbox One,Title/platform heuristic,28.77,mbop_fifo
114-3317436-7204213,164694287779841,B00DBF813Y,1068329375,Final Fantasy XV - Xbox One,2026-07-14 18:46:11+00,1,True,Xbox One,Title/platform heuristic,13.70,inventorylab_legacy
114-3339794-1219424,160100789337761,B0051TLAF4,1036989683,LEGO Harry Potter: Years 5-7 - Xbox 360,2026-05-17 04:29:28+00,1,True,Xbox 360,Title/platform heuristic,12.99,mbop_fifo
114-3340138-4585039,158512285562441,B01AC3ZD06,1048894668,Nintendo Selects: Super Mario 3D World - Wii U Standard Edition,2026-04-24 21:23:23+00,1,True,Nintendo Wii U,Title/platform heuristic,24.00,mbop_fifo
114-3366710-8141811,168350281006241,B071X7QQKZ,1070474323,Fire Emblem Warriors - Nintendo Switch [Nintendo Switch],2026-08-29 20:26:03+00,1,True,Nintendo Switch,Title/platform heuristic,,missing
114-3389419-5943405,148675797795401,B07P5TL4SH,1070474327,Pokémon Shield - Nintendo Switch,2025-12-06 18:56:26+00,1,True,Nintendo Switch,Title/platform heuristic,28.66,mbop_fifo
114-3389644-5415432,158897706936241,B0042GW7CC,1045509207,Namco Museum Megamix,2026-04-30 13:59:40+00,1,True,Nintendo Wii,Title/platform heuristic,,missing
114-3410354-4999439,156659940744481,B07SL77MHX,1068811473,No More Heroes 3,2026-03-27 23:50:52+00,1,False,Unclassified,No reliable game match,17.50,inventorylab_legacy
114-3454192-8378646,157305140775001,B005EHAFTA,1059113393,Advance Tabco K-00 Faucet Repair Kit,2026-04-07 14:51:15+00,1,False,Unclassified,No reliable game match,45.00,mbop_fifo
114-3476197-6940205,145117774245801,B01N1GRUUC,1051249032,"Harmony Good Dog Ceramic Dog Bowl, 6 Cups",2025-11-01 18:48:13+00,1,False,Unclassified,No reliable game match,10.99,inventorylab_legacy
114-3489511-1510602,153778173915561,B0038TT8QM,1070891240,Sid Meier's Civilization V - PC,2026-02-15 23:32:24+00,1,True,PC,Title/platform heuristic,7.98,mbop_fifo
114-3506108-0411416,159243139933721,B015HAL2OA,1071379578,Kingdom Hearts HD 2.8 Final Chapter Prologue - PlayStation 4,2026-05-05 08:03:22+00,1,True,PlayStation 4,Title/platform heuristic,15.00,mbop_fifo
114-3527712-3889050,166809403623881,B000L422L0,1068811450,Brooktown High: Senior Year - Sony PSP [Sony PSP],2026-08-11 06:05:18+00,1,True,PSP,Title/platform heuristic,5.10,inventorylab_legacy
114-3529902-2178648,164032089932361,B01G2E4DV4,1066393117,Birds Choice Oriole Feeder Replacement Cup,2026-07-03 20:56:47+00,1,False,Unclassified,No reliable game match,,missing
114-3534666-1133853,155984075869281,B0BPYW4DDB,1065749622,Rustic Pistol Table Lamp - Realistic Novelty Outdoor Lamp - Tabletop Lantern w/ Brushed Black Finish & Gold Detailing - Gun Decorations for Man Cave -,2026-03-16 22:36:45+00,1,False,Unclassified,No reliable game match,23.99,mbop_fifo
114-3574120-3996256,140568179393761,B0006ACWEQ,1070175672,Ranchmark OpenX Dual Blade Universal Package Opener 7L x 1 1/2H inches,2025-09-26 19:05:09+00,2,False,Unclassified,No reliable game match,15.38,inventorylab_legacy
114-3620039-1685832,168265782584161,B000NJDKA0,1071283724,Shrek The Third - Sony PSP [Sony PSP],2026-08-28 14:45:02+00,1,True,PSP,Title/platform heuristic,22.12,inventorylab_legacy
114-3626947-9129846,150815193487881,B07YZ4QVZY,1068949078,Sniper Ghost Warrior: Contracts PS4,2026-01-02 21:30:17+00,1,True,PlayStation 4,Title/platform heuristic,14.00,inventorylab_legacy
114-3631667-2810651,160556971106641,B07RQ33XDG,1032602113,Tom Clancy's Ghost Recon Breakpoint Steelbook Gold Edition - Xbox One,2026-05-23 04:29:14+00,1,True,Xbox One,Title/platform heuristic,35.99,inventorylab_legacy
114-3633319-9541026,157600907462881,B0794QSXP5,1071133179,Dragon Ball Fighterz - Xbox One,2026-04-10 16:03:50+00,1,True,Xbox One,Title/platform heuristic,21.38,inventorylab_legacy
114-3667660-3898626,158427126368521,B0BP5CKT2F,1069890475,Star Wars Jedi: Survivor Deluxe - Xbox Series X,2026-04-23 16:52:32+00,1,True,Xbox Series X,Title/platform heuristic,18.00,inventorylab_legacy
114-3693158-7110638,156793434738081,B000RHZJIO,1071283709,FIFA 08 - PlayStation 2,2026-03-29 23:57:14+00,1,True,PlayStation 2,Title/platform heuristic,18.77,mbop_fifo
114-3693937-4410634,151599737692721,B01N03NM02,1058392679,"Harmony Good Dog Ceramic Dog Bowl, 1 Cup",2026-01-12 20:59:24+00,1,False,Unclassified,No reliable game match,5.99,inventorylab_legacy
114-3704821-1851417,159333770357081,B01G2E4DV4,1066393117,Birds Choice Oriole Feeder Replacement Cup,2026-05-06 18:17:30+00,1,False,Unclassified,No reliable game match,5.31,mbop_fifo
114-3729197-8235420,157084342835841,B09YMGZC96,1071133149,art of rally collector's edition - Nintendo Switch,2026-04-03 15:06:26+00,1,True,Nintendo Switch,Title/platform heuristic,33.00,inventorylab_legacy
114-3733339-4547437,156460064978321,B091DBFGWF,1071047176,RBI BASEBALL 21 NINTENDO SWITCH - NINTENDO SWITCH,2026-03-24 20:49:32+00,1,True,Nintendo Switch,Title/platform heuristic,13.53,mbop_fifo
114-3736697-3775438,145777055992041,B01N54QSH6,1052907525,"Harmony Good Dog Ceramic Dog Bowl, 3 Cups",2025-11-08 16:01:48+00,1,False,Unclassified,No reliable game match,10.39,mbop_fifo
114-3746720-2608247,146328173383441,B08746VVF1,1070474317,The Dark Pictures: Little Hope - PlayStation 4,2025-11-15 18:34:07+00,1,True,PlayStation 4,Title/platform heuristic,14.99,mbop_fifo
114-3753338-2713867,157982117334841,B0050SYZ2G,1068811467,Kinect Sports Season Two,2026-04-17 00:57:47+00,1,False,Unclassified,No reliable game match,9.99,mbop_fifo
114-3761370-1329010,156438853013041,B096TBJC6Z,1071047168,Paw Patrol The Movie Adventure City Calls - PlayStation 4,2026-03-24 15:53:05+00,1,True,PlayStation 4,Title/platform heuristic,14.38,inventorylab_legacy
114-3789845-9713065,163366257255681,B001KAMZ8E,1071453876,AC/DC Live: Rock Band Track Pack - Playstation 3,2026-06-25 14:39:36+00,1,True,PlayStation 3,Title/platform heuristic,20.00,inventorylab_legacy
114-3806317-6965817,164472617664921,B00168ESPI,1030268114,Deca Sports,2026-07-10 20:17:04+00,1,True,Nintendo Wii,Title/platform heuristic,,missing
114-3811576-9685042,165627404468801,B0748VH8ZF,1039345443,The Sims 4 - Xbox One [Xbox One],2026-07-27 02:36:56+00,1,True,Xbox One,Title/platform heuristic,13.72,inventorylab_legacy
114-3819615-3093029,160977089734921,B09GCXZKBZ,1071379580,My Universe: Puppies and Kittens - PlayStation 4,2026-05-28 22:01:48+00,1,True,PlayStation 4,Title/platform heuristic,9.55,inventorylab_legacy
114-3871061-8901827,159852420944601,B08WWHTM61,1071283727,DC Super Hero Girls: Teen Power - Nintendo Switch,2026-05-13 23:04:56+00,1,True,Nintendo Switch,Title/platform heuristic,15.87,mbop_fifo
114-3880081-4098606,159612922024481,B0054U4A4I,1071047188,STAR WARS: THE FORCE UNLEASHED II XBOX (XBOX 360),2026-05-11 01:20:41+00,1,True,Xbox 360,Title/platform heuristic,23.50,mbop_fifo
114-3951782-5261029,158839639628401,B002BDTZU0,1066393116,"Ergodyne GloWear 8289 Safety T-Shirt, High Visibility Polyester, ANSI-Compliant Reflective, Chest Pocket, Type R, Class 2",2026-05-03 13:37:28+00,2,False,Unclassified,No reliable game match,6.32,inventorylab_legacy
114-3951782-5261029,159110975020281,B002BDTZU0,1066393116,"Ergodyne GloWear 8289 Safety T-Shirt, High Visibility Polyester, ANSI-Compliant Reflective, Chest Pocket, Type R, Class 2",2026-05-03 13:37:28+00,4,False,Unclassified,No reliable game match,12.64,inventorylab_legacy
114-3964915-9445024,149810100829241,B06XDN21W5,1031051552,Paradise Treasure Trove Brown White Football Coin Piggy Bank Sports Stitching,2025-12-18 18:54:06+00,1,False,Unclassified,No reliable game match,,missing
114-3976239-0378655,161354779527241,B08J4P22MF,1069286292,Assassin's Creed Valhalla - PlayStation 5,2026-06-02 12:47:36+00,1,True,PlayStation 5,Title/platform heuristic,13.66,inventorylab_legacy
114-4001029-4957810,148208439332401,B098V87FNX,1069890483,Among Us: Crewmate Edition (PS4) - PlayStation 4,2025-12-01 20:09:23+00,1,True,PlayStation 4,Title/platform heuristic,14.45,inventorylab_legacy
114-4006711-8494645,156229654258561,B008J16AG0,1034379345,The Hip Hop Dance Experience - Nintendo Wii,2026-03-21 01:34:35+00,1,True,Nintendo Wii,Title/platform heuristic,25.83,mbop_fifo
114-4014492-0891467,157484077075681,B0CHN2DVSX,1069261942,Hobby Lobby Fudge Brownie Candle Tin,2026-04-09 15:34:32+00,1,False,Unclassified,No reliable game match,8.99,inventorylab_legacy
114-4028391-3357829,159110540446641,B007BJNR6C,1071517332,Assassin's Creed III: Liberation,2026-05-03 11:41:56+00,1,False,Unclassified,No reliable game match,21.77,mbop_fifo
114-4037382-1548250,159554542698641,B08DWJDY9S,1070891206,Atelier Ryza 2: Lost Legends & The Secret Fairy - Nintendo Switch,2026-05-10 01:52:47+00,1,True,Nintendo Switch,Title/platform heuristic,35.99,mbop_fifo
114-4056553-3433817,155543223339521,B091DBFGWF,1071047176,RBI BASEBALL 21 NINTENDO SWITCH - NINTENDO SWITCH,2026-03-10 16:20:26+00,1,True,Nintendo Switch,Title/platform heuristic,13.53,mbop_fifo
114-4061109-5957052,167081892297761,B07D8K6Q27,1038682534,Battlefield V Deluxe Edition - Xbox One [Xbox One],2026-08-13 18:47:03+00,1,True,Xbox One,Title/platform heuristic,,missing
114-4111975-0096265,146659419338481,B0CFTFG12B,1069890477,Call of Duty Modern Warfare III - Xbox,2025-11-18 19:29:28+00,1,True,Xbox,Title/platform heuristic,24.00,mbop_fifo
114-4123450-1747401,152985054127081,B000QB05BM,1070891180,Mercenaries 2: World in Flames - PC,2026-02-03 08:07:34+00,1,True,PC,Title/platform heuristic,21.99,mbop_fifo
114-4123532-6273862,143234379298841,B01N9QVIRV,1065946902,Switch Title 3 -,2025-10-17 16:29:05+00,2,True,Nintendo Switch,Title/platform heuristic,50.04,inventorylab_legacy
114-4143618-6620255,154595118431041,B07F3ZDD83,1071133147,Carnival Games (Nintendo Switch),2026-02-25 18:22:09+00,1,True,Nintendo Switch,Title/platform heuristic,8.00,mbop_fifo
114-4166075-8950654,148845547960641,B0B6JQHB4P,1063376893,FIFA 23 - PlayStation 4,2025-12-08 20:05:12+00,1,True,PlayStation 4,Title/platform heuristic,19.99,mbop_fifo
114-4181019-4501056,159571543367361,B01AC3ZD06,1048894668,Nintendo Selects: Super Mario 3D World - Wii U Standard Edition,2026-05-10 05:15:07+00,1,True,Nintendo Wii U,Title/platform heuristic,24.99,mbop_fifo
114-4186546-5293832,157710831508481,B09GCXZKBZ,1071379580,My Universe: Puppies and Kittens - PlayStation 4,2026-04-12 16:56:08+00,1,True,PlayStation 4,Title/platform heuristic,9.55,inventorylab_legacy
114-4189098-5364240,159203807277401,B01G2E4DV4,1066393117,Birds Choice Oriole Feeder Replacement Cup,2026-05-04 19:36:30+00,1,False,Unclassified,No reliable game match,5.31,mbop_fifo
114-4216167-7492204,162061033073841,B0794QSXP5,1071133179,Dragon Ball Fighterz - Xbox One,2026-06-11 00:59:51+00,1,True,Xbox One,Title/platform heuristic,21.38,inventorylab_legacy
114-4217795-2604217,152802103157241,B06XDN21W5,1031051552,Paradise Treasure Trove Brown White Football Coin Piggy Bank Sports Stitching,2026-01-31 14:56:56+00,1,False,Unclassified,No reliable game match,8.99,mbop_fifo
114-4237964-9581001,162318780367041,B01N1GRUUC,1051249032,"Harmony Good Dog Ceramic Dog Bowl, 6 Cups",2026-06-14 01:34:26+00,1,False,Unclassified,No reliable game match,10.99,inventorylab_legacy
114-4251691-8053001,165227954506081,B0030GBU2I,1070891232,Prince of Persia: The Forgotten Sands - Playstation 3 [PlayStation 3],2026-07-21 21:45:33+00,1,True,PlayStation 3,Title/platform heuristic,15.99,inventorylab_legacy
114-4256283-4004249,159051644416841,B016KAKD7S,1030912249,"18"" Bendable Muslin DollNew by: CC",2026-05-02 06:48:34+00,1,False,Unclassified,No reliable game match,8.99,inventorylab_legacy
114-4257534-1753022,162995451960761,B07YZ4QVZY,1068949078,Sniper Ghost Warrior: Contracts PS4,2026-06-21 23:52:37+00,1,True,PlayStation 4,Title/platform heuristic,14.00,inventorylab_legacy
114-4267915-8941812,144893490590641,B002BRZ9G0,1052735411,New Super Mario Bros,2025-10-28 18:56:10+00,1,False,Unclassified,No reliable game match,30.00,mbop_fifo
114-4270460-4798645,139872051053161,B01IH3T6BA,1068811455,Pro Evolution Soccer 2017 - Xbox One Standard Edition,2025-09-20 04:21:36+00,1,True,Xbox One,Title/platform heuristic,5.00,mbop_fifo
114-4303247-1065003,158974636137921,B06XDN21W5,1031051552,Paradise Treasure Trove Brown White Football Coin Piggy Bank Sports Stitching,2026-05-01 02:51:18+00,1,False,Unclassified,No reliable game match,10.99,mbop_fifo
114-4305074-4962629,143323365727961,B00B98HF1O,1039988827,"Lego: Marvel Super Heroes, XBOX 360",2025-10-17 18:29:41+00,1,True,Xbox 360,Title/platform heuristic,,missing
114-4309219-1853044,160820234825161,B07KN77NXY,1068329356,FIFA 19/NHL 19 Bundle PlayStation 4,2026-05-27 00:08:13+00,1,True,PlayStation 4,Title/platform heuristic,11.16,inventorylab_legacy
114-4320660-8733038,159583625803081,B0CTKX44NG,1069286305,MLB The Show 24 - Nintendo Switch,2026-05-10 15:29:30+00,1,True,Nintendo Switch,Title/platform heuristic,30.35,mbop_fifo
114-4335249-7296234,152273935828361,B01AC3ZD06,1048894668,Nintendo Selects: Super Mario 3D World - Wii U Standard Edition,2026-01-23 18:09:39+00,1,True,Nintendo Wii U,Title/platform heuristic,15.71,mbop_fifo
114-4338958-5917055,155686539698241,B01N03NM02,1058392679,"Harmony Good Dog Ceramic Dog Bowl, 1 Cup",2026-03-12 00:20:10+00,1,False,Unclassified,No reliable game match,5.99,inventorylab_legacy
114-4360726-1008208,164990831351001,B0030GBU2I,1070891232,Prince of Persia: The Forgotten Sands - Playstation 3 [PlayStation 3],2026-07-18 06:08:03+00,1,True,PlayStation 3,Title/platform heuristic,15.99,inventorylab_legacy
114-4384527-3913044,138177585025001,B000QD7BBM,1032068466,Carnival Games - Nintendo Wii,2025-09-02 21:10:08+00,1,True,Nintendo Wii,Title/platform heuristic,10.99,mbop_fifo
114-4385622-3526649,157720415245441,B00KLMOY4K,1048220574,Plants vs Zombies Garden Warfare(Online Play Required) - PlayStation 4,2026-04-12 20:30:11+00,1,True,PlayStation 4,Title/platform heuristic,12.50,inventorylab_legacy
114-4407969-4038645,156029144257161,B001DO3NEW,1038680538,Wii Music,2026-03-17 18:44:20+00,1,True,Nintendo Wii,Title/platform heuristic,17.54,inventorylab_legacy
114-4408457-8045013,158118628493281,B08JDTJ9V5,1071379592,Fitness Boxing 2: Rhythm & Exercise - Nintendo Switch,2026-04-19 16:09:22+00,1,True,Nintendo Switch,Title/platform heuristic,25.63,mbop_fifo
114-4427418-9761042,138955962136921,B09C1167RV,1068329432,Street Outlaws 2: Winner Takes All (Xbox Series X/),2025-09-11 22:03:14+00,1,True,Xbox Series X,Title/platform heuristic,12.95,mbop_fifo
114-4436359-7133855,158902725061881,B000TPTCR8,1033912576,Amf Bowling Pinbusters - Nintendo Wii,2026-04-29 21:41:00+00,1,True,Nintendo Wii,Title/platform heuristic,10.77,mbop_fifo
114-4440309-3942622,157789622112801,B001QRWE28,1071283736,Transformers: Revenge of the Fallen - Nintendo Wii,2026-04-13 22:25:25+00,1,True,Nintendo Wii,Title/platform heuristic,9.32,mbop_fifo
114-4448490-6318664,168362225144361,B003TK1HSM,1027773861,Nickelodeon Fit [Nintendo Wii],2026-08-29 21:20:03+00,1,True,Nintendo Wii,Title/platform heuristic,,missing
114-4493259-4338640,156594730221241,B096WZFCHR,1070280034,Marvel's Guardians of the Galaxy - PlayStation 5,2026-03-27 00:00:30+00,1,True,PlayStation 5,Title/platform heuristic,25.77,mbop_fifo
114-4495607-6810639,148986672336401,B00KLMOY4K,1048220574,Plants vs Zombies Garden Warfare(Online Play Required) - PlayStation 4,2025-12-09 15:40:01+00,1,True,PlayStation 4,Title/platform heuristic,12.50,inventorylab_legacy
114-4500062-3209849,155348485712921,B0050SYYEK,DL-GWVW-9XVQ,Dance Central 2 - Xbox 360,2026-03-07 05:05:02+00,1,True,Xbox 360,Title/platform heuristic,11.76,inventorylab_legacy
114-4540119-6722628,141745526330881,B079P7T594,1070280037,Hello Neighbor - Nintendo Switch,2025-10-08 14:40:07+00,1,True,Nintendo Switch,Title/platform heuristic,9.04,mbop_fifo
114-4561280-0311405,155834091698201,B01N03NM02,1058392679,"Harmony Good Dog Ceramic Dog Bowl, 1 Cup",2026-03-14 15:22:43+00,1,False,Unclassified,No reliable game match,5.99,inventorylab_legacy
114-4563422-8037062,161001137564161,B071G5JJDW,1035764639,Monster Hunter: World - Xbox One Standard Edition,2026-05-28 17:53:35+00,1,True,Xbox One,Title/platform heuristic,17.97,inventorylab_legacy
114-4582674-2387417,152638130854001,B07D77HYR5,1070891220,Madden NFL 19 - PlayStation 4,2026-01-28 18:37:23+00,1,True,PlayStation 4,Title/platform heuristic,4.49,mbop_fifo
114-4584351-8173003,138051045951001,B0018RWMRS,1030268125,Game Party 2 - Nintendo Wii,2025-09-01 05:19:21+00,1,True,Nintendo Wii,Title/platform heuristic,15.12,inventorylab_legacy
114-4619381-4053055,148009231296401,B0BDT4CQJD,1068811463,Fortnite - Anime Legends- PlayStation 4,2025-11-29 23:28:13+00,1,True,PlayStation 4,Title/platform heuristic,29.74,inventorylab_legacy
114-4653478-1320246,147130562148681,B0CFTFG12B,1069890477,Call of Duty Modern Warfare III - Xbox,2025-11-23 14:07:04+00,1,True,Xbox,Title/platform heuristic,24.00,mbop_fifo
114-4661590-0362632,147714690562441,B06XDN21W5,1031051552,Paradise Treasure Trove Brown White Football Coin Piggy Bank Sports Stitching,2025-11-27 14:45:11+00,1,False,Unclassified,No reliable game match,8.99,mbop_fifo
114-4663567-0937833,155388788444081,B00I9UVY30,1070891227,EA Sports 2014 FIFA World Cup Brazil - PlayStation 3,2026-03-08 00:55:22+00,1,True,PlayStation 3,Title/platform heuristic,17.47,inventorylab_legacy
114-4666986-7181818,141786344719921,B014XCWYOK,1029329369,Minecraft: Story Mode - Season Disc - PlayStation 4,2025-10-08 19:01:25+00,1,True,PlayStation 4,Title/platform heuristic,35.00,mbop_fifo
114-4674558-8200252,146086368966241,B074RYSTNS,1031051620,"Chevrolet 20"" Genuine Distressed Vintage Style Bowtie Chevy Red White and Blue American Flag Oval Metal Embossed Sign",2025-11-12 00:25:49+00,1,False,Unclassified,No reliable game match,12.99,inventorylab_legacy
114-4683087-7967422,159824790202801,B00ZPT59YS,1045151360,Sea of Thieves: Standard Edition - Xbox One,2026-05-13 21:44:10+00,1,True,Xbox One,Title/platform heuristic,19.50,mbop_fifo
114-4687108-0889005,138166821016161,B001B1W3HA,SN-IZTF-EEG6,Carnival Games: MiniGolf - Nintendo Wii,2025-09-02 17:44:13+00,1,True,Nintendo Wii,Title/platform heuristic,14.00,mbop_fifo
114-4713634-3172217,149157379316801,B06XDN21W5,1031051552,Paradise Treasure Trove Brown White Football Coin Piggy Bank Sports Stitching,2025-12-11 17:58:58+00,1,False,Unclassified,No reliable game match,8.99,mbop_fifo
114-4738725-6312200,156980359096001,B098Y96VKP,1068329369,NBA 2K22 - Nintendo Switch,2026-04-01 20:06:37+00,1,True,Nintendo Switch,Title/platform heuristic,14.23,inventorylab_legacy
114-4739655-8670662,157790407582881,B01EZA0D8O,1063375652,Call of Duty: Infinite Warfare - Standard Edition - Xbox One,2026-04-13 22:07:57+00,1,True,Xbox One,Title/platform heuristic,12.03,mbop_fifo
114-4740500-2107408,166786528385721,B07TMHPV38,1071453895,ICE AGE: Scrat's Nutty Adventure - Xbox One [Xbox One],2026-08-10 23:29:52+00,1,True,Xbox One,Title/platform heuristic,19.99,inventorylab_legacy
114-4759765-6969815,156906959730641,B01N03NM02,1058392679,"Harmony Good Dog Ceramic Dog Bowl, 1 Cup",2026-03-31 16:42:07+00,1,False,Unclassified,No reliable game match,5.99,inventorylab_legacy
114-4764228-3571429,148745535010441,B00ZPTMX60,1041419173,Gears of War 4 - Xbox One,2025-12-07 18:20:07+00,1,True,Xbox One,Title/platform heuristic,20.32,mbop_fifo
114-4767730-9042636,155715432582401,B091DBFGWF,1071047176,RBI BASEBALL 21 NINTENDO SWITCH - NINTENDO SWITCH,2026-03-12 13:59:59+00,1,True,Nintendo Switch,Title/platform heuristic,13.53,mbop_fifo
114-4784761-0584209,147881247901561,B01N9QVIRV,1065946902,Switch Title 3 -,2025-11-28 23:17:04+00,1,True,Nintendo Switch,Title/platform heuristic,25.02,inventorylab_legacy
114-4805399-0629817,148542705989121,B0C5RZRG44,1070280054,Mortal Kombat 1 Premium Edition - Xbox Series X,2025-12-04 23:47:05+00,1,True,Xbox Series X,Title/platform heuristic,54.00,mbop_fifo
114-4829856-2235459,156487024134401,B07G8SYY97,1071283756,Tom Clancy's The Division 2 - Xbox One Gold Steelbook Edition,2026-03-25 08:49:30+00,1,True,Xbox One,Title/platform heuristic,23.93,mbop_fifo
114-4851532-4589824,157876960711681,B001LJPAAO,1070625065,AC/DC Live: Rock Band Track Pack - Nintendo Wii,2026-04-15 06:36:13+00,1,True,Nintendo Wii,Title/platform heuristic,15.60,inventorylab_legacy
114-4857927-3918643,157721560883121,B08FS6BB8W,1071379586,Far Cry 6 PlayStation 5 Standard Edition,2026-04-12 19:39:27+00,1,True,PlayStation 5,Title/platform heuristic,15.62,mbop_fifo
114-4918313-8517028,159284593920721,B096HSJ6PJ,1071517346,Battlefield 2042 - PlayStation 5,2026-05-05 23:56:23+00,1,True,PlayStation 5,Title/platform heuristic,14.40,mbop_fifo
114-4938135-9816205,150036757039841,B00DBF813Y,1068329375,Final Fantasy XV - Xbox One,2025-12-21 22:47:24+00,1,True,Xbox One,Title/platform heuristic,13.70,inventorylab_legacy
114-4954231-8012252,165094883756801,B0030GBU2I,1070891232,Prince of Persia: The Forgotten Sands - Playstation 3 [PlayStation 3],2026-07-19 21:12:14+00,1,True,PlayStation 3,Title/platform heuristic,15.99,inventorylab_legacy
114-4963464-7644263,156845095734361,B01AC3ZD06,1048894668,Nintendo Selects: Super Mario 3D World - Wii U Standard Edition,2026-03-30 20:04:36+00,1,True,Nintendo Wii U,Title/platform heuristic,15.71,mbop_fifo
114-4966447-4487400,145840056473241,B0BBXD3P63,1070474320,God of Rock (PS5),2025-11-09 15:56:24+00,1,True,PlayStation 5,Title/platform heuristic,12.85,mbop_fifo
114-4981939-2608245,143361810909481,B088HYTLRG,1066664795,Tony Hawk's Pro Skater 1 + 2 - Xbox One,2025-10-17 19:04:53+00,1,True,Xbox One,Title/platform heuristic,8.18,mbop_fifo
114-4990164-7401003,139840319017081,B01FEHJYUU,1063376478,Sid Meier's Civilization VI - PC,2025-09-19 20:20:59+00,1,True,PC,Title/platform heuristic,9.99,mbop_fifo
114-5004309-6770639,153356554547321,B08CGCZTYQ,1070891175,Cobra Kai Karate Kid Saga - PS4 - PlayStation 4,2026-02-09 01:13:01+00,1,True,PlayStation 4,Title/platform heuristic,11.04,inventorylab_legacy
114-5013791-2396201,156114264810241,B00NGXUBR0,1071133139,Assassin's Creed: The Americas Collection - PlayStation 3 Standard Edition,2026-03-19 00:56:45+00,1,True,PlayStation 3,Title/platform heuristic,25.00,mbop_fifo
114-5027939-2627409,156979496663601,B01AC3ZD06,1048894668,Nintendo Selects: Super Mario 3D World - Wii U Standard Edition,2026-04-01 19:43:22+00,1,True,Nintendo Wii U,Title/platform heuristic,15.71,mbop_fifo
114-5030390-5171414,155749156266161,B08X2FS1TV,1066393107,"Magicsuit Women's Peace Out Aubrey High Neck Soft Cup One Piece Swimsuit, Black/Multi, 10",2026-03-13 01:02:31+00,1,False,Unclassified,No reliable game match,25.00,mbop_fifo
114-5063831-3537010,157166561792561,B08PTHJNK7,1071283720,Monster Energy Supercross 4 - PlayStation 4,2026-04-04 23:30:17+00,1,True,PlayStation 4,Title/platform heuristic,13.05,inventorylab_legacy
114-5088485-7797063,160723447657281,B0060ZN5T2,1044972247,NEW Just Dance 3 Wii (Videogame Software),2026-05-25 15:34:01+00,1,True,Nintendo Wii,Title/platform heuristic,17.60,inventorylab_legacy
114-5113212-6595406,158104595497361,B07VWCR94W,1033469061,WWE 2K20 - PlayStation 4,2026-04-19 07:15:20+00,1,True,PlayStation 4,Title/platform heuristic,16.19,inventorylab_legacy
114-5123239-5383449,159373870551281,B001KX504C,VL-TTRP-1QSB,Gold's Gym Cardio Workout - Nintendo Wii,2026-05-07 05:40:59+00,1,True,Nintendo Wii,Title/platform heuristic,9.99,mbop_fifo
114-5128304-5537040,166447003826841,B001YI0Z2U,1030900137,Bayonetta - Xbox 360 [Xbox 360],2026-08-05 22:11:22+00,1,True,Xbox 360,Title/platform heuristic,29.99,inventorylab_legacy
114-5141676-7585030,148641626726681,B01LDFGIT2,1058619763,Livewire Advantage Instrument Cable 10 ft. Black,2025-12-06 03:30:56+00,1,False,Unclassified,No reliable game match,10.48,inventorylab_legacy
114-5147927-9113069,144262946930681,B003ZHMMEM,1028571825,Donkey Kong Country Returns - Wii,2025-10-22 12:53:41+00,1,True,Nintendo Wii,Title/platform heuristic,20.00,mbop_fifo
114-5190354-4743417,154230688458521,B003RS8I92,27-WE7T-PDQ5,Rock Band 3 - Playstation 3 (Game),2026-02-21 04:19:09+00,1,True,PlayStation 3,Title/platform heuristic,35.00,mbop_fifo
114-5232158-3804267,162089740628561,B01K63R7EW,CL-3FZI-8LNN,Destiny The Collection - Xbox One Standard Edition,2026-06-11 20:22:40+00,1,True,Xbox One,Title/platform heuristic,,missing
114-5241735-7858605,153463251171681,B00YC7ED0K,1041856993,FIFA 16 - Standard Edition - PlayStation 3,2026-02-10 23:38:31+00,1,True,PlayStation 3,Title/platform heuristic,14.82,inventorylab_legacy
114-5252864-2567412,147714660153161,B0B8JH4CTN,1070280053,World of Outlaws - Dirt Racing,2025-11-27 15:48:31+00,1,True,Xbox Series X,Title/platform heuristic,23.37,inventorylab_legacy
114-5253748-8860255,155860219336121,B07SL77MHX,1068811473,No More Heroes 3,2026-03-14 22:52:59+00,1,False,Unclassified,No reliable game match,17.50,inventorylab_legacy
114-5277149-5025831,158204237992761,B075QWP3N3,1070891194,Zoo Tycoon: Ultimate Animal Collection - Xbox One,2026-04-20 21:34:37+00,1,True,Xbox One,Title/platform heuristic,27.77,mbop_fifo
114-5288403-2767436,146208899926521,B07SHJ3ZQR,1064186268,FIFA 20 Standard Edition - PlayStation 4,2025-11-13 20:53:00+00,1,True,PlayStation 4,Title/platform heuristic,14.99,mbop_fifo
114-5290887-3676217,149110914080761,B00KLMOY4K,1048220574,Plants vs Zombies Garden Warfare(Online Play Required) - PlayStation 4,2025-12-11 01:39:55+00,1,True,PlayStation 4,Title/platform heuristic,12.50,inventorylab_legacy
114-5297024-2369061,168168411212881,B00DC7G0GG,1052572572,Super Mario 3D World [Nintendo Wii U],2026-08-26 21:48:33+00,1,True,Nintendo Wii U,Title/platform heuristic,,missing
114-5298988-5429007,159179807838801,B01G2E4DV4,1066393117,Birds Choice Oriole Feeder Replacement Cup,2026-05-04 14:14:03+00,1,False,Unclassified,No reliable game match,5.31,mbop_fifo
114-5299435-0101013,139076789231001,B01AC3ZD06,1048894668,Nintendo Selects: Super Mario 3D World - Wii U Standard Edition,2025-09-12 13:35:02+00,1,True,Nintendo Wii U,Title/platform heuristic,20.00,mbop_fifo
114-5315039-9049840,156796910566201,B06XDN21W5,1031051552,Paradise Treasure Trove Brown White Football Coin Piggy Bank Sports Stitching,2026-03-30 00:31:39+00,1,False,Unclassified,No reliable game match,9.99,mbop_fifo
114-5320020-0093020,147851196404201,B096WVJ9Q4,1068329357,Marvel's Guardians of the Galaxy PlayStation 4 with Free Upgrade to the Digital PS5 Version,2025-11-28 20:01:18+00,1,True,PlayStation 4/PlayStation 5,Title/platform heuristic,15.55,mbop_fifo
114-5328862-2322624,154481773690641,B003OZZJGS,1028571739,Gold's Gym Dance Workout - Nintendo Wii,2026-02-24 18:26:30+00,1,True,Nintendo Wii,Title/platform heuristic,10.97,mbop_fifo
114-5334341-3555429,147257693026721,B00SVVUOGU,1048894444,Forza Motorsport 6 - Xbox One,2025-11-24 22:17:06+00,1,True,Xbox One,Title/platform heuristic,31.86,inventorylab_legacy
114-5385575-3619417,154867978433321,B01CVS3424,1071133140,Ghostbusters - PlayStation 4,2026-03-01 16:19:58+00,1,True,PlayStation 4,Title/platform heuristic,13.16,mbop_fifo
114-5422202-9927453,154928453873841,B0B94SHMRP,1068329416,Dead Island 2: Day 1 Edition - PlayStation 4,2026-03-02 14:47:58+00,1,True,PlayStation 4,Title/platform heuristic,13.14,mbop_fifo
114-5441481-0864201,146961838418521,B0CFTFG12B,1069890477,Call of Duty Modern Warfare III - Xbox,2025-11-21 15:15:22+00,1,True,Xbox,Title/platform heuristic,24.00,mbop_fifo
114-5464075-0041066,151254569841041,B01N1GRUUC,1051249032,"Harmony Good Dog Ceramic Dog Bowl, 6 Cups",2026-01-08 14:53:09+00,1,False,Unclassified,No reliable game match,10.99,inventorylab_legacy
114-5466238-2778643,167817808671121,B0050SYYEK,DL-GWVW-9XVQ,Dance Central 2 - Xbox 360 [Xbox 360],2026-08-22 13:23:09+00,1,True,Xbox 360,Title/platform heuristic,11.76,inventorylab_legacy
114-5475792-7113849,152744753196601,B07D77HYR5,1070891220,Madden NFL 19 - PlayStation 4,2026-01-30 14:12:16+00,1,True,PlayStation 4,Title/platform heuristic,4.49,mbop_fifo
114-5479930-9987413,151968874490441,B01N54QSH6,1052907525,"Harmony Good Dog Ceramic Dog Bowl, 3 Cups",2026-01-18 18:31:36+00,1,False,Unclassified,No reliable game match,9.74,mbop_fifo
114-5488854-1886601,157839125113641,B0C8VHKLTM,1071283730,Persona 5 Tactica - Nintendo Switch,2026-04-14 17:09:02+00,1,True,Nintendo Switch,Title/platform heuristic,19.71,mbop_fifo
114-5500294-7760258,162775322604641,B006ZPAYMI,1068811430,Kinect Rush: A Disney Pixar Adventure - Xbox 360,2026-06-19 13:59:18+00,1,True,Xbox 360,Title/platform heuristic,22.32,inventorylab_legacy
114-5505332-0821024,157957735580721,B01G2E4DV4,1066393117,Birds Choice Oriole Feeder Replacement Cup,2026-04-16 18:53:06+00,1,False,Unclassified,No reliable game match,4.09,mbop_fifo
114-5514172-0238630,149598359406041,B000L422L0,1068811450,Brooktown High: Senior Year - Sony PSP,2025-12-16 00:41:00+00,1,True,PSP,Title/platform heuristic,5.10,inventorylab_legacy
114-5567843-6158631,154094686377641,B000CPKIT6,1071047191,Command and Conquer the First Decade,2026-02-19 22:44:02+00,1,False,Unclassified,No reliable game match,39.52,mbop_fifo
114-5579517-4099440,147975487567001,B01N9QVIRV,1065946902,Switch Title 3 -,2025-11-29 18:17:18+00,1,True,Nintendo Switch,Title/platform heuristic,25.02,inventorylab_legacy
114-5605154-2569823,150108157350321,B082QL63JB,1037691479,Fast & Furious Crossroads - Xbox One,2025-12-23 03:30:47+00,1,True,Xbox One,Title/platform heuristic,14.99,mbop_fifo
114-5618922-9504214,162446116168881,B00CMQTUCE,1071283750,Kinect Sports: Rivals - Xbox One,2026-06-16 07:07:16+00,1,True,Xbox One,Title/platform heuristic,18.68,inventorylab_legacy
114-5626672-5993857,147980985221801,B07HFMJ4R5,1068329410,Minecraft: Starter Collection - Xbox One,2025-11-29 18:02:35+00,1,True,Xbox One,Title/platform heuristic,23.49,inventorylab_legacy
114-5675171-0904256,147899955575521,B097FP294Y,1070280033,Aliens Fireteam Elite - PlayStation 5,2025-11-29 01:48:12+00,1,True,PlayStation 5,Title/platform heuristic,16.37,mbop_fifo
114-5701410-5775412,153210501418881,B002K9VIAU,1036989393,Game Party 3 - Nintendo Wii,2026-02-06 15:24:24+00,1,True,Nintendo Wii,Title/platform heuristic,13.95,inventorylab_legacy
114-5722267-1542627,156902048375121,B0051TLAZ4,1043651512,LEGO Harry Potter: Years 5-7 - Playstation 3,2026-03-31 16:21:30+00,1,True,PlayStation 3,Title/platform heuristic,15.20,inventorylab_legacy
114-5739557-7015452,167235747288001,B004FS8LYK,1071517331,Tomb Raider [PlayStation 3],2026-08-16 00:51:13+00,1,True,PlayStation 3,Title/platform heuristic,16.62,inventorylab_legacy
114-5746212-1025813,158435578892241,B0BP5CKT2F,1069890475,Star Wars Jedi: Survivor Deluxe - Xbox Series X,2026-04-23 20:49:47+00,1,True,Xbox Series X,Title/platform heuristic,18.00,inventorylab_legacy
114-5754345-4671438,144906275258441,B0B8JH4CTN,1070280053,World of Outlaws - Dirt Racing,2025-10-29 02:04:47+00,1,True,Xbox Series X,Title/platform heuristic,23.37,inventorylab_legacy
114-5760582-7137846,165036546225401,B001QRWE14,1070891244,Transformers: Revenge of the Fallen - PC [Windows Vista | Windows XP],2026-07-18 23:09:58+00,1,True,PC,Title/platform heuristic,29.56,inventorylab_legacy
114-5763790-0228245,152924323310721,B00DNGQTG2,1068329379,Zumba Fitness World Party - Xbox One,2026-02-02 14:05:50+00,1,True,Xbox One,Title/platform heuristic,11.00,mbop_fifo
114-5772898-9275458,159204882811441,B08JJ37XVW,1070280039,Monster Hunter Rise - Nintendo Switch Standard Edition,2026-05-04 19:35:10+00,1,True,Nintendo Switch,Title/platform heuristic,16.47,inventorylab_legacy
114-5791950-0365860,156454498677001,B091DBFGWF,1071047176,RBI BASEBALL 21 NINTENDO SWITCH - NINTENDO SWITCH,2026-03-24 20:48:46+00,1,True,Nintendo Switch,Title/platform heuristic,13.53,mbop_fifo
114-5800045-5807414,159105417667841,B01G2E4DV4,1066393117,Birds Choice Oriole Feeder Replacement Cup,2026-05-03 11:58:01+00,1,False,Unclassified,No reliable game match,5.31,mbop_fifo
114-5852173-2681018,156627128727281,B09R1T4G9P,1059898575,Comfortiva Alesha Gold 8.5 M (B),2026-03-27 12:56:16+00,1,False,Unclassified,No reliable game match,29.00,inventorylab_legacy
114-5900066-3604232,157616826244401,B01EZA0D8O,1063375652,Call of Duty: Infinite Warfare - Standard Edition - Xbox One,2026-04-10 21:52:49+00,1,True,Xbox One,Title/platform heuristic,12.63,mbop_fifo
114-5929817-5977016,138266984945801,B08GSP1HBM,1067108754,"Goosebumps: Dead of Night, Cosmic Forces - Nintendo Switch",2025-09-04 02:14:43+00,1,True,Nintendo Switch,Title/platform heuristic,16.82,mbop_fifo
114-5941197-1704226,159552895917441,B01LDFGIT2,1058619763,Livewire Advantage Instrument Cable 10 ft. Black,2026-05-09 23:36:16+00,1,False,Unclassified,No reliable game match,10.48,inventorylab_legacy
114-5953433-6140259,160787543283761,B00D8IAND0,1043651640,Just Dance 2014 - Nintendo Wii U,2026-05-26 05:56:37+00,1,True,Nintendo Wii U,Title/platform heuristic,12.99,inventorylab_legacy
114-5991118-8181853,155347786539201,B00006F2ZS,1071047155,Dance Dance Revolution DDR Max,2026-03-07 03:53:29+00,1,False,Unclassified,No reliable game match,15.95,mbop_fifo
114-5992190-3689021,156798594070241,B082QL63JB,1037691479,Fast & Furious Crossroads - Xbox One,2026-03-30 01:08:10+00,1,True,Xbox One,Title/platform heuristic,14.99,mbop_fifo
114-6008672-2149863,145171244921681,B0056GJVQW,RU-S010-ZVBY,Just Dance Summer Party - Nintendo Wii,2025-11-02 16:15:12+00,1,True,Nintendo Wii,Title/platform heuristic,13.00,mbop_fifo
114-6019683-0709823,148546095933241,B000TPTCR8,1033912576,Amf Bowling Pinbusters - Nintendo Wii,2025-12-05 00:05:30+00,1,True,Nintendo Wii,Title/platform heuristic,,missing
114-6030808-3764221,144864701030001,B014N4RTS4,1045692341,YO-KAI WATCH - 3DS,2025-10-28 14:21:23+00,1,True,Nintendo 3DS,Title/platform heuristic,22.51,mbop_fifo
114-6055671-6878657,165197578417641,B01N54QSH6,1052907525,"Harmony Good Dog Ceramic Dog Bowl, 3 Cups",2026-07-21 12:41:22+00,1,False,Unclassified,No reliable game match,,missing
114-6068392-6800201,166415131642241,B001989B4S,1071881588,Fight Night Round 4 - Xbox 360 [Xbox 360],2026-08-05 09:49:48+00,1,True,Xbox 360,Title/platform heuristic,,missing
114-6070905-2426633,138105035256521,B09RTX4Q5P,1069286318,MLB The Show 22 for Xbox One,2025-09-01 21:38:37+00,1,True,Xbox One,Title/platform heuristic,15.00,mbop_fifo
114-6087085-0109050,147074595134081,B0C7PN2L5V,1068811427,Starfield: Standard Edition - Xbox Series X,2025-11-22 21:27:35+00,1,True,Xbox Series X,Title/platform heuristic,26.80,mbop_fifo
114-6088507-2187406,157240401830841,B08MG4PK68,1071283749,Hitman 3 for Xbox One & Xbox Series X,2026-04-06 06:26:48+00,1,True,Xbox Series X/Xbox One,Title/platform heuristic,,missing
114-6092971-1368238,164656012979081,B074B5F8LD,1038148525,Wolfenstein: The Two-Pack - Xbox One [Xbox One],2026-07-13 21:48:09+00,1,True,Xbox One,Title/platform heuristic,,missing
114-6109461-9110645,141717172197881,B07HFMJ4R5,1068329410,Minecraft: Starter Collection - Xbox One,2025-10-08 05:47:43+00,1,True,Xbox One,Title/platform heuristic,23.49,inventorylab_legacy
114-6111506-0383418,160777832619081,B002K9VIAU,1036989393,Game Party 3 - Nintendo Wii,2026-05-26 02:38:23+00,1,True,Nintendo Wii,Title/platform heuristic,13.95,inventorylab_legacy
114-6114668-1948266,164975000880121,B01LYGJRVP,1071517338,Assassin's Creed The Ezio Collection - Xbox One [Xbox One],2026-07-17 22:42:21+00,1,True,Xbox One,Title/platform heuristic,21.95,inventorylab_legacy
114-6128766-6013030,153273473110681,B003IE9V28,1070895353,Marvel vs. Capcom 3: Fate of Two Worlds - Xbox 360,2026-02-07 17:58:37+00,1,True,Xbox 360,Title/platform heuristic,,missing
114-6142957-4622610,138936143569961,B01LDFGIT2,1058619763,Livewire Advantage Instrument Cable 10 ft. Black,2025-09-11 20:51:33+00,2,False,Unclassified,No reliable game match,20.96,inventorylab_legacy
114-6167465-0945019,167054838587841,B08F3CXZJQ,1066663861,Minecraft Dungeons Hero Edition - Nintendo Switch [Nintendo Switch],2026-08-13 12:58:23+00,1,True,Nintendo Switch,Title/platform heuristic,,missing
114-6175672-4830616,152044441989921,B01N03NM02,1058392679,"Harmony Good Dog Ceramic Dog Bowl, 1 Cup",2026-01-19 22:38:27+00,1,False,Unclassified,No reliable game match,5.99,inventorylab_legacy
114-6176527-1077020,160570028176721,B07HFMJ4R5,1068329410,Minecraft: Starter Collection - Xbox One,2026-05-22 20:10:47+00,1,True,Xbox One,Title/platform heuristic,23.49,inventorylab_legacy
114-6193069-7875419,140327182965041,B00DC7G0GG,1052572572,Super Mario 3D World,2025-09-25 01:24:25+00,1,True,Nintendo Wii U,Title/platform heuristic,22.79,mbop_fifo
114-6199843-6418626,156028857789881,B01N54QSH6,1052907525,"Harmony Good Dog Ceramic Dog Bowl, 3 Cups",2026-03-17 20:25:11+00,2,False,Unclassified,No reliable game match,15.98,mbop_fifo
114-6205796-6709853,147987438356641,B07HFMJ4R5,1068329410,Minecraft: Starter Collection - Xbox One,2025-11-29 20:04:23+00,1,True,Xbox One,Title/platform heuristic,23.49,inventorylab_legacy
114-6220608-6035420,150552723715801,B000L422L0,1068811450,Brooktown High: Senior Year - Sony PSP,2025-12-30 01:43:43+00,1,True,PSP,Title/platform heuristic,5.10,inventorylab_legacy
114-6234097-7445807,162917223835601,B0062VM8LU,1071744010,Final Fantasy XIII-2 Collector's Edition - Playstation 3,2026-06-20 11:17:23+00,1,True,PlayStation 3,Title/platform heuristic,,missing
114-6250609-0862665,156790314242921,B008BERGYU,1037516891,Zumba Fitness Core (Street 10/16),2026-03-29 22:58:56+00,1,False,Unclassified,No reliable game match,9.49,inventorylab_legacy
114-6255147-2041066,156644791358401,B002I0HEI6,V0-WD35-QK7L,Sonic Free Riders - Xbox 360,2026-03-27 18:11:25+00,1,True,Xbox 360,Title/platform heuristic,15.50,inventorylab_legacy
114-6265657-7353034,147227812165361,B01N9QVIRV,1065946902,Switch Title 3 -,2025-11-24 14:32:16+00,1,True,Nintendo Switch,Title/platform heuristic,25.02,inventorylab_legacy
114-6271539-7619431,148685258938081,B09C1167RV,1068329432,Street Outlaws 2: Winner Takes All (Xbox Series X/),2025-12-06 20:29:40+00,1,True,Xbox Series X,Title/platform heuristic,11.05,mbop_fifo
114-6298987-0432216,164052292722401,B08JDTJ9V5,1071379592,Fitness Boxing 2: Rhythm & Exercise - Nintendo Switch,2026-07-04 01:38:17+00,1,True,Nintendo Switch,Title/platform heuristic,,missing
114-6304152-0530645,146234627633281,B072JY7NX5,ZU-L43O-EVLC,Wolfenstein II: The New Colossus - PlayStation 4,2025-11-14 08:30:02+00,1,True,PlayStation 4,Title/platform heuristic,21.56,mbop_fifo
114-6321832-6051412,168023471242721,B08CGCZTYQ,1070891175,Cobra Kai Karate Kid Saga - PS4 - PlayStation 4 [PlayStation 4],2026-08-25 15:18:56+00,1,True,PlayStation 4,Title/platform heuristic,11.04,inventorylab_legacy
114-6324440-2934617,138457523893121,B00DC7G0GG,1052572572,Super Mario 3D World,2025-09-06 15:15:09+00,1,True,Nintendo Wii U,Title/platform heuristic,22.79,mbop_fifo
114-6341453-3737820,139562782184281,B01N9QVIRV,1065946902,Switch Title 3 -,2025-09-17 18:53:27+00,1,True,Nintendo Switch,Title/platform heuristic,25.02,inventorylab_legacy
114-6348186-4693018,148827185374921,B07SMBNTSJ,1070280046,Elden Ring - Xbox Series X,2025-12-08 15:10:36+00,1,True,Xbox Series X,Title/platform heuristic,24.00,mbop_fifo
114-6352713-0520255,157329728295161,B0B94THZRT,1065946220,Dead Island 2: Day 1 Edition - PlayStation 5,2026-04-07 22:11:30+00,1,True,PlayStation 5,Title/platform heuristic,17.82,mbop_fifo
114-6370024-7885802,146441723987561,B07SHJ3ZQR,1064186268,FIFA 20 Standard Edition - PlayStation 4,2025-11-17 03:00:34+00,1,True,PlayStation 4,Title/platform heuristic,14.99,mbop_fifo
114-6392321-5179452,161019761691441,B07DJY4FRP,1045507690,Gears 5: Standard Edition - Xbox One,2026-05-29 14:03:54+00,1,True,Xbox One,Title/platform heuristic,19.35,inventorylab_legacy
114-6399657-7703415,144224705532601,B01N1GRUUC,1051249032,"Harmony Good Dog Ceramic Dog Bowl, 6 Cups",2025-10-22 04:55:30+00,1,False,Unclassified,No reliable game match,10.99,inventorylab_legacy
114-6404729-8013000,168435112126721,B002ARW2CA,1070891234,Rock Band: Country Track Pack [PlayStation2],2026-08-30 22:23:18+00,1,True,PlayStation 2,Title/platform heuristic,22.91,inventorylab_legacy
114-6413591-0104242,166242172863081,B0030CV356,0P-5ID2-BBYB,UFC Undisputed 2010 - Xbox 360 [Xbox 360],2026-08-03 21:14:25+00,1,True,Xbox 360,Title/platform heuristic,,missing
114-6417748-1803456,141141193527681,B01N1GRUUC,1051249032,"Harmony Good Dog Ceramic Dog Bowl, 6 Cups",2025-10-02 22:48:28+00,1,False,Unclassified,No reliable game match,10.99,inventorylab_legacy
114-6421569-6229807,160667080791001,B08DD5559K,1057774272,Minecraft Dungeons: Hero Edition - Xbox Series X & Xbox One,2026-05-24 15:13:47+00,1,True,Xbox Series X/Xbox One,Title/platform heuristic,18.25,inventorylab_legacy
114-6437155-3385856,156368504409401,B01N54QSH6,1052907525,"Harmony Good Dog Ceramic Dog Bowl, 3 Cups",2026-03-23 10:52:49+00,1,False,Unclassified,No reliable game match,7.99,mbop_fifo
114-6450928-8647458,162216164447921,B071G5JJDW,1035764639,Monster Hunter: World - Xbox One Standard Edition,2026-06-12 15:21:41+00,1,True,Xbox One,Title/platform heuristic,17.97,inventorylab_legacy
114-6479419-6592262,158272645013201,B0013E9HP6,1034678931,Wii Play,2026-04-21 21:28:52+00,1,True,Nintendo Wii,Title/platform heuristic,10.36,mbop_fifo
114-6485492-0050611,159025999291161,B01G2E4DV4,1066393117,Birds Choice Oriole Feeder Replacement Cup,2026-05-01 21:47:22+00,2,False,Unclassified,No reliable game match,8.18,mbop_fifo
114-6544877-7266636,147732331033761,B07SK56TM6,1059471790,Marvel's Avengers - Xbox One,2025-11-27 20:00:46+00,1,True,Xbox One,Title/platform heuristic,,missing
114-6553774-6228201,155805319367521,B01N1GRUUC,1051249032,"Harmony Good Dog Ceramic Dog Bowl, 6 Cups",2026-03-14 00:28:34+00,1,False,Unclassified,No reliable game match,10.99,inventorylab_legacy
114-6584944-9241816,164086624340281,B01N54QSH6,1052907525,"Harmony Good Dog Ceramic Dog Bowl, 3 Cups",2026-07-04 19:53:48+00,3,False,Unclassified,No reliable game match,,missing
114-6591845-3773009,153805779490121,B00DBF813Y,1068329375,Final Fantasy XV - Xbox One,2026-02-16 13:01:06+00,1,True,Xbox One,Title/platform heuristic,13.70,inventorylab_legacy
114-6642552-8215405,146782645319561,B099JL5K7P,1069890458,Nerf Legends - Nintendo Switch,2025-11-19 16:50:19+00,1,True,Nintendo Switch,Title/platform heuristic,17.98,mbop_fifo
114-6655812-7534601,139474306801281,B07DDD9CPN,1041418871,Just Dance 2019 - Wii Standard Edition,2025-09-17 01:21:53+00,1,True,Nintendo Wii,Title/platform heuristic,27.80,inventorylab_legacy
114-6655858-6428201,147249557797441,B098Y94S29,1064186291,NBA 2K22 - PlayStation 4,2025-11-24 18:52:42+00,1,True,PlayStation 4,Title/platform heuristic,18.98,mbop_fifo
114-6660478-2249843,163505576709601,B07YZ4QVZY,1068949078,Sniper Ghost Warrior: Contracts PS4,2026-06-26 23:29:32+00,1,True,PlayStation 4,Title/platform heuristic,14.00,inventorylab_legacy
114-6711696-3537036,144317104544441,B07RP42TMG,1070280052,Tom Clancy's Ghost Recon Breakpoint - Xbox One,2025-10-23 00:17:18+00,1,True,Xbox One,Title/platform heuristic,,missing
114-6712421-5887411,139293910227721,B01N9QVIRV,1065946902,Switch Title 3 -,2025-09-15 04:04:34+00,1,True,Nintendo Switch,Title/platform heuristic,25.02,inventorylab_legacy
114-6745693-1553036,146583422411921,B001ABK1LQ,1063376940,Guitar Hero World Tour - Playstation 3 (Game only),2025-11-18 04:13:15+00,1,True,PlayStation 3,Title/platform heuristic,19.99,mbop_fifo
114-6759034-1149821,156283135902241,B01EZA0D8O,1063375652,Call of Duty: Infinite Warfare - Standard Edition - Xbox One,2026-03-22 00:23:54+00,1,True,Xbox One,Title/platform heuristic,12.99,mbop_fifo
114-6773339-8929064,146346163198321,B07DL2SY2B,1057774619,FIFA 19 - Standard - PlayStation 4,2025-11-15 22:59:23+00,1,True,PlayStation 4,Title/platform heuristic,14.88,mbop_fifo
114-6793334-1737029,159981484332201,B01N03NM02,1058392679,"Harmony Good Dog Ceramic Dog Bowl, 1 Cup",2026-05-15 12:21:18+00,1,False,Unclassified,No reliable game match,5.99,inventorylab_legacy
114-6806139-3198657,142788772669281,B09RRHYD97,1065946288,Bethesda Ghostwire: Tokyo Standard Edition - PlayStation 5,2025-10-16 16:56:52+00,1,True,PlayStation 5,Title/platform heuristic,15.43,mbop_fifo
114-6810196-5017828,157180820309041,B01N157LDC,1028572156,Tom Clancy's Rainbow Six Siege Year 2 Gold Edition (Includes Extra Content + Year 2 Pass Subscription) - PlayStation 4,2026-04-05 03:15:40+00,1,True,PlayStation 4,Title/platform heuristic,13.36,mbop_fifo
114-6851152-8925817,147162608582881,B08JJ37XVW,1070280039,Monster Hunter Rise - Nintendo Switch,2025-11-23 21:34:26+00,1,True,Nintendo Switch,Title/platform heuristic,16.47,inventorylab_legacy
114-6874957-1047469,155727661822161,B01N1GRUUC,1051249032,"Harmony Good Dog Ceramic Dog Bowl, 6 Cups",2026-03-12 20:49:03+00,1,False,Unclassified,No reliable game match,10.99,inventorylab_legacy
114-6882591-3601055,163532916020801,B00ZE360GG,1043651644,Just Dance 2016 - Wii,2026-06-27 03:51:04+00,1,True,Nintendo Wii,Title/platform heuristic,,missing
114-6895404-1471448,148045596346761,B00GANWVJE,1070280029,The Legend of Zelda: A Link Between Worlds,2025-11-30 14:01:00+00,1,False,Unclassified,No reliable game match,28.65,mbop_fifo
114-6903983-8559441,167536769230161,B07HBWXFNC,1054295244,Minecraft: Master Collection - Xbox One [Xbox One],2026-08-19 17:43:25+00,1,True,Xbox One,Title/platform heuristic,,missing
114-6914194-8633052,159519926547441,B07RQ33XDG,1032602113,Tom Clancy's Ghost Recon Breakpoint Steelbook Gold Edition - Xbox One,2026-05-09 09:57:26+00,1,True,Xbox One,Title/platform heuristic,35.99,inventorylab_legacy
114-6952169-1294605,148069678072361,B08S2Y128Z,1055009413,The Last Kids On Earth and the Staff of Doom - PlayStation 4,2025-11-30 16:52:12+00,1,True,PlayStation 4,Title/platform heuristic,15.02,inventorylab_legacy
114-6964714-7890606,147985224324561,B0B359B45Q,1069890493,Little League World Series PS4,2025-11-29 19:08:51+00,1,True,PlayStation 4,Title/platform heuristic,19.89,mbop_fifo
114-6991908-7624223,155896425849281,B082QL63JB,1037691479,Fast & Furious Crossroads - Xbox One,2026-03-15 16:37:32+00,1,True,Xbox One,Title/platform heuristic,14.99,mbop_fifo
114-7004524-3933848,148676577904521,B00KLMOY4K,1048220574,Plants vs Zombies Garden Warfare(Online Play Required) - PlayStation 4,2025-12-06 20:34:42+00,1,True,PlayStation 4,Title/platform heuristic,12.50,inventorylab_legacy
114-7022086-2885829,156814723187401,B081HFQLF8,1071283729,My Friend Pedro,2026-03-30 05:05:22+00,1,False,Unclassified,No reliable game match,20.00,mbop_fifo
114-7028916-7436205,147507181225841,B0BDT4CQJD,1068811463,Fortnite - Anime Legends- PlayStation 4,2025-11-25 22:14:53+00,1,True,PlayStation 4,Title/platform heuristic,29.74,inventorylab_legacy
114-7042284-0237006,148618256971481,B01GVN0D1U,1070474333,Resident Evil 7 Biohazard (Xbox One),2025-12-05 23:40:10+00,1,True,Xbox One,Title/platform heuristic,14.50,mbop_fifo
114-7052937-9645867,158702829559441,B07DLSQFL8,1068811425,Hitman 2 - PlayStation 4,2026-04-28 01:32:31+00,1,True,PlayStation 4,Title/platform heuristic,19.72,inventorylab_legacy
114-7077511-7184203,154392861646361,B003OZZJGS,1028571739,Gold's Gym Dance Workout - Nintendo Wii,2026-02-24 02:11:52+00,1,True,Nintendo Wii,Title/platform heuristic,9.31,mbop_fifo
114-7079009-2225018,138972492723801,B00YC7ED0K,1041856993,FIFA 16 - Standard Edition - PlayStation 3,2025-09-12 05:49:30+00,1,True,PlayStation 3,Title/platform heuristic,14.82,inventorylab_legacy
114-7083994-5731468,153479453696081,B08DSYRT33,1071047190,Power Rangers: Battle for the Grid Collector's Edition (XB1) - Xbox One,2026-02-11 04:29:50+00,1,True,Xbox One,Title/platform heuristic,12.74,inventorylab_legacy
114-7087955-1588245,141919302254841,B0DHHM6BZ2,1070280186,LEGO Horizon Adventures,2025-10-09 17:05:49+00,1,False,Unclassified,No reliable game match,,missing
114-7095744-8355421,161685963946641,B07RT6NN3M,1052397580,Race with Ryan - Nintendo Switch,2026-06-05 21:16:06+00,1,True,Nintendo Switch,Title/platform heuristic,11.00,inventorylab_legacy
114-7099182-6708229,141024962546481,B016KAKD7S,1030912249,"18"" Bendable Muslin DollNew by: CC",2025-10-01 18:11:13+00,1,False,Unclassified,No reliable game match,8.99,inventorylab_legacy
114-7099763-1702633,165617709304401,B003TK1HSM,1027773861,Nickelodeon Fit [Nintendo Wii],2026-07-26 23:49:24+00,1,True,Nintendo Wii,Title/platform heuristic,,missing
114-7101584-0984248,154831124188841,B001DO3NEW,1038680538,Wii Music,2026-02-28 20:55:12+00,1,True,Nintendo Wii,Title/platform heuristic,17.54,inventorylab_legacy
114-7120960-8227413,141085736684041,B016KAKD7S,1030912249,"18"" Bendable Muslin DollNew by: CC",2025-10-02 11:07:06+00,1,False,Unclassified,No reliable game match,8.99,inventorylab_legacy
114-7132894-1829042,144614805165041,B007MM9E42,1034379408,Disney Epic Mickey 2: The Power of Two - Nintendo Wii,2025-10-24 23:56:45+00,1,True,Nintendo Wii,Title/platform heuristic,8.50,mbop_fifo
114-7140967-3745825,158882594924241,B09C1167RV,1068329432,Street Outlaws 2: Winner Takes All (Xbox Series X/),2026-04-29 18:30:32+00,1,True,Xbox Series X,Title/platform heuristic,12.00,mbop_fifo
114-7142597-7271453,149983080582001,B0BPPQWQW2,1069286282,Diablo IV - PlayStation 4,2025-12-21 00:59:42+00,1,True,PlayStation 4,Title/platform heuristic,16.66,mbop_fifo
114-7153306-1576209,163991384269281,B00DWXV074,1023420581,Teenage Mutant Ninja Turtles - Nintendo Wii,2026-07-03 03:06:40+00,1,True,Nintendo Wii,Title/platform heuristic,19.88,inventorylab_legacy
114-7196839-4594610,147657991460521,B096WVJ9Q4,1068329357,Marvel's Guardians of the Galaxy PlayStation 4 with Free Upgrade to the Digital PS5 Version,2025-11-26 20:17:23+00,1,True,PlayStation 4/PlayStation 5,Title/platform heuristic,15.62,mbop_fifo
114-7218587-2546609,159832059491841,B008QLUTHO,1071517334,The Sims 3 Seasons,2026-05-13 16:07:27+00,1,False,Unclassified,No reliable game match,15.51,mbop_fifo
114-7222478-1079402,157775952054641,B0B94THZRT,1065946220,Dead Island 2: Day 1 Edition - PlayStation 5,2026-04-13 18:48:21+00,1,True,PlayStation 5,Title/platform heuristic,20.62,mbop_fifo
114-7274264-1228255,142726022882241,B08DD5559K,1057774272,Minecraft Dungeons: Hero Edition - Xbox Series X & Xbox One,2025-10-16 03:56:59+00,1,True,Xbox Series X/Xbox One,Title/platform heuristic,18.25,inventorylab_legacy
114-7277631-9789016,162266644128441,B01N03NM02,1058392679,"Harmony Good Dog Ceramic Dog Bowl, 1 Cup",2026-06-13 10:39:23+00,1,False,Unclassified,No reliable game match,5.99,inventorylab_legacy
114-7279873-2445022,161795641935321,B003LDKIUA,1041266555,Pac-Man Party - Nintendo Wii,2026-06-07 05:02:35+00,1,True,Nintendo Wii,Title/platform heuristic,24.36,inventorylab_legacy
114-7294121-8569828,160698386164401,B013KZ3P2G,GI-KHHZ-LSSM,Far Cry 4 Complete Edition - Xbox One,2026-05-24 23:04:18+00,1,True,Xbox One,Title/platform heuristic,22.00,inventorylab_legacy
114-7298321-0025845,138778909425001,B01N9QVIRV,1065946902,Switch Title 3 -,2025-09-10 16:14:24+00,1,True,Nintendo Switch,Title/platform heuristic,25.02,inventorylab_legacy
114-7322686-8579468,152565250268321,B01N03NM02,1058392679,"Harmony Good Dog Ceramic Dog Bowl, 1 Cup",2026-01-28 04:29:05+00,1,False,Unclassified,No reliable game match,5.99,inventorylab_legacy
114-7336421-1597062,167222510006361,B0794QSXP5,1071133179,Dragon Ball Fighterz - Xbox One [Xbox One],2026-08-16 13:13:08+00,1,True,Xbox One,Title/platform heuristic,21.38,inventorylab_legacy
114-7360276-6823401,162104818847161,B00ZMBLKPG,1070280049,Gears of War: Ultimate Edition - Xbox One,2026-06-11 19:08:09+00,1,True,Xbox One,Title/platform heuristic,18.99,inventorylab_legacy
114-7369297-7453808,167726777950641,B07YZ4QVZY,1068949078,Sniper Ghost Warrior: Contracts PS4 [PlayStation 4],2026-08-21 16:17:18+00,1,True,PlayStation 4,Title/platform heuristic,14.00,inventorylab_legacy
114-7387533-4830655,159027683922841,B016KAKD7S,1030912249,"18"" Bendable Muslin DollNew by: CC",2026-05-02 01:11:58+00,1,False,Unclassified,No reliable game match,8.99,inventorylab_legacy
114-7391191-5991422,147767144491121,B00ZGPJ30M,1070625055,Plants vs. Zombies Garden Warfare 2 - PlayStation 4,2025-11-28 03:43:27+00,1,True,PlayStation 4,Title/platform heuristic,12.00,mbop_fifo
114-7393719-6429053,160072891899561,B000P0SETO,1035888955,Madden NFL 08 - Playstation 3,2026-05-16 22:13:47+00,1,True,PlayStation 3,Title/platform heuristic,14.99,mbop_fifo
114-7402167-2991406,156570428741761,B01N03NM02,1058392679,"Harmony Good Dog Ceramic Dog Bowl, 1 Cup",2026-03-26 17:10:12+00,1,False,Unclassified,No reliable game match,5.99,inventorylab_legacy
114-7466408-0993857,158506290591681,B0BSNX28Y4,1068811441,Minecraft Legends Deluxe Edition: Xbox Series X and Xbox One,2026-04-24 19:24:00+00,1,True,Xbox Series X/Xbox One,Title/platform heuristic,17.10,inventorylab_legacy
114-7466442-2190628,148060076031881,B089DFJJGR,1064186110,Madden NFL 21 - PlayStation 4,2025-11-30 15:03:32+00,1,True,PlayStation 4,Title/platform heuristic,10.90,mbop_fifo
114-7500179-9163458,167273196491001,B00D3RBZHY,1068811423,Need for Speed: Rivals [PlayStation 4],2026-08-16 16:56:08+00,1,True,PlayStation 4,Title/platform heuristic,,missing
114-7501666-3317055,159579992466121,B01N03NM02,1058392679,"Harmony Good Dog Ceramic Dog Bowl, 1 Cup",2026-05-10 12:38:01+00,1,False,Unclassified,No reliable game match,5.99,inventorylab_legacy
114-7502832-5757803,161367684595561,B08GR4GNRK,1066662845,Call of Duty: Black Ops Cold War (PS5),2026-06-02 14:14:43+00,1,True,PlayStation 5,Title/platform heuristic,35.46,inventorylab_legacy
114-7509344-8325843,160099192853641,B07DLSQFL8,1068811425,Hitman 2 - PlayStation 4,2026-05-17 21:48:40+00,1,True,PlayStation 4,Title/platform heuristic,19.72,inventorylab_legacy
114-7537867-3412216,142745822390681,B0018RWMRS,1030268125,Game Party 2 - Nintendo Wii,2025-10-16 09:01:46+00,1,True,Nintendo Wii,Title/platform heuristic,15.12,inventorylab_legacy
114-7546162-7373046,152899180880681,B08MG5FYS6,1064186282,Hitman 3 - PlayStation 5 Standard Edition,2026-02-02 00:14:06+00,1,True,PlayStation 5,Title/platform heuristic,32.00,mbop_fifo
114-7549331-9271433,162942732188241,B09GJP8BPZ,1067108753,Fortnite Minty Legends Pack(code in Box),2026-06-20 23:15:38+00,1,True,Nintendo Switch,Title/platform heuristic,39.99,inventorylab_legacy
114-7550150-1399440,164207117828601,B01G2E4DV4,1066393117,Birds Choice Oriole Feeder Replacement Cup,2026-07-06 20:17:31+00,1,False,Unclassified,No reliable game match,,missing
114-7572008-6659434,159731989117641,B007V9NHMQ,1071047193,007 Legends - Playstation 3,2026-05-12 10:19:48+00,1,True,PlayStation 3,Title/platform heuristic,25.87,mbop_fifo
114-7591872-3686615,149933567502961,B00D7UHT0E,QZ-C9CY-Q1FM,Just Dance 2014 - Nintendo Wii,2025-12-20 06:38:28+00,1,True,Nintendo Wii,Title/platform heuristic,14.99,mbop_fifo
114-7611322-0844230,157200924368441,B08MG4PK68,1071283749,Hitman 3 for Xbox One & Xbox Series X,2026-04-05 16:16:55+00,1,True,Xbox Series X/Xbox One,Title/platform heuristic,24.42,mbop_fifo
114-7622178-5811461,158975003178361,B07DJY4FRP,1045507690,Gears 5: Standard Edition - Xbox One,2026-05-01 04:08:25+00,1,True,Xbox One,Title/platform heuristic,19.35,inventorylab_legacy
114-7646674-6042641,158650547558721,B07SL77MHX,1068811473,No More Heroes 3,2026-04-27 02:35:52+00,1,False,Unclassified,No reliable game match,17.50,inventorylab_legacy
114-7659113-3736217,148304051574241,B0B57TXPTH,1070280031,PAC-MAN World Re-PAC - PlayStation 4,2025-12-02 17:56:08+00,1,True,PlayStation 4,Title/platform heuristic,14.92,inventorylab_legacy
114-7699402-8037853,151457564410681,B01N54QSH6,1052907525,"Harmony Good Dog Ceramic Dog Bowl, 3 Cups",2026-01-10 13:43:50+00,1,False,Unclassified,No reliable game match,9.74,mbop_fifo
114-7719517-4313007,153106118590161,B07MTZN8P3,1042884901,The Elder Scrolls Online: Elsweyr - PlayStation 4 Standard Edition,2026-02-04 16:38:31+00,1,True,PlayStation 4,Title/platform heuristic,17.15,inventorylab_legacy
114-7723318-3149055,152735735198201,B07MTZN8P3,1042884901,The Elder Scrolls Online: Elsweyr - PlayStation 4 Standard Edition,2026-01-30 06:32:49+00,1,True,PlayStation 4,Title/platform heuristic,17.15,inventorylab_legacy
114-7756042-3724226,147490774439601,B0C7PN2L5V,1068811427,Starfield: Standard Edition - Xbox Series X,2025-11-25 18:44:09+00,1,True,Xbox Series X,Title/platform heuristic,26.80,mbop_fifo
114-7763358-2715405,160392805569721,B0B9H3JDL5,1071517350,Miraculous: Rise of the Sphinx - PlayStation 4,2026-05-20 02:18:35+00,1,True,PlayStation 4,Title/platform heuristic,9.00,inventorylab_legacy
114-7764741-5003417,150033733707641,B06XDN21W5,1031051552,Paradise Treasure Trove Brown White Football Coin Piggy Bank Sports Stitching,2025-12-22 00:36:10+00,1,False,Unclassified,No reliable game match,8.99,mbop_fifo
114-7796045-3728229,149698945708841,B0BPPQWQW2,1069286282,Diablo IV - PlayStation 4,2025-12-17 05:40:57+00,1,True,PlayStation 4,Title/platform heuristic,16.66,mbop_fifo
114-7817224-7336240,159528301422241,B008DNUXA8,1071453891,Wreck-It Ralph - Nintendo Wii,2026-05-09 16:31:29+00,1,True,Nintendo Wii,Title/platform heuristic,18.17,inventorylab_legacy
114-7826565-9248216,159596577203641,B01AC3ZD06,1048894668,Nintendo Selects: Super Mario 3D World - Wii U Standard Edition,2026-05-10 18:46:37+00,1,True,Nintendo Wii U,Title/platform heuristic,23.77,mbop_fifo
114-7839734-0537845,148226438632961,B071X7QQKZ,1070474323,Fire Emblem Warriors - Nintendo Switch,2025-12-01 23:40:16+00,1,True,Nintendo Switch,Title/platform heuristic,25.00,mbop_fifo
114-7851329-5424206,152740281831281,B01N54QSH6,1052907525,"Harmony Good Dog Ceramic Dog Bowl, 3 Cups",2026-01-30 10:59:20+00,1,False,Unclassified,No reliable game match,7.99,mbop_fifo
114-7854021-5307429,148779453173641,B07D8KZ5NK,1069890497,Team Sonic Racing - PlayStation 4,2025-12-07 23:53:32+00,1,True,PlayStation 4,Title/platform heuristic,22.39,inventorylab_legacy
114-7858892-9870630,162291303701041,B000PS4XB4,1071453877,Blazing Angels 2: Secret Missions of WWII - Playstation 3,2026-06-13 16:34:32+00,1,True,PlayStation 3,Title/platform heuristic,14.99,inventorylab_legacy
114-7873369-9882656,149002491043401,B00ZJBSCJQ,1066663084,South Park: The Fractured but Whole - PlayStation 4,2025-12-09 21:33:49+00,1,True,PlayStation 4,Title/platform heuristic,25.48,mbop_fifo
114-7874399-7814617,149763334439441,B06XDN21W5,1031051552,Paradise Treasure Trove Brown White Football Coin Piggy Bank Sports Stitching,2025-12-18 02:14:07+00,1,False,Unclassified,No reliable game match,8.99,mbop_fifo
114-7875857-6533030,152003693270801,B016KAKD7S,1030912249,"18"" Bendable Muslin DollNew by: CC",2026-01-19 01:56:36+00,1,False,Unclassified,No reliable game match,8.99,inventorylab_legacy
114-7897399-4505814,165704847702681,B0037TPGHI,1071047157,Brunswick Pro Bowling [PlayStation 3],2026-07-28 04:46:32+00,1,True,PlayStation 3,Title/platform heuristic,15.36,inventorylab_legacy
114-7945578-6529047,157965953135881,B0088I8M10,1041721114,Just Dance: Disney Party - Nintendo Wii,2026-04-16 19:34:16+00,1,True,Nintendo Wii,Title/platform heuristic,19.99,mbop_fifo
114-7967968-8453019,155130242949001,B000TEJFK8,1070891236,Tony Hawk's Proving Ground - PlayStation 2,2026-03-05 01:45:46+00,1,True,PlayStation 2,Title/platform heuristic,14.99,inventorylab_legacy
114-7976250-4248235,147756409798761,B01GVN0D1U,1070474333,Resident Evil 7 Biohazard (Xbox One),2025-11-28 01:16:23+00,1,True,Xbox One,Title/platform heuristic,14.50,mbop_fifo
114-7987179-2549011,154956139857281,B06XDN21W5,1031051552,Paradise Treasure Trove Brown White Football Coin Piggy Bank Sports Stitching,2026-03-02 23:43:30+00,1,False,Unclassified,No reliable game match,8.99,mbop_fifo
114-7988394-9592264,141529535105801,B01FEHJYUU,1063376478,Sid Meier's Civilization VI - PC,2025-10-07 02:00:44+00,1,True,PC,Title/platform heuristic,6.17,mbop_fifo
114-8008610-9746612,163902399636681,B0B6JQHB4P,1063376893,FIFA 23 - PlayStation 4,2026-07-01 21:56:14+00,1,True,PlayStation 4,Title/platform heuristic,,missing
114-8047085-8145838,147516279948441,B0BDT4CQJD,1068811463,Fortnite - Anime Legends- PlayStation 4,2025-11-26 00:33:38+00,1,True,PlayStation 4,Title/platform heuristic,29.74,inventorylab_legacy
114-8071147-7065039,159512260445481,B08MG4PK68,1071283749,Hitman 3 for Xbox One & Xbox Series X,2026-05-09 06:10:18+00,1,True,Xbox Series X/Xbox One,Title/platform heuristic,30.77,mbop_fifo
114-8085903-4843453,146789782917481,B01N9QVIRV,1065946902,Switch Title 3 -,2025-11-19 19:22:18+00,1,True,Nintendo Switch,Title/platform heuristic,25.02,inventorylab_legacy
114-8089231-7084260,147651985341441,B07P5TL4SH,1070474327,Pokémon Shield - Nintendo Switch,2025-11-26 20:27:51+00,1,True,Nintendo Switch,Title/platform heuristic,28.66,mbop_fifo
114-8093823-7212221,151462338274321,B01N03NM02,1058392679,"Harmony Good Dog Ceramic Dog Bowl, 1 Cup",2026-01-10 13:56:14+00,1,False,Unclassified,No reliable game match,5.99,inventorylab_legacy
114-8125850-1229064,144208017622721,B08M1RYMCF,1070280030,My Universe - Pet Clinic: Cats & Dogs (PS4) - PlayStation 4,2025-10-21 23:31:21+00,1,True,PlayStation 4,Title/platform heuristic,15.02,mbop_fifo
114-8133687-9537822,142840601266481,B01N1GRUUC,1051249032,"Harmony Good Dog Ceramic Dog Bowl, 6 Cups",2025-10-17 04:48:45+00,2,False,Unclassified,No reliable game match,21.98,inventorylab_legacy
114-8136675-6225868,147832224736161,B09D643D8F,1064901190,Call of Duty: Vanguard,2025-11-28 17:37:15+00,1,True,PlayStation 5,Title/platform heuristic,22.99,mbop_fifo
114-8147984-4737012,146421349554001,B0B57TXPTH,1070280031,PAC-MAN World Re-PAC - PlayStation 4,2025-11-16 22:50:16+00,1,True,PlayStation 4,Title/platform heuristic,14.92,inventorylab_legacy
114-8152932-9557857,162137378738601,B002I0GXWO,1071744022,Dissidia 012 [duodecim] Final Fantasy - Sony PSP,2026-06-12 04:00:58+00,1,True,PSP,Title/platform heuristic,,missing
114-8175408-3889822,160452737410481,B09GJP8BPZ,1067108753,Fortnite Minty Legends Pack(code in Box),2026-05-21 00:07:27+00,1,True,Nintendo Switch,Title/platform heuristic,39.99,inventorylab_legacy
114-8180930-4543414,161730534390801,B003VKLA8C,1071283711,Bakugan Battle Brawlers: Defenders of the Core - Playstation 3,2026-06-06 03:07:25+00,1,True,PlayStation 3,Title/platform heuristic,19.75,inventorylab_legacy
114-8211192-0497038,146082865303601,B00FM5IY4W,1063375943,Forza Motorsport 5,2025-11-11 22:58:51+00,1,True,Xbox One,Title/platform heuristic,,missing
114-8233164-9296230,159098026666401,B01G2E4DV4,1066393117,Birds Choice Oriole Feeder Replacement Cup,2026-05-03 04:02:35+00,1,False,Unclassified,No reliable game match,5.31,mbop_fifo
114-8236450-1156231,158559988947761,B00KWEHBAG,1042711481,Zelda Hyrule Warriors,2026-04-25 18:39:49+00,1,False,Unclassified,No reliable game match,22.30,mbop_fifo
114-8268346-9210636,142675020961161,B01N03NM02,1058392679,"Harmony Good Dog Ceramic Dog Bowl, 1 Cup",2025-10-15 17:17:57+00,1,False,Unclassified,No reliable game match,5.99,inventorylab_legacy
114-8278987-6316231,162741676169721,B00ARCWQOO,1043973884,MLB 2K13 - Xbox 360,2026-06-19 15:34:44+00,1,True,Xbox 360,Title/platform heuristic,,missing
114-8284683-0741801,156810048205001,B0B94XBQZ6,1071283757,Dead Island 2: Day 1 Edition - Xbox Series X,2026-03-30 05:42:28+00,1,True,Xbox Series X,Title/platform heuristic,11.70,mbop_fifo
114-8336552-6020206,161723219157841,B01G2E4DV4,1066393117,Birds Choice Oriole Feeder Replacement Cup,2026-06-06 01:15:48+00,2,False,Unclassified,No reliable game match,,missing
114-8351388-3248240,154871743782161,B00UA55LDQ,1071047185,Farming Simulator 15 - Xbox 360,2026-03-01 15:41:47+00,1,True,Xbox 360,Title/platform heuristic,23.00,mbop_fifo
114-8355704-9661814,151741275160001,B0045ZB66I,1070891238,Dragon Age Origins: Ultimate Edition - PC,2026-01-15 09:36:38+00,1,True,PC,Title/platform heuristic,25.36,mbop_fifo
114-8362677-2185015,156828840323481,B096WZFCHR,1070280034,Marvel's Guardians of the Galaxy - PlayStation 5,2026-03-30 14:39:37+00,1,True,PlayStation 5,Title/platform heuristic,25.77,mbop_fifo
114-8370471-5019438,163790667459041,B07DQMMPML,1033468970,NBA 2K19 - PlayStation 4,2026-06-30 01:47:07+00,1,True,PlayStation 4,Title/platform heuristic,,missing
114-8382002-0758640,166374912742641,B09KRKD3P2,1071517347,Fire Emblem Warriors: Three Hopes - Switch [Nintendo Switch],2026-08-04 22:10:49+00,1,True,Nintendo Switch,Title/platform heuristic,24.99,inventorylab_legacy
114-8397591-2425028,144987101532921,B01N54QSH6,1052907525,"Harmony Good Dog Ceramic Dog Bowl, 3 Cups",2025-10-30 01:47:54+00,1,False,Unclassified,No reliable game match,10.39,mbop_fifo
114-8400039-0144245,159593037063841,B0038TT8QM,1070891240,Sid Meier's Civilization V - PC,2026-05-10 19:09:34+00,1,True,PC,Title/platform heuristic,8.00,mbop_fifo
114-8404147-4061845,157201610431121,B01G2E4DV4,1066393117,Birds Choice Oriole Feeder Replacement Cup,2026-04-05 17:12:48+00,2,False,Unclassified,No reliable game match,8.18,mbop_fifo
114-8434495-3729015,153813286831041,B000CPKIT6,1071047191,Command and Conquer the First Decade,2026-02-16 16:01:56+00,1,False,Unclassified,No reliable game match,40.00,mbop_fifo
114-8434971-8568241,156791432464481,B01N54QSH6,1052907525,"Harmony Good Dog Ceramic Dog Bowl, 3 Cups",2026-03-29 23:15:43+00,1,False,Unclassified,No reliable game match,7.99,mbop_fifo
114-8435977-6468239,158513624331841,B0CW1NRMPZ,1071379604,MX vs ATV Legends - 2024 Monster Energy Supercross Edition - Xbox Seris X,2026-04-24 20:10:49+00,1,True,Xbox,Title/platform heuristic,12.60,mbop_fifo
114-8452939-2276254,152151707743681,B07D77HYR5,1070891220,Madden NFL 19 - PlayStation 4,2026-01-21 20:06:49+00,1,True,PlayStation 4,Title/platform heuristic,4.49,mbop_fifo
114-8453101-5826655,166433216367041,B0C9VW1KGR,1068811444,EA SPORTS FC 24 - Nintendo Switch [Nintendo Switch],2026-08-05 17:45:58+00,1,True,Nintendo Switch,Title/platform heuristic,,missing
114-8454301-0510667,149652447828881,B06XDN21W5,1031051552,Paradise Treasure Trove Brown White Football Coin Piggy Bank Sports Stitching,2025-12-16 19:48:51+00,1,False,Unclassified,No reliable game match,8.99,mbop_fifo
114-8463240-0667414,153829839207321,B003S2JI6O,JS-1DC1-9X53,Wheel of Fortune,2026-02-16 21:29:17+00,1,True,Nintendo Wii,Title/platform heuristic,15.40,mbop_fifo
114-8487079-0383406,156563661267281,B08MXTDGN6,1068329361,Mass Effect Legendary Edition - PlayStation 4,2026-03-26 15:03:28+00,1,True,PlayStation 4,Title/platform heuristic,32.00,mbop_fifo
114-8500356-2388244,143145089869561,B01N1GRUUC,1051249032,"Harmony Good Dog Ceramic Dog Bowl, 6 Cups",2025-10-17 14:24:32+00,1,False,Unclassified,No reliable game match,10.99,inventorylab_legacy
114-8522058-8714602,166700055547841,B01N54QSH6,1052907525,"Harmony Good Dog Ceramic Dog Bowl, 3 Cups",2026-08-09 17:26:05+00,2,False,Unclassified,No reliable game match,,missing
114-8556774-3601808,158146461042561,B0C7PN2L5V,1068811427,Starfield: Standard Edition - Xbox Series X,2026-04-19 23:12:15+00,1,True,Xbox Series X,Title/platform heuristic,30.00,mbop_fifo
114-8592974-2577034,161426871823481,B01G2E4DV4,1066393117,Birds Choice Oriole Feeder Replacement Cup,2026-06-03 14:39:39+00,1,False,Unclassified,No reliable game match,,missing
114-8599152-0077830,142136851588521,B07HFMJ4R5,1068329410,Minecraft: Starter Collection - Xbox One,2025-10-11 20:16:10+00,1,True,Xbox One,Title/platform heuristic,23.49,inventorylab_legacy
114-8623417-4192249,168220310328921,B001989B4S,1071881588,Fight Night Round 4 - Xbox 360 [Xbox 360],2026-08-27 19:37:45+00,1,True,Xbox 360,Title/platform heuristic,,missing
114-8655393-1201821,148668487568401,B00KLMOY4K,1048220574,Plants vs Zombies Garden Warfare(Online Play Required) - PlayStation 4,2025-12-06 16:21:38+00,1,True,PlayStation 4,Title/platform heuristic,12.50,inventorylab_legacy
114-8677620-2964200,161742339733481,B09GCXZKBZ,1071379580,My Universe: Puppies and Kittens - PlayStation 4,2026-06-06 20:42:37+00,1,True,PlayStation 4,Title/platform heuristic,9.55,inventorylab_legacy
114-8685967-3564239,151767464668881,B01N1GRUUC,1051249032,"Harmony Good Dog Ceramic Dog Bowl, 6 Cups",2026-01-15 20:58:18+00,1,False,Unclassified,No reliable game match,10.99,inventorylab_legacy
114-8687297-6201811,166659419491521,B0B18Y88N2,1068866832,Rabbids®: Party of Legends - Nintendo Switch [Nintendo Switch],2026-08-09 02:18:27+00,1,True,Nintendo Switch,Title/platform heuristic,,missing
114-8711527-4946600,159483453407081,B0829G5T83,1071517343,AO Tennis 2 (NSW) - Nintendo Switch,2026-05-08 20:14:04+00,1,True,Nintendo Switch,Title/platform heuristic,15.26,mbop_fifo
114-8724819-1963423,166367028406441,B07D767FMV,1056263378,Battlefield V - PlayStation 4 [PlayStation 4],2026-08-04 19:51:41+00,1,True,PlayStation 4,Title/platform heuristic,19.99,inventorylab_legacy
114-8730937-8505867,165617630914121,B07YZ4QVZY,1068949078,Sniper Ghost Warrior: Contracts PS4 [PlayStation 4],2026-07-26 23:44:47+00,1,True,PlayStation 4,Title/platform heuristic,14.00,inventorylab_legacy
114-8732567-4344228,157265129510201,B0045ZB66I,1070891238,Dragon Age Origins: Ultimate Edition - PC,2026-04-06 19:33:38+00,1,True,PC,Title/platform heuristic,26.79,mbop_fifo
114-8739137-5866626,147763109805961,B07SHJ3ZQR,1064186268,FIFA 20 Standard Edition - PlayStation 4,2025-11-28 02:43:09+00,1,True,PlayStation 4,Title/platform heuristic,12.60,mbop_fifo
114-8751617-8333844,144288513635721,B01N1GRUUC,1051249032,"Harmony Good Dog Ceramic Dog Bowl, 6 Cups",2025-10-22 19:24:43+00,1,False,Unclassified,No reliable game match,10.99,inventorylab_legacy
114-8758235-2013009,141330927932361,B0B9XFCXSG,1063162591,Taos Footwear Women's Captain Brown Boot 11-11.5 (M) US,2025-10-05 01:57:49+00,1,False,Unclassified,No reliable game match,,missing
114-8795515-1197821,139287589310201,B01N03NM02,1058392679,"Harmony Good Dog Ceramic Dog Bowl, 1 Cup",2025-09-15 10:37:44+00,1,False,Unclassified,No reliable game match,5.99,inventorylab_legacy
114-8804508-0437825,139799730422761,B01FEHJYUU,1063376478,Sid Meier's Civilization VI - PC,2025-09-19 14:43:29+00,1,True,PC,Title/platform heuristic,9.99,mbop_fifo
114-8857603-5224222,158207948052001,B01N03NM02,1058392679,"Harmony Good Dog Ceramic Dog Bowl, 1 Cup",2026-04-21 00:52:38+00,1,False,Unclassified,No reliable game match,5.99,inventorylab_legacy
114-8871341-7147445,141324985012161,B00KLMOY4K,1048220574,Plants vs Zombies Garden Warfare(Online Play Required) - PlayStation 4,2025-10-05 00:17:51+00,1,True,PlayStation 4,Title/platform heuristic,12.50,inventorylab_legacy
114-8875907-0429050,168192359836401,B0050SYYEK,DL-GWVW-9XVQ,Dance Central 2 - Xbox 360 [Xbox 360],2026-08-27 05:39:56+00,1,True,Xbox 360,Title/platform heuristic,11.76,inventorylab_legacy
114-8882063-1881053,141856877739721,B07HFMJ4R5,1068329410,Minecraft: Starter Collection - Xbox One,2025-10-09 02:42:26+00,1,True,Xbox One,Title/platform heuristic,23.49,inventorylab_legacy
114-8882507-5481022,166660303845761,B0BSNX28Y4,1068811441,Minecraft Legends Deluxe Edition: Xbox Series X and Xbox One [Xbox One | Xbox Series X],2026-08-09 02:17:30+00,1,True,Xbox Series X/Xbox One,Title/platform heuristic,17.10,inventorylab_legacy
114-8884819-8541064,139876721717201,B01AC3ZD06,1048894668,Nintendo Selects: Super Mario 3D World - Wii U Standard Edition,2025-09-20 12:28:50+00,1,True,Nintendo Wii U,Title/platform heuristic,20.00,mbop_fifo
114-8917297-7334653,148168963447321,B096WVGQMJ,1053589872,Marvel's Guardians of the Galaxy - Xbox Series X/Xbox One,2025-12-01 14:29:17+00,1,True,Xbox Series X/Xbox One,Title/platform heuristic,15.50,mbop_fifo
114-8925245-2688266,146058165128001,B07HFMJ4R5,1068329410,Minecraft: Starter Collection - Xbox One,2025-11-11 18:43:50+00,1,True,Xbox One,Title/platform heuristic,23.49,inventorylab_legacy
114-8933583-3360258,148898241239121,B0013E9HP6,1034678931,Wii Play,2025-12-09 05:30:03+00,1,True,Nintendo Wii,Title/platform heuristic,14.99,mbop_fifo
114-8957030-1317042,158507859932161,B07DXBLL69,1071283746,Dead or Alive 6 - Xbox One,2026-04-24 19:21:56+00,1,True,Xbox One,Title/platform heuristic,22.27,mbop_fifo
114-8961501-9289809,158188584234361,B0C7PN2L5V,1068811427,Starfield: Standard Edition - Xbox Series X,2026-04-20 16:46:05+00,1,True,Xbox Series X,Title/platform heuristic,30.00,mbop_fifo
114-8982565-0104264,160531244493721,B08DD5559K,1057774272,Minecraft Dungeons: Hero Edition - Xbox Series X & Xbox One,2026-05-22 01:10:52+00,1,True,Xbox Series X/Xbox One,Title/platform heuristic,18.25,inventorylab_legacy
114-9013119-0530635,165339644121921,B001TOQ8LG,1036989483,The Beatles: Rock Band (Game Only) - Nintendo Wii [Nintendo Wii],2026-07-23 16:30:59+00,1,True,Nintendo Wii,Title/platform heuristic,,missing
114-9013905-9314612,161787128204321,B07VWCR94W,1033469061,WWE 2K20 - PlayStation 4,2026-06-07 00:24:16+00,1,True,PlayStation 4,Title/platform heuristic,16.19,inventorylab_legacy
114-9014991-5633017,149005384808801,B0013E9HP6,1034678931,Wii Play,2025-12-09 20:14:23+00,1,True,Nintendo Wii,Title/platform heuristic,14.34,mbop_fifo
114-9063388-5888234,150045247112161,B00DBF813Y,1068329375,Final Fantasy XV - Xbox One,2025-12-22 00:52:24+00,1,True,Xbox One,Title/platform heuristic,13.70,inventorylab_legacy
114-9065057-4551455,155836630348361,B004FUI84G,1070891178,Prototype 2 PS3 - PlayStation 3,2026-03-14 17:10:18+00,1,True,PlayStation 3,Title/platform heuristic,19.16,mbop_fifo
114-9071824-8424204,146017234552321,B0BBXD3P63,1070474320,God of Rock (PS5),2025-11-11 10:50:41+00,1,True,PlayStation 5,Title/platform heuristic,12.85,mbop_fifo
114-9085063-1454613,163897629013361,B01N03NM02,1058392679,"Harmony Good Dog Ceramic Dog Bowl, 1 Cup",2026-07-02 12:18:32+00,1,False,Unclassified,No reliable game match,5.99,inventorylab_legacy
114-9089999-1431463,146302932349921,B08M2CGLLY,1070474326,My Universe - Pet Clinic: Cats & Dogs Nintendo Switch,2025-11-15 04:14:49+00,1,True,Nintendo Switch,Title/platform heuristic,10.02,mbop_fifo
114-9112949-1894667,155382217168961,B0083RDTA0,1070891230,NASCAR The Game: Inside Line - Playstation 3,2026-03-07 21:30:26+00,1,True,PlayStation 3,Title/platform heuristic,22.09,mbop_fifo
114-9119433-8850617,148695964741761,B002I0HEI6,V0-WD35-QK7L,Sonic Free Riders - Xbox 360,2025-12-06 23:28:31+00,1,True,Xbox 360,Title/platform heuristic,15.50,inventorylab_legacy
114-9146686-8256207,151937369445921,B01N1GRUUC,1051249032,"Harmony Good Dog Ceramic Dog Bowl, 6 Cups",2026-01-17 23:36:39+00,1,False,Unclassified,No reliable game match,10.99,inventorylab_legacy
114-9147909-3661010,142305485503041,B016KAKD7S,1030912249,"18"" Bendable Muslin DollNew by: CC",2025-10-13 19:13:46+00,1,False,Unclassified,No reliable game match,8.99,inventorylab_legacy
114-9149482-3989033,146683967077761,B0CFTFG12B,1069890477,Call of Duty Modern Warfare III - Xbox,2025-11-19 01:10:11+00,1,True,Xbox,Title/platform heuristic,24.00,mbop_fifo
114-9171632-4748255,164663106874961,B0727Y69TY,1042711575,NBA 2K18 - Xbox 360 [Xbox 360],2026-07-14 19:26:12+00,1,True,Xbox 360,Title/platform heuristic,,missing
114-9191100-4228241,151959398808881,B08HTHJ9L2,1053590124,Riders Republic PlayStation 4 Standard Edition with free upgrade to the digital PS5 version,2026-01-18 14:19:04+00,2,True,PlayStation 4/PlayStation 5,Title/platform heuristic,13.68,mbop_fifo
114-9218356-2893811,142846640365961,B001B1W3HA,SN-IZTF-EEG6,Carnival Games: MiniGolf - Nintendo Wii,2025-10-17 06:13:07+00,1,True,Nintendo Wii,Title/platform heuristic,17.85,mbop_fifo
114-9220056-7003458,144053432343641,B09YMP944F,1066393104,"Cora Organic Applicator Tampons | Super Absorbency | 100% Cotton Core, Unscented, BPA-Free Compact Applicator | Leak Protection, Easy Insertion and Re",2025-10-20 04:48:15+00,2,False,Unclassified,No reliable game match,15.30,mbop_fifo
114-9222782-4321043,161819614428201,B01EJNUMQ0,1071517337,Ori and the Blind Forest: Definitive Edition - Xbox One,2026-06-07 23:10:39+00,1,True,Xbox One,Title/platform heuristic,34.00,inventorylab_legacy
114-9245705-1461858,148192586962561,B016KAKD7S,1030912249,"18"" Bendable Muslin DollNew by: CC",2025-12-01 17:58:45+00,1,False,Unclassified,No reliable game match,8.99,inventorylab_legacy
114-9289065-8281807,161173940897201,B000FII8KQ,1070625053,Tekken 6,2026-05-31 14:20:15+00,1,True,PlayStation 3,Title/platform heuristic,24.66,inventorylab_legacy
114-9289897-5543420,167524285522081,B0B94XBQZ6,1071283757,Dead Island 2: Day 1 Edition - Xbox Series X [Xbox Series X],2026-08-19 17:21:26+00,1,True,Xbox Series X,Title/platform heuristic,,missing
114-9313230-7773017,156698315356121,B01G2E4DV4,1066393117,Birds Choice Oriole Feeder Replacement Cup,2026-03-28 16:41:47+00,1,False,Unclassified,No reliable game match,4.09,mbop_fifo
114-9334267-4877055,159014489407281,B0060ZN5T2,1044972247,NEW Just Dance 3 Wii (Videogame Software),2026-05-02 00:09:44+00,1,True,Nintendo Wii,Title/platform heuristic,17.60,inventorylab_legacy
114-9336237-1633042,156490441871201,B0CTKX44NG,1069286305,MLB The Show 24 - Nintendo Switch,2026-03-25 12:08:03+00,1,True,Nintendo Switch,Title/platform heuristic,40.37,mbop_fifo
114-9342283-1441848,147697035209481,B07X35GXG3,1066663896,Nighthawk Interactive Disney Classic Games: Aladdin and The Lion King - Nintendo Switch,2025-11-27 09:16:25+00,1,True,Nintendo Switch,Title/platform heuristic,,missing
114-9354580-4788208,145652031783761,B0BDT654XQ,1069890474,Fortnite - Anime Legends- Xbox Series X,2025-11-07 20:12:21+00,1,True,Xbox Series X,Title/platform heuristic,16.95,mbop_fifo
114-9359019-0944209,164329867589601,B072L395L5,1071881585,Nintendo Splatoon 2 - Action/Adventure Game - Nintendo Switch [Nintendo Switch],2026-07-08 19:44:48+00,1,True,Nintendo Switch,Title/platform heuristic,,missing
114-9392598-0242636,157850930596001,B01N1GRUUC,1051249032,"Harmony Good Dog Ceramic Dog Bowl, 6 Cups",2026-04-14 23:18:03+00,1,False,Unclassified,No reliable game match,10.99,inventorylab_legacy
114-9422782-6801032,144091492766721,B01N03NM02,1058392679,"Harmony Good Dog Ceramic Dog Bowl, 1 Cup",2025-10-20 19:12:47+00,1,False,Unclassified,No reliable game match,5.99,inventorylab_legacy
114-9434371-5601003,161792139677121,B000FII8KQ,1070625053,Tekken 6,2026-06-07 02:46:21+00,1,True,PlayStation 3,Title/platform heuristic,24.66,inventorylab_legacy
114-9453308-0705068,159214340465801,B075MSRBVC,1058202955,MX vs ATV All Out - Xbox One,2026-05-05 01:27:41+00,1,True,Xbox One,Title/platform heuristic,18.52,inventorylab_legacy
114-9471086-4340218,147492586516401,B096WVJ9Q4,1068329357,Marvel's Guardians of the Galaxy PlayStation 4 with Free Upgrade to the Digital PS5 Version,2025-11-25 18:56:58+00,1,True,PlayStation 4/PlayStation 5,Title/platform heuristic,15.95,mbop_fifo
114-9473376-1120238,155672597647321,B087XTT5GZ,1053590162,Assassin's Creed Valhalla PlayStation 4 Standard Edition with Free Upgrade to the Digital PS5 Version,2026-03-11 19:56:43+00,1,True,PlayStation 4/PlayStation 5,Title/platform heuristic,10.19,mbop_fifo
114-9479136-9101811,148859254293481,B08HQ4XV5G,1064185858,Overcooked! All You Can Eat - Xbox Series X,2025-12-08 21:43:22+00,1,True,Xbox Series X,Title/platform heuristic,7.00,mbop_fifo
114-9568983-5805051,166597757648841,B008DNUXA8,1071453891,Wreck-It Ralph - Nintendo Wii [Nintendo Wii],2026-08-08 01:31:23+00,1,True,Nintendo Wii,Title/platform heuristic,18.17,inventorylab_legacy
114-9570961-6006633,140276282668921,B0C9VW1KGR,1068811444,EA SPORTS FC 24 - Nintendo Switch,2025-09-24 13:00:21+00,1,True,Nintendo Switch,Title/platform heuristic,20.40,mbop_fifo
114-9572632-2629067,158672448314601,B0CHN2DVSX,1069261942,Hobby Lobby Fudge Brownie Candle Tin,2026-04-27 15:22:28+00,1,False,Unclassified,No reliable game match,8.99,inventorylab_legacy
114-9573573-2358646,147900678556561,B01AC3ZE5K,1039657349,Nintendo Selects: Super Mario All-Stars - Wii Standard Edition,2025-11-29 02:09:39+00,1,True,Nintendo Wii,Title/platform heuristic,32.00,mbop_fifo
114-9616701-9334623,163310515760721,B09S65Q9XV,1071453881,MLB The Show 22 for PlayStation 4,2026-06-24 23:32:32+00,1,True,PlayStation 4,Title/platform heuristic,22.04,inventorylab_legacy
114-9619026-8901062,139109048903001,B0924651ZP,1069890456,Alex Kidd In Miracle World Dx - Nintendo Switch Standard Edition,2025-09-12 22:39:18+00,1,True,Nintendo Switch,Title/platform heuristic,11.04,mbop_fifo
114-9640245-3876257,166838854141481,B01N54QSH6,1052907525,"Harmony Good Dog Ceramic Dog Bowl, 3 Cups",2026-08-11 14:09:18+00,1,False,Unclassified,No reliable game match,,missing
114-9693474-1906622,144139305819001,B09YMP944F,1066393104,"Cora Organic Applicator Tampons | Super Absorbency | 100% Cotton Core, Unscented, BPA-Free Compact Applicator | Leak Protection, Easy Insertion and Re",2025-10-21 04:31:22+00,1,False,Unclassified,No reliable game match,7.65,mbop_fifo
114-9715559-0918626,156724527510281,B07SL77MHX,1068811473,No More Heroes 3,2026-03-28 22:58:16+00,1,False,Unclassified,No reliable game match,17.50,inventorylab_legacy
114-9740000-9644240,153184422196801,B007MM9E2E,XV-CDLD-C9FB,Disney Epic Mickey 2: The Power of Two - Playstation 3,2026-02-06 01:34:35+00,1,True,PlayStation 3,Title/platform heuristic,13.99,mbop_fifo
114-9759023-7883425,149049481135921,B01N54QSH6,1052907525,"Harmony Good Dog Ceramic Dog Bowl, 3 Cups",2025-12-10 06:16:36+00,1,False,Unclassified,No reliable game match,9.74,mbop_fifo
114-9760572-8115404,166894219267721,B01HDJFJLK,1070891217,Farming Simulator 17 - PlayStation 4 [PlayStation 4],2026-08-11 19:54:39+00,1,True,PlayStation 4,Title/platform heuristic,,missing
114-9765033-2257841,148609633219561,B0BSNX28Y4,1068811441,Minecraft Legends Deluxe Edition: Xbox Series X and Xbox One,2025-12-05 20:12:11+00,1,True,Xbox Series X/Xbox One,Title/platform heuristic,17.10,inventorylab_legacy
114-9784048-9093841,155136896941121,B01N03NM02,1058392679,"Harmony Good Dog Ceramic Dog Bowl, 1 Cup",2026-03-05 02:43:04+00,1,False,Unclassified,No reliable game match,5.99,inventorylab_legacy
114-9789224-8353014,162040912753561,B0026FCARI,1036663472,Scooby Doo First Frights - Nintendo Wii,2026-06-10 18:54:01+00,1,True,Nintendo Wii,Title/platform heuristic,22.10,inventorylab_legacy
114-9797419-0561021,148303320792761,B001B1W3HA,SN-IZTF-EEG6,Carnival Games: MiniGolf - Nintendo Wii,2025-12-02 16:40:14+00,1,True,Nintendo Wii,Title/platform heuristic,17.85,mbop_fifo
114-9800512-0233849,146387055017401,B0CFTFG12B,1069890477,Call of Duty Modern Warfare III - Xbox,2025-11-16 16:25:06+00,1,True,Xbox,Title/platform heuristic,24.00,mbop_fifo
114-9806453-0545857,150735059437201,B01LDFGIT2,1058619763,Livewire Advantage Instrument Cable 10 ft. Black,2026-01-01 02:25:06+00,1,False,Unclassified,No reliable game match,10.48,inventorylab_legacy
114-9825427-1114624,168255933733361,B003O6E986,1067108762,Forza 4 [Xbox 360],2026-08-28 05:46:16+00,1,True,Xbox 360,Title/platform heuristic,25.76,inventorylab_legacy
114-9829180-6200230,157440119098561,B01G2E4DV4,1066393117,Birds Choice Oriole Feeder Replacement Cup,2026-04-08 21:40:53+00,1,False,Unclassified,No reliable game match,4.09,mbop_fifo
114-9841839-1187434,165178295505521,B000FII8KQ,1070625053,Tekken 6 [PlayStation 3],2026-07-21 03:02:19+00,1,True,PlayStation 3,Title/platform heuristic,24.66,inventorylab_legacy
114-9841864-3517007,164313471067481,B01LDFGIT2,1058619763,Livewire Advantage Instrument Cable 10 ft. Black,2026-07-09 00:20:00+00,1,False,Unclassified,No reliable game match,10.48,inventorylab_legacy
114-9843930-0374645,144052834441041,B07RP42TMG,1070280052,Tom Clancy's Ghost Recon Breakpoint - Xbox One,2025-10-20 03:53:13+00,1,True,Xbox One,Title/platform heuristic,7.44,mbop_fifo
114-9855357-5859409,157954140656601,B0BP5CKT2F,1069890475,Star Wars Jedi: Survivor Deluxe - Xbox Series X,2026-04-16 17:27:54+00,1,True,Xbox Series X,Title/platform heuristic,18.00,inventorylab_legacy
114-9864680-5192222,146978762534241,B097FP294Y,1070280033,Aliens Fireteam Elite - PlayStation 5,2025-11-21 19:51:37+00,1,True,PlayStation 5,Title/platform heuristic,15.99,mbop_fifo
114-9871267-9158656,150538624280441,B0009WPZPY,1069286297,Mortal Kombat Unchained - Sony PSP,2025-12-29 22:48:06+00,1,True,PSP,Title/platform heuristic,48.00,mbop_fifo
114-9877463-9877041,147205124978041,B07S5BRQX4,1070280038,Killer Queen Black - Nintendo Switch,2025-11-24 04:40:20+00,1,True,Nintendo Switch,Title/platform heuristic,24.99,mbop_fifo
114-9899078-8930625,147791373047321,B096WVJ9Q4,1068329357,Marvel's Guardians of the Galaxy PlayStation 4 with Free Upgrade to the Digital PS5 Version,2025-11-28 12:00:39+00,1,True,PlayStation 4/PlayStation 5,Title/platform heuristic,15.00,mbop_fifo
114-9920203-4462659,158704753087321,B073VY62G9,1029789841,Minecraft: Story Mode - Season 2 - Xbox One Standard Edition,2026-04-28 02:04:51+00,1,True,Xbox One,Title/platform heuristic,47.77,mbop_fifo
114-9922604-2151448,153567678863601,B01GKH5QMI,1039345844,FIFA 17 - PlayStation 3,2026-02-12 22:12:37+00,1,True,PlayStation 3,Title/platform heuristic,18.37,mbop_fifo
114-9954690-2573832,147102221796281,B098Y94S29,1064186291,NBA 2K22 - PlayStation 4,2025-11-23 02:14:34+00,1,True,PlayStation 4,Title/platform heuristic,17.95,mbop_fifo
