shipment_id,asin,sku,quantity,title,is_game
FBA18Z5C3Y9H,B016KAKD7S,1030912249,15,"18"" Bendable Muslin DollNew by: CC",False
FBA18Z5C3Y9H,B06XDN21W5,1031051552,5,Paradise Treasure Trove Brown White Football Coin Piggy Bank Sports Stitching,False
FBA18Z5C3Y9H,B01LDFGIT2,1058619763,24,Livewire Advantage Instrument Cable 10 ft. Black,False
FBA18Z5C3Y9H,B005EHAFTA,1059113393,10,Advance Tabco K-00 Faucet Repair Kit,False
FBA18ZSVSP3G,B01N1GRUUC,1051249032,9,"Harmony Good Dog Ceramic Dog Bowl, 6 Cups",False
FBA18ZSVSP3G,B01N54QSH6,1052907525,7,"Harmony Good Dog Ceramic Dog Bowl, 3 Cups",False
FBA18ZSVSP3G,B01N03NM02,1058392679,8,"Harmony Good Dog Ceramic Dog Bowl, 1 Cup",False
FBA18ZT6M8QQ,B073VYS9FC,1029038819,1,Minecraft: Story Mode - Season 2 - PlayStation 4 Standard Edition [video game],True
FBA18ZT6M8QQ,B071ZZZ3K9,1029330145,1,FIFA 18 Standard Edition - PlayStation 4 [video game],True
FBA18ZT6M8QQ,B000IONGVI,1029788362,1,Sonic and the Secret Rings - Wii [video game],True
FBA18ZT6M8QQ,B00168ESPI,1030268114,1,Deca Sports [video game],True
FBA18ZT6M8QQ,B0018RWMRS,1030268125,1,Game Party 2 - Nintendo Wii [video game],True
FBA18ZT6M8QQ,B000QD7BBM,1032068466,1,Carnival Games - Nintendo Wii [video game],True
FBA18ZT6M8QQ,B002BS4JLA,1032068482,1,LEGO Harry Potter: Years 1-4 - Nintendo Wii [video game],True
FBA18ZT6M8QQ,B00EFRN2IQ,1032600402,3,The Sims 4 - PC/Mac [video game],True
FBA18ZT6M8QQ,B07RQ33XDG,1032602113,10,Tom Clancy's Ghost Recon Breakpoint Steelbook Gold Edition - Xbox One [video game],True
FBA18ZT6M8QQ,B07VWCR94W,1033469061,3,WWE 2K20 - PlayStation 4 [video game],True
FBA18ZT6M8QQ,B008J16AG0,1034379345,1,The Hip Hop Dance Experience - Nintendo Wii [video game],True
FBA18ZT6M8QQ,B007MM9E42,1034379408,30,Disney Epic Mickey 2: The Power of Two - Nintendo Wii [video game],True
FBA18ZT6M8QQ,B001BXA9CE,1034679025,2,Rock Band 2 - Nintendo Wii (Game only) [video game],True
FBA18ZT6M8QQ,B002K9VIAU,1036989393,4,Game Party 3 - Nintendo Wii [video game],True
FBA18ZT6M8QQ,B00MU1YEZY,1037517086,1,Call of Duty: Advanced Warfare - PlayStation 4 [video game],True
FBA18ZT6M8QQ,B08L91Z6VK,1037691306,3,Family Feud - Nintendo Switch Standard Edition [video game],True
FBA18ZT6M8QQ,B082QL63JB,1037691479,2,Fast & Furious Crossroads - Xbox One [video game],True
FBA18ZT6M8QQ,B0017ZDGWG,1039657536,1,Mortal Kombat vs. DC Universe - Xbox 360 [video game],True
FBA18ZT6M8QQ,B00B98HF1O,1039988827,1,"Lego: Marvel Super Heroes, XBOX 360 [video game]",True
FBA18ZT6M8QQ,B0088I8M10,1041721114,1,Just Dance: Disney Party - Nintendo Wii [video game],True
FBA18ZT6M8QQ,B00YC7ED0K,1041856993,1,FIFA 16 - Standard Edition - PlayStation 3 [video game],True
FBA18ZT6M8QQ,B01LYS7YYE,1042456697,1,Hasbro Family Fun Pack Conquest Edition - Xbox One [video game],True
FBA18ZT6M8QQ,B07THWLT73,1042456740,2,NBA 2K20 Nintendo Switch [video game],True
FBA18ZT6M8QQ,B00ZE360GG,1043651644,2,Just Dance 2016 - Wii [video game],True
FBA18ZT6M8QQ,B00ZPT59YS,1045151360,3,Sea of Thieves: Standard Edition – Xbox One [video game],True
FBA18ZT6M8QQ,B07J3H1F1L,1046305831,1,The Sims 4 Plus Cats & Dogs Bundle - Xbox One [video game],True
FBA18ZT6M8QQ,B075MSL3BV,1047886637,1,ARK: Survival Evolved - Xbox One [video game],True
FBA18ZT6M8QQ,B00KLMOY4K,1048220574,30,Plants vs Zombies Garden Warfare(Online Play Required) - PlayStation 4 [video game],True
FBA18ZT6M8QQ,B01AC3ZD06,1048894668,21,Nintendo Selects: Super Mario 3D World - Wii U Standard Edition [video game],True
FBA18ZT6M8QQ,B002I0IIPY,1049391798,1,Sonic Colors - Nintendo Wii [video game],True
FBA18ZT6M8QQ,B00CX6XKK6,1049720229,4,Call of Duty: Ghosts - Xbox One [video game],True
FBA18ZT6M8QQ,B00DC7G0GG,1052572572,11,Super Mario 3D World [video game],True
FBA18ZT6M8QQ,B002BRZ9G0,1052735411,2,New Super Mario Bros. Wii [video game] [video game],True
FBA18ZT6M8QQ,B07DF43L23,1053914224,2,Starlink Battle for Atlas - Nintendo Switch Starter Edition [video game],True
FBA18ZT6M8QQ,B08VCYWC2H,1054295260,2,Subnautica: Below Zero - Xbox Series X [video game],True
FBA18ZT6M8QQ,B07D8SF1JS,1057774598,1,Divinity: Original Sin 2 - PlayStation 4 Definitive Edition [video game],True
FBA18ZT6M8QQ,B07DL2SY2B,1057774619,1,FIFA 19 - Standard - PlayStation 4 [video game],True
FBA18ZT6M8QQ,B00ZJEIS2Y,1059471777,1,Tom Clancy’s Ghost Recon Wildlands - Xbox One [video game],True
FBA18ZT6M8QQ,B07SK56TM6,1059471790,1,Marvel's Avengers - Xbox One [video game],True
FBA18ZT6M8QQ,B07YFF2KWG,1061145216,2,The Sims 4 Plus Island Living Bundle - PlayStation 4 [video game],True
FBA18ZT6M8QQ,B00KWG4HG0,1061432878,1,Mario Party 10 [video game],False
FBA18ZT6M8QQ,B00I6E6SH6,1063375674,1,Minecraft – Xbox One [video game],True
FBA18ZT6M8QQ,B07XGW61PX,1063375936,5,Plants Vs. Zombies: Battle for Neighborville - Xbox One [video game],True
FBA18ZT6M8QQ,B00503E9UO,1063376019,2,Call of Duty: Modern Warfare 3 - Nintendo Wii [video game],True
FBA18ZT6M8QQ,B01FEHJYUU,1063376478,18,Sid Meier's Civilization VI - PC [video game],True
FBA18ZT6M8QQ,B00D4WTO1M,1063376522,1,Call of Duty: Ghosts - PlayStation 4 [video game],True
FBA18ZT6M8QQ,B0B6JQHB4P,1063376893,10,FIFA 23 - PlayStation 4 [video game],True
FBA18ZT6M8QQ,B07SHJ3ZQR,1064186268,12,FIFA 20 Standard Edition - PlayStation 4 [video game],True
FBA18ZT6M8QQ,B002BSC54I,1064192259,1,The Legend of Zelda: Skyward Sword with Music CD [video game],False
FBA18ZT6M8QQ,B09D643D8F,1064901190,3,Call of Duty: Vanguard [video game],True
FBA18ZT6M8QQ,B08L9569L4,1064901365,1,Family Feud - PlayStation 4 Standard Edition [video game],True
FBA18ZT6M8QQ,B01GW8XJVU,1065946160,2,The Elder Scrolls V: Skyrim Special Edition - PlayStation 4 [video game],True
FBA18ZT6M8QQ,B07H4DZD1B,1065946885,1,NBA 2K Playgrounds 2 - Nintendo Switch [video game],True
FBA18ZT6M8QQ,B01N9QVIRV,1065946902,35,Switch Title 3 - [video game],True
FBA18ZT6M8QQ,B08GR4GNRK,1066662845,1,Call of Duty: Black Ops Cold War (PS5),True
FBA18ZT6M8QQ,B00ZJBSCJQ,1066663084,1,South Park: The Fractured but Whole - PlayStation 4 [video game],True
FBA18ZT6M8QQ,B07KYYZZFR,1066665177,1,Crash Team Racing - Nitro Fueled - Xbox One [video game],True
FBA18ZT6M8QQ,B01F9HMO2K,1067108747,3,Battlefield 1 - PlayStation 4,True
FBA18ZT6M8QQ,B08GSP1HBM,1067108754,16,"Goosebumps: Dead of Night, Cosmic Forces - Nintendo Switch [video game]",True
FBA18ZT6M8QQ,B003O6E986,1067108762,2,Forza 4 [video game],True
FBA18ZT6M8QQ,B00ZS80PC2,1067893319,2,Final Fantasy VII: Remake - PlayStation 4 [video game],True
FBA18ZT6M8QQ,B00DBF813Y,1068329375,3,Final Fantasy XV - Xbox One [video game],True
FBA18ZT6M8QQ,B00KG5HSSG,1068329408,1,Sherlock Holmes: Crimes & Punishments - Xbox One [video game],True
FBA18ZT6M8QQ,B07HFMJ4R5,1068329410,3,Minecraft: Starter Collection – Xbox One [video game],True
FBA18ZT6M8QQ,B0C7PN2L5V,1068811427,10,Starfield: Standard Edition - Xbox Series X [video game],True
FBA18ZT6M8QQ,B006ZPAYMI,1068811430,1,Kinect Rush: A Disney Pixar Adventure - Xbox 360 [video game],True
FBA18ZT6M8QQ,B0C9VW1KGR,1068811444,1,EA SPORTS FC 24 - Nintendo Switch [video game],True
FBA18ZT6M8QQ,B000L422L0,1068811450,36,Brooktown High: Senior Year - Sony PSP [video game],True
FBA18ZT6M8QQ,B08JHP4Q7Y,1068811462,2,Sniper: Ghost Warrior - Contracts 2 - PlayStation 4 [video game],True
FBA18ZT6M8QQ,B0BDT4CQJD,1068811463,1,Fortnite - Anime Legends- PlayStation 4 [video game],True
FBA18ZT6M8QQ,B07YZ4QVZY,1068949078,8,Sniper Ghost Warrior: Contracts PS4 [video game],True
FBA18ZT6M8QQ,B09TCCF84R,1069286286,1,A Plague Tale: Requiem PS5 [video game],True
FBA18ZT6M8QQ,B0BSJZQK5L,1069286287,1,"Anno 1800 - Standard Edition, PlayStation 5 [video game]",True
FBA18ZT6M8QQ,B0BDT6NL9G,1069286301,1,Fortnite - Anime Legends- Nintendo Switch [video game],True
FBA18ZT6M8QQ,B09RTX4Q5P,1069286318,9,MLB The Show 22 for Xbox One [video game],True
FBA18ZT6M8QQ,B07BY4CHNY,1069890455,2,Spyro Trilogy Reignited (Xbox One) [video game],True
FBA18ZT6M8QQ,B0924651ZP,1069890456,10,Alex Kidd In Miracle World Dx - Nintendo Switch Standard Edition [video game],True
FBA18ZT6M8QQ,B08CV5DL45,1069890457,1,Bakugan: Champions of Vestroia - Nintendo Switch [video game],True
FBA18ZT6M8QQ,B099JL5K7P,1069890458,2,Nerf Legends - Nintendo Switch [video game],True
FBA18ZT6M8QQ,B07VW3S8WC,1069890459,1,Super Street Racer - Nintendo Switch [video game],True
FBA18ZT6M8QQ,B06XWXF5WK,1069890463,1,Cars 3: Driven to Win - Xbox One [video game],True
FBA18ZT6M8QQ,B07DL1N1Q9,1069890468,1,Jump Force: Standard Edition - Xbox One [video game],True
FBA18ZT6M8QQ,B0BDT654XQ,1069890474,8,Fortnite - Anime Legends- Xbox Series X [video game],True
FBA18ZT6M8QQ,B0BP5CKT2F,1069890475,2,Star Wars Jedi: Survivor Deluxe - Xbox Series X [video game],True
FBA18ZT6M8QQ,B0CFTFG12B,1069890477,2,Call of Duty Modern Warfare III - Xbox [video game],True
FBA18ZT6M8QQ,B002I0K9I8,1069890482,1,Tiger Woods PGA TOUR 12: The Masters - Playstation 3 [video game],True
FBA18ZT6M8QQ,B098V87FNX,1069890483,1,Among Us: Crewmate Edition (PS4) - PlayStation 4 [video game],True
FBA18ZT6M8QQ,B0B359B45Q,1069890493,2,Little League World Series PS4,True
FBA18ZT6M8QQ,B07D8KZ5NK,1069890497,2,Team Sonic Racing - PlayStation 4 [video game],True
FBA18ZT6M8QQ,B09ZZ9L123,1069890500,1,Gotham Knights Deluxe Edition – PlayStation 5 [video game],True
FBA18ZT6M8QQ,B08HTP8BKG,1069890501,2,Riders Republic PlayStation 5 Standard Edition [video game],True
FBA18ZT6M8QQ,B002I0GZ5Y,1069890503,1,Kingdom Hearts: Birth by Sleep - Sony PSP [video game],True
FBA18ZT6M8QQ,B07GVWXRBP,1069890507,1,Goosebumps The Game - Nintendo Switch [video game],True
FBA18ZT6M8QQ,B08GZ3M2ZV,1069890508,1,Monster Hunter Rise - Nintendo Switch [video game],True
FBA18ZT6M8QQ,B07C4TWR84,1069890509,1,MY HERO One’s Justice - Nintendo Switch [video game],True
FBA18ZT6M8QQ,B08FP5NMQV,1069890511,1,My Universe: School Teacher - Nintendo Switch [video game],True
FBA18ZT6M8QQ,B088MYGMPJ,1069890512,1,Paper Mario: The Origami King - Nintendo Switch [video game],True
FBA18ZT6M8QQ,B07HMGM3XS,1069890513,2,Sports Party (Nintendo Switch) (Nintendo Switch) [video game],True
FBA18ZT6M8QQ,B07D8LQR6Q,1069890516,1,Team Sonic Racing - Nintendo Switch [video game],True
FBA18ZT6M8QQ,B08S2SNBTH,1069890517,1,The Last Kids On Earth and the Staff of Doom - Nintendo Switch [video game],True
FBA18ZT6M8QQ,B0050SYY5E,1069890528,1,Halo: Combat Evolved Anniversary [video game],False
FBA18ZT6M8QQ,B07DPZ1WQ9,1069891414,1,Super Mario Party - [Nintendo Switch] [video game],True
FBA18ZT6M8QQ,B003N5VVDY,2G-WE2H-NP1X,1,Guitar Hero: Warriors of Rock Stand-Alone Software - Playstation 3 [video game],True
FBA18ZT6M8QQ,B004HYIAPM,67-35TA-6M6B,1,The Elder Scrolls V: Skyrim - PC [video game],True
FBA18ZT6M8QQ,B003O6FV8S,8G-3BI6-O06L,3,Just Dance 2 [Video Game] UbiSoft,True
FBA18ZT6M8QQ,B0050SYYEK,DL-GWVW-9XVQ,4,Dance Central 2 - Xbox 360 [video game],True
FBA18ZT6M8QQ,B003S2JI6O,JS-1DC1-9X53,2,Wheel of Fortune [video game],True
FBA18ZT6M8QQ,B004LWVHIM,M4-JO8G-8M8M,1,Carnival Games: Monkey See Monkey Do - Xbox 360 [video game],True
FBA18ZT6M8QQ,B001B1W3HA,SN-IZTF-EEG6,1,Carnival Games: MiniGolf - Nintendo Wii [video game],True
FBA18ZT6M8QQ,B0086V5UEG,T3-947R-WAMU,2,Just Dance 4 [video game],False
FBA18ZT6M8QQ,B002I0HEI6,V0-WD35-QK7L,2,Sonic Free Riders - Xbox 360 [video game],True
FBA1917P95D6,B06XDN21W5,1031051552,5,Paradise Treasure Trove Brown White Football Coin Piggy Bank Sports Stitching,False
FBA1917P95D6,B01N1GRUUC,1051249032,15,"Harmony Good Dog Ceramic Dog Bowl, 6 Cups",False
FBA1917P95D6,B01N54QSH6,1052907525,15,"Harmony Good Dog Ceramic Dog Bowl, 3 Cups",False
FBA1917P95D6,B01N03NM02,1058392679,15,"Harmony Good Dog Ceramic Dog Bowl, 1 Cup",False
FBA1917P95D6,B09YMP944F,1066393104,10,"Cora Organic Applicator Tampons | Super Absorbency | 100% Cotton Core, Unscented, BPA-Free Compact Applicator | Leak Protection, Easy Insertion and Removal | Non-Toxic | Packaging May Vary (16 Count)",False
FBA1917P95D6,B0006ACWEQ,1070175672,10,Ranchmark OpenX Dual Blade Universal Package Opener 7L x 1 1/2H inches,False
FBA1917PD127,B074RYSTNS,1031051620,10,"Chevrolet 20"" Genuine Distressed Vintage Style Bowtie Chevy Red White and Blue American Flag Oval Metal Embossed Sign",False
FBA191XV4S35,B01GWLIXY0,1025284464,1,Steep - Xbox One [video game],True
FBA191XV4S35,B003ZHMMEM,1028571825,2,Donkey Kong Country Returns [video game],True
FBA191XV4S35,B0042YM9GI,1029050592,1,Michael Jackson: The Experience [video game],False
FBA191XV4S35,B014XCWYOK,1029329369,1,Minecraft: Story Mode - Season Disc - PlayStation 4 [video game],True
FBA191XV4S35,B0018RWMRS,1030268125,2,Game Party 2 - Nintendo Wii [video game],True
FBA191XV4S35,B002MWSY3O,1030425277,1,Just Dance - Nintendo Wii [video game],True
FBA191XV4S35,B06XDN21W5,1031051552,1,Paradise Treasure Trove Brown White Football Coin Piggy Bank Sports Stitching,False
FBA191XV4S35,B00R9NWEFK,1032068846,1,EA SPORTS Rory McIlroy PGA TOUR - PlayStation 4 [video game],True
FBA191XV4S35,B000R3BNDI,1032598727,1,Lego Star Wars: The Complete Saga [video game],True
FBA191XV4S35,B0026IUSXI,1034379323,2,Toy Story Mania! - Nintendo Wii [video game],True
FBA191XV4S35,B007MM9E42,1034379408,1,Disney Epic Mickey 2: The Power of Two - Nintendo Wii [video game],True
FBA191XV4S35,B0013E9HP6,1034678931,1,Wii Play [video game],True
FBA191XV4S35,B002I0K3M0,1036663415,6,Nintendo Land [video game],False
FBA191XV4S35,B0026FCARI,1036663472,1,Scooby Doo First Frights - Nintendo Wii [video game],True
FBA191XV4S35,B002K9VIAU,1036989393,1,Game Party 3 - Nintendo Wii [video game],True
FBA191XV4S35,B08L91Z6VK,1037691306,1,Family Feud - Nintendo Switch Standard Edition [video game],True
FBA191XV4S35,B082QL63JB,1037691479,1,Fast & Furious Crossroads - Xbox One [video game],True
FBA191XV4S35,B0748VH8ZF,1039345443,2,The Sims 4 - Xbox One [video game],True
FBA191XV4S35,B0017ZDGWG,1039657536,1,Mortal Kombat vs. DC Universe - Xbox 360 [video game],True
FBA191XV4S35,B00B98HF1O,1039988827,1,"Lego: Marvel Super Heroes, XBOX 360 [video game]",True
FBA191XV4S35,B0088I8M10,1041721114,1,Just Dance: Disney Party - Nintendo Wii [video game],True
FBA191XV4S35,B00YC7ED0K,1041856993,3,FIFA 16 - Standard Edition - PlayStation 3 [video game],True
FBA191XV4S35,B07THWLT73,1042456740,2,NBA 2K20 Nintendo Switch [video game],True
FBA191XV4S35,B00SXEOOHU,1042711537,1,LEGO Jurassic World - Xbox 360 Standard Edition [video game],True
FBA191XV4S35,B00B98HBTA,1044638476,1,Lego: Marvel Super Heroes - PlayStation 3 [video game],True
FBA191XV4S35,B00ZPT59YS,1045151360,1,Sea of Thieves: Standard Edition – Xbox One [video game],True
FBA191XV4S35,B014N4RTS4,1045692341,1,YO-KAI WATCH - 3DS [video game],True
FBA191XV4S35,B01HTRJFGQ,1048220694,1,NBA 2K17 Standard Edition - PlayStation 4 [video game],True
FBA191XV4S35,B01AC3ZD06,1048894668,1,Nintendo Selects: Super Mario 3D World - Wii U Standard Edition [video game],True
FBA191XV4S35,B002I0IIPY,1049391798,1,Sonic Colors - Nintendo Wii [video game],True
FBA191XV4S35,B00CX6XKK6,1049720229,1,Call of Duty: Ghosts - Xbox One [video game],True
FBA191XV4S35,B001SIFNXW,1050067347,1,Mario and Sonic at the Olympic Winter Games - Nintendo Wii [video game],True
FBA191XV4S35,B07DF43L23,1053914224,10,Starlink Battle for Atlas - Nintendo Switch Starter Edition [video game],True
FBA191XV4S35,B07D767FMV,1056263378,4,Battlefield V - PlayStation 4 [video game],True
FBA191XV4S35,B08WWQ382K,1057421100,1,"La Blanca Women's Rouched Body Lingerie Mio One Piece Swimsuit, White/Linea Costa, 10",False
FBA191XV4S35,B07DL2SY2B,1057774619,2,FIFA 19 - Standard - PlayStation 4 [video game],True
FBA191XV4S35,B0748XK1KM,1058203076,2,The Sims 4 - PlayStation 4 [video game],True
FBA191XV4S35,B01LDFGIT2,1058619763,1,Livewire Advantage Instrument Cable 10 ft. Black,False
FBA191XV4S35,B09K2FBZDX,1062959209,1,"Columbia Women's Facet Sierra Outdry, Black/Black, 8",False
FBA191XV4S35,B09K2RT1MR,1062959210,1,"Columbia Women's Facet Sierra Outdry, Black/Black, 10",False
FBA191XV4S35,B07XGW61PX,1063375936,1,Plants Vs. Zombies: Battle for Neighborville - Xbox One [video game],True
FBA191XV4S35,B00FM5IY4W,1063375943,2,Forza Motorsport 5 [video game],False
FBA191XV4S35,B00503E9UO,1063376019,1,Call of Duty: Modern Warfare 3 - Nintendo Wii [video game],True
FBA191XV4S35,B01FEHJYUU,1063376478,3,Sid Meier's Civilization VI - PC [video game],True
FBA191XV4S35,B08QV493TK,1063379720,1,Calvin Klein Pure Ribbed Lightly Lined Bralette White,False
FBA191XV4S35,B0B5B7BMSP,1064186124,2,NBA 2K23 - PlayStation 5 [video game],True
FBA191XV4S35,B09D643D8F,1064901190,7,Call of Duty: Vanguard [video game],True
FBA191XV4S35,B08L9569L4,1064901365,1,Family Feud - PlayStation 4 Standard Edition [video game],True
FBA191XV4S35,B00DC7G2W8,1065304546,1,Mario Kart 8 - Wii U [video game],True
FBA191XV4S35,B003C1I06U,1065946212,1,Batman: Arkham Asylum (Game of the Year Edition) - Playstation 3 [video game],True
FBA191XV4S35,B01N9QVIRV,1065946902,5,Switch Title 3 - [video game],True
FBA191XV4S35,B0B3H227Z5,1066663071,2,Call of Duty: Modern Warfare II - PlayStation 5 [video game],True
FBA191XV4S35,B08F3CXZJQ,1066663861,2,Minecraft Dungeons Hero Edition - Nintendo Switch [video game],True
FBA191XV4S35,B07X35GXG3,1066663896,1,Disney Classic Games: Aladdin and the Lion for Nintendo Switch [video game],True
FBA191XV4S35,B07L6PV2GJ,1066663923,2,Katamari Damacy Reroll - Nintendo Switch [video game],True
FBA191XV4S35,B088HYTLRG,1066664795,4,Tony Hawk's Pro Skater 1 + 2 - Xbox One [video game],True
FBA191XV4S35,B08GSP1HBM,1067108754,6,"Goosebumps: Dead of Night, Cosmic Forces - Nintendo Switch [video game]",True
FBA191XV4S35,B07GMS9P7M,1067108756,1,Party Arcade - Nintendo Switch [video game],True
FBA191XV4S35,B07B9QZX6H,1067108764,1,Crash Bandicoot N. Sane Trilogy - Xbox One Standard Edition [video game],True
FBA191XV4S35,B00ZS80PC2,1067893319,2,Final Fantasy VII: Remake - PlayStation 4 [video game],True
FBA191XV4S35,B08GR4QMC9,1068002510,4,Call of Duty: Black Ops Cold War - PlayStation 4 Standard Edition [video game],True
FBA191XV4S35,B082LQ4Q9Y,1068329377,2,Resident Evil 3 - Xbox One [video game],True
FBA191XV4S35,B07HFMJ4R5,1068329410,22,Minecraft: Starter Collection – Xbox One [video game],True
FBA191XV4S35,B0B94SHMRP,1068329416,1,Dead Island 2: Day 1 Edition - PlayStation 4 [video game],True
FBA191XV4S35,B09C1167RV,1068329432,4,Street Outlaws 2: Winner Takes All (Xbox Series X/),True
FBA191XV4S35,B00KTNU40E,1068811461,2,Just Dance 2015 - Xbox One [video game],True
FBA191XV4S35,B017W16ZNA,1068811468,1,Bravely Second: End Layer - Nintendo 3DS [video game],True
FBA191XV4S35,B0065NP6NC,1068929498,1,Fallout: New Vegas - Xbox 360 Ultimate Edition [video game],True
FBA191XV4S35,B0B3GHCTQB,1069286280,10,Call of Duty: Modern Warfare II - PlayStation 4 [video game],True
FBA191XV4S35,B098V87FNX,1069890483,5,Among Us: Crewmate Edition (PS4) - PlayStation 4 [video game],True
FBA191XV4S35,B0B359B45Q,1069890493,8,Little League World Series PS4,True
FBA191XV4S35,B07GVWXRBP,1069890507,2,Goosebumps The Game - Nintendo Switch [video game],True
FBA191XV4S35,B07DPZ1WQ9,1069891414,2,Super Mario Party - [Nintendo Switch] [video game],True
FBA191XV4S35,B01IW7Z67E,1070280026,1,Nintendo Selects: Luigi's Mansion: Dark Moon - Nintendo 3DS [video game],True
FBA191XV4S35,B0053BCMAC,1070280027,1,Paper Mario: Sticker Star [video game],False
FBA191XV4S35,B002I08WVY,1070280028,1,Tales of the Abyss [video game],False
FBA191XV4S35,B00GANWVJE,1070280029,1,The Legend of Zelda: A Link Between Worlds [video game],False
FBA191XV4S35,B08M1RYMCF,1070280030,1,My Universe - Pet Clinic: Cats & Dogs (PS4) - PlayStation 4 [video game],True
FBA191XV4S35,B0B57TXPTH,1070280031,1,PAC-MAN World Re-PAC - PlayStation 4 [video game],True
FBA191XV4S35,B01J4PHT3C,1070280032,3,Yakuza 0 - PlayStation Hits - PlayStation 4 [video game],True
FBA191XV4S35,B097FP294Y,1070280033,1,Aliens Fireteam Elite - PlayStation 5 [video game],True
FBA191XV4S35,B096WZFCHR,1070280034,2,Marvel’s Guardians of the Galaxy - PlayStation 5 [video game],True
FBA191XV4S35,B0C9R3949C,1070280035,1,RollerCoaster Tycoon Adventures Deluxe - PlayStation 5 [video game],True
FBA191XV4S35,B093B218BN,1070280036,1,Tales of Arise - PlayStation 5 [video game],True
FBA191XV4S35,B079P7T594,1070280037,8,Hello Neighbor - Nintendo Switch [video game],True
FBA191XV4S35,B07S5BRQX4,1070280038,1,Killer Queen Black - Nintendo Switch [video game],True
FBA191XV4S35,B08JJ37XVW,1070280039,1,Monster Hunter Rise - Nintendo Switch Standard Edition [video game],True
FBA191XV4S35,B0B727GNYP,1070280040,1,NASCAR Rivals for Nintendo Switch [video game],True
FBA191XV4S35,B099JPMZCZ,1070280041,1,Nickelodeon All Star Brawl - Nintendo Switch [video game],True
FBA191XV4S35,B0CBNJ3QPK,1070280042,1,Wildshade: Unicorn Champions Nintendo Switch [video game],True
FBA191XV4S35,B07TY1G21N,1070280043,1,Konami Yu-Gi-Oh! Legacy of The Duelist Nintendo Switch [video game],True
FBA191XV4S35,B017W16ZUI,1070280044,1,Dragon Quest VIII: Journey of the Cursed King - Nintendo 3DS Standard Edition [video game],True
FBA191XV4S35,B002BSA20M,1070280045,1,Halo Reach [video game],False
FBA191XV4S35,B07SMBNTSJ,1070280046,4,Elden Ring - Xbox Series X [video game],True
FBA191XV4S35,B07W6CF4Z7,1070280047,1,Farming Simulator 19 Platinum Edition (Xb1) - Xbox One [video game],True
FBA191XV4S35,B0972TKPMW,1070280048,6,Farming Simulator 22 - Xbox One [video game],True
FBA191XV4S35,B00ZMBLKPG,1070280049,1,Gears of War: Ultimate Edition – Xbox One [video game],True
FBA191XV4S35,B0787NN56S,1070280050,2,Street Fighter 30th Anniversary Collection - Xbox One Standard Edition [video game],True
FBA191XV4S35,B01JYW2EXA,1070280051,1,The Witcher 3 Game of the Year Edition (Xbox One) [video game],True
FBA191XV4S35,B07RP42TMG,1070280052,3,Tom Clancy's Ghost Recon Breakpoint - Xbox One [video game],True
FBA191XV4S35,B0B8JH4CTN,1070280053,7,World of Outlaws Dirt Racing - Standard Edition XBOX Series X [video game],True
FBA191XV4S35,B0C5RZRG44,1070280054,1,Mortal Kombat 1 Premium Edition - Xbox Series X [video game],True
FBA191XV4S35,B005N4HBE6,1070280071,3,Red Dead Redemption: Game of the Year Edition - Xbox One and Xbox 360 [video game],True
FBA191XV4S35,B0DHHM6BZ2,1070280186,15,LEGO Horizon Adventures [video game],False
FBA191XV4S35,B0057PERPM,1W-X1O9-BCAM,3,Country Dance 2 - Nintendo Wii [video game],True
FBA191XV4S35,B003S2JI6O,JS-1DC1-9X53,11,Wheel of Fortune [video game],True
FBA191XV4S35,B001TOQ8K2,JV-DBF7-GWAD,1,Punch-Out!! [video game],False
FBA191XV4S35,B003UT9XJM,K1-89AB-9LOV,3,Game Party: In Motion - Xbox 360 [video game],True
FBA191XV4S35,B003S2JI82,OK-7Q67-6J4G,1,Jeopardy - Nintendo Wii [video game],True
FBA191XV4S35,B00D7UHT0E,QZ-C9CY-Q1FM,2,Just Dance 2014 - Nintendo Wii [video game],True
FBA191XV4S35,B0056GJVQW,RU-S010-ZVBY,1,Just Dance Summer Party - Nintendo Wii [video game],True
FBA191XV4S35,B001B1W3HA,SN-IZTF-EEG6,2,Carnival Games: MiniGolf - Nintendo Wii [video game],True
FBA191XV4S35,B001KX504C,VL-TTRP-1QSB,1,Gold's Gym Cardio Workout - Nintendo Wii [video game],True
FBA192XM3VMS,B00D8S4GRY,1025282139,1,Just Dance 2014 - PlayStation 4 [video game],True
FBA192XM3VMS,B000ZKBJYG,1028571220,2,Lego Batman - Nintendo Wii [video game],True
FBA192XM3VMS,B00KWFCV32,1028908801,2,Splatoon [video game],False
FBA192XM3VMS,B00EFRN2IQ,1032600402,1,The Sims 4 - PC/Mac [video game],True
FBA192XM3VMS,B0086V5UF0,1034379353,3,Just Dance 4 - Nintendo Wii [video game],True
FBA192XM3VMS,B00104KJ4M,1034379376,1,Lego Indiana Jones [Video Game],True
FBA192XM3VMS,B0013E9HP6,1034678931,5,Wii Play [video game],True
FBA192XM3VMS,B002I0K3M0,1036663415,1,Nintendo Land [video game],False
FBA192XM3VMS,B0026FCARI,1036663472,2,Scooby Doo First Frights - Nintendo Wii [video game],True
FBA192XM3VMS,B00SXEOOHU,1042711537,1,LEGO Jurassic World - Xbox 360 Standard Edition [video game],True
FBA192XM3VMS,B00ZE360GG,1043651644,1,Just Dance 2016 - Wii [video game],True
FBA192XM3VMS,B00JUFT1F6,1044306035,1,Dragon Age Inquisition - Standard Edition - PlayStation 4 [video game],True
FBA192XM3VMS,B0060ZN5T2,1044972247,2,NEW Just Dance 3 Wii (Videogame Software) [video game],True
FBA192XM3VMS,B00SVVUOGU,1048894444,1,Forza Motorsport 6 – Xbox One [video game],True
FBA192XM3VMS,B01AC3ZD06,1048894668,3,Nintendo Selects: Super Mario 3D World - Wii U Standard Edition [video game],True
FBA192XM3VMS,B00ECOBFCC,1049390225,1,The LEGO Movie Videogame - PlayStation 3 [video game],True
FBA192XM3VMS,B00CX6XKK6,1049720229,1,Call of Duty: Ghosts - Xbox One [video game],True
FBA192XM3VMS,B01N1GRUUC,1051249032,1,"Harmony Good Dog Ceramic Dog Bowl, 6 Cups",False
FBA192XM3VMS,B08S2Y128Z,1055009413,1,The Last Kids On Earth and the Staff of Doom - PlayStation 4 [video game],True
FBA192XM3VMS,B07D767FMV,1056263378,3,Battlefield V - PlayStation 4 [video game],True
FBA192XM3VMS,B08DD5559K,1057774272,1,Minecraft Dungeons: Hero Edition – Xbox Series X & Xbox One [video game],True
FBA192XM3VMS,B075MSRBVC,1058202955,1,MX vs ATV All Out - Xbox One [video game],True
FBA192XM3VMS,B0748XK1KM,1058203076,1,The Sims 4 - PlayStation 4 [video game],True
FBA192XM3VMS,B00C7103DO,1063376911,1,Batman: Arkham Origins - Playstation 3 [video game],True
FBA192XM3VMS,B001ABK1LQ,1063376940,2,Guitar Hero World Tour - Playstation 3 (Game only) [video game],True
FBA192XM3VMS,B0B5B7BMSP,1064186124,1,NBA 2K23 - PlayStation 5 [video game],True
FBA192XM3VMS,B09D643D8F,1064901190,2,Call of Duty: Vanguard [video game],True
FBA192XM3VMS,B01N9QVIRV,1065946902,7,Switch Title 3 - [video game],True
FBA192XM3VMS,B00BSELY9I,1066662989,5,PS3 NCAA FOOTBALL 13 [video game],True
FBA192XM3VMS,B00ZJBSCJQ,1066663084,1,South Park: The Fractured but Whole - PlayStation 4 [video game],True
FBA192XM3VMS,B07X35GXG3,1066663896,1,Disney Classic Games: Aladdin and the Lion for Nintendo Switch [video game],True
FBA192XM3VMS,B07L6PV2GJ,1066663923,1,Katamari Damacy Reroll - Nintendo Switch [video game],True
FBA192XM3VMS,B01F9HMO2K,1067108747,1,Battlefield 1 - PlayStation 4,True
FBA192XM3VMS,B08GSP1HBM,1067108754,5,"Goosebumps: Dead of Night, Cosmic Forces - Nintendo Switch [video game]",True
FBA192XM3VMS,B07GMS9P7M,1067108756,1,Party Arcade - Nintendo Switch [video game],True
FBA192XM3VMS,B003O6E986,1067108762,1,Forza 4 [video game],True
FBA192XM3VMS,B07B9QZX6H,1067108764,1,Crash Bandicoot N. Sane Trilogy - Xbox One Standard Edition [video game],True
FBA192XM3VMS,B07S2245D3,1067108770,1,NASCAR Heat 4 - Xbox One [video game],True
FBA192XM3VMS,B08D7DX16N,1068329367,1,NBA 2K21 Mamba Forever Edition - PlayStation 5 Mamba Forever Edition [video game],True
FBA192XM3VMS,B082LQ4Q9Y,1068329377,1,Resident Evil 3 - Xbox One [video game],True
FBA192XM3VMS,B07HFMJ4R5,1068329410,11,Minecraft: Starter Collection – Xbox One [video game],True
FBA192XM3VMS,B0B94SHMRP,1068329416,7,Dead Island 2: Day 1 Edition - PlayStation 4 [video game],True
FBA192XM3VMS,B09C1167RV,1068329432,10,Street Outlaws 2: Winner Takes All (Xbox Series X/),True
FBA192XM3VMS,B006ZPAYMI,1068811430,1,Kinect Rush: A Disney Pixar Adventure - Xbox 360 [video game],True
FBA192XM3VMS,B0BDT4CQJD,1068811463,3,Fortnite - Anime Legends- PlayStation 4 [video game],True
FBA192XM3VMS,B07YZ4QVZY,1068949078,10,Sniper Ghost Warrior: Contracts PS4 [video game],True
FBA192XM3VMS,B09RTX4Q5P,1069286318,1,MLB The Show 22 for Xbox One [video game],True
FBA192XM3VMS,B0BP5CKT2F,1069890475,2,Star Wars Jedi: Survivor Deluxe - Xbox Series X [video game],True
FBA192XM3VMS,B0CFTFG12B,1069890477,21,Call of Duty Modern Warfare III - Xbox [video game],True
FBA192XM3VMS,B0B359B45Q,1069890493,1,Little League World Series PS4,True
FBA192XM3VMS,B07D8KZ5NK,1069890497,3,Team Sonic Racing - PlayStation 4 [video game],True
FBA192XM3VMS,B07GVWXRBP,1069890507,1,Goosebumps The Game - Nintendo Switch [video game],True
FBA192XM3VMS,B0050SYY5E,1069890528,1,Halo: Combat Evolved Anniversary [video game],False
FBA192XM3VMS,B00GANWVJE,1070280029,1,The Legend of Zelda: A Link Between Worlds [video game],False
FBA192XM3VMS,B0B57TXPTH,1070280031,13,PAC-MAN World Re-PAC - PlayStation 4 [video game],True
FBA192XM3VMS,B097FP294Y,1070280033,3,Aliens Fireteam Elite - PlayStation 5 [video game],True
FBA192XM3VMS,B096WZFCHR,1070280034,1,Marvel’s Guardians of the Galaxy - PlayStation 5 [video game],True
FBA192XM3VMS,B07S5BRQX4,1070280038,7,Killer Queen Black - Nintendo Switch [video game],True
FBA192XM3VMS,B08JJ37XVW,1070280039,1,Monster Hunter Rise - Nintendo Switch Standard Edition [video game],True
FBA192XM3VMS,B0002CHIUQ,1070474312,1,Ace Combat 5: The Unsung War [video game],False
FBA192XM3VMS,B00008KTRS,1070474313,1,Shin Megami Tensei: Digital Devil Saga [video game],True
FBA192XM3VMS,B00005BZC7,1070474314,1,Shrek 2 - PlayStation 2 [video game],True
FBA192XM3VMS,B0002CNUN0,1070474315,1,Tony Hawk's Underground 2 - PlayStation 2 [video game],True
FBA192XM3VMS,B075QLXC7C,1070474316,1,Call Of Duty: Infinite Warfare (PS4) [video game],True
FBA192XM3VMS,B08746VVF1,1070474317,1,The Dark Pictures: Little Hope - PlayStation 4 [video game],True
FBA192XM3VMS,B07DTMGFKG,1070474318,1,WWE 2K19 - PlayStation 4 [video game],True
FBA192XM3VMS,B0BNQS48Q4,1070474319,2,Atomic Heart PS5 [video game],True
FBA192XM3VMS,B0BBXD3P63,1070474320,3,God of Rock (PS5) [video game],True
FBA192XM3VMS,B0BFHY5FCP,1070474321,1,Persona 5 Royal: Steelbook Launch Edition - PlayStation 5 [video game],True
FBA192XM3VMS,B0CNDGN7DL,1070474322,1,Suicide Squad: Kill the Justice League Deluxe Edition - PlayStation 5 [video game],True
FBA192XM3VMS,B071X7QQKZ,1070474323,1,Fire Emblem Warriors - Nintendo Switch [video game],True
FBA192XM3VMS,B0973KMCFG,1070474324,3,Just Dance 2022 - Nintendo Switch [video game],True
FBA192XM3VMS,B07L73DW8M,1070474325,1,Mortal Kombat 11 (Nintendo Switch) [video game],True
FBA192XM3VMS,B08M2CGLLY,1070474326,1,My Universe - Pet Clinic: Cats & Dogs Nintendo Switch [video game],True
FBA192XM3VMS,B07P5TL4SH,1070474327,8,Pokémon Shield - Nintendo Switch [video game],True
FBA192XM3VMS,B071Z6HJQY,1070474328,1,Portal Knights - Nintendo Switch [video game],True
FBA192XM3VMS,B002I0H79C,1070474329,1,Gears of War 3 [video game],False
FBA192XM3VMS,B01GW3LRD2,1070474330,1,Forza Horizon 3 – Xbox One [video game],True
FBA192XM3VMS,B00009VE6E,1070474331,1,Lord of The Rings: The Return of The King [video game],False
FBA192XM3VMS,B07JMHZMX1,1070474332,1,Minecraft – Xbox One [video game],True
FBA192XM3VMS,B01GVN0D1U,1070474333,13,Resident Evil 7 Biohazard (Xbox One) [video game],True
FBA192XM3VMS,B09JTKFSR4,1070474334,1,Skyrim Anniversary Edition - Xbox One [video game],True
FBA192XM3VMS,B07CDSX3Z5,1070474335,1,Spyro Reignited Trilogy - Xbox One [video game],True
FBA192XM3VMS,B0C5S29VWZ,1070474336,5,Mortal Kombat 1 - Xbox Series X [video game],True
FBA192XM3VMS,B00YC7DZ3G,1070474351,1,fifa 16 - Xbox 360 [video game],True
FBA192XM3VMS,B003S2JI6O,JS-1DC1-9X53,1,Wheel of Fortune [video game],True
FBA192XM3VMS,B003S2JI82,OK-7Q67-6J4G,1,Jeopardy - Nintendo Wii [video game],True
FBA192XM3VMS,B00D7UHT0E,QZ-C9CY-Q1FM,2,Just Dance 2014 - Nintendo Wii [video game],True
FBA192XM3VMS,B072JY7NX5,ZU-L43O-EVLC,3,Wolfenstein II: The New Colossus - PlayStation 4 [video game],True
FBA1932C0WHF,B016KAKD7S,1030912249,30,"18"" Bendable Muslin DollNew by: CC",False
FBA1932C0WHF,B06XDN21W5,1031051552,50,Paradise Treasure Trove Brown White Football Coin Piggy Bank Sports Stitching,False
FBA1932C0WHF,B01LDFGIT2,1058619763,30,Livewire Advantage Instrument Cable 10 ft. Black,False
FBA1932C0WHF,B01G2E4DV4,1066393117,30,Birds Choice Oriole Feeder Replacement Cup,False
FBA193S8T5SQ,B000QD7BBM,1032068466,1,Carnival Games - Nintendo Wii [video game],True
FBA193S8T5SQ,B00R9NWEFK,1032068846,1,EA SPORTS Rory McIlroy PGA TOUR - PlayStation 4 [video game],True
FBA193S8T5SQ,B07DL3763M,1032375775,1,NBA Live 19 - PlayStation 4 [video game],True
FBA193S8T5SQ,B00KWF366S,1033469064,1,Yoshi Woolly World [video game],False
FBA193S8T5SQ,B000TPTCR8,1033912576,1,Amf Bowling Pinbusters - Nintendo Wii [video game],True
FBA193S8T5SQ,B008J16AG0,1034379345,1,The Hip Hop Dance Experience - Nintendo Wii [video game],True
FBA193S8T5SQ,B0013E9HP6,1034678931,1,Wii Play [video game],True
FBA193S8T5SQ,B0026FCARI,1036663472,3,Scooby Doo First Frights - Nintendo Wii [video game],True
FBA193S8T5SQ,B01AC3ZE5K,1039657349,1,Nintendo Selects: Super Mario All-Stars - Wii Standard Edition [video game],True
FBA193S8T5SQ,B003LDKIUA,1041266555,2,Pac-Man Party - Nintendo Wii [video game],True
FBA193S8T5SQ,B00ZPTMX60,1041419173,1,Gears of War 4 - Xbox One [video game],True
FBA193S8T5SQ,B003M986Z2,1042711873,1,Hasbro Family Game Night 3 - Nintendo Wii [video game],True
FBA193S8T5SQ,B0053BQU4G,1043024837,1,WWE '12 [video game],False
FBA193S8T5SQ,B00D8IAND0,1043651640,1,Just Dance 2014 - Nintendo Wii U [video game],True
FBA193S8T5SQ,B00ZE360GG,1043651644,1,Just Dance 2016 - Wii [video game],True
FBA193S8T5SQ,B00JUFT1F6,1044306035,1,Dragon Age Inquisition - Standard Edition - PlayStation 4 [video game],True
FBA193S8T5SQ,B00DD0B1R0,1046305632,1,Super Smash Brothers - Nintendo 3DS [video game],True
FBA193S8T5SQ,B075MSL3BV,1047886637,1,ARK: Survival Evolved - Xbox One [video game],True
FBA193S8T5SQ,B075M5MCDF,1049719405,1,Mario Party: The Top 100 - Nintendo 3DS [video game],True
FBA193S8T5SQ,B01N1GRUUC,1051249032,1,"Harmony Good Dog Ceramic Dog Bowl, 6 Cups",False
FBA193S8T5SQ,B01N54QSH6,1052907525,1,"Harmony Good Dog Ceramic Dog Bowl, 3 Cups",False
FBA193S8T5SQ,B07DF43L23,1053914224,1,Starlink Battle for Atlas - Nintendo Switch Starter Edition [video game],True
FBA193S8T5SQ,B08S2Y128Z,1055009413,2,The Last Kids On Earth and the Staff of Doom - PlayStation 4 [video game],True
FBA193S8T5SQ,B075MSRBVC,1058202955,1,MX vs ATV All Out - Xbox One [video game],True
FBA193S8T5SQ,B00SXEONTO,1059471267,1,LEGO Jurassic World - PlayStation 3 [video game],True
FBA193S8T5SQ,B07SK56TM6,1059471790,1,Marvel's Avengers - Xbox One [video game],True
FBA193S8T5SQ,B00FM5IY4W,1063375943,1,Forza Motorsport 5 [video game],False
FBA193S8T5SQ,B00YX0Z40Y,1063376239,1,Call of Duty: Black Ops III - Standard Edition - Xbox 360 [video game],True
FBA193S8T5SQ,B001ABK1LQ,1063376940,1,Guitar Hero World Tour - Playstation 3 (Game only) [video game],True
FBA193S8T5SQ,B08BXGHG48,1065946445,1,NBA 2K21 - Nintendo Switch [video game],True
FBA193S8T5SQ,B00ZJBSCJQ,1066663084,1,South Park: The Fractured but Whole - PlayStation 4 [video game],True
FBA193S8T5SQ,B07X35GXG3,1066663896,1,Disney Classic Games: Aladdin and the Lion for Nintendo Switch [video game],True
FBA193S8T5SQ,B0B92459CC,1067108752,2,Dragon Quest Treasures - Nintendo Switch [video game],True
FBA193S8T5SQ,B09GJP8BPZ,1067108753,2,Fortnite Minty Legends Pack(code in Box) [video game],True
FBA193S8T5SQ,B08GSP1HBM,1067108754,1,"Goosebumps: Dead of Night, Cosmic Forces - Nintendo Switch [video game]",True
FBA193S8T5SQ,B07GMS9P7M,1067108756,1,Party Arcade - Nintendo Switch [video game],True
FBA193S8T5SQ,B003O6E986,1067108762,1,Forza 4 [video game],True
FBA193S8T5SQ,B017V6Y34E,1068329364,1,EA Sports UFC 2 - PlayStation 4 [video game],True
FBA193S8T5SQ,B07HFMJ4R5,1068329410,3,Minecraft: Starter Collection – Xbox One [video game],True
FBA193S8T5SQ,B006ZPAYMI,1068811430,2,Kinect Rush: A Disney Pixar Adventure - Xbox 360 [video game],True
FBA193S8T5SQ,B072MKR1P5,1068811448,1,Forza Motorsport 7 – Standard Edition - Xbox One [video game],True
FBA193S8T5SQ,B0BDT4CQJD,1068811463,1,Fortnite - Anime Legends- PlayStation 4 [video game],True
FBA193S8T5SQ,B0BDT654XQ,1069890474,1,Fortnite - Anime Legends- Xbox Series X [video game],True
FBA193S8T5SQ,B098V87FNX,1069890483,2,Among Us: Crewmate Edition (PS4) - PlayStation 4 [video game],True
FBA193S8T5SQ,B0B359B45Q,1069890493,1,Little League World Series PS4,True
FBA193S8T5SQ,B09ZZ9L123,1069890500,1,Gotham Knights Deluxe Edition – PlayStation 5 [video game],True
FBA193S8T5SQ,B07DPZ1WQ9,1069891414,1,Super Mario Party - [Nintendo Switch] [video game],True
FBA193S8T5SQ,B0053BCMAC,1070280027,1,Paper Mario: Sticker Star [video game],False
FBA193S8T5SQ,B00GANWVJE,1070280029,2,The Legend of Zelda: A Link Between Worlds [video game],False
FBA193S8T5SQ,B0B57TXPTH,1070280031,3,PAC-MAN World Re-PAC - PlayStation 4 [video game],True
FBA193S8T5SQ,B097FP294Y,1070280033,1,Aliens Fireteam Elite - PlayStation 5 [video game],True
FBA193S8T5SQ,B096WZFCHR,1070280034,1,Marvel’s Guardians of the Galaxy - PlayStation 5 [video game],True
FBA193S8T5SQ,B07SMBNTSJ,1070280046,10,Elden Ring - Xbox Series X [video game],True
FBA193S8T5SQ,B0B8JH4CTN,1070280053,3,World of Outlaws Dirt Racing - Standard Edition XBOX Series X [video game],True
FBA193S8T5SQ,B0BBXD3P63,1070474320,1,God of Rock (PS5) [video game],True
FBA193S8T5SQ,B07CDSX3Z5,1070474335,1,Spyro Reignited Trilogy - Xbox One [video game],True
FBA193S8T5SQ,B002I0H1DY,1070625050,1,Castlevania: Lords of Shadow Mirror Fate [video game],False
FBA193S8T5SQ,B000930DQ4,1070625051,3,Harry Potter and the Goblet of Fire - PlayStation 2 [video game],True
FBA193S8T5SQ,B0002IQCSY,1070625052,1,Need for Speed Underground 2 [video game],True
FBA193S8T5SQ,B000FII8KQ,1070625053,8,Tekken 6 [video game],True
FBA193S8T5SQ,B00CXCCI8A,1070625054,1,FIFA 14 - PlayStation 4 [video game],True
FBA193S8T5SQ,B00ZGPJ30M,1070625055,1,Plants vs. Zombies Garden Warfare 2 - PlayStation 4 [video game],True
FBA193S8T5SQ,B01GW8Y17G,1070625056,1,Resident Evil 7 biohazard - PlayStation 4 Standard Edition [video game],True
FBA193S8T5SQ,B0833XB257,1070625057,1,Snowrunner - PlayStation 4 [video game],True
FBA193S8T5SQ,B0C3KRX4X4,1070625058,2,Super Mega Baseball 4 - PlayStation 4 [video game],True
FBA193S8T5SQ,B0CV9PYCVR,1070625059,1,Granblue Fantasy Relink (PlayStation 5) [video game],True
FBA193S8T5SQ,B08LNFTXN4,1070625060,2,Spirit of The North - PlayStation 5 Standard Edition [video game],True
FBA193S8T5SQ,B07TZKVT8W,1070625061,1,Atelier Ryza: Ever Darkness & The Secret Hideout - Nintendo Switch [video game],True
FBA193S8T5SQ,B07TN3KXCJ,1070625062,1,Call of Cthulhu (NSW) - Nintendo Switch [video game],True
FBA193S8T5SQ,B076B97YKL,1070625063,1,Monster Energy Supercross: The Official Videogame - Nintendo Switch [video game],True
FBA193S8T5SQ,B07XV4NHHN,1070625064,1,Ring Fit Adventure - Nintendo Switch,True
FBA193S8T5SQ,B001LJPAAO,1070625065,1,AC/DC Live: Rock Band Track Pack - Nintendo Wii [video game],True
FBA193S8T5SQ,B003N5XSRG,1070625066,1,Guitar Hero: Warriors of Rock Stand-Alone Software - Nintendo Wii [video game],True
FBA193S8T5SQ,B002EZLP4E,1070625067,1,"Press Your Luck, 2010 Edition [video game]",False
FBA193S8T5SQ,B00T57U7V6,1070625068,1,LEGO Marvel's Avengers - Xbox 360 [video game],True
FBA193S8T5SQ,B087XRPCBD,1070625069,1,NASCAR Heat 5 - Xbox One [video game],True
FBA193S8T5SQ,B01B298Q0S,1070625076,1,Teenage Mutant Ninja Turtles: Mutants in Manhattan - Xbox One [video game],True
FBA193S8T5SQ,B0057PERPM,1W-X1O9-BCAM,2,Country Dance 2 - Nintendo Wii [video game],True
FBA193S8T5SQ,B0028ZNWWS,AM-7WM4-C01R,1,Band Hero featuring Taylor Swift - Stand Alone Software - Nintendo Wii [video game],True
FBA193S8T5SQ,B0039XZGXG,GM-FVCC-QX0U,1,WipeOut: The Game [video game],False
FBA193S8T5SQ,B00GLZQR96,HL-H60V-NB97,2,Diablo III: Ultimate Evil Edition - PlayStation 4 [video game],True
FBA193S8T5SQ,B003S2JI6O,JS-1DC1-9X53,1,Wheel of Fortune [video game],True
FBA193S8T5SQ,B06ZY2129H,MF-WPSG-EN2O,1,Miitopia - Nintendo 3DS [video game],True
FBA193S8T5SQ,B003S2JI82,OK-7Q67-6J4G,1,Jeopardy - Nintendo Wii [video game],True
FBA193S8T5SQ,B0056GJVQW,RU-S010-ZVBY,1,Just Dance Summer Party - Nintendo Wii [video game],True
FBA193S8T5SQ,B001B1W3HA,SN-IZTF-EEG6,1,Carnival Games: MiniGolf - Nintendo Wii [video game],True
FBA193S8T5SQ,B072JY7NX5,ZU-L43O-EVLC,1,Wolfenstein II: The New Colossus - PlayStation 4 [video game],True
FBA1954T2D8T,B01N1GRUUC,1051249032,8,"Harmony Good Dog Ceramic Dog Bowl, 6 Cups",False
FBA1954T2D8T,B01N54QSH6,1052907525,15,"Harmony Good Dog Ceramic Dog Bowl, 3 Cups",False
FBA1954T2D8T,B01N03NM02,1058392679,15,"Harmony Good Dog Ceramic Dog Bowl, 1 Cup",False
FBA1954T2D8T,B0BPYW4DDB,1065749622,10,Rustic Pistol Table Lamp – Realistic Novelty Outdoor Lamp – Tabletop Lantern w/ Brushed Black Finish & Gold Detailing – Gun Decorations for Man Cave - Outdoor Torches for Desk Accessories and Decor,False
FBA195N7MQKC,B0C7LTPS41,1070895271,1,Payday 3: Collector's Edition - PlayStation 5,True
FBA195N82J1M,B00DWXV074,1023420581,1,Teenage Mutant Ninja Turtles - Nintendo Wii [video game],True
FBA195N82J1M,B01N157LDC,1028572156,1,Tom Clancy's Rainbow Six Siege Year 2 Gold Edition (Includes Extra Content + Year 2 Pass Subscription) - PlayStation 4 [video game],True
FBA195N82J1M,B00FS2XRIC,1028912086,2,Kingdom Hearts HD 2.5 ReMIX Limited Edition [video game],False
FBA195N82J1M,B07Q219M5D,1029330262,1,Warhammer: Vermintide 2 Deluxe Edition Xbox One - Xbox One [video game],True
FBA195N82J1M,B006D3JT1E,1029788766,2,Tiger Woods PGA TOUR 13 - Playstation 3 [video game],True
FBA195N82J1M,B00KBZHSV8,1029788960,1,WWE 2K15 - PlayStation 4 [video game],True
FBA195N82J1M,B005C7R8I8,1030433117,1,Ultimate Marvel vs Capcom 3 [video game],False
FBA195N82J1M,B002I0K3M0,1036663415,3,Nintendo Land [video game],False
FBA195N82J1M,B0026FCARI,1036663472,1,Scooby Doo First Frights - Nintendo Wii [video game],True
FBA195N82J1M,B0051TLAF4,1036989683,1,LEGO Harry Potter: Years 5-7 - Xbox 360 [video game],True
FBA195N82J1M,B074B5F8LD,1038148525,2,Wolfenstein: The Two-Pack - Xbox One [video game],True
FBA195N82J1M,B00XUZBCEK,1038681778,1,ea sports nhl legacy edition - Xbox 360 [video game],True
FBA195N82J1M,B01GKH5QMI,1039345844,3,FIFA 17 - PlayStation 3 [video game],True
FBA195N82J1M,B01KIH8ADS,1039658340,1,NBA 2K17 Standard Edition - PlayStation 3 [video game],True
FBA195N82J1M,B00YC7ED0K,1041856993,1,FIFA 16 - Standard Edition - PlayStation 3 [video game],True
FBA195N82J1M,B07MTZN8P3,1042884901,7,B07MTZN8P3 AmazonUs/BETH3 [video game],True
FBA195N82J1M,B014N4RTS4,1045692341,2,YO-KAI WATCH - 3DS [video game],True
FBA195N82J1M,B075MSL3BV,1047886637,1,ARK: Survival Evolved - Xbox One [video game],True
FBA195N82J1M,B0131M675K,1048384790,1,Just Dance Disney Party 2 - Wii U Standard Edition [video game],True
FBA195N82J1M,B07DJZB39M,1049720487,1,Kingdom Hearts III - PlayStation 4 Deluxe Edition [video game],True
FBA195N82J1M,B01N1GRUUC,1051249032,1,"Harmony Good Dog Ceramic Dog Bowl, 6 Cups",False
FBA195N82J1M,B01N54QSH6,1052907525,1,"Harmony Good Dog Ceramic Dog Bowl, 3 Cups",False
FBA195N82J1M,B08HTHJ9L2,1053590124,3,Riders Republic PlayStation 4 Standard Edition with free upgrade to the digital PS5 version [video game],True
FBA195N82J1M,B01N4N8NAL,1053747161,1,Nintendo LABO - Robot Kit [video game],False
FBA195N82J1M,B01N03NM02,1058392679,1,"Harmony Good Dog Ceramic Dog Bowl, 1 Cup",False
FBA195N82J1M,B0050SWALO,1063376216,1,Kinect Sports Ultimate Collection [video game],False
FBA195N82J1M,B07X35GXG3,1066663896,1,Disney Classic Games: Aladdin and the Lion for Nintendo Switch [video game],True
FBA195N82J1M,B09GJP8BPZ,1067108753,1,Fortnite Minty Legends Pack(code in Box) [video game],True
FBA195N82J1M,B003UT9XJM,1068002549,1,Game Party: In Motion - Xbox 360 [video game],True
FBA195N82J1M,B00DBF813Y,1068329375,1,Final Fantasy XV - Xbox One [video game],True
FBA195N82J1M,B0C9VW1KGR,1068811444,1,EA SPORTS FC 24 - Nintendo Switch [video game],True
FBA195N82J1M,B017W16ZNA,1068811468,4,Bravely Second: End Layer - Nintendo 3DS [video game],True
FBA195N82J1M,B072NQJCW5,1068811469,1,Call of Duty: WWII - Xbox One Standard Edition [video game],True
FBA195N82J1M,B098V87FNX,1069890483,2,Among Us: Crewmate Edition (PS4) - PlayStation 4 [video game],True
FBA195N82J1M,B002I08WVY,1070280028,1,Tales of the Abyss [video game],False
FBA195N82J1M,B0B57TXPTH,1070280031,1,PAC-MAN World Re-PAC - PlayStation 4 [video game],True
FBA195N82J1M,B07S5BRQX4,1070280038,1,Killer Queen Black - Nintendo Switch [video game],True
FBA195N82J1M,B0B8JH4CTN,1070280053,1,World of Outlaws Dirt Racing - Standard Edition XBOX Series X [video game],True
FBA195N82J1M,B0BBXD3P63,1070474320,1,God of Rock (PS5) [video game],True
FBA195N82J1M,B0BFHY5FCP,1070474321,1,Persona 5 Royal: Steelbook Launch Edition - PlayStation 5 [video game],True
FBA195N82J1M,B07CDSX3Z5,1070474335,2,Spyro Reignited Trilogy - Xbox One [video game],True
FBA195N82J1M,B07TZKVT8W,1070625061,1,Atelier Ryza: Ever Darkness & The Secret Hideout - Nintendo Switch [video game],True
FBA195N82J1M,B08XY46X8V,1070891171,5,KeyWe - Xbox Series X [video game],True
FBA195N82J1M,B09GCQNP2B,1070891172,1,Beyond A Steel Sky: Beyond A SteelBook Edition Nintendo Switch [video game],True
FBA195N82J1M,B08F5VZ32L,1070891173,1,Race With Ryan Road Trip Deluxe Edition Nintendo Switch [video game],True
FBA195N82J1M,B00242KD7W,1070891174,3,Cloudy with a Chance of Meatballs - Sony PSP [video game],True
FBA195N82J1M,B08CGCZTYQ,1070891175,7,Cobra Kai Karate Kid Saga - PS4 - PlayStation 4 [video game],True
FBA195N82J1M,B07ZWBF157,1070891176,1,Doom Slayers Collection - PlayStation 4 Standard Edition [video game],True
FBA195N82J1M,B01GU2V4II,1070891177,1,For Honor: Gold Edition (Includes Extra Content + Season Pass subscription) - PlayStation 4 [video game],True
FBA195N82J1M,B004FUI84G,1070891178,3,Prototype 2 PS3 - PlayStation 3 [video game],True
FBA195N82J1M,B003VJO0OY,1070891179,2,Rapala Pro Bass Fishing 2010 - PlayStation 2 [video game],True
FBA195N82J1M,B000QB05BM,1070891180,1,Mercenaries 2: World in Flames - PC [video game],True
FBA195N82J1M,B0DCMT516X,1070891181,2,Dragon Age: The Veilguard Deluxe - Xbox Series X [video game],True
FBA195N82J1M,B07DKT3WJ2,1070891183,1,Assassin's Creed Odyssey Standard Edition - Xbox One [video game],True
FBA195N82J1M,B072QG6SWN,1070891186,1,FIFA 18 Ronaldo Edition - Xbox One [video game],True
FBA195N82J1M,B0155VB30Y,1070891187,1,Just Dance 2016 (Gold Edition) Xbox One [video game],True
FBA195N82J1M,B071G8WL76,1070891188,1,LEGO Marvel Superheroes 2 Deluxe - Xbox One [video game],True
FBA195N82J1M,B00HD4R5WC,1070891189,1,Metal Gear Solid V: Ground Zeroes - Xbox One Standard Edition [video game],True
FBA195N82J1M,B01M2DAESC,1070891190,1,Naruto Shippuden: Ultimate Ninja Storm 4 Road to Boruto - Xbox One [video game],True
FBA195N82J1M,B07BB4Q8YX,1070891191,1,Shadow of the Tomb Raider (Limited Steelbook Edition) - Xbox One [video game],True
FBA195N82J1M,B075QWP3N3,1070891194,1,Zoo Tycoon: Ultimate Animal Collection - Xbox One [video game],True
FBA195N82J1M,B00BMRR666,1070891195,2,Assassin's Creed IV: Black Flag (Xbox 360) [video game],True
FBA195N82J1M,B00FNNQREC,1070891196,1,Farming Simulator - Xbox 360 [video game],True
FBA195N82J1M,B00GMFKYH6,1070891198,1,Middle Earth: Shadow of Mordor - Xbox 360 [video game],True
FBA195N82J1M,B002I0K2YO,1070891201,2,Darksiders II [video game],False
FBA195N82J1M,B00337KBZG,1070891202,1,How To Train Your Dragon - Nintendo Wii [video game],True
FBA195N82J1M,B005EW6BU2,1070891203,1,Monster High: Ghoul Spirit - Nintendo Wii [video game],True
FBA195N82J1M,B00114XU4M,1070891204,1,Incredible Hulk [video game],True
FBA195N82J1M,B002CZ7P04,1070891205,1,Walk It Out - Nintendo Wii [video game],True
FBA195N82J1M,B08DWJDY9S,1070891206,2,Atelier Ryza 2: Lost Legends & The Secret Fairy - Nintendo Switch [video game],True
FBA195N82J1M,B0D18YSQG9,1070891207,1,Farming Simulator Kids (Code in Box) - Nintendo Switch [video game],True
FBA195N82J1M,B07FYN3JDL,1070891208,1,Nintendo Labo Toy-Con 03: Vehicle Kit - Switch,True
FBA195N82J1M,B0009Z3LGQ,1070891210,2,Namco Museum Battle Collection [video game],True
FBA195N82J1M,B000AAZC08,1070891211,1,Star Wars Battlefront II (Greatest Hits) - Sony PSP [video game],True
FBA195N82J1M,B0BZS6N2GV,1070891212,1,NOOB: The Factionless (PS5) [video game],True
FBA195N82J1M,B0D18WVLL1,1070891214,1,"Star Wars Outlaws - Gold Edition, PlayStation 5 [video game]",True
FBA195N82J1M,B09NZBP951,1070891215,4,Vampire: The Masquerade - Swansong (PS5) [video game],True
FBA195N82J1M,B074ZQ9F4S,1070891216,1,Dissidia Final Fantasy NT Steelbook Brawler Edition - PlayStation 4 [video game],True
FBA195N82J1M,B01HDJFJLK,1070891217,1,Farming Simulator 17 - PlayStation 4 [video game],True
FBA195N82J1M,B01GU2V4HO,1070891218,1,For Honor: Deluxe Edition (Includes Extra Content) - PlayStation 4 [video game],True
FBA195N82J1M,B07L69TMY4,1070891219,1,Judgment - PlayStation 4 [video game],True
FBA195N82J1M,B07D77HYR5,1070891220,8,Madden NFL 19 - PlayStation 4 [video game],True
FBA195N82J1M,B072Q6X3WW,1070891221,1,Need for Speed Payback Deluxe Edition - PlayStation 4 [video game],True
FBA195N82J1M,B09RQ79V7R,1070891222,1,Sifu: Vengeance Edition (PS4) [video game],True
FBA195N82J1M,B07G8SYSDS,1070891223,1,Tom Clancy's The Division 2 - PlayStation 4 Gold Steelbook Edition [video game],True
FBA195N82J1M,B008J16AH4,1070891225,1,Angry Birds Trilogy - Playstation 3 [video game],True
FBA195N82J1M,B00ECL58XM,1070891226,1,Cabela's African Adventures - PlayStation 3 [video game],True
FBA195N82J1M,B00I9UVY30,1070891227,20,EA Sports 2014 FIFA World Cup Brazil - PlayStation 3 [video game],True
FBA195N82J1M,B0058SHNF4,1070891228,4,Just Dance Kids 2 - Playstation 3 [video game],True
FBA195N82J1M,B0083RDTA0,1070891230,1,NASCAR The Game: Inside Line - Playstation 3 [video game],True
FBA195N82J1M,B0030GBU2I,1070891232,15,Prince of Persia: The Forgotten Sands - Playstation 3 [video game],True
FBA195N82J1M,B0053BSOD6,1070891233,1,UFC Undisputed 3 [video game],False
FBA195N82J1M,B002ARW2CA,1070891234,2,Rock Band: Country Track Pack [video game],True
FBA195N82J1M,B000QB059Y,1070891235,1,The Simpsons Game [video game],False
FBA195N82J1M,B000TEJFK8,1070891236,1,Tony Hawk's Proving Ground - PlayStation 2 [video game],True
FBA195N82J1M,B00BMFIXZG,1070891237,1,Assassin's Creed IV Black Flag - PC [video game],True
FBA195N82J1M,B0045ZB66I,1070891238,1,Dragon Age Origins: Ultimate Edition - PC [video game],True
FBA195N82J1M,B0050SZ980,1070891239,1,Mass Effect Trilogy - PC [video game],True
FBA195N82J1M,B0038TT8QM,1070891240,2,Sid Meier's Civilization V - PC [video game],True
FBA195N82J1M,B0000C0YW2,1070891241,1,SimCity 4 Deluxe Edition - PC [video game],True
FBA195N82J1M,B002SKDIKE,1070891242,1,The Stronghold Collection - PC [video game],True
FBA195N82J1M,B00KVL0SIM,1070891243,1,Tom Clancy's The Division - PC [video game],True
FBA195N82J1M,B001QRWE14,1070891244,1,Transformers: Revenge of the Fallen - PC [video game],True
FBA195N82J1M,B009716CFK,1070891245,1,Activision Skylanders Giants 3 Pack Sonic Boom Sprocket Stump Smash [video game],False
FBA195N82J1M,B00CSLJ1L8,1070891246,4,Pac-Man and the Ghostly Adventures - Nintendo 3DS [video game],True
FBA195N82J1M,B0088MVP4M,1070895315,1,LEGO Lord of the Rings - Nintendo Wii [video game],True
FBA195N82J1M,B004XV9EWW,1070895340,1,Mario & Sonic at the London 2012 Olympic Games [video game],False
FBA195N82J1M,B003IE9V28,1070895353,1,Marvel vs. Capcom 3: Fate of Two Worlds - Xbox 360 [video game],True
FBA195N82J1M,B00KAEION6,7D-C9F6-D83B,1,Diablo III: Ultimate Evil Edition - Xbox One [video game],True
FBA195N82J1M,B0037TPGJG,G9-FLYH-60TO,1,Brunswick Pro Bowling (Requires Kinect) - Xbox 360 [video game],True
FBA195N82J1M,B00ECL590O,HM-A463-08AB,1,Cabela's African Adventures - Xbox 360 [video game],True
FBA195N82J1M,B00DHF39KS,RI-PBEM-71IY,1,Wolfenstein: The New Order - PlayStation 4 [video game],True
FBA195N82J1M,B071WPL1L8,SL-PUBB-W1F6,3,The Evil Within 2 - PlayStation 4 [video game],True
FBA195N82J1M,B00K2O54V4,ST-6IIK-MCII,1,The Walking Dead: The Complete First Season - PlayStation 4 [video game],True
FBA195N82J1M,B0047TG2R0,XP-1MMM-CBWR,1,Dragon Age 2 - Xbox 360 [video game],True
FBA195N82J1M,B007MM9E2E,XV-CDLD-C9FB,1,Disney Epic Mickey 2: The Power of Two - Playstation 3 [video game],True
FBA195N82J1M,B008J16AHE,ZP-HLLU-IBWF,1,The Hip Hop Dance Experience - Xbox 360 [video game],True
FBA196VBNQDT,B0012DS470,1071047150,1,Lego Indiana Jones: The Original Adventures [video game],False
FBA196VBNQDT,B00MU1YEZY,1037517086,1,Call of Duty: Advanced Warfare - PlayStation 4 [video game],True
FBA196VBNQDT,B00006F2ZS,1071047155,1,Dance Dance Revolution DDR Max [video game],True
FBA196VBNQDT,B07NBDYK99,1071047161,2,A Plague Tale: Innocence (PS4) - PlayStation 4 [video game],True
FBA196VBNQDT,B0009350BC,1071047174,1,Harry Potter: Goblet of Fire - Sony PSP [video game],True
FBA196VBNQDT,B07DLM26P5,1038682427,1,Anthem: Legion of Dawn Edition - Xbox One [video game],True
FBA196VBNQDT,B0050SYW1U,1071047181,2,The Adventures Of Tintin: The Game - Xbox 360 [video game],True
FBA196VBNQDT,B08LX14TGL,1071047189,2,Dying Light Anniversary Edition - Xbox One [video game],True
FBA196VBNQDT,B08DSYRT33,1071047190,4,Power Rangers: Battle for the Grid Collector's Edition (XB1) - Xbox One [video game],True
FBA196VBNQDT,B07D767FMV,1056263378,1,Battlefield V - PlayStation 4 [video game],True
FBA196VBNQDT,B07MTZN8P3,1042884901,1,B07MTZN8P3 AmazonUs/BETH3 [video game],True
FBA196VBNQDT,B0038TT8QM,1070891240,2,Sid Meier's Civilization V - PC [video game],True
FBA196VBNQDT,B0051TLAF4,1036989683,1,LEGO Harry Potter: Years 5-7 - Xbox 360 [video game],True
FBA196VBNQDT,B002I0IHIM,1071047148,1,Assassin's Creed Revelations - PC [video game],True
FBA196VBNQDT,B072JZB85B,1071047165,1,FIFA 18 (PS4) [video game],True
FBA196VBNQDT,B07WX729QC,1071047167,1,Let's Sing Country: 2-Mic Bundle Edition - PlayStation 4 [video game],True
FBA196VBNQDT,B086CSWT12,1071047177,1,The Wonderful 101: Remastered - Nintendo Switch [video game],True
FBA196VBNQDT,B07THWLT73,1042456740,1,NBA 2K20 Nintendo Switch [video game],True
FBA196VBNQDT,B00T57U7V6,1070625068,1,LEGO Marvel's Avengers - Xbox 360 [video game],True
FBA196VBNQDT,B001DO3NEW,1038680538,1,Wii Music [video game],True
FBA196VBNQDT,B07B9QZYMZ,1071047149,2,Crash Bandicoot N. Sane Trilogy - PC Standard Edition [video game],True
FBA196VBNQDT,B001B8Y0CE,1071047151,1,The Price is Right - PC [video game],True
FBA196VBNQDT,B0054U4A4I,1071047188,2,STAR WARS: THE FORCE UNLEASHED II XBOX (XBOX 360) [video game],True
FBA196VBNQDT,B08NDYPWK7,1056263472,1,DEATHLOOP Standard Edition - PlayStation 5 [video game],True
FBA196VBNQDT,B096WZFCHR,1070280034,2,Marvel’s Guardians of the Galaxy - PlayStation 5 [video game],True
FBA196VBNQDT,B0CTKX44NG,1069286305,1,MLB The Show 24 - Nintendo Switch [video game],True
FBA196VBNQDT,B071FZ9WXZ,Z2-0JKU-6VCI,1,Just Dance 2018 - Xbox 360 [video game],True
FBA196VBNQDT,B07HBFM7T6,1071047160,1,8 to Glory - PlayStation 4 [video game],True
FBA196VBNQDT,B07GVWXRBP,1069890507,1,Goosebumps The Game - Nintendo Switch [video game],True
FBA196VBNQDT,B09RSG6JBK,1071047172,1,Ghostwire: Tokyo Deluxe Edition - PlayStation 5 [video game],True
FBA196VBNQDT,B08GR4QMC9,1068002510,1,Call of Duty: Black Ops Cold War - PlayStation 4 Standard Edition [video game],True
FBA196VBNQDT,B00D8S4GLK,1034678424,1,Just Dance 2014 [video game],False
FBA196VBNQDT,B01K63R7HY,1071047164,1,Destiny The Collection - PlayStation 4 Standard Edition [video game],True
FBA196VBNQDT,B003AMOK9M,1071047154,1,The Sims 3: Ambitions [video game],False
FBA196VBNQDT,B005VBVQDI,1071047158,1,Devil May Cry HD Collection - Playstation 3 [video game],True
FBA196VBNQDT,B0045ZB66I,1070891238,1,Dragon Age Origins: Ultimate Edition - PC [video game],True
FBA196VBNQDT,B008QLUS16,1071047153,1,The Sims 3 Plus Seasons [video game],False
FBA196VBNQDT,B00ZMBLKPG,1070280049,1,Gears of War: Ultimate Edition – Xbox One [video game],True
FBA196VBNQDT,B0037TPGHI,1071047157,1,Brunswick Pro Bowling [video game],True
FBA196VBNQDT,B001QRWE14,1070891244,3,Transformers: Revenge of the Fallen - PC [video game],True
FBA196VBNQDT,B07VYFV84L,1049390505,2,WWE 2K20 - Xbox One [video game],True
FBA196VBNQDT,B01AC3ZD06,1048894668,1,Nintendo Selects: Super Mario 3D World - Wii U Standard Edition [video game],True
FBA196VBNQDT,B0088I7KYU,1029050576,5,Injustice: Gods Among Us - Xbox 360 [video game],True
FBA196VBNQDT,B007V9NHMQ,1071047193,1,007 Legends - Playstation 3 [video game],True
FBA196VBNQDT,B002GPPPS4,1071047183,1,Castlevania Lords of Shadow [video game],False
FBA196VBNQDT,B01N9QA6LY,1071047166,1,LEGO City Undercover - PlayStation 4 [video game],True
FBA196VBNQDT,B07RQ1JYNF,1071047171,1,World War Z PS4 (PS4) [video game],True
FBA196VBNQDT,B00DNGQTG2,1068329379,1,Zumba Fitness World Party - Xbox One [video game],True
FBA196VBNQDT,B002CZ7P04,1070891205,1,Walk It Out - Nintendo Wii [video game],True
FBA196VBNQDT,B0BT49JLWM,1071047162,1,Maximum Games - Afterimage: Deluxe Edition (PS4) [video game],True
FBA196VBNQDT,B008E6ZYCQ,1071047180,1,Wipeout 3 - Nintendo Wii [video game],True
FBA196VBNQDT,B0087OXXGY,1071047186,1,Harry Potter for Kinect - Xbox 360 [video game],True
FBA196VBNQDT,B07DJZB39M,1049720487,2,Kingdom Hearts III - PlayStation 4 Deluxe Edition [video game],True
FBA196VBNQDT,B071G5JJDW,1035764639,1,Monster Hunter: World - Xbox One Standard Edition [video game],True
FBA196VBNQDT,B001CLG6RM,36-1RA6-VMJR,4,ULTIMATE I SPY WII [video game],True
FBA196VBNQDT,B098Y96VKP,1068329369,11,NBA 2K22 - Nintendo Switch [video game],True
FBA196VBNQDT,B08MG5FYS6,1064186282,2,Hitman 3 - PlayStation 5 Standard Edition [video game],True
FBA196VBNQDT,B07DD7T1CS,1043649621,1,Just Dance 2019 - PlayStation 4 Standard Edition [video game],True
FBA196VBNQDT,B000X44XTM,1071047179,1,Sega Bass Fishing - Wii [video game],True
FBA196VBNQDT,B00YC7ED0K,1041856993,1,FIFA 16 - Standard Edition - PlayStation 3 [video game],True
FBA196VBNQDT,B0052VPDMM,1071047184,1,Family Game Night 4: The Game Show - Xbox 360 [video game],True
FBA196VBNQDT,B071Z6HJQY,1070474328,1,Portal Knights - Nintendo Switch [video game],True
FBA196VBNQDT,B0CBCN5CRM,1071047173,1,NBA 2K24 Black Mamba Edition - PlayStation 5 [video game],True
FBA196VBNQDT,B074B2CB6G,1071047170,1,Wolfenstein: The Two-Pack - PlayStation 4 [video game],True
FBA196VBNQDT,B01GW8Y9SM,1071047194,2,Prey - PlayStation 4 [video game],True
FBA196VBNQDT,B006ZPAYMI,1068811430,1,Kinect Rush: A Disney Pixar Adventure - Xbox 360 [video game],True
FBA196VBNQDT,B003O6E3C8,1027773885,1,Portal 2 - Playstation 3 [video game],True
FBA196VBNQDT,B09D6QWQHD,1071047208,1,Call of Duty: Vanguard [video game],False
FBA196VBNQDT,B00ECL590O,HM-A463-08AB,1,Cabela's African Adventures - Xbox 360 [video game],True
FBA196VBNQDT,B00YC7DZ3G,1070474351,1,fifa 16 - Xbox 360 [video game],True
FBA196VBNQDT,B000WPY4OG,1071047187,1,NCAA March Madness 08 - Xbox 360 [video game],True
FBA196VBNQDT,B0009WPZPY,1069286297,1,Mortal Kombat Unchained - Sony PSP [video game],True
FBA196VBNQDT,B07XGW61PX,1063375936,1,Plants Vs. Zombies: Battle for Neighborville - Xbox One [video game],True
FBA196VBNQDT,B072JY7NX5,ZU-L43O-EVLC,1,Wolfenstein II: The New Colossus - PlayStation 4 [video game],True
FBA196VBNQDT,B001OC6D9U,1071047156,3,Monsters vs. Aliens - PlayStation 2 [Video Game] Activision Inc,True
FBA196VBNQDT,B002SRP9VI,1071047152,1,Sniper: Ghost Warrior - PC [video game],True
FBA196VBNQDT,B071L89ZGC,KZ-EFEA-O4WE,1,Madden NFL 18: G.O.A.T. Edition - Xbox One [video game],True
FBA196VBNQDT,B003VJJRK6,1071047169,1,Rapala Pro Bass Fishing 2010 - Xbox 360 [video game],True
FBA196VBNQDT,B082LQ4Q9Y,1068329377,1,Resident Evil 3 - Xbox One [video game],True
FBA196VBNQDT,B097FP294Y,1070280033,2,Aliens Fireteam Elite - PlayStation 5 [video game],True
FBA196VBNQDT,B0C9VW1KGR,1068811444,2,EA SPORTS FC 24 - Nintendo Switch [video game],True
FBA196VBNQDT,B0B8JH4CTN,1070280053,1,World of Outlaws Dirt Racing - Standard Edition XBOX Series X [video game],True
FBA196VBNQDT,B0167HR2OG,1071047182,3,Borderlands Triple Pack - Xbox 360 [video game],True
FBA196VBNQDT,B008HHTEE6,1071047178,1,Cabela's Hunting Expeditions - Nintendo Wii [video game],True
FBA196VBNQDT,B000CPKIT6,1071047191,1,Command and Conquer the First Decade [video game],False
FBA196VBNQDT,B08DD5559K,1057774272,1,Minecraft Dungeons: Hero Edition – Xbox Series X & Xbox One [video game],True
FBA196VBNQDT,B004FUI84G,1070891178,1,Prototype 2 PS3 - PlayStation 3 [video game],True
FBA196VBNQDT,B008J16AG0,1034379345,1,The Hip Hop Dance Experience - Nintendo Wii [video game],True
FBA196VBNQDT,B00UA55LDQ,1071047185,1,Farming Simulator 15 - Xbox 360 [video game],True
FBA196VBNQDT,B003RS8I92,27-WE7T-PDQ5,1,Rock Band 3 [video game],True
FBA196VBNQDT,B082QKS6ZG,1037691433,1,Fast & Furious Crossroads - PlayStation 4 [video game],True
FBA196VBNQDT,B0018RWMRS,1030268125,1,Game Party 2 - Nintendo Wii [video game],True
FBA196VBNQDT,B07L69TMY4,1070891219,3,Judgment - PlayStation 4 [video game],True
FBA196VBNQDT,B00KLMOY4K,1048220574,1,Plants vs Zombies Garden Warfare(Online Play Required) - PlayStation 4 [video game],True
FBA196VBNQDT,B091DBFGWF,1071047176,19,RBI BASEBALL 21 NINTENDO SWITCH - NINTENDO SWITCH [video game],True
FBA196VBNQDT,B096TBJC6Z,1071047168,1,Paw Patrol The Movie Adventure City Calls - PlayStation 4 [video game],True
FBA196VBNQDT,B0B94THZRT,1065946220,5,Dead Island 2: Day 1 Edition - PlayStation 5 [video game],True
FBA197KFC6S3,B001F03MY0,1071133136,2,Rock Band Track Pack: Vol. 2 - PlayStation 2 [video game],True
FBA197KFC6S3,B000MTF072,1071133138,1,Surfs Up - Playstation 3 [video game],True
FBA197KFC6S3,B07CDSX3Z5,1070474335,3,Spyro Reignited Trilogy - Xbox One [video game],True
FBA197KFC6S3,B071ZZZ3K9,1029330145,1,FIFA 18 Standard Edition - PlayStation 4 [video game],True
FBA197KFC6S3,B002I0HCNI,95-62BV-7O06,1,Kinect Star Wars - Xbox 360 [video game],True
FBA197KFC6S3,B0048C8VKM,1023501391,1,NASCAR The Game 2011 - Xbox 360 [video game],True
FBA197KFC6S3,B09Q3Q893F,1071133144,6,Monster Energy Supercross 5 - PlayStation 5 [video game],True
FBA197KFC6S3,B077ZNDMST,1071133146,1,Wolfenstein II: The New Colossus - Nintendo Switch [video game],True
FBA197KFC6S3,B0051TLC9I,1071133134,1,LEGO Harry Potter: Years 5-7 - Nintendo 3DS [video game],True
FBA197KFC6S3,B01IW7Z67E,1070280026,1,Nintendo Selects: Luigi's Mansion: Dark Moon - Nintendo 3DS [video game],True
FBA197KFC6S3,B0088I8M0Q,QD-SLDH-ZFD2,1,Just Dance: Disney Party XBOX 360 [video game],True
FBA197KFC6S3,B098V87FNX,1069890483,1,Among Us: Crewmate Edition (PS4) - PlayStation 4 [video game],True
FBA197KFC6S3,B07J5PD8ZM,1029328757,2,Monster Energy Supercross – The Official Videogame 2 Day One Edition [video game],False
FBA197KFC6S3,B01JY2YLHW,1071133155,1,Vikings - Wolves of Midgard - Xbox One [video game],True
FBA197KFC6S3,B08S2Y128Z,1055009413,1,The Last Kids On Earth and the Staff of Doom - PlayStation 4 [video game],True
FBA197KFC6S3,B071G5JJDW,1035764639,1,Monster Hunter: World - Xbox One Standard Edition [video game],True
FBA197KFC6S3,B00CD90R72,1071133160,1,FIFA 14 - Playstation 3 [video game],True
FBA197KFC6S3,B08YJXP2P3,1071133148,2,Monster Harvest - Nintendo Switch Standard Edition [video game],True
FBA197KFC6S3,B09YMGZC96,1071133149,1,art of rally collector's edition - Nintendo Switch [video game],True
FBA197KFC6S3,B01E6239QY,1049720080,3,NBA 2K17 - Early Tip Off Edition - Xbox One [video game],True
FBA197KFC6S3,B01CVS3424,1071133140,1,Ghostbusters - PlayStation 4 [video game],True
FBA197KFC6S3,B072JY7NX5,ZU-L43O-EVLC,1,Wolfenstein II: The New Colossus - PlayStation 4 [video game],True
FBA197KFC6S3,B07DLVKWNH,1071133718,1,Anthem: Legion of Dawn Edition - PlayStation 4 [video game],True
FBA197KFC6S3,B0053BQU4G,1043024837,1,WWE '12 [video game],False
FBA197KFC6S3,B001IX4CMK,1071047159,1,Trivial Pursuit - Playstation 3 [video game],True
FBA197KFC6S3,B0BBXD3P63,1070474320,1,God of Rock (PS5) [video game],True
FBA197KFC6S3,B01GOK4FX2,G1-OVCC-U1L5,1,NHL 17 Deluxe Edition - PlayStation 4 [video game],True
FBA197KFC6S3,B0C1L7D6FW,1071133142,2,Minecraft Legends - Deluxe Edition PlayStation 4 [video game],True
FBA197KFC6S3,B0037TPGJG,G9-FLYH-60TO,1,Brunswick Pro Bowling (Requires Kinect) - Xbox 360 [video game],True
FBA197KFC6S3,B087XTT5GZ,1053590162,4,Assassin’s Creed Valhalla PlayStation 4 Standard Edition with Free Upgrade to the Digital PS5 Version [video game],True
FBA197KFC6S3,B07NZVN8T7,1059738979,1,World War Z - PlayStation 4 [video game],True
FBA197KFC6S3,B07QQ8W3HG,1063375781,1,Star Wars Jedi: Fallen Order - Xbox One [video game],True
FBA197KFC6S3,B07VWCR94W,1033469061,1,WWE 2K20 - PlayStation 4 [video game],True
FBA197KFC6S3,B001DO3NEW,1038680538,3,Wii Music [video game],True
FBA197KFC6S3,B0060ZN5T2,1044972247,6,NEW Just Dance 3 Wii (Videogame Software) [video game],True
FBA197KFC6S3,B07S5BRQX4,1070280038,1,Killer Queen Black - Nintendo Switch [video game],True
FBA197KFC6S3,B09GCPH2HR,1071133143,2,Beyond A Steel Sky: Beyond A SteelBook Edition (PS5) [video game],True
FBA197KFC6S3,B0794QSXP5,1071133179,2,Dragon Ball Fighterz - Xbox One [video game],True
FBA197KFC6S3,B00YO2PQZE,1071133154,1,Toy Soldiers: War Chest Hall of Fame Edition - Xbox One Standard Edition [video game],True
FBA197KFC6S3,B07ZWBF157,1070891176,2,Doom Slayers Collection - PlayStation 4 Standard Edition [video game],True
FBA197KFC6S3,B0018RWMRS,1030268125,1,Game Party 2 - Nintendo Wii [video game],True
FBA197KFC6S3,B014N4RTS4,1045692341,1,YO-KAI WATCH - 3DS [video game],True
FBA197KFC6S3,B000R3BN42,1071133145,1,Thrillville: Off the Rails [video game],False
FBA197KFC6S3,B00FM5IY4W,1063375943,1,Forza Motorsport 5 [video game],False
FBA197KFC6S3,B003S2JI6O,JS-1DC1-9X53,2,Wheel of Fortune [video game],True
FBA197KFC6S3,B01AC3ZD06,1048894668,1,Nintendo Selects: Super Mario 3D World - Wii U Standard Edition [video game],True
FBA197KFC6S3,B0C4V8CL2N,1071047163,1,Agatha Christie: Hercule Poirot - The London Case (PS4) [video game],True
FBA197KFC6S3,B00NGXUBR0,1071133139,1,Assassin's Creed: The Americas Collection - PlayStation 3 Standard Edition [video game],True
FBA197KFC6S3,B07X35GXG3,1066663896,1,Disney Classic Games: Aladdin and the Lion for Nintendo Switch [video game],True
FBA197KFC6S3,B0C7RNTFLY,1071133150,1,"Just Dance 2024 Edition - Standard Edition, Nintendo Switch (Code in Box & Ubisoft Connect Code) [video game]",True
FBA197KFC6S3,B01F84ZHMI,1063376545,1,Madden NFL 17 - Standard Edition - PlayStation 4 [video game],True
FBA197KFC6S3,B07D8KZ5NK,1069890497,1,Team Sonic Racing - PlayStation 4 [video game],True
FBA197KFC6S3,B013KZ3P2G,GI-KHHZ-LSSM,2,Far Cry 4 Complete Edition - Xbox One [video game],True
FBA197KFC6S3,B001AZ7RJ6,1071133152,1,Command & Conquer: Red Alert 3 [video game],True
FBA197KFC6S3,B08CGDMP2Z,1037856648,1,Cobra Kai Karate Kid Saga - One - Xbox One [video game],True
FBA197KFC6S3,B07MTZN8P3,1042884901,2,B07MTZN8P3 AmazonUs/BETH3 [video game],True
FBA197KFC6S3,B002BS47YE,1071133135,1,Crysis 2 - PC [video game],True
FBA197KFC6S3,B00006F2ZS,1071047155,1,Dance Dance Revolution DDR Max [video game],True
FBA197KFC6S3,B07YFF2KWG,1061145216,1,The Sims 4 Plus Island Living Bundle - PlayStation 4 [video game],True
FBA197KFC6S3,B08MXTDGN6,1068329361,2,Mass Effect Legendary Edition - PlayStation 4 [video game],True
FBA197KFC6S3,B003S2QS12,1071133151,1,WWE All Stars - Nintendo Wii [video game],True
FBA197KFC6S3,B09GCQNP2B,1070891172,1,Beyond A Steel Sky: Beyond A SteelBook Edition Nintendo Switch [video game],True
FBA197KFC6S3,B008E6ZXXG,1071133153,1,Toy Story Mania for Xbox 360 Kinect [video game],True
FBA197KFC6S3,B00KVL0SIM,1070891243,1,Tom Clancy's The Division - PC [video game],True
FBA197KFC6S3,B002912SN0,1071133137,3,Bakugan - PlayStation 2 [video game],True
FBA197KFC6S3,B07F3ZDD83,1071133147,5,Carnival Games (Nintendo Switch) [video game],True
FBA197KFC6S3,B0086V5TVU,1033866223,1,Just Dance 4 - Playstation 3 [video game],True
FBA197KFC6S3,B01GWGX7TG,1038148705,1,Just Dance 2017 - Xbox 360 [video game],True
FBA197KFC6S3,B00SVVUOGU,1048894444,2,Forza Motorsport 6 – Xbox One [video game],True
FBA197KFC6S3,B00YC7ED0K,1041856993,2,FIFA 16 - Standard Edition - PlayStation 3 [video game],True
FBA197KFC6S3,B07DQ43VFQ,1041419281,3,NBA 2K19 - Nintendo Switch [video game],True
FBA197KFC6S3,B000CPKIT6,1071047191,1,Command and Conquer the First Decade [video game],False
FBA197KFC6S3,B0058SHNF4,1070891228,1,Just Dance Kids 2 - Playstation 3 [video game],True
FBA197SVNSVG,B01N54QSH6,1052907525,15,"Harmony Good Dog Ceramic Dog Bowl, 3 Cups",False
FBA197SVNSVG,B01N03NM02,1058392679,4,"Harmony Good Dog Ceramic Dog Bowl, 1 Cup",False
FBA197SVNSVG,B01N1GRUUC,1051249032,12,"Harmony Good Dog Ceramic Dog Bowl, 6 Cups",False
FBA197SVNSVG,B0BPYW4DDB,1065749622,10,Rustic Pistol Table Lamp – Realistic Novelty Outdoor Lamp – Tabletop Lantern w/ Brushed Black Finish & Gold Detailing – Gun Decorations for Man Cave - Outdoor Torches for Desk Accessories and Decor,False
FBA197SVNSVG,B01N54QSH6,1052907525,5,"Harmony Good Dog Ceramic Dog Bowl, 3 Cups",False
FBA197SVNSVG,B01N1GRUUC,1051249032,7,"Harmony Good Dog Ceramic Dog Bowl, 6 Cups",False
FBA197SVNSVG,B01N03NM02,1058392679,6,"Harmony Good Dog Ceramic Dog Bowl, 1 Cup",False
FBA198NXJD7N,B071X7QQKZ,1070474323,1,Fire Emblem Warriors - Nintendo Switch [video game],True
FBA198NXJD7N,B003VKLA8C,1071283711,1,Bakugan Battle Brawlers: Defenders of the Core - Playstation 3 [video game],True
FBA198NXJD7N,B072JZ7HJR,1071283713,1,FIFA 18 Legacy Edition (PS3) [video game],True
FBA198NXJD7N,B0051TLAZ4,1043651512,7,LEGO Harry Potter: Years 5-7 - Playstation 3 [video game],True
FBA198NXJD7N,B08WWHTM61,1071283727,1,DC Super Hero Girls: Teen Power - Nintendo Switch [video game],True
FBA198NXJD7N,B00CSLJ1L8,1070891246,1,Pac-Man and the Ghostly Adventures - Nintendo 3DS [video game],True
FBA198NXJD7N,B00242KD7W,1070891174,1,Cloudy with a Chance of Meatballs - Sony PSP [video game],True
FBA198NXJD7N,B0B1P1SGVG,1071283728,2,DEEEER Simulator: Your Average Everyday Deer Game Nintendo Switch [video game],True
FBA198NXJD7N,B081HFQLF8,1071283729,1,My Friend Pedro [video game],False
FBA198NXJD7N,B000NJDKA0,1071283724,2,Shrek The Third - Sony PSP [video game],True
FBA198NXJD7N,B017W16ZNA,1068811468,1,Bravely Second: End Layer - Nintendo 3DS [video game],True
FBA198NXJD7N,B098Y96VKP,1068329369,1,NBA 2K22 - Nintendo Switch [video game],True
FBA198NXJD7N,B00PB9LZQI,1071283702,1,The Legend of Zelda: Majora's Mask 3D [video game],False
FBA198NXJD7N,B00SXEONXK,1051885016,2,LEGO Jurassic World - Nintendo 3DS [video game],True
FBA198NXJD7N,B003C1I06U,1065946212,1,Batman: Arkham Asylum (Game of the Year Edition) - Playstation 3 [video game],True
FBA198NXJD7N,B08JDTR143,1071283725,3,Balan Wonderworld - Nintendo Switch [video game],True
FBA198NXJD7N,B0C8VHKLTM,1071283730,5,Persona 5 Tactica - Nintendo Switch [video game],True
FBA198NXJD7N,B0CTKX44NG,1069286305,10,MLB The Show 24 - Nintendo Switch [video game],True
FBA198NXJD7N,B014N4RTS4,1045692341,1,YO-KAI WATCH - 3DS [video game],True
FBA198NXJD7N,B003KMJ90C,1071283715,1,Monopoly Streets - Playstation 3 [video game],True
FBA198NXJD7N,B004FUI84G,1070891178,1,Prototype 2 PS3 - PlayStation 3 [video game],True
FBA198NXJD7N,B0166QDR9W,1071283712,1,Borderlands Triple Pack - PlayStation 3 [video game],True
FBA198NXJD7N,B09GJP8BPZ,1067108753,1,Fortnite Minty Legends Pack(code in Box) [video game],True
FBA198NXJD7N,B00YC7ED0K,1041856993,2,FIFA 16 - Standard Edition - PlayStation 3 [video game],True
FBA198NXJD7N,B0014FMHDS,1071283714,2,Kung Fu Panda - Playstation 3 [video game],True
FBA198NXJD7N,B07DQ43VFQ,1041419281,2,NBA 2K19 - Nintendo Switch [video game],True
FBA198NXJD7N,B0B94THZRT,1065946220,2,Dead Island 2: Day 1 Edition - PlayStation 5 [video game],True
FBA198NXJD7N,B002BRYXRQ,1071283704,1,Left 4 Dead 2 [video game],True
FBA198NXJD7N,B08X8NTNYY,1064185632,1,Tony Hawk Pro Skater 1+2 - Xbox Series X Standard Edition [video game],True
FBA198NXJD7N,B003S2JI6O,JS-1DC1-9X53,1,Wheel of Fortune [video game],True
FBA198NXJD7N,B07DLSQFL8,1068811425,1,Hitman 2 - PlayStation 4 [video game],True
FBA198NXJD7N,B0050SY5BM,1042137741,2,Medal of Honor Warfighter - Xbox 360 [video game],True
FBA198NXJD7N,B09NQHJ272,1071283718,3,Five Nights at Freddy's: Security Breach (PS4) [video game],True
FBA198NXJD7N,B00ECOBFA4,1071283740,1,The LEGO Movie Videogame - Xbox 360 Standard Edition [video game],True
FBA198NXJD7N,B004J30X4W,1028571437,2,Country Dance Wii [video game],True
FBA198NXJD7N,B071Y1RXHG,1064185802,1,Star Wars Battlefront II - Xbox One [video game],True
FBA198NXJD7N,B00K1JBLO4,1033822335,1,NBA 2K15 - PlayStation 4 [video game],True
FBA198NXJD7N,B08PTJ26ND,1071283751,2,Monster Energy Supercross 4 - Xbox One [video game],True
FBA198NXJD7N,B09Q6TZT15,1068811426,1,WWE 2K22 - PlayStation 4 [video game],True
FBA198NXJD7N,B008BERGYU,1037516891,2,Zumba Fitness Core (Street 10/16) [video game],False
FBA198NXJD7N,B0D187B79W,1071283759,1,"Star Wars Outlaws - Gold Edition, Xbox Series X [video game]",True
FBA198NXJD7N,B00ZPT59YS,1045151360,1,Sea of Thieves: Standard Edition – Xbox One [video game],True
FBA198NXJD7N,B08GR2SCLF,1071283722,3,Puyo Puyo Tetris 2: Launch Edition - PlayStation 5 [video game],True
FBA198NXJD7N,B002I0K3M0,1036663415,4,Nintendo Land [video game],False
FBA198NXJD7N,B0794QSXP5,1071133179,1,Dragon Ball Fighterz - Xbox One [video game],True
FBA198NXJD7N,B08C7DV96B,1071283745,1,Chivalry 2 - Xbox One [video game],True
FBA198NXJD7N,B002I0HEI6,V0-WD35-QK7L,1,Sonic Free Riders - Xbox 360 [video game],True
FBA198NXJD7N,B096WZFCHR,1070280034,5,Marvel’s Guardians of the Galaxy - PlayStation 5 [video game],True
FBA198NXJD7N,B07D767FMV,1056263378,1,Battlefield V - PlayStation 4 [video game],True
FBA198NXJD7N,B002E1M632,1071283738,1,WWE SmackDown vs. Raw 2010 - Nintendo Wii [video game],True
FBA198NXJD7N,B001IX4CM0,1071290895,1,Trivial Pursuit - Nintendo Wii [video game],True
FBA198NXJD7N,B002EWD04A,1071283732,1,Family Feud: 2010 Edition [video game],False
FBA198NXJD7N,B00VU4J8YY,1047009622,1,Call of Duty: Black Ops III - Standard Edition - Xbox One [video game],True
FBA198NXJD7N,B00CMQTTZ2,1071283754,1,Quantum Break – Xbox One [video game],True
FBA198NXJD7N,B00GLZQR96,HL-H60V-NB97,1,Diablo III: Ultimate Evil Edition - PlayStation 4 [video game],True
FBA198NXJD7N,B09YD56K12,1071283723,3,Way of the Hunter - PlayStation 5 [video game],True
FBA198NXJD7N,B075QWP3N3,1070891194,1,Zoo Tycoon: Ultimate Animal Collection - Xbox One [video game],True
FBA198NXJD7N,B08MG4PK68,1071283749,6,Hitman 3 - Xbox One Standard Edition [video game],True
FBA198NXJD7N,B00CMQTUCE,1071283750,1,Kinect Sports: Rivals - Xbox One [video game],True
FBA198NXJD7N,B00C4PCCL4,1071283705,2,The Sims 3 Expansion Bundle - PC/Mac [video game],True
FBA198NXJD7N,B01HTRJFGQ,1048220694,2,NBA 2K17 Standard Edition - PlayStation 4 [video game],True
FBA198NXJD7N,B0C2F82HSS,1071283752,4,Paleo Pines: The Dino Valley (XSX) [video game],False
FBA198NXJD7N,B01F84ZHMI,1063376545,2,Madden NFL 17 - Standard Edition - PlayStation 4 [video game],True
FBA198NXJD7N,B07G8SYY97,1071283756,1,Tom Clancy's The Division 2 - Xbox One Gold Steelbook Edition [video game],True
FBA198NXJD7N,B0787NN56S,1070280050,1,Street Fighter 30th Anniversary Collection - Xbox One Standard Edition [video game],True
FBA198NXJD7N,B000TP2V30,1071283734,1,Mx Vs ATV Untamed - Nintendo Wii [video game],True
FBA198NXJD7N,B002I0K50U,1071283739,1,Hitman: Absolution [video game],False
FBA198NXJD7N,B07DLM26P5,1038682427,1,Anthem: Legion of Dawn Edition - Xbox One [video game],True
FBA198NXJD7N,B00CXCCI8A,1070625054,1,FIFA 14 - PlayStation 4 [video game],True
FBA198NXJD7N,B00CXCCH1I,1033469053,1,UFC [video game],True
FBA198NXJD7N,B003XIXV5M,1023340967,1,Marvel Super Hero Squad The Infinity Gauntlet - Nintendo Wii [video game],True
FBA198NXJD7N,B001D8PFIK,1044639018,1,Sonic and the Black Knight - Nintendo Wii [video game],True
FBA198NXJD7N,B08NDYPWK7,1056263472,3,DEATHLOOP Standard Edition - PlayStation 5 [video game],True
FBA198NXJD7N,B00E9GQ3WK,VQ-4B6A-L2VA,1,Wipeout: Create & Crash - Xbox 360 [video game],True
FBA198NXJD7N,B00498RQEW,1071290871,1,You Don't Know Jack [video game],False
FBA198NXJD7N,B001DO3NEW,1038680538,7,Wii Music [video game],True
FBA198NXJD7N,B0B94XBQZ6,1071283757,2,Dead Island 2: Day 1 Edition - Xbox Series X [video game],True
FBA198NXJD7N,B071WPL1L8,SL-PUBB-W1F6,1,The Evil Within 2 - PlayStation 4 [video game],True
FBA198NXJD7N,B01GW8Y9SM,1071047194,1,Prey - PlayStation 4 [video game],True
FBA198NXJD7N,B09D643D8F,1064901190,1,Call of Duty: Vanguard [video game],True
FBA198NXJD7N,B096TBJC6Z,1071047168,2,Paw Patrol The Movie Adventure City Calls - PlayStation 4 [video game],True
FBA198NXJD7N,B01HDJFJLK,1070891217,1,Farming Simulator 17 - PlayStation 4 [video game],True
FBA198NXJD7N,B07DXBLL69,1071283746,1,Dead or Alive 6 - Xbox One [video game],True
FBA198NXJD7N,B001AVOJ50,1071283703,1,Harry Potter and the Half Blood Prince - PC [video game],True
FBA198NXJD7N,B074B5F8LD,1038148525,1,Wolfenstein: The Two-Pack - Xbox One [video game],True
FBA198NXJD7N,B003XE3F5W,1071283735,1,New Carnival Games Bundle with Wii Motion Plus [video game],True
FBA198NXJD7N,B0036KRP5O,1071283741,2,Shrek Forever After - Xbox 360 [video game],True
FBA198NXJD7N,B07VWCR94W,1033469061,4,WWE 2K20 - PlayStation 4 [video game],True
FBA198NXJD7N,B001LJPAAO,1070625065,3,AC/DC Live: Rock Band Track Pack - Nintendo Wii [video game],True
FBA198NXJD7N,B0009W8QQE,1071283707,1,Tiger Woods PGA Tour 2006 - PC [video game],True
FBA198NXJD7N,B000CPKIT6,1071047191,1,Command and Conquer the First Decade [video game],False
FBA198NXJD7N,B0B6JQHB4P,1063376893,1,FIFA 23 - PlayStation 4 [video game],True
FBA198NXJD7N,B005GM3JEQ,1071283737,1,Wipeout 2 - Nintendo Wii [video game],True
FBA198NXJD7N,B07ZWBF157,1070891176,1,Doom Slayers Collection - PlayStation 4 Standard Edition [video game],True
FBA198NXJD7N,B001QRWE28,1071283736,1,Transformers: Revenge of the Fallen - Nintendo Wii [video game],True
FBA198NXJD7N,B07MTZN8P3,1042884901,2,B07MTZN8P3 AmazonUs/BETH3 [video game],True
FBA198NXJD7N,B00A39IEMY,1071283706,2,The Sims 3 University Life [video game],False
FBA198NXJD7N,B08XRM361M,1052572801,1,Hot Wheels Unleashed - Xbox One [video game],True
FBA198NXJD7N,B07J5PD8ZM,1029328757,3,Monster Energy Supercross – The Official Videogame 2 Day One Edition [video game],False
FBA198NXJD7N,B0BBXD3P63,1070474320,1,God of Rock (PS5) [video game],True
FBA198NXJD7N,B008E6ZYCQ,1071047180,2,Wipeout 3 - Nintendo Wii [video game],True
FBA198NXJD7N,B0018RWMRS,1030268125,2,Game Party 2 - Nintendo Wii [video game],True
FBA198NXJD7N,B000SFK0L6,1071283731,1,Cabelas Big Game Hunter [video game],False
FBA198NXJD7N,B089F8R1CZ,1040614930,2,FIFA 21 Champions Edition - PlayStation 4 [video game],True
FBA198NXJD7N,B00ZE3619W,1071283719,1,Just Dance 2016 - PlayStation 4 [video game],True
FBA198NXJD7N,B071FZ9WY1,1039659165,1,Just Dance 2018 - PlayStation 4 [video game],True
FBA198NXJD7N,B09JDS2YBT,1071283726,1,Beyond A Steel Sky: Utopia Edition Nintendo Switch [video game],True
FBA198NXJD7N,B003HO0RPE,1029492962,1,Deal or No Deal Special Edition - Nintendo Wii [video game],True
FBA198NXJD7N,B00FF5KWQW,1068329371,1,Angry Birds: Star Wars - Xbox One [video game],True
FBA198NXJD7N,B0CTKWX9PW,1071283758,1,MLB The Show 24 - Xbox Series X (For Series X only) [video game],True
FBA198NXJD7N,B000X44XTM,1071047179,2,Sega Bass Fishing - Wii [video game],True
FBA198NXJD7N,B08S2Y128Z,1055009413,3,The Last Kids On Earth and the Staff of Doom - PlayStation 4 [video game],True
FBA198NXJD7N,B0721JX2WR,1071283717,1,The Evil Within 2 - PS4 [video game],True
FBA198NXJD7N,B098V87FNX,1069890483,2,Among Us: Crewmate Edition (PS4) - PlayStation 4 [video game],True
FBA198NXJD7N,B00GMFKYH6,1070891198,1,Middle Earth: Shadow of Mordor - Xbox 360 [video game],True
FBA198NXJD7N,B072JY7NX5,ZU-L43O-EVLC,1,Wolfenstein II: The New Colossus - PlayStation 4 [video game],True
FBA198NXJD7N,B003LDKIQ4,1071283733,1,Go Vacation - Nintendo Wii [video game],True
FBA198NXJD7N,B00ZJBSW2S,1063375686,1,TrackMania Turbo - Xbox One [video game],True
FBA198NXJD7N,B000GVYYFK,1071283710,1,History Channel: Civil War: A Nation Divided - PlayStation 2 [video game],True
FBA198NXJD7N,B078HH451K,1071283716,1,Adventure Time: Pirates of the Enchiridion - PlayStation 4 Edition [video game],True
FBA198NXJD7N,B00ZPTMX60,1041419173,1,Gears of War 4 - Xbox One [video game],True
FBA198NXJD7N,B00DNGQTG2,1068329379,2,Zumba Fitness World Party - Xbox One [video game],True
FBA198NXJD7N,B07DJY4FRP,1045507690,3,Gears 5: Standard Edition – Xbox One [video game],True
FBA198NXJD7N,B000RHZJIO,1071283709,1,FIFA 08 - PlayStation 2 [video game],True
FBA198NXJD7N,B00DB9JV5W,1071283747,1,Halo 5: Guardians – Xbox One [video game],True
FBA198NXJD7N,B08PTHJNK7,1071283720,2,Monster Energy Supercross 4 - PlayStation 4 [video game],True
FBA198NXJD7N,B07NZVN8T7,1059738979,1,World War Z - PlayStation 4 [video game],True
FBA198NXJD7N,B00SXEOOHU,1042711537,2,LEGO Jurassic World - Xbox 360 Standard Edition [video game],True
FBA198NXJD7N,B08MXTDGN6,1068329361,1,Mass Effect Legendary Edition - PlayStation 4 [video game],True
FBA198NXJD7N,B006ZPAYMI,1068811430,5,Kinect Rush: A Disney Pixar Adventure - Xbox 360 [video game],True
FBA198NXJD7N,B07KTFL61P,1071283744,1,Bendy and the Ink Machine (XB1) - Xbox One [video game],True
FBA198NXJD7N,B00XR3YBFW,1071283742,4,WWE 2K16 - Xbox 360 [video game],True
FBA198NXJD7N,B0CVSJ1JVC,1071283721,1,Elden Ring Shadow of the Erdtree - PlayStation 5 [video game],True
FBA198NXJD7N,B002912SN0,1071133137,1,Bakugan - PlayStation 2 [video game],True
FBA198NXJD7N,B003UT9XJM,1068002549,3,Game Party: In Motion - Xbox 360 [video game],True
FBA198NXJD7N,B01JCUNNA2,1071287921,1,Darksiders: Warmastered Edition - Xbox One [video game],True
FBA198NXJD7N,B003OZZJGS,1028571739,1,Gold's Gym Dance Workout - Nintendo Wii [video game],True
FBA198NXJD7N,B0C1YQ4JPV,1071283755,1,Super Bomberman R 2 - Xbox Series X|Xbox One [video game],True
FBA198NXJD7N,B09CQQ7T2L,1071283748,1,Halo Infinite - Xbox Series X & Xbox One [video game],True
FBA198NXJD7N,B0042GW7CC,1045509207,1,Namco Museum Megamix [video game],False
FBA198NXJD7N,B00X87MH0I,1068811437,1,Assassin’s Creed Syndicate - Xbox One [video game],True
FBA198NXJD7N,B000TEJFK8,1070891236,2,Tony Hawk's Proving Ground - PlayStation 2 [video game],True
FBA198NXJD7N,B0050SX3KG,1071290903,1,Rayman Origins [video game],False
FBA198NXJD7N,B00WOK8YX4,VI-S22X-ODGM,1,Middle Earth: Shadow of Mordor Game of the Year - PlayStation 4 [video game],True
FBA198NXJD7N,B00KL4PNWA,1071283743,1,Alien: Isolation - Nostromo Edition (Xbox One) [video game],True
FBA198NXJD7N,B0028ZNWZK,1071283708,1,Band Hero Stand Alone Software - PlayStation 2 [video game],True
FBA199D5JYNB,B08MG5FYS6,1064186282,1,Hitman 3 - PlayStation 5 Standard Edition [video game],True
FBA199D5JYNB,B006ZPAYMI,1068811430,1,Kinect Rush: A Disney Pixar Adventure - Xbox 360 [video game],True
FBA199D5JYNB,B0057PERPM,1W-X1O9-BCAM,1,Country Dance 2 - Nintendo Wii [video game],True
FBA199D5JYNB,B001IX4CM0,1071290895,1,Trivial Pursuit - Nintendo Wii [video game],True
FBA199D5JYNB,B075MSRBVC,1058202955,2,MX vs ATV All Out - Xbox One [video game],True
FBA199D5JYNB,B001KX504C,VL-TTRP-1QSB,1,Gold's Gym Cardio Workout - Nintendo Wii [video game],True
FBA199D5JYNB,B00DWXV074,1023420581,1,Teenage Mutant Ninja Turtles - Nintendo Wii [video game],True
FBA199D5JYNB,B0050SZE2G,1071379573,1,Far Cry 3 - PC [video game],True
FBA199D5JYNB,B0037TPGJG,G9-FLYH-60TO,1,Brunswick Pro Bowling (Requires Kinect) - Xbox 360 [video game],True
FBA199D5JYNB,B0D84WF76Z,1071379593,1,The Grinch Christmas Adventures - Nintendo Switch [video game],True
FBA199D5JYNB,B000QJLQCQ,1071379596,1,Pinball Hall of Fame: The Williams Collection - Nintendo Wii [video game],True
FBA199D5JYNB,B001YI0Z2U,1030900137,1,Bayonetta - Xbox 360 [video game],True
FBA199D5JYNB,B081W4X9RW,1071379582,1,Persona 5 Royal: Phantom Thieves [video game],False
FBA199D5JYNB,B071FK2WRT,1071379583,1,Pro Evolution Soccer 2018 - PlayStation 4 Standard Edition [video game],True
FBA199D5JYNB,B003DNH95K,1071379600,1,Lord of the Rings: War in the North - Xbox 360 [video game],True
FBA199D5JYNB,B0C7SM1W4K,1071379585,1,"Avatar: Frontiers of Pandora - Limited Edition, PlayStation 5 [video game]",True
FBA199D5JYNB,B08DD5559K,1057774272,2,Minecraft Dungeons: Hero Edition – Xbox Series X & Xbox One [video game],True
FBA199D5JYNB,B075MSL3BV,1047886637,1,ARK: Survival Evolved - Xbox One [video game],True
FBA199D5JYNB,B07D9QWSG1,1048719896,3,Overwatch Legendary Edition - PlayStation 4 [video game],True
FBA199D5JYNB,B08C7PWNFV,1071379577,2,Chivalry 2 - PlayStation 4 [video game],True
FBA199D5JYNB,B01AC3ZD06,1048894668,3,Nintendo Selects: Super Mario 3D World - Wii U Standard Edition [video game],True
FBA199D5JYNB,B000HGOHWO,1028572185,1,Tom Clancy's Rainbow Six Vegas - Playstation 3 [video game],True
FBA199D5JYNB,B00WOK8YX4,VI-S22X-ODGM,1,Middle Earth: Shadow of Mordor Game of the Year - PlayStation 4 [video game],True
FBA199D5JYNB,B00D8S4GNS,1035888642,1,Just Dance 2014 - Xbox 360 [video game],True
FBA199D5JYNB,B00160JRSE,1071379590,1,Tiger Woods PGA Tour 09 - Sony PSP [video game],True
FBA199D5JYNB,B01GW8Y9SM,1071047194,2,Prey - PlayStation 4 [video game],True
FBA199D5JYNB,B07DFDK2V7,1071379602,1,LEGO DC Super-Villains Deluxe Edition - Xbox One [video game],True
FBA199D5JYNB,B002I0HEI6,V0-WD35-QK7L,1,Sonic Free Riders - Xbox 360 [video game],True
FBA199D5JYNB,B00KLMOY4K,1048220574,1,Plants vs Zombies Garden Warfare(Online Play Required) - PlayStation 4 [video game],True
FBA199D5JYNB,B000TPTCR8,1033912576,1,Amf Bowling Pinbusters - Nintendo Wii [video game],True
FBA199D5JYNB,B08PTJ26ND,1071283751,9,Monster Energy Supercross 4 - Xbox One [video game],True
FBA199D5JYNB,B015HAL2OA,1071379578,1,Kingdom Hearts HD 2.8 Final Chapter Prologue - PlayStation 4 [video game],True
FBA199D5JYNB,B0050SYZ2G,1068811467,2,Kinect Sports Season Two [video game],False
FBA199D5JYNB,B08JDTR143,1071283725,1,Balan Wonderworld - Nintendo Switch [video game],True
FBA199D5JYNB,B0014FMHDS,1071283714,1,Kung Fu Panda - Playstation 3 [video game],True
FBA199D5JYNB,B000N4MSAS,1030433257,1,Brothers In Arms: Hell's Highway - Playstation 3 [video game],True
FBA199D5JYNB,B0060ZN5T2,1044972247,2,NEW Just Dance 3 Wii (Videogame Software) [video game],True
FBA199D5JYNB,B007T86T4C,1024534207,1,Hitman: Absolution (Professional Edition) -Xbox 360 [video game],True
FBA199D5JYNB,B071Z6HJQY,1070474328,1,Portal Knights - Nintendo Switch [video game],True
FBA199D5JYNB,B07DLSQFL8,1068811425,6,Hitman 2 - PlayStation 4 [video game],True
FBA199D5JYNB,B08DWJDY9S,1070891206,2,Atelier Ryza 2: Lost Legends & The Secret Fairy - Nintendo Switch [video game],True
FBA199D5JYNB,B071WPL1L8,SL-PUBB-W1F6,1,The Evil Within 2 - PlayStation 4 [video game],True
FBA199D5JYNB,B0131M671Y,1048719624,1,Just Dance Disney Party 2 - Xbox 360 Standard Edition [video game],True
FBA199D5JYNB,B002I08ESA,1047005450,1,Madden NFL 11 - Nintendo Wii [video game],True
FBA199D5JYNB,B09D643D8F,1064901190,1,Call of Duty: Vanguard [video game],True
FBA199D5JYNB,B0088I86SO,1041418978,2,Just Dance 4 - Nintendo Wii U [video game],True
FBA199D5JYNB,B001DO3NEW,1038680538,2,Wii Music [video game],True
FBA199D5JYNB,B07DJY4FRP,1045507690,2,Gears 5: Standard Edition – Xbox One [video game],True
FBA199D5JYNB,B00YX0Z3XW,1071379574,1,Call of Duty: Black Ops III - Multiplayer Edition - PlayStation 3 [video game],True
FBA199D5JYNB,B0042GW7CC,1045509207,1,Namco Museum Megamix [video game],False
FBA199D5JYNB,B0086V5TVU,1033866223,1,Just Dance 4 - Playstation 3 [video game],True
FBA199D5JYNB,B003QWI21S,1071379594,1,New Carnival Games - Nintendo Wii [video game],True
FBA199D5JYNB,B002C7RBPQ,1071379589,1,NBA 2K10 - Sony PSP [video game],True
FBA199D5JYNB,B096WZFCHR,1070280034,2,Marvel’s Guardians of the Galaxy - PlayStation 5 [video game],True
FBA199D5JYNB,B002ABZDMM,XU-64X3-LS9C,1,Star Wars The Clone Wars: Republic Heroes - Playstation 3 [video game],True
FBA199D5JYNB,B000S1L000,1071379598,1,Ultimate Board Game Collection - Nintendo Wii [video game],True
FBA199D5JYNB,B00JXDJTOS,1071379576,1,PAC-MAN and the Ghostly Adventures 2 - PlayStation 3 [video game],True
FBA199D5JYNB,B001LJPAAO,1070625065,3,AC/DC Live: Rock Band Track Pack - Nintendo Wii [video game],True
FBA199D5JYNB,B08MG4PK68,1071283749,1,Hitman 3 - Xbox One Standard Edition [video game],True
FBA199D5JYNB,B087XTT5GZ,1053590162,1,Assassin’s Creed Valhalla PlayStation 4 Standard Edition with Free Upgrade to the Digital PS5 Version [video game],True
FBA199D5JYNB,B00MU1YEYU,1037516548,1,Call of Duty: Advanced Warfare - PlayStation 3 [video game],True
FBA199D5JYNB,B002K9VIAU,1036989393,1,Game Party 3 - Nintendo Wii [video game],True
FBA199D5JYNB,B01N03NM02,1058392679,1,"Harmony Good Dog Ceramic Dog Bowl, 1 Cup",False
FBA199D5JYNB,B0BSNX28Y4,1068811441,2,Minecraft Legends Deluxe Edition: Xbox Series X and Xbox One [video game],True
FBA199D5JYNB,B00CSLJ1L8,1070891246,1,Pac-Man and the Ghostly Adventures - Nintendo 3DS [video game],True
FBA199D5JYNB,B08JDTJ9V5,1071379592,2,Fitness Boxing 2: Rhythm & Exercise - Nintendo Switch [video game],True
FBA199D5JYNB,B002I0H2G0,1071379575,1,Hitman: Absolution - Playstation 3 [video game],True
FBA199D5JYNB,B074NJWFXH,1071379581,1,NBA LIVE 18: The One Edition - PlayStation 4 [video game],True
FBA199D5JYNB,B0C7PN2L5V,1068811427,11,Starfield: Standard Edition - Xbox Series X [video game],True
FBA199D5JYNB,B0794QSXP5,1071133179,3,Dragon Ball Fighterz - Xbox One [video game],True
FBA199D5JYNB,B07HFMJ4R5,1068329410,6,Minecraft: Starter Collection – Xbox One [video game],True
FBA199D5JYNB,B096TBJC6Z,1071047168,1,Paw Patrol The Movie Adventure City Calls - PlayStation 4 [video game],True
FBA199D5JYNB,B000CEXDVW,1071379599,1,Blazing Angels Squadrons of WWII - Xbox 360 [video game],True
FBA199D5JYNB,B00D3RBZHY,1068811423,1,Need for Speed: Rivals [video game],True
FBA199D5JYNB,B00GLZQR96,HL-H60V-NB97,1,Diablo III: Ultimate Evil Edition - PlayStation 4 [video game],True
FBA199D5JYNB,B003ZUWLYU,1071379595,1,Family Feud Decades - Nintendo Wii [video game],True
FBA199D5JYNB,B0D3P668DV,1071379579,1,Madden NFL 25 - PlayStation 4 [video game],True
FBA199D5JYNB,B0B2KSPC2W,1064186103,2,Madden NFL 23 – PlayStation 4 [video game],True
FBA199D5JYNB,B09FCXXGT5,1068811453,1,Big Brain Academy: Brain vs. Brain - Nintendo Switch [video game],True
FBA199D5JYNB,B07BHHDTL4,1071379584,1,Sonic Mania Plus - PlayStation 4 [video game],True
FBA199D5JYNB,B00ZE3619W,1071283719,1,Just Dance 2016 - PlayStation 4 [video game],True
FBA199D5JYNB,B08FS6BB8W,1071379586,1,Far Cry 6 PlayStation 5 Standard Edition [video game],True
FBA199D5JYNB,B08JJ37XVW,1070280039,10,Monster Hunter Rise - Nintendo Switch Standard Edition [video game],True
FBA199D5JYNB,B00ZMBLKPG,1070280049,1,Gears of War: Ultimate Edition – Xbox One [video game],True
FBA199D5JYNB,B00182QCXS,1034679220,1,DEAL OR NO DEAL WII [video game],True
FBA199D5JYNB,B002I0KOSI,1071379572,1,BioShock Infinite - PC [video game],True
FBA199D5JYNB,B00X87MH0I,1068811437,1,Assassin’s Creed Syndicate - Xbox One [video game],True
FBA199D5JYNB,B0CW1NRMPZ,1071379604,2,MX vs ATV Legends - 2024 Monster Energy Supercross Edition - Xbox Seris X [video game],True
FBA199D5JYNB,B07RT6NN3M,1052397580,1,Race with Ryan - Nintendo Switch [video game],True
FBA199D5JYNB,B087XRPCBD,1070625069,1,NASCAR Heat 5 - Xbox One [video game],True
FBA199D5JYNB,B00NGXUBR0,1071133139,1,Assassin's Creed: The Americas Collection - PlayStation 3 Standard Edition [video game],True
FBA199D5JYNB,B07D8KQJ8J,1029788236,1,Battlefield V Deluxe Edition - PlayStation 4 [video game],True
FBA199D5JYNB,B00SXEONXK,1051885016,1,LEGO Jurassic World - Nintendo 3DS [video game],True
FBA199D5JYNB,B06WWF1N6M,1032601832,1,Middle-Earth: Shadow Of War Gold Edition - Xbox One [video game],True
FBA199D5JYNB,B0038TT8QM,1070891240,1,Sid Meier's Civilization V - PC [video game],True
FBA199D5JYNB,B08HDPKQTN,1071379591,1,Bubble Bobble 4 Friends - The Baron Is Back! - Nintendo Switch Edition [video game],True
FBA199D5JYNB,B09MZQ84SR,1071379587,1,GRID Legends (PS5),True
FBA199D5JYNB,B0051TLAZ4,1043651512,1,LEGO Harry Potter: Years 5-7 - Playstation 3 [video game],True
FBA199D5JYNB,B0051TLAF4,1036989683,1,LEGO Harry Potter: Years 5-7 - Xbox 360 [video game],True
FBA199D5JYNB,B00YC7ED0K,1041856993,1,FIFA 16 - Standard Edition - PlayStation 3 [video game],True
FBA199D5JYNB,B01BXAFRU8,1071379603,1,Tales from the Borderlands - Xbox One [video game],True
FBA199D5JYNB,B00I19TXNC,1039024293,1,Alien: Isolation - PlayStation 4 Standard Edition [video game],True
FBA199D5JYNB,B0B9H39Q9Q,1071379588,2,Miraculous: Rise of the Sphinx - PlayStation 5 [video game],True
FBA199D5JYNB,B003UT9XJM,1068002549,1,Game Party: In Motion - Xbox 360 [video game],True
FBA199D5JYNB,B09GCXZKBZ,1071379580,12,My Universe: Puppies and Kittens - PlayStation 4 [video game],True
FBA19B4P1VRJ,B0050SYYEK,DL-GWVW-9XVQ,1,Dance Central 2 - Xbox 360 [video game],True
FBA19B4P1VRJ,B07PBKLFWV,1071453883,2,Trine Ultimate Collection (PS4) - PlayStation 4 [video game],True
FBA19B4P1VRJ,B07F3ZDD83,1071133147,2,Carnival Games (Nintendo Switch) [video game],True
FBA19B4P1VRJ,B09GJP8BPZ,1067108753,25,Fortnite Minty Legends Pack(code in Box) [video game],True
FBA19B4P1VRJ,B08JDTJ9V5,1071379592,1,Fitness Boxing 2: Rhythm & Exercise - Nintendo Switch [video game],True
FBA19B4P1VRJ,B008DNUXA8,1071453891,2,Wreck-It Ralph - Nintendo Wii [video game],True
FBA19B4P1VRJ,B07CDSX3Z5,1070474335,1,Spyro Reignited Trilogy - Xbox One [video game],True
FBA19B4P1VRJ,B081472NC7,1054556750,2,Sea of Thieves: Anniversary Edition – Xbox One [video game],True
FBA19B4P1VRJ,B09W39YNQV,1071453888,4,Teenage Mutant Ninja Turtles Cowabunga Collection NSW [video game],False
FBA19B4P1VRJ,B001KAMZ8E,1071453876,1,AC/DC Live: Rock Band Track Pack - Playstation 3 [video game],True
FBA19B4P1VRJ,B0C6NLXMB8,1071453880,1,Madden NFL 24 - PlayStation 4 [video game],True
FBA19B4P1VRJ,B095ZS64GT,1071453896,1,Sonic Colors Ultimate: Launch Edition - Xbox Series X [video game],True
FBA19B4P1VRJ,B000QD7BBM,1032068466,1,Carnival Games - Nintendo Wii [video game],True
FBA19B4P1VRJ,B0794QSXP5,1071133179,1,Dragon Ball Fighterz - Xbox One [video game],True
FBA19B4P1VRJ,B08WWHTM61,1071283727,7,DC Super Hero Girls: Teen Power - Nintendo Switch [video game],True
FBA19B4P1VRJ,B01GW8Y9SM,1071047194,1,Prey - PlayStation 4 [video game],True
FBA19B4P1VRJ,B089CY37LB,1045849236,4,Madden NFL 21 MVP Edition - PlayStation 4 [video game],True
FBA19B4P1VRJ,B01JCV1QGE,1071453903,1,Dead Rising [video game],True
FBA19B4P1VRJ,B00D8IAND0,1043651640,1,Just Dance 2014 - Nintendo Wii U [video game],True
FBA19B4P1VRJ,B0057PERPM,1W-X1O9-BCAM,1,Country Dance 2 - Nintendo Wii [video game],True
FBA19B4P1VRJ,B00CMQTUCE,1071283750,1,Kinect Sports: Rivals - Xbox One [video game],True
FBA19B4P1VRJ,B00CD90R72,1071133160,6,FIFA 14 - Playstation 3 [video game],True
FBA19B4P1VRJ,B08CGCZTYQ,1070891175,6,Cobra Kai Karate Kid Saga - PS4 - PlayStation 4 [video game],True
FBA19B4P1VRJ,B00DWXV074,1023420581,1,Teenage Mutant Ninja Turtles - Nintendo Wii [video game],True
FBA19B4P1VRJ,B072MK1CL1,1068329355,1,Code Vein - PlayStation 4 [video game],True
FBA19B4P1VRJ,B0018RWMRS,1030268125,1,Game Party 2 - Nintendo Wii [video game],True
FBA19B4P1VRJ,B002K9VIAU,1036989393,1,Game Party 3 - Nintendo Wii [video game],True
FBA19B4P1VRJ,B09S65Q9XV,1071453881,7,SONY Interactive Entertainment PS4 MLB The Show 22 Standard English PlayStation 4 [video game],True
FBA19B4P1VRJ,B09NZ3K9RT,1071453884,1,Vampire: The Masquerade - Swansong (PS4) [video game],True
FBA19B4P1VRJ,B00IGH1LJ8,1071453892,1,Transformers Rise of the Dark Spark - Wii U [video game],True
FBA19B4P1VRJ,B097PJX3Z9,1065946896,1,Shin Megami Tensei V: Steelbook Launch Edition - Nintendo Switch [video game],True
FBA19B4P1VRJ,B000P0SETO,1035888955,2,Madden NFL 08 - Playstation 3 [video game],True
FBA19B4P1VRJ,B013KZ3P2G,GI-KHHZ-LSSM,1,Far Cry 4 Complete Edition - Xbox One [video game],True
FBA19B4P1VRJ,B003O6E986,1067108762,1,Forza 4 [video game],True
FBA19B4P1VRJ,B01CVS3424,1071133140,1,Ghostbusters - PlayStation 4 [video game],True
FBA19B4P1VRJ,B083N38FMT,1071454094,1,Sonic Mania - Nintendo Switch [video game],True
FBA19B4P1VRJ,B073VY62G9,1029789841,1,Minecraft: Story Mode - Season 2 - Xbox One Standard Edition [video game],True
FBA19B4P1VRJ,B0051TLAZ4,1043651512,4,LEGO Harry Potter: Years 5-7 - Playstation 3 [video game],True
FBA19B4P1VRJ,B000PS4XB4,1071453877,1,Blazing Angels 2: Secret Missions of WWII - Playstation 3 [video game],True
FBA19B4P1VRJ,B01IW7Z746,1033468979,1,Nintendo Selects: Nintendo Land - Wii U [video game],True
FBA19B4P1VRJ,B003QWI21S,1071379594,1,New Carnival Games - Nintendo Wii [video game],True
FBA19B4P1VRJ,B084B1HT8F,1071453879,1,Dragon Quest Builders - PlayStation 4 [video game],True
FBA19B4P1VRJ,B0013E9HP6,1034678931,1,Wii Play [video game],True
FBA19B4P1VRJ,B072JY7NX5,ZU-L43O-EVLC,1,Wolfenstein II: The New Colossus - PlayStation 4 [video game],True
FBA19B4P1VRJ,B01JCUV50W,1071453893,1,"Dead Rising 2 - Xbox One, Standard Edition [video game]",True
FBA19B4P1VRJ,B072MKR1P5,1068811448,1,Forza Motorsport 7 – Standard Edition - Xbox One [video game],True
FBA19B4P1VRJ,B004BXAL0G,1071453875,8,Major League Baseball 2K11 - PlayStation 2 [video game],True
FBA19B4P1VRJ,B07YZ4QVZY,1068949078,8,Sniper Ghost Warrior: Contracts PS4 [video game],True
FBA19B4P1VRJ,B01GKGVIDK,1026856831,1,Titanfall 2 Deluxe Edition - PlayStation 4 [video game],True
FBA19B4P1VRJ,B0053BG122,YN-AK91-QDWR,1,Just Dance 3 [video game],False
FBA19B4P1VRJ,B07THWLT73,1042456740,1,NBA 2K20 Nintendo Switch [video game],True
FBA19B4P1VRJ,B07GW1PYL4,1039993408,1,Big Buck Hunter Arcade - Nintendo Switch,True
FBA19B4P1VRJ,B07BVTTLGX,1023501319,1,No Man's Sky - Xbox One [video game],True
FBA19B4P1VRJ,B01AC3ZD06,1048894668,8,Nintendo Selects: Super Mario 3D World - Wii U Standard Edition [video game],True
FBA19B4P1VRJ,B0050SYZ2G,1068811467,1,Kinect Sports Season Two [video game],False
FBA19B4P1VRJ,B000O5RHZW,1071453874,1,Harry Potter and the Order of the Phoenix - PlayStation 2 [video game],True
FBA19B4P1VRJ,B00DS0MQUQ,1071453878,1,Battlefield 4 - PlayStation 4 [video game],True
FBA19B4P1VRJ,B01N54QSH6,1052907525,2,"Harmony Good Dog Ceramic Dog Bowl, 3 Cups",False
FBA19B4P1VRJ,B00KWEHBAG,1042711481,1,Zelda Hyrule Warriors [video game],False
FBA19B4P1VRJ,B002I0HEI6,V0-WD35-QK7L,2,Sonic Free Riders - Xbox 360 [video game],True
FBA19B4P1VRJ,B001U2BMF4,1033469019,1,Tiger Woods PGA Tour 10 - Nintendo Wii [video game],True
FBA19B4P1VRJ,B008AT68UE,1071453873,1,The Sims 3 Supernatural [video game],False
FBA19B4P1VRJ,B071G8WL76,1070891188,1,LEGO Marvel Superheroes 2 Deluxe - Xbox One [video game],True
FBA19B4P1VRJ,B0B9H39Q9Q,1071379588,1,Miraculous: Rise of the Sphinx - PlayStation 5 [video game],True
FBA19B4P1VRJ,B003DNH95K,1071379600,1,Lord of the Rings: War in the North - Xbox 360 [video game],True
FBA19B4P1VRJ,B079Z9XHRD,1071453886,1,Shining Resonance Refrain: Draconic Launch Edition - Nintendo Switch [video game],True
FBA19B4P1VRJ,B07TMHPV38,1071453895,3,ICE AGE: Scrat's Nutty Adventure - Xbox One [video game],True
FBA19B4P1VRJ,B001LX4BM8,1071453890,1,Major League Baseball 2K9 - Nintendo Wii [video game],True
FBA19B4P1VRJ,B00DC7G2W8,1065304546,1,Mario Kart 8 - Wii U [video game],True
FBA19B4P1VRJ,B00DD0B1R0,1046305632,1,Super Smash Brothers - Nintendo 3DS [video game],True
FBA19B4P1VRJ,B072JYH8VB,1071453894,1,Dragon Ball FighterZ Day One Edition - Xbox One [video game],True
FBA19B4P1VRJ,B003LDKIUA,1041266555,3,Pac-Man Party - Nintendo Wii [video game],True
FBA19B4P1VRJ,B0BDT4CQJD,1068811463,2,Fortnite - Anime Legends- PlayStation 4 [video game],True
FBA19B4P1VRJ,B0B94SHMRP,1068329416,1,Dead Island 2: Day 1 Edition - PlayStation 4 [video game],True
FBA19B4P1VRJ,B0088I86SO,1041418978,3,Just Dance 4 - Nintendo Wii U [video game],True
FBA19B4P1VRJ,B00YX0Z3XW,1071379574,1,Call of Duty: Black Ops III - Multiplayer Edition - PlayStation 3 [video game],True
FBA19B4P1VRJ,B096TBJC6Z,1071047168,2,Paw Patrol The Movie Adventure City Calls - PlayStation 4 [video game],True
FBA19B4P1VRJ,B00K586O7A,1032375681,1,NHL 15 - PlayStation 3 [video game],True
FBA19B4P1VRJ,B0058LTE5S,1071453889,1,The Black Eyed Peas Experience - Nintendo Wii [video game],True
FBA19B4P1VRJ,B0060ZN5T2,1044972247,8,NEW Just Dance 3 Wii (Videogame Software) [video game],True
FBA19B4P1VRJ,B07KTFL61P,1071283744,2,Bendy and the Ink Machine (XB1) - Xbox One [video game],True
FBA19B4P1VRJ,B001LJPAAO,1070625065,3,AC/DC Live: Rock Band Track Pack - Nintendo Wii [video game],True
FBA19B4P1VRJ,B01N03NM02,1058392679,2,"Harmony Good Dog Ceramic Dog Bowl, 1 Cup",False
FBA19B4P1VRJ,B097FP294Y,1070280033,3,Aliens Fireteam Elite - PlayStation 5 [video game],True
FBA19B4P1VRJ,B003ZHMMEM,1028571825,2,Donkey Kong Country Returns [video game],True
FBA19B4P1VRJ,B004U4C25S,1071379597,1,UFC Personal Trainer - Nintendo Wii [video game],True
FBA19B4P1VRJ,B00YC7ED0K,1041856993,2,FIFA 16 - Standard Edition - PlayStation 3 [video game],True
FBA19B4P1VRJ,B07SWSLKT4,1071453882,2,Nintendo Spongebob Squarepants: Battle for Bikini Bottom - Rehydrated (PS4) - Nintendo Switch [video game],True
FBA19B4P1VRJ,B008HHTEE6,1071047178,2,Cabela's Hunting Expeditions - Nintendo Wii [video game],True
FBA19BV189C6,B08X8NTNYY,1064185632,1,Tony Hawk Pro Skater 1+2 - Xbox Series X Standard Edition [video game],True
FBA19BV189C6,B086G788Y2,1065946889,1,Bravely Default II - Nintendo Switch [video game],True
FBA19BV189C6,B00182QCXS,1034679220,1,DEAL OR NO DEAL WII [video game],True
FBA19BV189C6,B00FF5KWQW,1068329371,1,Angry Birds: Star Wars - Xbox One [video game],True
FBA19BV189C6,B07SSD8V81,1071517342,1,Baldur's Gate: Enhanced Edition - Xbox One [video game],True
FBA19BV189C6,B07XFNRHZX,1071454126,1,FIFA 20 Legacy Edition Nintendo Switch [video game],True
FBA19BV189C6,B00DB9JV5W,1071283747,3,Halo 5: Guardians – Xbox One [video game],True
FBA19BV189C6,B002AO7DAY,1071517328,1,Rock Band: Country Track Pack - Xbox 360 [video game],True
FBA19BV189C6,B0050SYPV2,1026963555,1,Sniper: Ghost Warrior 2 - Xbox 360 [video game],True
FBA19BV189C6,B002EWD04A,1071283732,1,Family Feud: 2010 Edition [video game],False
FBA19BV189C6,B078YS5X59,1071517340,1,South Park: The Stick of Truth - Xbox One Standard Edition [video game],True
FBA19BV189C6,B0B5YQDH7C,1071517348,2,Nickelodeon Kart Racers 3: Slime Speedway - PlayStation 4 [video game],True
FBA19BV189C6,B00187VQDO,1071380091,1,Tom Clancys H.A.W.X. (Xbox 360) [video game],True
FBA19BV189C6,B01EJNUMQ0,1071517337,1,Ori and the Blind Forest: Definitive Edition - Xbox One [video game],True
FBA19BV189C6,B01GW8Y9SM,1071047194,1,Prey - PlayStation 4 [video game],True
FBA19BV189C6,B00YX0Z3XW,1071379574,1,Call of Duty: Black Ops III - Multiplayer Edition - PlayStation 3 [video game],True
FBA19BV189C6,B09S65Q9XV,1071453881,6,SONY Interactive Entertainment PS4 MLB The Show 22 Standard English PlayStation 4 [video game],True
FBA19BV189C6,B00ZJ211Q6,1071517336,1,Destiny: The Taken King - Legendary Edition - Xbox One [video game],True
FBA19BV189C6,B007V9NHMQ,1071047193,1,007 Legends - Playstation 3 [video game],True
FBA19BV189C6,B00YO2PQZE,1071133154,1,Toy Soldiers: War Chest Hall of Fame Edition - Xbox One Standard Edition [video game],True
FBA19BV189C6,B089F8V86C,1071517345,1,FIFA 21 Legacy Edition - Nintendo Switch [video game],True
FBA19BV189C6,B01N03NM02,1058392679,1,"Harmony Good Dog Ceramic Dog Bowl, 1 Cup",False
FBA19BV189C6,B00386VMZA,MV-147G-3IDD,1,Tiger Woods PGA Tour 11 - Nintendo Wii [video game],True
FBA19BV189C6,B07FF3F7F9,1071517341,1,Subnautica - Xbox One [video game],True
FBA19BV189C6,B01N4PIC40,1071517339,1,Utawarerumono: Mask of Truth - PlayStation Vita [video game],True
FBA19BV189C6,B0CBL3NZMJ,1071517352,1,NBA 2K24 Kobe Bryant Edition - Nintendo Switch [video game],True
FBA19BV189C6,B00K586O7A,1032375681,1,NHL 15 - PlayStation 3 [video game],True
FBA19BV189C6,B00ZJBSW2S,1063375686,2,TrackMania Turbo - Xbox One [video game],True
FBA19BV189C6,B00ZPT59YS,1045151360,1,Sea of Thieves: Standard Edition – Xbox One [video game],True
FBA19BV189C6,B0B9H39Q9Q,1071379588,5,Miraculous: Rise of the Sphinx - PlayStation 5 [video game],True
FBA19BV189C6,B07DJY4FRP,1045507690,2,Gears 5: Standard Edition – Xbox One [video game],True
FBA19BV189C6,B004FS8LYK,1071517331,1,Tomb Raider [video game],True
FBA19BV189C6,B007BJNR6C,1071517332,1,Assassin's Creed III: Liberation [video game],False
FBA19BV189C6,B0051TLAZ4,1043651512,2,LEGO Harry Potter: Years 5-7 - Playstation 3 [video game],True
FBA19BV189C6,B0B7B9P51C,1071517349,11,Epic Games Fortnite - Anime Legends - Xbox [video game],True
FBA19BV189C6,B01LDFGIT2,1058619763,1,Livewire Advantage Instrument Cable 10 ft. Black,False
FBA19BV189C6,B07VYFV84L,1049390505,1,WWE 2K20 - Xbox One [video game],True
FBA19BV189C6,B07RT6NN3M,1052397580,2,Race with Ryan - Nintendo Switch [video game],True
FBA19BV189C6,B0794QSXP5,1071133179,1,Dragon Ball Fighterz - Xbox One [video game],True
FBA19BV189C6,B0829G5T83,1071517343,2,AO Tennis 2 (NSW) - Nintendo Switch [video game],True
FBA19BV189C6,B08MXTDGN6,1068329361,1,Mass Effect Legendary Edition - PlayStation 4 [video game],True
FBA19BV189C6,B0057PERPM,1W-X1O9-BCAM,1,Country Dance 2 - Nintendo Wii [video game],True
FBA19BV189C6,B08MG4PK68,1071283749,1,Hitman 3 - Xbox One Standard Edition [video game],True
FBA19BV189C6,B0BFT3XGY7,1071517351,1,Atelier Ryza 3: Alchemist of the End & the Secret Key - Nintendo Switch [video game],True
FBA19BV189C6,B0B94THZRT,1065946220,1,Dead Island 2: Day 1 Edition - PlayStation 5 [video game],True
FBA19BV189C6,B002I0K5W8,1071517329,1,SSX - Ps3 [video game],True
FBA19BV189C6,B0C7K581PT,1071517365,1,Fae Farm - Nintendo Switch (US Version) [video game],True
FBA19BV189C6,B005GM3JEQ,1071283737,1,Wipeout 2 - Nintendo Wii [video game],True
FBA19BV189C6,B008QLUTHO,1071517334,3,The Sims 3 Seasons [video game],False
FBA19BV189C6,B09NZ3K9RT,1071453884,1,Vampire: The Masquerade - Swansong (PS4) [video game],True
FBA19BV189C6,B096HSJ6PJ,1071517346,3,Battlefield 2042 - PlayStation 5 [video game],True
FBA19BV189C6,B00BMFIXZG,1070891237,3,Assassin's Creed IV Black Flag - PC [video game],True
FBA19BV189C6,B09YMGZC96,1071133149,10,art of rally collector's edition - Nintendo Switch [video game],True
FBA19BV189C6,B001DO3NEW,1038680538,5,Wii Music [video game],True
FBA19BV189C6,B003ZHMMEM,1028571825,2,Donkey Kong Country Returns [video game],True
FBA19BV189C6,B001KX504C,VL-TTRP-1QSB,1,Gold's Gym Cardio Workout - Nintendo Wii [video game],True
FBA19BV189C6,B007FQUEZ8,1071517333,1,Metal Gear Solid HD Collection [video game],False
FBA19BV189C6,B0050SYYEK,DL-GWVW-9XVQ,1,Dance Central 2 - Xbox 360 [video game],True
FBA19BV189C6,B0036KRP5Y,1071517330,2,Shrek Forever After - Nintendo Wii [video game],True
FBA19BV189C6,B0053BG122,YN-AK91-QDWR,1,Just Dance 3 [video game],False
FBA19BV189C6,B071WPL1L8,SL-PUBB-W1F6,4,The Evil Within 2 - PlayStation 4 [video game],True
FBA19BV189C6,B01BXAFRT4,1033469009,1,Tales from the Borderlands - PlayStation 4 [video game],True
FBA19BV189C6,B085PS9F4H,1071517344,1,Persona 5 Royal: Standard Edition - PlayStation 4 [video game],True
FBA19BV189C6,B00AXI9XIE,1071517335,1,DISNEY INFINITY Starter Pack PS3 [video game],True
FBA19BV189C6,B071FZ9WY1,1039659165,1,Just Dance 2018 - PlayStation 4 [video game],True
FBA19BV189C6,B00291BZRA,1071517327,1,Bakugan Battle Brawlers - Playstation 3 [video game],True
FBA19BV189C6,B01LYGJRVP,1071517338,1,Assassin's Creed The Ezio Collection - Xbox One [video game],True
FBA19BV189C6,B08DD5559K,1057774272,7,Minecraft Dungeons: Hero Edition – Xbox Series X & Xbox One [video game],True
FBA19BV189C6,B07S2245D3,1067108770,1,NASCAR Heat 4 - Xbox One [video game],True
FBA19BV189C6,B000S1MMGQ,1071517324,1,Cars: Mater-National Championship [video game],False
FBA19BV189C6,B006ZPAYMI,1068811430,4,Kinect Rush: A Disney Pixar Adventure - Xbox 360 [video game],True
FBA19BV189C6,B00DJYKAPY,1071454110,4,Zumba Fitness World Party - Xbox 360 [video game],True
FBA19BV189C6,B001LJPAAO,1070625065,1,AC/DC Live: Rock Band Track Pack - Nintendo Wii [video game],True
FBA19BV189C6,B0B9H3JDL5,1071517350,8,Miraculous: Rise of the Sphinx - PlayStation 4 [video game],True
FBA19BV189C6,B00D8S4GNS,1035888642,3,Just Dance 2014 - Xbox 360 [video game],True
FBA19BV189C6,B09KRKD3P2,1071517347,1,Fire Emblem Warriors: Three Hopes - Switch [video game],True
FBA19BV189C6,B074B5F8LD,1038148525,1,Wolfenstein: The Two-Pack - Xbox One [video game],True
FBA19BV189C6,B00D3RBZHY,1068811423,1,Need for Speed: Rivals [video game],True
FBA19BV189C6,B00160PA80,1071517326,2,NCAA Football 09 - PlayStation 2 [video game],True
FBA19BV189C6,B00YC7ED0K,1041856993,1,FIFA 16 - Standard Edition - PlayStation 3 [video game],True
FBA19BV189C6,B0088I86SO,1041418978,3,Just Dance 4 - Nintendo Wii U [video game],True
FBA19BV189C6,B000TG72TW,1071517325,1,Bee Movie Game - PlayStation 2 [video game],True
FBA19BV189C6,B09YD56K12,1071283723,1,Way of the Hunter - PlayStation 5 [video game],True
FBA19C4407V9,B01N1GRUUC,1051249032,9,"Harmony Good Dog Ceramic Dog Bowl, 6 Cups",False
FBA19C4407V9,B01N54QSH6,1052907525,8,"Harmony Good Dog Ceramic Dog Bowl, 3 Cups",False
FBA19C4407V9,B01G2E4DV4,1066393117,40,Birds Choice Oriole Feeder Replacement Cup,False
FBA19C4407V9,B01N03NM02,1058392679,20,"Harmony Good Dog Ceramic Dog Bowl, 1 Cup",False
FBA19F55XZJG,B01N1GRUUC,1051249032,20,"Harmony Good Dog Ceramic Dog Bowl, 6 Cups",False
FBA19F55XZJG,B01N54QSH6,1052907525,14,"Harmony Good Dog Ceramic Dog Bowl, 3 Cups",False
FBA19F55XZJG,B01N03NM02,1058392679,20,"Harmony Good Dog Ceramic Dog Bowl, 1 Cup",False
FBA19F55XZJG,B01G2E4DV4,1066393117,32,Birds Choice Oriole Feeder Replacement Cup,False
FBA19F8YW7CV,B006D3JWR0,1023420854,1,Tiger Woods PGA TOUR 13 - Xbox 360 [video game],True
FBA19F8YW7CV,B0050SYPV2,1026963555,1,Sniper: Ghost Warrior 2 - Xbox 360 [video game],True
FBA19F8YW7CV,B0052VPAV6,1027773905,1,Family Game Night 4: The Game Show - Nintendo Wii [video game],True
FBA19F8YW7CV,B004J30X4W,1028571437,1,Country Dance Wii [video game],True
FBA19F8YW7CV,B003OZZJGS,1028571739,5,Gold's Gym Dance Workout - Nintendo Wii [video game],True
FBA19F8YW7CV,B01GWGXH96,1029336728,1,Just Dance 2017 Gold Edition (Includes Just Dance Unlimited subscription) - Xbox One [video game],True
FBA19F8YW7CV,B006D3JT1E,1029788766,2,Tiger Woods PGA TOUR 13 - Playstation 3 [video game],True
FBA19F8YW7CV,B01MTJ0TA9,1029946683,1,Mass Effect Andromeda Deluxe - PlayStation 4 [video game],True
FBA19F8YW7CV,B00168ESPI,1030268114,1,Deca Sports [video game],True
FBA19F8YW7CV,B003VJKJG2,1030594057,1,Plants Vs. Zombies [video game],False
FBA19F8YW7CV,B00K586O7A,1032375681,2,NHL 15 - PlayStation 3 [video game],True
FBA19F8YW7CV,B001H0RZX2,1032598453,1,My Fitness Coach - Nintendo Wii [video game],True
FBA19F8YW7CV,B002AO7DHW,1032599009,1,Rock Band: Country Track Pack - Nintendo Wii [video game],True
FBA19F8YW7CV,B00EFRN2IQ,1032600402,1,The Sims 4 - PC/Mac [video game],True
FBA19F8YW7CV,B07DQMMPML,1033468970,1,NBA 2K19 - PlayStation 4 [video game],True
FBA19F8YW7CV,B01IW7Z746,1033468979,3,Nintendo Selects: Nintendo Land - Wii U [video game],True
FBA19F8YW7CV,B01GKGVI9Y,1033469023,1,Titanfall 2 Deluxe Edition - Xbox One [video game],True
FBA19F8YW7CV,B00CXCCH1I,1033469053,1,UFC [video game],True
FBA19F8YW7CV,B00498RQEW,1033469066,1,You Don't Know Jack [video game],False
FBA19F8YW7CV,B07L1FTG1H,1033470703,4,Far Cry New Dawn - Xbox One Standard Edition [video game],True
FBA19F8YW7CV,B0086V5UF0,1034379353,1,Just Dance 4 - Nintendo Wii [video game],True
FBA19F8YW7CV,B00D8S4GLK,1034678424,1,Just Dance 2014 [video game],False
FBA19F8YW7CV,B0013E9HP6,1034678931,1,Wii Play [video game],True
FBA19F8YW7CV,B00182QCXS,1034679220,3,DEAL OR NO DEAL WII [video game],True
FBA19F8YW7CV,B00D8S4GNS,1035888642,1,Just Dance 2014 - Xbox 360 [video game],True
FBA19F8YW7CV,B0051TLAF4,1036989683,1,LEGO Harry Potter: Years 5-7 - Xbox 360 [video game],True
FBA19F8YW7CV,B008BERGYU,1037516891,1,Zumba Fitness Core (Street 10/16) [video game],False
FBA19F8YW7CV,B001DO3NEW,1038680538,2,Wii Music [video game],True
FBA19F8YW7CV,B003LDKIUA,1041266555,1,Pac-Man Party - Nintendo Wii [video game],True
FBA19F8YW7CV,B00SXEOOHU,1042711537,1,LEGO Jurassic World - Xbox 360 Standard Edition [video game],True
FBA19F8YW7CV,B0727Y69TY,1042711575,1,NBA 2K18 – Xbox 360 [video game],True
FBA19F8YW7CV,B07MTZN8P3,1042884901,2,B07MTZN8P3 AmazonUs/BETH3 [video game],True
FBA19F8YW7CV,B00ZE360GG,1043651644,1,Just Dance 2016 - Wii [video game],True
FBA19F8YW7CV,B00ARCWQOO,1043973884,1,MLB 2K13 - Xbox 360 [video game],True
FBA19F8YW7CV,B00B98HBTA,1044638476,1,Lego: Marvel Super Heroes - PlayStation 3 [video game],True
FBA19F8YW7CV,B0060ZN5T2,1044972247,7,NEW Just Dance 3 Wii (Videogame Software) [video game],True
FBA19F8YW7CV,B00ZPT59YS,1045151360,5,Sea of Thieves: Standard Edition – Xbox One [video game],True
FBA19F8YW7CV,B07DJY4FRP,1045507690,1,Gears 5: Standard Edition – Xbox One [video game],True
FBA19F8YW7CV,B014N4RTS4,1045692341,3,YO-KAI WATCH - 3DS [video game],True
FBA19F8YW7CV,B08SZ1F5FB,1046305951,1,Control Ultimate Edition - Xbox Series X [video game],True
FBA19F8YW7CV,B075MSL3BV,1047886637,1,ARK: Survival Evolved - Xbox One [video game],True
FBA19F8YW7CV,B01AC3ZD06,1048894668,7,Nintendo Selects: Super Mario 3D World - Wii U Standard Edition [video game],True
FBA19F8YW7CV,B01E6239QY,1049720080,1,NBA 2K17 - Early Tip Off Edition - Xbox One [video game],True
FBA19F8YW7CV,B003R7H5TC,1049720354,1,Need for Speed Hot Pursuit - Playstation 3 [video game],True
FBA19F8YW7CV,B01N54QSH6,1052907525,2,"Harmony Good Dog Ceramic Dog Bowl, 3 Cups",False
FBA19F8YW7CV,B096WVGQMJ,1053589872,1,Marvel's Guardians of the Galaxy - Xbox Series X/Xbox One [video game],True
FBA19F8YW7CV,B081472NC7,1054556750,1,Sea of Thieves: Anniversary Edition – Xbox One [video game],True
FBA19F8YW7CV,B08NDYPWK7,1056263472,4,DEATHLOOP Standard Edition - PlayStation 5 [video game],True
FBA19F8YW7CV,B01N03NM02,1058392679,1,"Harmony Good Dog Ceramic Dog Bowl, 1 Cup",False
FBA19F8YW7CV,B00ZJBSW2S,1063375686,3,TrackMania Turbo - Xbox One [video game],True
FBA19F8YW7CV,B0B6JQHB4P,1063376893,1,FIFA 23 - PlayStation 4 [video game],True
FBA19F8YW7CV,B08X8NTNYY,1064185632,1,Tony Hawk Pro Skater 1+2 - Xbox Series X Standard Edition [video game],True
FBA19F8YW7CV,B08BXGHG48,1065946445,1,NBA 2K21 - Nintendo Switch [video game],True
FBA19F8YW7CV,B00ZJBSCJQ,1066663084,2,South Park: The Fractured but Whole - PlayStation 4 [video game],True
FBA19F8YW7CV,B07KYYZZFR,1066665177,3,Crash Team Racing - Nitro Fueled - Xbox One [video game],True
FBA19F8YW7CV,B003O6E986,1067108762,4,Forza 4 [video game],True
FBA19F8YW7CV,B09C1167RV,1068329432,11,Street Outlaws 2: Winner Takes All (Xbox Series X/),True
FBA19F8YW7CV,B00D3RBZHY,1068811423,1,Need for Speed: Rivals [video game],True
FBA19F8YW7CV,B07DLSQFL8,1068811425,5,Hitman 2 - PlayStation 4 [video game],True
FBA19F8YW7CV,B07PK5MYPR,1068811428,1,Nintendo Labo Toy-Con 04: VR Kit - Starter Set + Blaster - Switch [video game],True
FBA19F8YW7CV,B006ZPAYMI,1068811430,1,Kinect Rush: A Disney Pixar Adventure - Xbox 360 [video game],True
FBA19F8YW7CV,B0C9VW1KGR,1068811444,1,EA SPORTS FC 24 - Nintendo Switch [video game],True
FBA19F8YW7CV,B00KTNU40E,1068811461,1,Just Dance 2015 - Xbox One [video game],True
FBA19F8YW7CV,B00YC7ECXS,1069286283,1,FIFA 16 - Standard Edition - PlayStation 4 [video game],True
FBA19F8YW7CV,B07DTMGFKG,1070474318,1,WWE 2K19 - PlayStation 4 [video game],True
FBA19F8YW7CV,B0BBXD3P63,1070474320,1,God of Rock (PS5) [video game],True
FBA19F8YW7CV,B071X7QQKZ,1070474323,12,Fire Emblem Warriors - Nintendo Switch [video game],True
FBA19F8YW7CV,B00ZGPJ30M,1070625055,1,Plants vs. Zombies Garden Warfare 2 - PlayStation 4 [video game],True
FBA19F8YW7CV,B001LJPAAO,1070625065,3,AC/DC Live: Rock Band Track Pack - Nintendo Wii [video game],True
FBA19F8YW7CV,B075QWP3N3,1070891194,1,Zoo Tycoon: Ultimate Animal Collection - Xbox One [video game],True
FBA19F8YW7CV,B005EW6BU2,1070891203,1,Monster High: Ghoul Spirit - Nintendo Wii [video game],True
FBA19F8YW7CV,B08DWJDY9S,1070891206,3,Atelier Ryza 2: Lost Legends & The Secret Fairy - Nintendo Switch [video game],True
FBA19F8YW7CV,B07FYN3JDL,1070891208,2,Nintendo Labo Toy-Con 03: Vehicle Kit - Switch,True
FBA19F8YW7CV,B01HDJFJLK,1070891217,2,Farming Simulator 17 - PlayStation 4 [video game],True
FBA19F8YW7CV,B0038TT8QM,1070891240,3,Sid Meier's Civilization V - PC [video game],True
FBA19F8YW7CV,B002SKDIKE,1070891242,1,The Stronghold Collection - PC [video game],True
FBA19F8YW7CV,B002SRP9VI,1071047152,2,Sniper: Ghost Warrior - PC [video game],True
FBA19F8YW7CV,B0050SYW1U,1071047181,2,The Adventures Of Tintin: The Game - Xbox 360 [video game],True
FBA19F8YW7CV,B0052VPDMM,1071047184,1,Family Game Night 4: The Game Show - Xbox 360 [video game],True
FBA19F8YW7CV,B07F3ZDD83,1071133147,6,Carnival Games (Nintendo Switch) [video game],True
FBA19F8YW7CV,B09YMGZC96,1071133149,1,art of rally collector's edition - Nintendo Switch [video game],True
FBA19F8YW7CV,B0794QSXP5,1071133179,1,Dragon Ball Fighterz - Xbox One [video game],True
FBA19F8YW7CV,B08PTHJNK7,1071283720,1,Monster Energy Supercross 4 - PlayStation 4 [video game],True
FBA19F8YW7CV,B08GR2SCLF,1071283722,1,Puyo Puyo Tetris 2: Launch Edition - PlayStation 5 [video game],True
FBA19F8YW7CV,B00ECOBFA4,1071283740,1,The LEGO Movie Videogame - Xbox 360 Standard Edition [video game],True
FBA19F8YW7CV,B08MG4PK68,1071283749,1,Hitman 3 - Xbox One Standard Edition [video game],True
FBA19F8YW7CV,B001IX4CM0,1071290895,1,Trivial Pursuit - Nintendo Wii [video game],True
FBA19F8YW7CV,B09GCXZKBZ,1071379580,3,My Universe: Puppies and Kittens - PlayStation 4 [video game],True
FBA19F8YW7CV,B08JDTJ9V5,1071379592,1,Fitness Boxing 2: Rhythm & Exercise - Nintendo Switch [video game],True
FBA19F8YW7CV,B003DNH95K,1071379600,1,Lord of the Rings: War in the North - Xbox 360 [video game],True
FBA19F8YW7CV,B008AT68UE,1071453873,1,The Sims 3 Supernatural [video game],False
FBA19F8YW7CV,B001KAMZ8E,1071453876,1,AC/DC Live: Rock Band Track Pack - Playstation 3 [video game],True
FBA19F8YW7CV,B0058LTE5S,1071453889,1,The Black Eyed Peas Experience - Nintendo Wii [video game],True
FBA19F8YW7CV,B008DNUXA8,1071453891,1,Wreck-It Ralph - Nintendo Wii [video game],True
FBA19F8YW7CV,B000S1MMGQ,1071517324,1,Cars: Mater-National Championship [video game],False
FBA19F8YW7CV,B008QLUTHO,1071517334,3,The Sims 3 Seasons [video game],False
FBA19F8YW7CV,B00ZJ211Q6,1071517336,1,Destiny: The Taken King - Legendary Edition - Xbox One [video game],True
FBA19F8YW7CV,B01LYGJRVP,1071517338,1,Assassin's Creed The Ezio Collection - Xbox One [video game],True
FBA19F8YW7CV,B01N4PIC40,1071517339,4,Utawarerumono: Mask of Truth - PlayStation Vita [video game],True
FBA19F8YW7CV,B085PS9F4H,1071517344,1,Persona 5 Royal: Standard Edition - PlayStation 4 [video game],True
FBA19F8YW7CV,B096HSJ6PJ,1071517346,1,Battlefield 2042 - PlayStation 5 [video game],True
FBA19F8YW7CV,B0B9H3JDL5,1071517350,10,Miraculous: Rise of the Sphinx - PlayStation 4 [video game],True
FBA19F8YW7CV,B0BFT3XGY7,1071517351,1,Atelier Ryza 3: Alchemist of the End & the Secret Key - Nintendo Switch [video game],True
FBA19F8YW7CV,B002I0HJZO,1071744004,1,Battlefield 3 [video game],False
FBA19F8YW7CV,B000GCJ6MK,1071744005,1,Microsoft Flight Simulator X Deluxe DVD - PC [video game],True
FBA19F8YW7CV,B001DZ1GM2,1071744006,1,Wanted: Weapons of Fate - PC [video game],True
FBA19F8YW7CV,B00008DHNV,1071744007,1,Finding Nemo - PlayStation 2 [video game],True
FBA19F8YW7CV,B0009Z3HYW,1071744008,1,Gun - PlayStation 2 [video game],True
FBA19F8YW7CV,B000NJH6RS,1071744009,1,Transformers the Game - PlayStation 2 [video game],True
FBA19F8YW7CV,B0062VM8LU,1071744010,1,Final Fantasy XIII-2 Collector's Edition - Playstation 3 [video game],True
FBA19F8YW7CV,B0CFTBFQJT,1071744011,1,Call of Duty Modern Warfare III - PS4 [video game],True
FBA19F8YW7CV,B018F6NVFQ,1071744012,1,Granblue Fantasy: Versus [video game],True
FBA19F8YW7CV,B07Z8RT6R4,1071744013,1,Monster Energy Supercross - The Official Videogame 3 - PlayStation 4 [video game],True
FBA19F8YW7CV,B08HTFCXF1,1071744014,1,Riders Republic PlayStation 4 Gold Edition with free upgrade to the digital PS5 version [video game],True
FBA19F8YW7CV,B0886TTGTK,1071744015,1,Skater XL - PlayStation 4 [video game],True
FBA19F8YW7CV,B08P6XQTL6,1071744016,2,The Last Kids On Earth and The Staff Of Doom (PS4) [video game],True
FBA19F8YW7CV,B07D2XN5XS,1071744017,2,Zone of The Enders: The 2Nd Runner M∀Rs - PlayStation 4 [video game],True
FBA19F8YW7CV,B09X7GNTTQ,1071744019,1,Hello Neighbor 2 Deluxe Edition - PlayStation 5 [video game],True
FBA19F8YW7CV,B09HVVCTQM,1071744020,4,MechWarrior 5: Mercenaries - PlayStation 5 [video game],True
FBA19F8YW7CV,B0D187PJHJ,1071744021,1,"Star Wars Outlaws - Limited Edition (Amazon Exclusive), PlayStation 5 [video game]",True
FBA19F8YW7CV,B002I0GXWO,1071744022,1,Dissidia 012 [duodecim] Final Fantasy - Sony PSP [video game],True
FBA19F8YW7CV,B09S3GYF2P,1071744023,1,Demon Slayer: The Hinokami Chronicles - Nintendo Switch [video game],True
FBA19F8YW7CV,B072JSM93F,1071744024,1,Just Dance 2018 - Nintendo Switch [video game],True
FBA19F8YW7CV,B07GJXK14M,1071744025,3,Legendary Fishing - For Nintendo Switch [video game],True
FBA19F8YW7CV,B0CWN5YJWR,1071744026,1,Shin Megami Tensei V: Vengeance Steelbook Launch Edition - Nintendo Switch [video game],True
FBA19F8YW7CV,B002BUUM00,1071744027,1,Marvel Super Hero Squad - Nintendo Wii [video game],True
FBA19F8YW7CV,B003VKLA5K,1071744028,1,Rapala Pro Bass Fishing with Rod Peripheral - Nintendo Wii [video game],True
FBA19F8YW7CV,B003O6E6CA,1071744029,1,Tiger Woods PGA TOUR 12: The Masters - Nintendo Wii [video game],True
FBA19F8YW7CV,B009WI7V9E,1071744030,1,BioShock Ultimate Rapture Edition - Xbox 360 [video game],True
FBA19F8YW7CV,B000X2TZY2,1071744031,1,Robert Ludlum's The Bourne Conspiracy [video game],False
FBA19F8YW7CV,B00D7QX9WK,1071744032,1,Rocksmith 2014 Edition - No Cable Included for Rocksmith Owners [video game],False
FBA19F8YW7CV,B09D6GLY7N,1071744033,1,Call of Duty: Vanguard - Xbox One [video game],True
FBA19F8YW7CV,B0140Z6T3W,1071744034,1,Game of Thrones - A Telltale Games Series - Xbox One [video game],True
FBA19F8YW7CV,B00KO97D8Y,1071744035,2,Homefront: The Revolution - Xbox One [video game],True
FBA19F8YW7CV,B072R3LZXX,1071744036,1,WWE 2K18 Deluxe Edition - Xbox One [video game],True
FBA19F8YW7CV,B0D9MKMN6Y,1071744037,1,Barbie Project Friendship - Xbox Series X/Xbox One [video game],True
FBA19F8YW7CV,B08LR3P7PM,1071744038,1,Call of Duty: Black Ops Cold War - Xbox Series X / Xbox One [video game],True
FBA19F8YW7CV,B0CXF5QZC8,1071744039,1,My Little Pony: A Zephyr Heights Mystery - Xbox Series X [video game],True
FBA19F8YW7CV,B07BHHJR4K,1071744050,1,Yakuza Kiwami 2: SteelBook Edition - PlayStation 4 [video game],True
FBA19F8YW7CV,B00K2O5360,8Z-PIFY-F67P,1,The Wolf Among Us - PlayStation 4 [video game],True
FBA19F8YW7CV,B00498PSZQ,9Z-BVFE-JNJ5,1,You Don't Know Jack - Xbox 360 [video game],True
FBA19F8YW7CV,B002I0H9WM,BZ-DY6L-B7G3,6,Your Shape Fitness Evolved - Xbox 360 [video game],True
FBA19F8YW7CV,B01K63R7EW,CL-3FZI-8LNN,10,Destiny The Collection - Xbox One Standard Edition [video game],True
FBA19F8YW7CV,B00337KBUQ,MX-4C9S-FDG6,1,How to Train Your Dragon - Playstation 3 [video game],True
FBA19F8YW7CV,B003JVF728,R2-GCWJ-P1RK,1,Call of Duty: Black Ops - PC [video game],True
FBA19F8YW7CV,B00CYS5DU8,UV-TWJI-REH4,1,Madden NFL 25 - PlayStation 4 [video game],True
FBA19F8YW7CV,B001KX504C,VL-TTRP-1QSB,3,Gold's Gym Cardio Workout - Nintendo Wii [video game],True
FBA19F8YW7CV,B0053BG122,YN-AK91-QDWR,7,Just Dance 3 [video game],False
FBA19F8YW7CV,B072JY7NX5,ZU-L43O-EVLC,2,Wolfenstein II: The New Colossus - PlayStation 4 [video game],True
FBA19H2820Z4,B0030CV356,0P-5ID2-BBYB,7,UFC Undisputed 2010 - Xbox 360 [video game],True
FBA19H2820Z4,B01GKGVIDK,1026856831,1,Titanfall 2 Deluxe Edition - PlayStation 4 [video game],True
FBA19H2820Z4,B003TK1HSM,1027773861,3,Nickelodeon Fit [video game],True
FBA19H2820Z4,B07Q219M5D,1029330262,1,Warhammer: Vermintide 2 Deluxe Edition Xbox One - Xbox One [video game],True
FBA19H2820Z4,B01MTJ0TA9,1029946683,1,Mass Effect Andromeda Deluxe - PlayStation 4 [video game],True
FBA19H2820Z4,B00K586O7A,1032375681,2,NHL 15 - PlayStation 3 [video game],True
FBA19H2820Z4,B06WWF1N6M,1032601832,1,Middle-Earth: Shadow Of War Gold Edition - Xbox One [video game],True
FBA19H2820Z4,B07SK37PK2,1033292481,2,Just Dance 2020 for Nintendo Switch [video game],True
FBA19H2820Z4,B07L1FTG1H,1033470703,1,Far Cry New Dawn - Xbox One Standard Edition [video game],True
FBA19H2820Z4,B008J16AG0,1034379345,2,The Hip Hop Dance Experience - Nintendo Wii [video game],True
FBA19H2820Z4,B00182QCXS,1034679220,2,DEAL OR NO DEAL WII [video game],True
FBA19H2820Z4,B001TOQ8LG,1036989483,1,The Beatles: Rock Band (Game Only) - Nintendo Wii [video game],True
FBA19H2820Z4,B00MU1YEZY,1037517086,1,Call of Duty: Advanced Warfare - PlayStation 4 [video game],True
FBA19H2820Z4,B07557TPD1,1037693110,1,MudRunner - Xbox One [video game],True
FBA19H2820Z4,B07GRV89TK,1037856602,1,Nickelodeon Kart Racers - Xbox One [video game],True
FBA19H2820Z4,B074B5F8LD,1038148525,1,Wolfenstein: The Two-Pack - Xbox One [video game],True
FBA19H2820Z4,B001DO3NEW,1038680538,1,Wii Music [video game],True
FBA19H2820Z4,B07D8K6Q27,1038682534,1,Battlefield V Deluxe Edition - Xbox One [video game],True
FBA19H2820Z4,B00ZE360GG,1043651644,1,Just Dance 2016 - Wii [video game],True
FBA19H2820Z4,B00WZWPO8O,1043846346,2,Tony Hawk Pro Skater 5 - Standard Edition - Xbox One,True
FBA19H2820Z4,B00ARCWQOO,1043973884,1,MLB 2K13 - Xbox 360 [video game],True
FBA19H2820Z4,B01AC3ZGRG,1044306134,1,Nintendo Selects: Donkey Kong Country: Tropical Freeze - Wii U Standard Edition [video game],True
FBA19H2820Z4,B00ZPT59YS,1045151360,1,Sea of Thieves: Standard Edition – Xbox One [video game],True
FBA19H2820Z4,B01AC3ZD06,1048894668,1,Nintendo Selects: Super Mario 3D World - Wii U Standard Edition [video game],True
FBA19H2820Z4,B00DC7G0GG,1052572572,2,Super Mario 3D World [video game],True
FBA19H2820Z4,B01N54QSH6,1052907525,2,"Harmony Good Dog Ceramic Dog Bowl, 3 Cups",False
FBA19H2820Z4,B004NB1BV4,1056255318,1,Rio - Nintedo Wii [video game],True
FBA19H2820Z4,B07D767FMV,1056263378,2,Battlefield V - PlayStation 4 [video game],True
FBA19H2820Z4,B071Y1RXHG,1064185802,1,Star Wars Battlefront II - Xbox One [video game],True
FBA19H2820Z4,B08MG5FYS6,1064186282,1,Hitman 3 - PlayStation 5 Standard Edition [video game],True
FBA19H2820Z4,B09KVJKH7V,1064901201,1,ARK Ultimate Survivor Edition for PlayStation 4 [video game],True
FBA19H2820Z4,B0B94THZRT,1065946220,2,Dead Island 2: Day 1 Edition - PlayStation 5 [video game],True
FBA19H2820Z4,B08F3CXZJQ,1066663861,1,Minecraft Dungeons Hero Edition - Nintendo Switch [video game],True
FBA19H2820Z4,B07HFMJ4R5,1068329410,1,Minecraft: Starter Collection – Xbox One [video game],True
FBA19H2820Z4,B01LDUYU60,1068811474,1,Super Mario Maker for Nintendo 3DS - Nintendo 3DS [video game],True
FBA19H2820Z4,B0B18Y88N2,1068866832,2,Rabbids®: Party of Legends – Nintendo Switch [video game],True
FBA19H2820Z4,B096WZFCHR,1070280034,1,Marvel’s Guardians of the Galaxy - PlayStation 5 [video game],True
FBA19H2820Z4,B00ZGPJ30M,1070625055,1,Plants vs. Zombies Garden Warfare 2 - PlayStation 4 [video game],True
FBA19H2820Z4,B004FUI84G,1070891178,2,Prototype 2 PS3 - PlayStation 3 [video game],True
FBA19H2820Z4,B005EW6BU2,1070891203,1,Monster High: Ghoul Spirit - Nintendo Wii [video game],True
FBA19H2820Z4,B07FYN3JDL,1070891208,1,Nintendo Labo Toy-Con 03: Vehicle Kit - Switch,True
FBA19H2820Z4,B0045ZB66I,1070891238,1,Dragon Age Origins: Ultimate Edition - PC [video game],True
FBA19H2820Z4,B096TBJC6Z,1071047168,1,Paw Patrol The Movie Adventure City Calls - PlayStation 4 [video game],True
FBA19H2820Z4,B0050SYW1U,1071047181,2,The Adventures Of Tintin: The Game - Xbox 360 [video game],True
FBA19H2820Z4,B09D6QWQHD,1071047208,1,Call of Duty: Vanguard [video game],False
FBA19H2820Z4,B07HH8ZSMM,1071047889,2,Sid Meier's Civilization VI - Nintendo Switch [video game],True
FBA19H2820Z4,B01JY2YLHW,1071133155,1,Vikings - Wolves of Midgard - Xbox One [video game],True
FBA19H2820Z4,B0794QSXP5,1071133179,1,Dragon Ball Fighterz - Xbox One [video game],True
FBA19H2820Z4,B002E1M632,1071283738,1,WWE SmackDown vs. Raw 2010 - Nintendo Wii [video game],True
FBA19H2820Z4,B00KL4PNWA,1071283743,1,Alien: Isolation - Nostromo Edition (Xbox One) [video game],True
FBA19H2820Z4,B07KTFL61P,1071283744,1,Bendy and the Ink Machine (XB1) - Xbox One [video game],True
FBA19H2820Z4,B09CQQ7T2L,1071283748,1,Halo Infinite - Xbox Series X & Xbox One [video game],True
FBA19H2820Z4,B08MG4PK68,1071283749,2,Hitman 3 - Xbox One Standard Edition [video game],True
FBA19H2820Z4,B08FS6BB8W,1071379586,1,Far Cry 6 PlayStation 5 Standard Edition [video game],True
FBA19H2820Z4,B0D84WF76Z,1071379593,7,The Grinch Christmas Adventures - Nintendo Switch [video game],True
FBA19H2820Z4,B0058LTE5S,1071453889,1,The Black Eyed Peas Experience - Nintendo Wii [video game],True
FBA19H2820Z4,B008DNUXA8,1071453891,1,Wreck-It Ralph - Nintendo Wii [video game],True
FBA19H2820Z4,B072JYH8VB,1071453894,1,Dragon Ball FighterZ Day One Edition - Xbox One [video game],True
FBA19H2820Z4,B00160PA80,1071517326,1,NCAA Football 09 - PlayStation 2 [video game],True
FBA19H2820Z4,B00ZJ211Q6,1071517336,1,Destiny: The Taken King - Legendary Edition - Xbox One [video game],True
FBA19H2820Z4,B096HSJ6PJ,1071517346,2,Battlefield 2042 - PlayStation 5 [video game],True
FBA19H2820Z4,B002I0HJZO,1071744004,1,Battlefield 3 [video game],False
FBA19H2820Z4,B018F6NVFQ,1071744012,1,Granblue Fantasy: Versus [video game],True
FBA19H2820Z4,B0002IQOOQ,1071881579,1,Dance Dance Revolution Extreme [video game],False
FBA19H2820Z4,B000SMKONI,1071881580,1,Petz Horsez 2 - PlayStation 2 [video game],True
FBA19H2820Z4,B004ML44Y6,1071881582,1,The Darkness II - Playstation 3 [video game],True
FBA19H2820Z4,B076B6YG6Y,1071881583,1,Steep Winter Games - PlayStation 4 Standard Edition [video game],True
FBA19H2820Z4,B072L395L5,1071881585,1,Nintendo Splatoon 2 - Action/Adventure Game - Nintendo Switch [video game],True
FBA19H2820Z4,B00DC7G1WE,1071881586,1,Bayonetta 2 [video game],False
FBA19H2820Z4,B002I0JFCO,1071881587,1,EA Sports Active 2 - Xbox 360 [video game],True
FBA19H2820Z4,B001989B4S,1071881588,31,Fight Night Round 4 - Xbox 360 [video game],True
FBA19H2820Z4,B0028ZJ4O8,1071881589,1,Guitar Hero 5 - Xbox 360 (Game only) [video game],True
FBA19H2820Z4,B00CPKUV7K,1071881590,1,Wolfenstein: The New Order - Xbox 360 [video game],True
FBA19H2820Z4,B0D98M759F,1071881591,1,"MONOPOLY 2024 - Standard Edition, Xbox Series X & Xbox One [video game]",True
FBA19H2820Z4,B00647630Y,6O-PQHJ-LZDP,1,Major League Baseball 2K12 - Xbox 360 [video game],True
FBA19H2820Z4,B00498PSZQ,9Z-BVFE-JNJ5,1,You Don't Know Jack - Xbox 360 [video game],True
FBA19H2820Z4,B01GOK4FX2,G1-OVCC-U1L5,1,NHL 17 Deluxe Edition - PlayStation 4 [video game],True
FBA19H2820Z4,B013KZ3P2G,GI-KHHZ-LSSM,1,Far Cry 4 Complete Edition - Xbox One [video game],True
FBA19H2820Z4,B000P0SETO,MS-4NAR-1UN7,1,Madden NFL 08 - Playstation 3 [video game],True
FBA19H2820Z4,B001KX504C,VL-TTRP-1QSB,1,Gold's Gym Cardio Workout - Nintendo Wii [video game],True
FBA19H2820Z4,B0053BG122,YN-AK91-QDWR,1,Just Dance 3 [video game],False
FBA19H2820Z4,B072JY7NX5,ZU-L43O-EVLC,2,Wolfenstein II: The New Colossus - PlayStation 4 [video game],True
FBA19JS2S8FS,B01N1GRUUC,1051249032,15,"Harmony Good Dog Ceramic Dog Bowl, 6 Cups",False
FBA19JS2S8FS,B01N54QSH6,1052907525,16,"Harmony Good Dog Ceramic Dog Bowl, 3 Cups",False
FBA19JS2S8FS,B01N03NM02,1058392679,20,"Harmony Good Dog Ceramic Dog Bowl, 1 Cup",False
FBA19JS2S8FS,B01G2E4DV4,1066393117,20,Birds Choice Oriole Feeder Replacement Cup,False
FBA19KM982VB,B01MDNZOZP,1023340487,1,Star Wars Battlefront Ultimate Edition - PlayStation 4 [video game],True
FBA19KM982VB,B0012N3ZXS,1023501435,1,Street Fighter IV [Video Game] Capcom U S A Inc,False
FBA19KM982VB,B001R3UX4M,1023731549,2,Tiger Woods PGA Tour 10 - Xbox 360 [video game],True
FBA19KM982VB,B0050SYPV2,1026963555,1,Sniper: Ghost Warrior 2 - Xbox 360 [video game],True
FBA19KM982VB,B003TK1HSM,1027773861,5,Nickelodeon Fit [video game],True
FBA19KM982VB,B0081AWU4A,1027773901,2,Just Dance Greatest Hits - Nintendo Wii [video game],True
FBA19KM982VB,B00K1JBMGQ,1029305911,1,NBA 2K15 - Xbox 360 [video game],True
FBA19KM982VB,B002SRNFX2,1030602605,1,Jumpstart Escape Adventure island - Nintendo Wii [video game],True
FBA19KM982VB,B01GWGX836,1031776872,1,Just Dance 2017 - PlayStation 4 [video game],True
FBA19KM982VB,B009E480RS,1032068111,4,Dance Central 3 - Xbox 360 [video game],True
FBA19KM982VB,B011I7WJUM,1032068601,1,Goosebumps the Game 3DS - Nintendo 3DS [video game],True
FBA19KM982VB,B002AO7DHW,1032599009,1,Rock Band: Country Track Pack - Nintendo Wii [video game],True
FBA19KM982VB,B07SJHN2LF,1033468926,1,FIFA 20 Champions Edition - PlayStation 4 [video game],True
FBA19KM982VB,B07VWCR94W,1033469061,1,WWE 2K20 - PlayStation 4 [video game],True
FBA19KM982VB,B0019R4VCG,1034379297,1,Littlest Pet Shop - Nintendo Wii [video game],True
FBA19KM982VB,B00182QCXS,1034679220,1,DEAL OR NO DEAL WII [video game],True
FBA19KM982VB,B071NFMKR2,1036662531,1,Final Fantasy XIV Online Complete Edition - PlayStation 4 [video game],True
FBA19KM982VB,B011AE8CXQ,1036662843,1,Snoopy's Grand Adventure - PlayStation 4 [video game],True
FBA19KM982VB,B002K9VIAU,1036989393,1,Game Party 3 - Nintendo Wii [video game],True
FBA19KM982VB,B0051TLAF4,1036989683,3,LEGO Harry Potter: Years 5-7 - Xbox 360 [video game],True
FBA19KM982VB,B082QKS6ZG,1037691433,2,Fast & Furious Crossroads - PlayStation 4 [video game],True
FBA19KM982VB,B01N3NNPAB,1037692980,1,Mass Effect Andromeda Deluxe - Xbox One [video game],True
FBA19KM982VB,B08CGDMP2Z,1037856648,23,Cobra Kai Karate Kid Saga - One - Xbox One [video game],True
FBA19KM982VB,B0725CNFH9,1038679888,1,NBA 2K18 Early Tip-Off Edition - PlayStation 3 [video game],True
FBA19KM982VB,B00ZP9GVH2,1038682766,3,Star Wars Battlefront (Xbox One) [video game],True
FBA19KM982VB,B00XR3YBNO,1039345841,1,WWE 2K16 - PlayStation 3 [video game],True
FBA19KM982VB,B0039QWK0A,1040962671,1,Guilty Party for wii [video game],True
FBA19KM982VB,B003M986Z2,1042711873,1,Hasbro Family Game Night 3 - Nintendo Wii [video game],True
FBA19KM982VB,B07RXW74N5,1045151286,5,Race with Ryan - Xbox One [video game],True
FBA19KM982VB,B08SZ1F5FB,1046305951,1,Control Ultimate Edition - Xbox Series X [video game],True
FBA19KM982VB,B01N54QSH6,1052907525,1,"Harmony Good Dog Ceramic Dog Bowl, 3 Cups",False
FBA19KM982VB,B000Q4SREG,1053589407,1,MySims - Nintendo Wii [video game],True
FBA19KM982VB,B07HBWXFNC,1054295244,1,Minecraft: Master Collection – Xbox One [video game],True
FBA19KM982VB,B01N03NM02,1058392679,2,"Harmony Good Dog Ceramic Dog Bowl, 1 Cup",False
FBA19KM982VB,B00I6E6SH6,1063375674,1,Minecraft – Xbox One [video game],True
FBA19KM982VB,B096NB1JS9,1063376644,1,Madden NFL 22 - PlayStation 4 [video game],True
FBA19KM982VB,B00DC7G2W8,1065304546,1,Mario Kart 8 - Wii U [video game],True
FBA19KM982VB,B0BDT7SY1X,1065946190,1,Fortnite - Anime Legends- PlayStation 5 [video game],True
FBA19KM982VB,B01MTQWAFN,1066664612,2,Watch Dogs 2 Xbox One,True
FBA19KM982VB,B09GJP8BPZ,1067108753,1,Fortnite Minty Legends Pack(code in Box) [video game],True
FBA19KM982VB,B097F4G6WB,1067108759,2,Super Monkey Ball Banana Mania: Anniversary Launch Edition - Nintendo Switch [video game],True
FBA19KM982VB,B0749QKW74,1067488507,1,The Sims 4 (PS4) [video game],True
FBA19KM982VB,B07K85L726,1068329374,6,Devil May Cry 5 (Xbox One) [video game],True
FBA19KM982VB,B07HFMJ4R5,1068329410,9,Minecraft: Starter Collection – Xbox One [video game],True
FBA19KM982VB,B09C1167RV,1068329432,8,Street Outlaws 2: Winner Takes All (Xbox Series X/),True
FBA19KM982VB,B00IQCRKP2,1068331164,3,Kinect Sports Rivals - XBOX One [video game],True
FBA19KM982VB,B00D3RBZHY,1068811423,1,Need for Speed: Rivals [video game],True
FBA19KM982VB,B001IK5TJI,1068811440,2,Dragon Age: Origins - Playstation 3 [video game],True
FBA19KM982VB,B01LDUYU60,1068811474,3,Super Mario Maker for Nintendo 3DS - Nintendo 3DS [video game],True
FBA19KM982VB,B099JL5K7P,1069890458,1,Nerf Legends - Nintendo Switch [video game],True
FBA19KM982VB,B08GZ3M2ZV,1069890508,1,Monster Hunter Rise - Nintendo Switch [video game],True
FBA19KM982VB,B07DPZ1WQ9,1069891414,1,Super Mario Party - [Nintendo Switch] [video game],True
FBA19KM982VB,B01GVN0D1U,1070474333,1,Resident Evil 7 Biohazard (Xbox One) [video game],True
FBA19KM982VB,B000QB05BM,1070891180,1,Mercenaries 2: World in Flames - PC [video game],True
FBA19KM982VB,B000TEJFK8,1070891236,1,Tony Hawk's Proving Ground - PlayStation 2 [video game],True
FBA19KM982VB,B002SKDIKE,1070891242,1,The Stronghold Collection - PC [video game],True
FBA19KM982VB,B001QRWE14,1070891244,1,Transformers: Revenge of the Fallen - PC [video game],True
FBA19KM982VB,B072JZB85B,1071047165,4,FIFA 18 (PS4) [video game],True
FBA19KM982VB,B091DBFGWF,1071047176,2,RBI BASEBALL 21 NINTENDO SWITCH - NINTENDO SWITCH [video game],True
FBA19KM982VB,B09D6QWQHD,1071047208,4,Call of Duty: Vanguard [video game],False
FBA19KM982VB,B0794QSXP5,1071133179,2,Dragon Ball Fighterz - Xbox One [video game],True
FBA19KM982VB,B0B94XBQZ6,1071283757,10,Dead Island 2: Day 1 Edition - Xbox Series X [video game],True
FBA19KM982VB,B00YX0Z3XW,1071379574,1,Call of Duty: Black Ops III - Multiplayer Edition - PlayStation 3 [video game],True
FBA19KM982VB,B09GCXZKBZ,1071379580,1,My Universe: Puppies and Kittens - PlayStation 4 [video game],True
FBA19KM982VB,B07BHHDTL4,1071379584,4,Sonic Mania Plus - PlayStation 4 [video game],True
FBA19KM982VB,B003ZUWLYU,1071379595,1,Family Feud Decades - Nintendo Wii [video game],True
FBA19KM982VB,B01BXAFRU8,1071379603,1,Tales from the Borderlands - Xbox One [video game],True
FBA19KM982VB,B00160PA80,1071517326,1,NCAA Football 09 - PlayStation 2 [video game],True
FBA19KM982VB,B004FS8LYK,1071517331,2,Tomb Raider [video game],True
FBA19KM982VB,B07FF3F7F9,1071517341,1,Subnautica - Xbox One [video game],True
FBA19KM982VB,B07SSD8V81,1071517342,1,Baldur's Gate: Enhanced Edition - Xbox One [video game],True
FBA19KM982VB,B002I0HJZO,1071744004,2,Battlefield 3 [video game],False
FBA19KM982VB,B001DZ1GM2,1071744006,3,Wanted: Weapons of Fate - PC [video game],True
FBA19KM982VB,B0062VM8LU,1071744010,1,Final Fantasy XIII-2 Collector's Edition - Playstation 3 [video game],True
FBA19KM982VB,B08P6XQTL6,1071744016,1,The Last Kids On Earth and The Staff Of Doom (PS4) [video game],True
FBA19KM982VB,B07BHHJR4K,1071744050,1,Yakuza Kiwami 2: SteelBook Edition - PlayStation 4 [video game],True
FBA19KM982VB,B001B1W3JS,1071881581,1,Shaun White Snowboarding - PlayStation 2 [video game],True
FBA19KM982VB,B00DC7G1WE,1071881586,2,Bayonetta 2 [video game],False
FBA19KM982VB,B002I0JFCO,1071881587,1,EA Sports Active 2 - Xbox 360 [video game],True
FBA19KM982VB,B00CPKUV7K,1071881590,1,Wolfenstein: The New Order - Xbox 360 [video game],True
FBA19KM982VB,B000HCQJZQ,1072047470,1,Age of Empires III: The WarChiefs Expansion Pack [video game],False
FBA19KM982VB,B0032FCM6U,1072047471,1,MLB 2K10 - PC [video game],True
FBA19KM982VB,B001GGO1FW,1072047472,3,The Godfather II - PC [video game],True
FBA19KM982VB,B001UWP30Y,1072047473,1,Guitar Hero Smash Hits - PlayStation 2 [video game],True
FBA19KM982VB,B008J16APQ,1072047475,1,The Walking Dead: Survival Instinct - Playstation 3 [video game],True
FBA19KM982VB,B00J226358,1072047476,1,Bound by Flame - PlayStation 4 Standard Edition [video game],True
FBA19KM982VB,B07DNZCHJ7,1072047477,5,Just Dance 2019 (PS4) (PS4) [video game],True
FBA19KM982VB,B0BB89N26T,1072047480,1,Train Sim World 3 (PS5) [video game],True
FBA19KM982VB,B07B99WHXS,1072047481,1,South Park and The Fractured But Whole (Nintendo Switch) [video game],True
FBA19KM982VB,B099TPXB8D,1072047482,1,The Cruel King and the Great Hero: Storybook Edition - Nintendo Switch [video game],True
FBA19KM982VB,B084F358N1,1072047483,2,The Outer Worlds - Nintendo Switch [video game],True
FBA19KM982VB,B00YI79BJC,1072047484,1,Skylanders SuperChargers Racing Starter Pack - Wii [video game],True
FBA19KM982VB,B0053BQQ6I,1072047485,1,WWE '12 [video game],True
FBA19KM982VB,B00164TDUC,1072047486,1,Tiger Woods PGA Tour 09 - Xbox 360 [video game],True
FBA19KM982VB,B01GKH5Q82,1072047487,6,FIFA 17 - Xbox One [video game],True
FBA19KM982VB,B000NIJ36G,2Y-9VX6-CG8U,1,All Pro Football 2K8 - Xbox 360 [video game],True
FBA19KM982VB,B00DWXV1DM,66-XE0M-2B3K,1,Teenage Mutant Ninja Turtles [video game],False
FBA19KM982VB,B00498PSZQ,9Z-BVFE-JNJ5,4,You Don't Know Jack - Xbox 360 [video game],True
FBA19KM982VB,B0053BSNZU,AG-VIFV-7ERQ,1,UFC Undisputed 3 [video game],False
FBA19KM982VB,B0050SYYEK,DL-GWVW-9XVQ,1,Dance Central 2 - Xbox 360 [video game],True
FBA19KM982VB,B003KMJ9FC,H4-PZ1W-0Y3I,1,Monopoly Streets - Nintendo Wii [video game],True
FBA19KM982VB,B008E6ZXRC,KL-025P-I37A,1,Wipeout 3 - Xbox 360 [video game],True
FBA19KM982VB,B003S2JI82,OK-7Q67-6J4G,1,Jeopardy - Nintendo Wii [video game],True
FBA19KM982VB,B00D7UHT0E,QZ-C9CY-Q1FM,1,Just Dance 2014 - Nintendo Wii [video game],True
FBA19KM982VB,B07KX13568,SC-M2TA-5WQ6,2,Hello Neighbor Nintendo Switch [video game],True
FBA19KM982VB,B008OQTS0U,TC-5E98-60M6,1,Battlefield 3 Premium Edition -Xbox 360 [video game],True
FBA19KM982VB,B00CYS5DU8,UV-TWJI-REH4,2,Madden NFL 25 - PlayStation 4 [video game],True
FBA19KM982VB,B00E9GQ3WK,VQ-4B6A-L2VA,4,Wipeout: Create & Crash - Xbox 360 [video game],True
FBA19KM982VB,B0013EF17O,WV-VD8F-734E,1,Speed Racer: The Videogame - Nintendo Wii [video game],True
FBA19KM982VB,B007MM9E2E,XV-CDLD-C9FB,1,Disney Epic Mickey 2: The Power of Two - Playstation 3 [video game],True
FBA19KM982VB,B004L4AZ3I,YM-A3JU-Q1OQ,1,Asphalt 3D [video game],False
FBA19KM982VB,B00NP8J1UY,ZJ-BVYQ-EU73,1,Need for Speed Rivals Complete Edition - Xbox One [video game],True
FBA19LMC4ZJF,B00CX7FOVS,1023731505,1,Madden NFL 25 - Xbox One [video game],True
FBA19LMC4ZJF,B00RUZPKYY,1024534710,1,Disgaea 5: Alliance of Vengeance - PlayStation 4 [video game],True
FBA19LMC4ZJF,B001VLFCXW,1028571398,1,The Bigs 2 - Nintendo Wii [video game],True
FBA19LMC4ZJF,B00STU8L3Q,1028908817,1,The Elder Scrolls Online: Tamriel Unlimited - PC [video game],True
FBA19LMC4ZJF,B003TJVKAS,1029050598,1,Deca Sports Freedom Kinect [video game],False
FBA19LMC4ZJF,B002KA20GA,1031053821,1,Alice In Wonderland - Nintendo Wii [video game],True
FBA19LMC4ZJF,B002AO7DHW,1032599009,1,Rock Band: Country Track Pack - Nintendo Wii [video game],True
FBA19LMC4ZJF,B073LJR33D,1033468925,1,Farming Simulator 17 Platinum Edition - PlayStation 4 [video game],True
FBA19LMC4ZJF,B01NBJM1MN,1033469063,1,Yooka-Laylee - PlayStation 4 [video game],True
FBA19LMC4ZJF,B071NFMKR2,1036662531,1,Final Fantasy XIV Online Complete Edition - PlayStation 4 [video game],True
FBA19LMC4ZJF,B01KLSHZWG,1036662769,1,Monster Jam Crush It - PlayStation 4 [video game],True
FBA19LMC4ZJF,B00GUDHUDQ,1038681769,3,Plants vs Zombies - Garden Warfare - Xbox 360 - NEW SEALED [video game],True
FBA19LMC4ZJF,B00ZP9GVH2,1038682766,3,Star Wars Battlefront (Xbox One) [video game],True
FBA19LMC4ZJF,B01KIH8ADS,1039658340,1,NBA 2K17 Standard Edition - PlayStation 3 [video game],True
FBA19LMC4ZJF,B0088I8M10,1041721114,2,Just Dance: Disney Party - Nintendo Wii [video game],True
FBA19LMC4ZJF,B00W8FYFBU,1041857127,1,Star Wars Battlefront - Xbox One [video game],True
FBA19LMC4ZJF,B0051TLAZ4,1043651512,1,LEGO Harry Potter: Years 5-7 - Playstation 3 [video game],True
FBA19LMC4ZJF,B01GWGX74Q,1043846177,1,Just Dance 2017 - Wii [video game],True
FBA19LMC4ZJF,B01AC3ZD06,1048894668,3,Nintendo Selects: Super Mario 3D World - Wii U Standard Edition [video game],True
FBA19LMC4ZJF,B075M5MCDF,1049719405,2,Mario Party: The Top 100 - Nintendo 3DS [video game],True
FBA19LMC4ZJF,B01N1W8PJR,1052397797,1,"Mario Party 10 (Nintendo Wii U, 2015) NEW SEALED",True
FBA19LMC4ZJF,B002BRZ9G0,1052735411,1,New Super Mario Bros. Wii [video game] [video game],True
FBA19LMC4ZJF,B08HTHJ9L2,1053590124,5,Riders Republic PlayStation 4 Standard Edition with free upgrade to the digital PS5 version [video game],True
FBA19LMC4ZJF,B01LDUYTX4,1058619766,2,Mario Sports Superstars - Nintendo 3DS [video game],True
FBA19LMC4ZJF,B00I6E6SH6,1063375674,5,Minecraft – Xbox One [video game],True
FBA19LMC4ZJF,B0B2KSPC2W,1064186103,1,Madden NFL 23 – PlayStation 4 [video game],True
FBA19LMC4ZJF,B09D643D8F,1064901190,1,Call of Duty: Vanguard [video game],True
FBA19LMC4ZJF,B072N865DQ,1068329372,2,ARK: Survival Evolved (Xbox One) [video game],True
FBA19LMC4ZJF,B07K85L726,1068329374,1,Devil May Cry 5 (Xbox One) [video game],True
FBA19LMC4ZJF,B0050SYZ2G,1068811467,2,Kinect Sports Season Two [video game],False
FBA19LMC4ZJF,B01LDUYU60,1068811474,6,Super Mario Maker for Nintendo 3DS - Nintendo 3DS [video game],True
FBA19LMC4ZJF,B0BDT654XQ,1069890474,1,Fortnite - Anime Legends- Xbox Series X [video game],True
FBA19LMC4ZJF,B002I0K9I8,1069890482,1,Tiger Woods PGA TOUR 12: The Masters - Playstation 3 [video game],True
FBA19LMC4ZJF,B07DPZ1WQ9,1069891414,2,Super Mario Party - [Nintendo Switch] [video game],True
FBA19LMC4ZJF,B08M1RYMCF,1070280030,1,My Universe - Pet Clinic: Cats & Dogs (PS4) - PlayStation 4 [video game],True
FBA19LMC4ZJF,B0C5RZRG44,1070280054,1,Mortal Kombat 1 Premium Edition - Xbox Series X [video game],True
FBA19LMC4ZJF,B0973KMCFG,1070474324,1,Just Dance 2022 - Nintendo Switch [video game],True
FBA19LMC4ZJF,B07JMHZMX1,1070474332,1,Minecraft – Xbox One [video game],True
FBA19LMC4ZJF,B00YC7DZ3G,1070474351,1,fifa 16 - Xbox 360 [video game],True
FBA19LMC4ZJF,B000QB05BM,1070891180,1,Mercenaries 2: World in Flames - PC [video game],True
FBA19LMC4ZJF,B072QG6SWN,1070891186,1,FIFA 18 Ronaldo Edition - Xbox One [video game],True
FBA19LMC4ZJF,B00HD4R5WC,1070891189,1,Metal Gear Solid V: Ground Zeroes - Xbox One Standard Edition [video game],True
FBA19LMC4ZJF,B074ZQ9F4S,1070891216,2,Dissidia Final Fantasy NT Steelbook Brawler Edition - PlayStation 4 [video game],True
FBA19LMC4ZJF,B072JZB85B,1071047165,10,FIFA 18 (PS4) [video game],True
FBA19LMC4ZJF,B0087OXXGY,1071047186,1,Harry Potter for Kinect - Xbox 360 [video game],True
FBA19LMC4ZJF,B0794QSXP5,1071133179,1,Dragon Ball Fighterz - Xbox One [video game],True
FBA19LMC4ZJF,B003QWI21S,1071379594,1,New Carnival Games - Nintendo Wii [video game],True
FBA19LMC4ZJF,B096HSJ6PJ,1071517346,1,Battlefield 2042 - PlayStation 5 [video game],True
FBA19LMC4ZJF,B0CBL3NZMJ,1071517352,1,NBA 2K24 Kobe Bryant Edition - Nintendo Switch [video game],True
FBA19LMC4ZJF,B09S3GYF2P,1071744023,1,Demon Slayer: The Hinokami Chronicles - Nintendo Switch [video game],True
FBA19LMC4ZJF,B000SMKONI,1071881580,1,Petz Horsez 2 - PlayStation 2 [video game],True
FBA19LMC4ZJF,B001B1W3JS,1071881581,2,Shaun White Snowboarding - PlayStation 2 [video game],True
FBA19LMC4ZJF,B000HCQJZQ,1072047470,1,Age of Empires III: The WarChiefs Expansion Pack [video game],False
FBA19LMC4ZJF,B003LDKJJ0,1072047474,2,Little League World Series 2010 - Playstation 3 Activision Inc,True
FBA19LMC4ZJF,B07DNZCHJ7,1072047477,1,Just Dance 2019 (PS4) (PS4) [video game],True
FBA19LMC4ZJF,B09GXPQMHN,1072047478,12,My Universe: Doctors and Nurses (PS4) - PlayStation 4 [video game],True
FBA19LMC4ZJF,B099TPXB8D,1072047482,1,The Cruel King and the Great Hero: Storybook Edition - Nintendo Switch [video game],True
FBA19LMC4ZJF,B000HKGD4A,1072050652,1,Rollercoaster Tycoon 3 Platinum - PC [video game],True
FBA19LMC4ZJF,B099JP9NQZ,1072105282,1,Nerf Legends - PlayStation 5 [video game],True
FBA19LMC4ZJF,B000QAVV70,1072105284,1,Mercenaries 2: World in Flames - PlayStation 2 [video game],True
FBA19LMC4ZJF,B00KPY1GX6,1072105285,1,FIFA 15 - PlayStation 3 [video game],True
FBA19LMC4ZJF,B0039R62GW,1072105286,1,Green Day: Rock Band - Playstation 3 [video game],True
FBA19LMC4ZJF,B00KTNSLX6,1072105288,1,Just Dance 2015 - PlayStation 4 Standard Edition [video game],True
FBA19LMC4ZJF,B07SR1KX3T,1072105290,1,Ni no Kuni: Wrath of the White Witch - Nintendo Switch [video game],True
FBA19LMC4ZJF,B0012N94P6,1072105291,1,Madden NFL 09 All-Play - Nintendo Wii [video game],True
FBA19LMC4ZJF,B005VBVQAG,1072105292,1,Devil May Cry Collection [video game],False
FBA19LMC4ZJF,B00319DX4W,1072105293,1,Enslaved: Odyssey To The West - Xbox 360 [video game],True
FBA19LMC4ZJF,B006D3JT2S,1072105294,1,Tiger Woods PGA TOUR 13: The Masters Collector's Edition - Xbox 360 (Collector's Edition) [video game],True
FBA19LMC4ZJF,B00Z9LUCEY,1072105295,1,Dark Souls III - Xbox One Standard Edition [video game],True
FBA19LMC4ZJF,B0C6QK3Q9L,1072105296,3,MX vs ATV Legends Season One - Xbox Series X [video game],True
FBA19LMC4ZJF,B0B5YS24JF,1072105297,6,Nickelodeon Kart Racers 3: Slime Speedway - Xbox Series X [video game],True
FBA19LMC4ZJF,B00104KJ42,5A-D5TX-KFTC,1,Lego Indiana Jones: The Original Adventures - PlayStation 2 [video game],True
FBA19LMC4ZJF,B002I0EPBA,5C-NXES-S9T6,1,Tetris: Axis [video game],False
FBA19LMC4ZJF,B00AXI9WFS,AA-CDU3-1B4B,1,DISNEY INFINITY Starter Pack Xbox 360 [video game],True
FBA19LMC4ZJF,B0088I8M0Q,QD-SLDH-ZFD2,1,Just Dance: Disney Party XBOX 360 [video game],True
FBA19LMC4ZJF,B000OCXK6U,QL-S2F1-GA3M,5,Juiced 2: Hot Import Nights - Playstation 3 [video game],True
FBA19LMC4ZJF,B004MXQ3DY,RE-71N1-T1HR,1,X-Men: Destiny [video game],False
FBA19LMC4ZJF,B07KX13568,SC-M2TA-5WQ6,1,Hello Neighbor Nintendo Switch [video game],True
FBA19LMC4ZJF,B005DVAB14,UA-P8XA-H0KT,2,Nickelodeon Dance - Nintendo Wii [video game],True
FBA19LMC4ZJF,B072JLJ2GB,X9-61VX-A6TL,1,Assassin's Creed Origins - Xbox One Deluxe Edition [video game],True
